-- Tabularis Dump
-- Database: salem_db
-- Date: 2026-06-26T19:55:45.554673+03:00

-- Structure for table `addresses`
DROP TABLE IF EXISTS `addresses`;
CREATE TABLE `addresses` (
  `id` int unsigned NOT NULL AUTO_INCREMENT,
  `address_type` varchar(255) COLLATE utf8mb4_unicode_ci NOT NULL,
  `parent_address_id` int unsigned DEFAULT NULL,
  `customer_id` int unsigned DEFAULT NULL COMMENT 'null if guest checkout',
  `cart_id` int unsigned DEFAULT NULL COMMENT 'only for cart_addresses',
  `order_id` int unsigned DEFAULT NULL COMMENT 'only for order_addresses',
  `first_name` varchar(255) COLLATE utf8mb4_unicode_ci NOT NULL,
  `last_name` varchar(255) COLLATE utf8mb4_unicode_ci NOT NULL,
  `gender` varchar(255) COLLATE utf8mb4_unicode_ci DEFAULT NULL,
  `company_name` varchar(255) COLLATE utf8mb4_unicode_ci DEFAULT NULL,
  `address` varchar(255) COLLATE utf8mb4_unicode_ci NOT NULL,
  `city` varchar(255) COLLATE utf8mb4_unicode_ci NOT NULL,
  `state` varchar(255) COLLATE utf8mb4_unicode_ci DEFAULT NULL,
  `country` varchar(255) COLLATE utf8mb4_unicode_ci DEFAULT NULL,
  `postcode` varchar(255) COLLATE utf8mb4_unicode_ci DEFAULT NULL,
  `email` varchar(255) COLLATE utf8mb4_unicode_ci DEFAULT NULL,
  `phone` varchar(255) COLLATE utf8mb4_unicode_ci DEFAULT NULL,
  `vat_id` varchar(255) COLLATE utf8mb4_unicode_ci DEFAULT NULL,
  `default_address` tinyint(1) NOT NULL DEFAULT '0' COMMENT 'only for customer_addresses',
  `use_for_shipping` tinyint(1) NOT NULL DEFAULT '0',
  `additional` json DEFAULT NULL,
  `created_at` timestamp NULL DEFAULT NULL,
  `updated_at` timestamp NULL DEFAULT NULL,
  PRIMARY KEY (`id`),
  KEY `addresses_customer_id_foreign` (`customer_id`),
  KEY `addresses_cart_id_foreign` (`cart_id`),
  KEY `addresses_order_id_foreign` (`order_id`),
  KEY `addresses_parent_address_id_foreign` (`parent_address_id`),
  CONSTRAINT `addresses_cart_id_foreign` FOREIGN KEY (`cart_id`) REFERENCES `cart` (`id`) ON DELETE CASCADE,
  CONSTRAINT `addresses_customer_id_foreign` FOREIGN KEY (`customer_id`) REFERENCES `customers` (`id`) ON DELETE CASCADE,
  CONSTRAINT `addresses_order_id_foreign` FOREIGN KEY (`order_id`) REFERENCES `orders` (`id`) ON DELETE CASCADE,
  CONSTRAINT `addresses_parent_address_id_foreign` FOREIGN KEY (`parent_address_id`) REFERENCES `addresses` (`id`) ON DELETE SET NULL
) ENGINE=InnoDB AUTO_INCREMENT=434 DEFAULT CHARSET=utf8mb4 COLLATE=utf8mb4_unicode_ci;

-- Data for table `addresses`
INSERT INTO `addresses` VALUES (8, 'customer', NULL, 3, NULL, NULL, 'أحمد', 'علي', NULL, '', 'حسين بيك', 'المنصورة', 'EG-KN', 'EG', '', 'salemstore.eg@gmail.com', '01012439601', NULL, 0, 0, NULL, '2026-01-02 17:28:09', '2026-01-06 13:53:57'), (9, 'cart_billing', 8, 3, 2, NULL, 'أحمد', 'علي', NULL, '', 'حسين بيك', 'المنصورة', 'الدقهلية', 'EG', '', 'salemstore.eg@gmail.com', '01012439601', NULL, 0, 1, NULL, '2026-01-02 17:28:14', '2026-01-02 17:28:14'), (10, 'cart_shipping', 8, 3, 2, NULL, 'أحمد', 'علي', NULL, '', 'حسين بيك', 'المنصورة', 'الدقهلية', 'EG', '', 'salemstore.eg@gmail.com', '01012439601', NULL, 0, 0, NULL, '2026-01-02 17:28:14', '2026-01-02 17:28:14'), (11, 'order_shipping', NULL, NULL, NULL, 3, 'أحمد', 'علي', NULL, '', 'حسين بيك', 'المنصورة', 'الدقهلية', 'EG', '', 'salemstore.eg@gmail.com', '01012439601', NULL, 0, 0, NULL, '2026-01-02 17:28:32', '2026-01-02 17:28:32'), (12, 'order_billing', NULL, NULL, NULL, 3, 'أحمد', 'علي', NULL, '', 'حسين بيك', 'المنصورة', 'الدقهلية', 'EG', '', 'salemstore.eg@gmail.com', '01012439601', NULL, 0, 0, NULL, '2026-01-02 17:28:32', '2026-01-02 17:28:32'), (13, 'cart_billing', 8, 3, 4, NULL, 'أحمد', 'علي', NULL, '', 'حسين بيك', 'المنصورة', 'الدقهلية', 'EG', '', 'salemstore.eg@gmail.com', '01012439601', NULL, 0, 1, NULL, '2026-01-02 20:00:16', '2026-01-02 20:00:16'), (14, 'cart_shipping', 8, 3, 4, NULL, 'أحمد', 'علي', NULL, '', 'حسين بيك', 'المنصورة', 'الدقهلية', 'EG', '', 'salemstore.eg@gmail.com', '01012439601', NULL, 0, 0, NULL, '2026-01-02 20:00:16', '2026-01-02 20:00:16'), (15, 'order_shipping', NULL, NULL, NULL, 4, 'أحمد', 'علي', NULL, '', 'حسين بيك', 'المنصورة', 'الدقهلية', 'EG', '', 'salemstore.eg@gmail.com', '01012439601', NULL, 0, 0, NULL, '2026-01-02 20:00:40', '2026-01-02 20:00:40'), (16, 'order_billing', NULL, NULL, NULL, 4, 'أحمد', 'علي', NULL, '', 'حسين بيك', 'المنصورة', 'الدقهلية', 'EG', '', 'salemstore.eg@gmail.com', '01012439601', NULL, 0, 0, NULL, '2026-01-02 20:00:40', '2026-01-02 20:00:40'), (17, 'cart_billing', 8, 3, 5, NULL, 'أحمد', 'علي', NULL, '', 'حسين بيك', 'المنصورة', 'الدقهلية', 'EG', '', 'salemstore.eg@gmail.com', '01012439601', NULL, 0, 1, NULL, '2026-01-02 20:26:46', '2026-01-02 20:26:46'), (18, 'cart_shipping', 8, 3, 5, NULL, 'أحمد', 'علي', NULL, '', 'حسين بيك', 'المنصورة', 'الدقهلية', 'EG', '', 'salemstore.eg@gmail.com', '01012439601', NULL, 0, 0, NULL, '2026-01-02 20:26:46', '2026-01-02 20:26:46'), (19, 'order_shipping', NULL, NULL, NULL, 5, 'أحمد', 'علي', NULL, '', 'حسين بيك', 'المنصورة', 'الدقهلية', 'EG', '', 'salemstore.eg@gmail.com', '01012439601', NULL, 0, 0, NULL, '2026-01-02 20:28:07', '2026-01-02 20:28:07'), (20, 'order_billing', NULL, NULL, NULL, 5, 'أحمد', 'علي', NULL, '', 'حسين بيك', 'المنصورة', 'الدقهلية', 'EG', '', 'salemstore.eg@gmail.com', '01012439601', NULL, 0, 0, NULL, '2026-01-02 20:28:07', '2026-01-02 20:28:07'), (21, 'cart_billing', 8, 3, 6, NULL, 'أحمد', 'علي', NULL, '', 'حسين بيك', 'المنصورة', 'الدقهلية', 'EG', '', 'salemstore.eg@gmail.com', '01012439601', NULL, 0, 1, NULL, '2026-01-05 16:32:41', '2026-01-05 16:32:41'), (22, 'cart_shipping', 8, 3, 6, NULL, 'أحمد', 'علي', NULL, '', 'حسين بيك', 'المنصورة', 'الدقهلية', 'EG', '', 'salemstore.eg@gmail.com', '01012439601', NULL, 0, 0, NULL, '2026-01-05 16:32:41', '2026-01-05 16:32:41'), (23, 'order_shipping', NULL, NULL, NULL, 6, 'أحمد', 'علي', NULL, '', 'حسين بيك', 'المنصورة', 'الدقهلية', 'EG', '', 'salemstore.eg@gmail.com', '01012439601', NULL, 0, 0, NULL, '2026-01-05 16:33:32', '2026-01-05 16:33:32'), (24, 'order_billing', NULL, NULL, NULL, 6, 'أحمد', 'علي', NULL, '', 'حسين بيك', 'المنصورة', 'الدقهلية', 'EG', '', 'salemstore.eg@gmail.com', '01012439601', NULL, 0, 0, NULL, '2026-01-05 16:33:32', '2026-01-05 16:33:32'), (25, 'cart_billing', 8, 3, 7, NULL, 'أحمد', 'علي', NULL, '', 'حسين بيك', 'المنصورة', 'EG-KN', 'EG', '', 'salemstore.eg@gmail.com', '01012439601', NULL, 0, 1, NULL, '2026-01-06 12:30:24', '2026-01-06 13:53:58'), (26, 'cart_shipping', 8, 3, 7, NULL, 'أحمد', 'علي', NULL, '', 'حسين بيك', 'المنصورة', 'EG-KN', 'EG', '', 'salemstore.eg@gmail.com', '01012439601', NULL, 0, 0, NULL, '2026-01-06 12:30:24', '2026-01-06 13:53:58'), (27, 'order_shipping', NULL, NULL, NULL, 7, 'أحمد', 'علي', NULL, '', 'حسين بيك', 'المنصورة', 'EG-KN', 'EG', '', 'salemstore.eg@gmail.com', '01012439601', NULL, 0, 0, NULL, '2026-01-06 13:54:34', '2026-01-06 13:54:34'), (28, 'order_billing', NULL, NULL, NULL, 7, 'أحمد', 'علي', NULL, '', 'حسين بيك', 'المنصورة', 'EG-KN', 'EG', '', 'salemstore.eg@gmail.com', '01012439601', NULL, 0, 0, NULL, '2026-01-06 13:54:34', '2026-01-06 13:54:34');


-- Structure for table `admin_password_resets`
DROP TABLE IF EXISTS `admin_password_resets`;
CREATE TABLE `admin_password_resets` (
  `email` varchar(255) COLLATE utf8mb4_unicode_ci NOT NULL,
  `token` varchar(255) COLLATE utf8mb4_unicode_ci NOT NULL,
  `created_at` timestamp NULL DEFAULT NULL,
  KEY `admin_password_resets_email_index` (`email`)
) ENGINE=InnoDB DEFAULT CHARSET=utf8mb4 COLLATE=utf8mb4_unicode_ci;

-- Data for table `admin_password_resets`


-- Structure for table `admins`
DROP TABLE IF EXISTS `admins`;
CREATE TABLE `admins` (
  `id` int unsigned NOT NULL AUTO_INCREMENT,
  `name` varchar(255) COLLATE utf8mb4_unicode_ci NOT NULL,
  `email` varchar(255) COLLATE utf8mb4_unicode_ci NOT NULL,
  `password` varchar(255) COLLATE utf8mb4_unicode_ci DEFAULT NULL,
  `api_token` varchar(80) COLLATE utf8mb4_unicode_ci DEFAULT NULL,
  `status` tinyint(1) NOT NULL DEFAULT '0',
  `role_id` int unsigned NOT NULL,
  `image` varchar(255) COLLATE utf8mb4_unicode_ci DEFAULT NULL,
  `remember_token` varchar(100) COLLATE utf8mb4_unicode_ci DEFAULT NULL,
  `created_at` timestamp NULL DEFAULT NULL,
  `updated_at` timestamp NULL DEFAULT NULL,
  PRIMARY KEY (`id`),
  UNIQUE KEY `admins_email_unique` (`email`),
  UNIQUE KEY `admins_api_token_unique` (`api_token`)
) ENGINE=InnoDB AUTO_INCREMENT=387 DEFAULT CHARSET=utf8mb4 COLLATE=utf8mb4_unicode_ci;

-- Data for table `admins`
INSERT INTO `admins` VALUES (1, 'Salem Admin', 'mismail80@gmail.com', '$2y$12$a8SvlAtQoolfq1E0A7swru1N/zvVj/wkDnwQDSL5Ym7iKo5dyIKFu', 'dnn1kGAUyRHtNSpubO8PvZAr9lYuJ9P48AAYro5cKrrEcG4mSVg7kl7YFpy1kDNWAubukMKFuY5gGapV', 1, 1, NULL, NULL, '2025-12-27 00:06:11', '2025-12-27 00:09:59');


-- Structure for table `attribute_families`
DROP TABLE IF EXISTS `attribute_families`;
CREATE TABLE `attribute_families` (
  `id` int unsigned NOT NULL AUTO_INCREMENT,
  `code` varchar(255) COLLATE utf8mb4_unicode_ci NOT NULL,
  `name` varchar(255) COLLATE utf8mb4_unicode_ci NOT NULL,
  `status` tinyint(1) NOT NULL DEFAULT '0',
  `is_user_defined` tinyint(1) NOT NULL DEFAULT '1',
  PRIMARY KEY (`id`)
) ENGINE=InnoDB AUTO_INCREMENT=9 DEFAULT CHARSET=utf8mb4 COLLATE=utf8mb4_unicode_ci;

-- Data for table `attribute_families`
INSERT INTO `attribute_families` VALUES (1, 'default', 'الافتراضي', 0, 1), (2, 'iphone_171615', 'IPhone 17,16,15', 0, 1);


-- Structure for table `attribute_group_mappings`
DROP TABLE IF EXISTS `attribute_group_mappings`;
CREATE TABLE `attribute_group_mappings` (
  `attribute_id` int unsigned NOT NULL,
  `attribute_group_id` int unsigned NOT NULL,
  `position` int DEFAULT NULL,
  PRIMARY KEY (`attribute_id`,`attribute_group_id`),
  KEY `attribute_group_mappings_attribute_group_id_foreign` (`attribute_group_id`),
  CONSTRAINT `attribute_group_mappings_attribute_group_id_foreign` FOREIGN KEY (`attribute_group_id`) REFERENCES `attribute_groups` (`id`) ON DELETE CASCADE,
  CONSTRAINT `attribute_group_mappings_attribute_id_foreign` FOREIGN KEY (`attribute_id`) REFERENCES `attributes` (`id`) ON DELETE CASCADE
) ENGINE=InnoDB DEFAULT CHARSET=utf8mb4 COLLATE=utf8mb4_unicode_ci;

-- Data for table `attribute_group_mappings`
INSERT INTO `attribute_group_mappings` VALUES (1, 1, 1), (1, 8, 1), (2, 1, 3), (2, 8, 3), (3, 1, 4), (3, 8, 4), (4, 1, 5), (4, 8, 5), (5, 6, 1), (5, 13, 1), (6, 6, 2), (6, 13, 2), (7, 6, 3), (7, 13, 3), (8, 6, 4), (8, 13, 4), (9, 2, 1), (9, 9, 1), (10, 2, 2), (10, 9, 2), (11, 4, 1), (11, 11, 1), (12, 4, 2), (12, 11, 2), (13, 4, 3), (13, 11, 3), (14, 4, 4), (14, 11, 4), (15, 4, 5), (15, 11, 5), (16, 3, 1), (16, 10, 1), (17, 3, 2), (17, 10, 2), (18, 3, 3), (18, 10, 3), (19, 5, 1), (19, 12, 1), (20, 5, 2), (20, 12, 2), (21, 5, 3), (21, 12, 3), (22, 5, 4), (22, 12, 4), (23, 1, 6), (23, 8, 8), (24, 1, 7), (24, 8, 9), (25, 1, 8), (25, 8, 10), (26, 6, 5), (26, 13, 5), (27, 1, 2), (27, 8, 2), (28, 7, 1), (28, 14, 1), (29, 8, 6), (30, 8, 7);


-- Structure for table `attribute_groups`
DROP TABLE IF EXISTS `attribute_groups`;
CREATE TABLE `attribute_groups` (
  `id` int unsigned NOT NULL AUTO_INCREMENT,
  `code` varchar(255) COLLATE utf8mb4_unicode_ci DEFAULT NULL,
  `attribute_family_id` int unsigned NOT NULL,
  `name` varchar(255) COLLATE utf8mb4_unicode_ci NOT NULL,
  `column` int NOT NULL DEFAULT '1',
  `position` int NOT NULL,
  `is_user_defined` tinyint(1) NOT NULL DEFAULT '1',
  PRIMARY KEY (`id`),
  UNIQUE KEY `attribute_groups_attribute_family_id_name_unique` (`attribute_family_id`,`name`),
  CONSTRAINT `attribute_groups_attribute_family_id_foreign` FOREIGN KEY (`attribute_family_id`) REFERENCES `attribute_families` (`id`) ON DELETE CASCADE
) ENGINE=InnoDB AUTO_INCREMENT=16 DEFAULT CHARSET=utf8mb4 COLLATE=utf8mb4_unicode_ci;

-- Data for table `attribute_groups`
INSERT INTO `attribute_groups` VALUES (1, 'general', 1, 'عام', 1, 1, 0), (2, 'description', 1, 'الوصف', 1, 2, 0), (3, 'meta_description', 1, 'الوصف الواجب', 1, 3, 0), (4, 'price', 1, 'السعر', 2, 1, 0), (5, 'shipping', 1, 'الشحن', 2, 2, 0), (6, 'settings', 1, 'الإعدادات', 2, 3, 0), (7, 'inventories', 1, 'المخزونات', 2, 4, 0), (8, 'general', 2, 'عام', 1, 1, 1), (9, 'description', 2, 'الوصف', 1, 2, 1), (10, 'meta_description', 2, 'الوصف الواجب', 1, 3, 1), (11, 'price', 2, 'السعر', 2, 1, 1), (12, 'shipping', 2, 'الشحن', 2, 2, 1), (13, 'settings', 2, 'الإعدادات', 2, 3, 1), (14, 'inventories', 2, 'المخزونات', 2, 4, 1);


-- Structure for table `attribute_option_translations`
DROP TABLE IF EXISTS `attribute_option_translations`;
CREATE TABLE `attribute_option_translations` (
  `id` int unsigned NOT NULL AUTO_INCREMENT,
  `attribute_option_id` int unsigned NOT NULL,
  `locale` varchar(255) COLLATE utf8mb4_unicode_ci NOT NULL,
  `label` text COLLATE utf8mb4_unicode_ci,
  PRIMARY KEY (`id`),
  UNIQUE KEY `attribute_option_locale_unique` (`attribute_option_id`,`locale`),
  CONSTRAINT `attribute_option_translations_attribute_option_id_foreign` FOREIGN KEY (`attribute_option_id`) REFERENCES `attribute_options` (`id`) ON DELETE CASCADE
) ENGINE=InnoDB AUTO_INCREMENT=20 DEFAULT CHARSET=utf8mb4 COLLATE=utf8mb4_unicode_ci;

-- Data for table `attribute_option_translations`
INSERT INTO `attribute_option_translations` VALUES (1, 1, 'ar', 'أحمر'), (2, 2, 'ar', 'أخضر'), (3, 3, 'ar', 'أصفر'), (4, 4, 'ar', 'أسود'), (5, 5, 'ar', 'أبيض'), (6, 6, 'ar', 'صغير'), (7, 7, 'ar', 'وسط'), (8, 8, 'ar', 'كبير'), (9, 9, 'ar', 'كبير جداً'), (10, 10, 'en', 'IPhoine 17'), (11, 10, 'ar', 'ايفون 17'), (12, 11, 'en', 'IPhoine 16'), (13, 11, 'ar', 'ايفون 16'), (14, 12, 'en', 'IPhoine 15'), (15, 12, 'ar', 'ايفون 15'), (16, 13, 'en', 'IPhoine 17'), (17, 13, 'ar', 'ايفون 17'), (18, 14, 'en', 'IPhoine 16'), (19, 14, 'ar', 'ايفون 16');


-- Structure for table `attribute_options`
DROP TABLE IF EXISTS `attribute_options`;
CREATE TABLE `attribute_options` (
  `id` int unsigned NOT NULL AUTO_INCREMENT,
  `attribute_id` int unsigned NOT NULL,
  `admin_name` varchar(255) COLLATE utf8mb4_unicode_ci DEFAULT NULL,
  `sort_order` int DEFAULT NULL,
  `swatch_value` varchar(255) COLLATE utf8mb4_unicode_ci DEFAULT NULL,
  PRIMARY KEY (`id`),
  KEY `attribute_options_attribute_id_foreign` (`attribute_id`),
  CONSTRAINT `attribute_options_attribute_id_foreign` FOREIGN KEY (`attribute_id`) REFERENCES `attributes` (`id`) ON DELETE CASCADE
) ENGINE=InnoDB AUTO_INCREMENT=15 DEFAULT CHARSET=utf8mb4 COLLATE=utf8mb4_unicode_ci;

-- Data for table `attribute_options`
INSERT INTO `attribute_options` VALUES (1, 23, 'أحمر', 1, '#FF0000'), (2, 23, 'أخضر', 2, '#00FF00'), (3, 23, 'أصفر', 3, '#FFFF00'), (4, 23, 'أسود', 4, '#000000'), (5, 23, 'أبيض', 5, '#FFFFFF'), (6, 24, 'صغير', 1, NULL), (7, 24, 'وسط', 2, NULL), (8, 24, 'كبير', 3, NULL), (9, 24, 'كبير جداً', 4, NULL), (10, 29, 'iphone17', 0, NULL), (11, 29, 'iphone16', 1, NULL), (12, 29, 'iphone15', 2, NULL), (13, 30, 'iphone17', NULL, NULL), (14, 30, 'iphone16', NULL, NULL);


-- Structure for table `attribute_translations`
DROP TABLE IF EXISTS `attribute_translations`;
CREATE TABLE `attribute_translations` (
  `id` int unsigned NOT NULL AUTO_INCREMENT,
  `attribute_id` int unsigned NOT NULL,
  `locale` varchar(255) COLLATE utf8mb4_unicode_ci NOT NULL,
  `name` text COLLATE utf8mb4_unicode_ci,
  PRIMARY KEY (`id`),
  UNIQUE KEY `attribute_translations_attribute_id_locale_unique` (`attribute_id`,`locale`),
  CONSTRAINT `attribute_translations_attribute_id_foreign` FOREIGN KEY (`attribute_id`) REFERENCES `attributes` (`id`) ON DELETE CASCADE
) ENGINE=InnoDB AUTO_INCREMENT=33 DEFAULT CHARSET=utf8mb4 COLLATE=utf8mb4_unicode_ci;

-- Data for table `attribute_translations`
INSERT INTO `attribute_translations` VALUES (1, 1, 'ar', 'رمز المنتج'), (2, 2, 'ar', 'الاسم'), (3, 3, 'ar', 'الرابط المميز'), (4, 4, 'ar', 'فئة الضريبة'), (5, 5, 'ar', 'جديد'), (6, 6, 'ar', 'مميز'), (7, 7, 'ar', 'مرئي بشكل فردي'), (8, 8, 'ar', 'الحالة'), (9, 9, 'ar', 'وصف مختصر'), (10, 10, 'ar', 'الوصف'), (11, 11, 'ar', 'السعر'), (12, 12, 'ar', 'التكلفة'), (13, 13, 'ar', 'السعر الخاص'), (14, 14, 'ar', 'السعر الخاص من'), (15, 15, 'ar', 'السعر الخاص حتى'), (16, 16, 'ar', 'العنوان الواجب'), (17, 17, 'ar', 'الكلمات الرئيسية الواجبة'), (18, 18, 'ar', 'الوصف الواجب'), (19, 19, 'ar', 'الطول'), (20, 20, 'ar', 'العرض'), (21, 21, 'ar', 'الارتفاع'), (22, 22, 'ar', 'الوزن'), (23, 23, 'ar', 'اللون'), (24, 24, 'ar', 'الحجم'), (25, 25, 'ar', 'العلامة التجارية'), (26, 26, 'ar', 'الدفع كضيف'), (27, 27, 'ar', 'رقم المنتج'), (28, 28, 'ar', 'إدارة المخزون'), (29, 29, 'en', 'IPhone Model'), (30, 29, 'ar', 'موديل الأيفون'), (31, 30, 'en', 'IPhone Model'), (32, 30, 'ar', 'موديل الأيفون');


-- Structure for table `attributes`
DROP TABLE IF EXISTS `attributes`;
CREATE TABLE `attributes` (
  `id` int unsigned NOT NULL AUTO_INCREMENT,
  `code` varchar(255) COLLATE utf8mb4_unicode_ci NOT NULL,
  `admin_name` varchar(255) COLLATE utf8mb4_unicode_ci NOT NULL,
  `type` varchar(255) COLLATE utf8mb4_unicode_ci NOT NULL,
  `swatch_type` varchar(255) COLLATE utf8mb4_unicode_ci DEFAULT NULL,
  `validation` varchar(255) COLLATE utf8mb4_unicode_ci DEFAULT NULL,
  `regex` varchar(255) COLLATE utf8mb4_unicode_ci DEFAULT NULL,
  `position` int DEFAULT NULL,
  `is_required` tinyint(1) NOT NULL DEFAULT '0',
  `is_unique` tinyint(1) NOT NULL DEFAULT '0',
  `is_filterable` tinyint(1) NOT NULL DEFAULT '0',
  `is_comparable` tinyint(1) NOT NULL DEFAULT '0',
  `is_configurable` tinyint(1) NOT NULL DEFAULT '0',
  `is_user_defined` tinyint(1) NOT NULL DEFAULT '1',
  `is_visible_on_front` tinyint(1) NOT NULL DEFAULT '0',
  `value_per_locale` tinyint(1) NOT NULL DEFAULT '0',
  `value_per_channel` tinyint(1) NOT NULL DEFAULT '0',
  `default_value` int DEFAULT NULL,
  `enable_wysiwyg` tinyint(1) NOT NULL DEFAULT '0',
  `created_at` timestamp NULL DEFAULT NULL,
  `updated_at` timestamp NULL DEFAULT NULL,
  PRIMARY KEY (`id`),
  UNIQUE KEY `attributes_code_unique` (`code`)
) ENGINE=InnoDB AUTO_INCREMENT=41 DEFAULT CHARSET=utf8mb4 COLLATE=utf8mb4_unicode_ci;

-- Data for table `attributes`
INSERT INTO `attributes` VALUES (1, 'sku', 'رمز المنتج', 'text', NULL, NULL, NULL, 1, 1, 1, 0, 0, 0, 0, 0, 0, 0, NULL, 0, '2025-12-27 00:06:11', '2025-12-27 00:06:11'), (2, 'name', 'الاسم', 'text', NULL, NULL, NULL, 3, 1, 0, 0, 1, 0, 0, 0, 1, 0, NULL, 0, '2025-12-27 00:06:11', '2025-12-27 00:06:11'), (3, 'url_key', 'الرابط المميز', 'text', NULL, NULL, NULL, 4, 1, 1, 0, 0, 0, 0, 0, 1, 0, NULL, 0, '2025-12-27 00:06:11', '2025-12-27 00:06:11'), (4, 'tax_category_id', 'فئة الضريبة', 'select', NULL, NULL, NULL, 5, 0, 0, 0, 0, 0, 0, 0, 0, 1, NULL, 0, '2025-12-27 00:06:11', '2025-12-27 00:06:11'), (5, 'new', 'جديد', 'boolean', NULL, NULL, NULL, 6, 0, 0, 0, 0, 0, 0, 0, 0, 0, 1, 0, '2025-12-27 00:06:11', '2025-12-27 00:06:11'), (6, 'featured', 'مميز', 'boolean', NULL, NULL, NULL, 7, 0, 0, 0, 0, 0, 0, 0, 0, 0, 1, 0, '2025-12-27 00:06:11', '2025-12-27 00:06:11'), (7, 'visible_individually', 'مرئي بشكل فردي', 'boolean', NULL, NULL, NULL, 9, 1, 0, 0, 0, 0, 0, 0, 0, 0, 1, 0, '2025-12-27 00:06:11', '2025-12-27 00:06:11'), (8, 'status', 'الحالة', 'boolean', NULL, NULL, NULL, 10, 1, 0, 0, 0, 0, 0, 0, 0, 1, 1, 0, '2025-12-27 00:06:11', '2025-12-27 00:06:11'), (9, 'short_description', 'وصف مختصر', 'textarea', NULL, NULL, NULL, 11, 1, 0, 0, 0, 0, 0, 0, 1, 0, NULL, 1, '2025-12-27 00:06:11', '2025-12-27 00:06:11'), (10, 'description', 'الوصف', 'textarea', NULL, NULL, NULL, 12, 1, 0, 0, 1, 0, 0, 0, 1, 0, NULL, 1, '2025-12-27 00:06:11', '2025-12-27 00:06:11'), (11, 'price', 'السعر', 'price', NULL, 'decimal', NULL, 13, 1, 0, 1, 1, 0, 0, 0, 0, 0, NULL, 0, '2025-12-27 00:06:11', '2025-12-27 00:06:11'), (12, 'cost', 'التكلفة', 'price', NULL, 'decimal', NULL, 14, 0, 0, 0, 0, 0, 1, 0, 0, 0, NULL, 0, '2025-12-27 00:06:11', '2025-12-27 00:06:11'), (13, 'special_price', 'السعر الخاص', 'price', NULL, 'decimal', NULL, 15, 0, 0, 0, 0, 0, 0, 0, 0, 0, NULL, 0, '2025-12-27 00:06:11', '2025-12-27 00:06:11'), (14, 'special_price_from', 'السعر الخاص من', 'date', NULL, NULL, NULL, 16, 0, 0, 0, 0, 0, 0, 0, 0, 1, NULL, 0, '2025-12-27 00:06:11', '2025-12-27 00:06:11'), (15, 'special_price_to', 'السعر الخاص حتى', 'date', NULL, NULL, NULL, 17, 0, 0, 0, 0, 0, 0, 0, 0, 1, NULL, 0, '2025-12-27 00:06:11', '2025-12-27 00:06:11'), (16, 'meta_title', 'العنوان الواجب', 'textarea', NULL, NULL, NULL, 18, 0, 0, 0, 0, 0, 0, 0, 1, 0, NULL, 0, '2025-12-27 00:06:11', '2025-12-27 00:06:11'), (17, 'meta_keywords', 'الكلمات الرئيسية الواجبة', 'textarea', NULL, NULL, NULL, 20, 0, 0, 0, 0, 0, 0, 0, 1, 0, NULL, 0, '2025-12-27 00:06:11', '2025-12-27 00:06:11'), (18, 'meta_description', 'الوصف الواجب', 'textarea', NULL, NULL, NULL, 21, 0, 0, 0, 0, 0, 1, 0, 1, 0, NULL, 0, '2025-12-27 00:06:11', '2025-12-27 00:06:11'), (19, 'length', 'الطول', 'text', NULL, 'decimal', NULL, 22, 0, 0, 0, 0, 0, 1, 0, 0, 0, NULL, 0, '2025-12-27 00:06:11', '2025-12-27 00:06:11'), (20, 'width', 'العرض', 'text', NULL, 'decimal', NULL, 23, 0, 0, 0, 0, 0, 1, 0, 0, 0, NULL, 0, '2025-12-27 00:06:11', '2025-12-27 00:06:11'), (21, 'height', 'الارتفاع', 'text', NULL, 'decimal', NULL, 24, 0, 0, 0, 0, 0, 1, 0, 0, 0, NULL, 0, '2025-12-27 00:06:11', '2025-12-27 00:06:11'), (22, 'weight', 'الوزن', 'text', NULL, 'decimal', NULL, 25, 1, 0, 0, 0, 0, 0, 0, 0, 0, NULL, 0, '2025-12-27 00:06:11', '2025-12-27 00:06:11'), (23, 'color', 'اللون', 'select', 'color', NULL, NULL, 26, 0, 0, 1, 0, 1, 1, 0, 0, 0, NULL, 0, '2025-12-27 00:06:11', '2026-01-07 14:25:02'), (24, 'size', 'الحجم', 'select', NULL, NULL, NULL, 27, 0, 0, 1, 0, 1, 1, 0, 0, 0, NULL, 0, '2025-12-27 00:06:11', '2025-12-27 00:06:11'), (25, 'brand', 'العلامة التجارية', 'select', NULL, NULL, NULL, 28, 0, 0, 1, 0, 0, 1, 1, 0, 0, NULL, 0, '2025-12-27 00:06:11', '2025-12-27 00:06:11'), (26, 'guest_checkout', 'الدفع كضيف', 'boolean', NULL, NULL, NULL, 8, 1, 0, 0, 0, 0, 0, 0, 0, 0, 1, 0, '2025-12-27 00:06:11', '2025-12-27 00:06:11'), (27, 'product_number', 'رقم المنتج', 'text', NULL, NULL, NULL, 2, 0, 1, 0, 0, 0, 0, 0, 0, 0, NULL, 0, '2025-12-27 00:06:11', '2025-12-27 00:06:11'), (28, 'manage_stock', 'إدارة المخزون', 'boolean', NULL, NULL, NULL, 1, 0, 0, 0, 0, 0, 0, 0, 0, 1, 1, 0, '2025-12-27 00:06:11', '2025-12-27 00:06:11'), (29, 'iphone_171615', 'IPhone 17,16,15', 'checkbox', NULL, NULL, '', NULL, 0, 0, 1, 1, 0, 1, 1, 0, 0, NULL, 0, '2026-01-02 15:20:25', '2026-01-02 15:32:44'), (30, 'iphone_1716', 'IPhone 17,16', 'select', 'dropdown', NULL, '', NULL, 0, 0, 1, 0, 1, 1, 1, 0, 0, NULL, 0, '2026-01-02 15:47:22', '2026-01-02 15:47:22');


-- Structure for table `booking_product_appointment_slots`
DROP TABLE IF EXISTS `booking_product_appointment_slots`;
CREATE TABLE `booking_product_appointment_slots` (
  `id` bigint unsigned NOT NULL AUTO_INCREMENT,
  `booking_product_id` int unsigned NOT NULL,
  `duration` int DEFAULT NULL,
  `break_time` int DEFAULT NULL,
  `same_slot_all_days` tinyint(1) DEFAULT NULL,
  `slots` json DEFAULT NULL,
  PRIMARY KEY (`id`),
  KEY `booking_product_appointment_slots_booking_product_id_foreign` (`booking_product_id`),
  CONSTRAINT `booking_product_appointment_slots_booking_product_id_foreign` FOREIGN KEY (`booking_product_id`) REFERENCES `booking_products` (`id`) ON DELETE CASCADE
) ENGINE=InnoDB DEFAULT CHARSET=utf8mb4 COLLATE=utf8mb4_unicode_ci;

-- Data for table `booking_product_appointment_slots`


-- Structure for table `booking_product_default_slots`
DROP TABLE IF EXISTS `booking_product_default_slots`;
CREATE TABLE `booking_product_default_slots` (
  `id` bigint unsigned NOT NULL AUTO_INCREMENT,
  `booking_product_id` int unsigned NOT NULL,
  `booking_type` varchar(255) COLLATE utf8mb4_unicode_ci NOT NULL,
  `duration` int DEFAULT NULL,
  `break_time` int DEFAULT NULL,
  `slots` json DEFAULT NULL,
  PRIMARY KEY (`id`),
  KEY `booking_product_default_slots_booking_product_id_foreign` (`booking_product_id`),
  CONSTRAINT `booking_product_default_slots_booking_product_id_foreign` FOREIGN KEY (`booking_product_id`) REFERENCES `booking_products` (`id`) ON DELETE CASCADE
) ENGINE=InnoDB DEFAULT CHARSET=utf8mb4 COLLATE=utf8mb4_unicode_ci;

-- Data for table `booking_product_default_slots`


-- Structure for table `booking_product_event_ticket_translations`
DROP TABLE IF EXISTS `booking_product_event_ticket_translations`;
CREATE TABLE `booking_product_event_ticket_translations` (
  `id` bigint unsigned NOT NULL AUTO_INCREMENT,
  `booking_product_event_ticket_id` bigint unsigned NOT NULL,
  `locale` varchar(255) COLLATE utf8mb4_unicode_ci NOT NULL,
  `name` text COLLATE utf8mb4_unicode_ci,
  `description` text COLLATE utf8mb4_unicode_ci,
  PRIMARY KEY (`id`),
  UNIQUE KEY `bpet_locale_unique` (`booking_product_event_ticket_id`,`locale`),
  CONSTRAINT `bpet_translations_fk` FOREIGN KEY (`booking_product_event_ticket_id`) REFERENCES `booking_product_event_tickets` (`id`) ON DELETE CASCADE
) ENGINE=InnoDB DEFAULT CHARSET=utf8mb4 COLLATE=utf8mb4_unicode_ci;

-- Data for table `booking_product_event_ticket_translations`


-- Structure for table `booking_product_event_tickets`
DROP TABLE IF EXISTS `booking_product_event_tickets`;
CREATE TABLE `booking_product_event_tickets` (
  `id` bigint unsigned NOT NULL AUTO_INCREMENT,
  `booking_product_id` int unsigned NOT NULL,
  `price` decimal(12,4) DEFAULT '0.0000',
  `qty` int DEFAULT '0',
  `special_price` decimal(12,4) DEFAULT NULL,
  `special_price_from` datetime DEFAULT NULL,
  `special_price_to` datetime DEFAULT NULL,
  PRIMARY KEY (`id`),
  KEY `booking_product_event_tickets_booking_product_id_foreign` (`booking_product_id`),
  CONSTRAINT `booking_product_event_tickets_booking_product_id_foreign` FOREIGN KEY (`booking_product_id`) REFERENCES `booking_products` (`id`) ON DELETE CASCADE
) ENGINE=InnoDB DEFAULT CHARSET=utf8mb4 COLLATE=utf8mb4_unicode_ci;

-- Data for table `booking_product_event_tickets`


-- Structure for table `booking_product_rental_slots`
DROP TABLE IF EXISTS `booking_product_rental_slots`;
CREATE TABLE `booking_product_rental_slots` (
  `id` bigint unsigned NOT NULL AUTO_INCREMENT,
  `booking_product_id` int unsigned NOT NULL,
  `renting_type` varchar(255) COLLATE utf8mb4_unicode_ci NOT NULL,
  `daily_price` decimal(12,4) DEFAULT '0.0000',
  `hourly_price` decimal(12,4) DEFAULT '0.0000',
  `same_slot_all_days` tinyint(1) DEFAULT NULL,
  `slots` json DEFAULT NULL,
  PRIMARY KEY (`id`),
  KEY `booking_product_rental_slots_booking_product_id_foreign` (`booking_product_id`),
  CONSTRAINT `booking_product_rental_slots_booking_product_id_foreign` FOREIGN KEY (`booking_product_id`) REFERENCES `booking_products` (`id`) ON DELETE CASCADE
) ENGINE=InnoDB DEFAULT CHARSET=utf8mb4 COLLATE=utf8mb4_unicode_ci;

-- Data for table `booking_product_rental_slots`


-- Structure for table `booking_product_table_slots`
DROP TABLE IF EXISTS `booking_product_table_slots`;
CREATE TABLE `booking_product_table_slots` (
  `id` bigint unsigned NOT NULL AUTO_INCREMENT,
  `booking_product_id` int unsigned NOT NULL,
  `price_type` varchar(255) COLLATE utf8mb4_unicode_ci NOT NULL,
  `guest_limit` int NOT NULL DEFAULT '0',
  `duration` int NOT NULL,
  `break_time` int NOT NULL,
  `prevent_scheduling_before` int NOT NULL,
  `same_slot_all_days` tinyint(1) DEFAULT NULL,
  `slots` json DEFAULT NULL,
  `created_at` timestamp NULL DEFAULT NULL,
  `updated_at` timestamp NULL DEFAULT NULL,
  PRIMARY KEY (`id`),
  KEY `booking_product_table_slots_booking_product_id_foreign` (`booking_product_id`),
  CONSTRAINT `booking_product_table_slots_booking_product_id_foreign` FOREIGN KEY (`booking_product_id`) REFERENCES `booking_products` (`id`) ON DELETE CASCADE
) ENGINE=InnoDB DEFAULT CHARSET=utf8mb4 COLLATE=utf8mb4_unicode_ci;

-- Data for table `booking_product_table_slots`


-- Structure for table `booking_products`
DROP TABLE IF EXISTS `booking_products`;
CREATE TABLE `booking_products` (
  `id` int unsigned NOT NULL AUTO_INCREMENT,
  `product_id` int unsigned NOT NULL,
  `type` varchar(255) COLLATE utf8mb4_unicode_ci NOT NULL,
  `qty` int DEFAULT '0',
  `location` varchar(255) COLLATE utf8mb4_unicode_ci DEFAULT NULL,
  `show_location` tinyint(1) NOT NULL DEFAULT '0',
  `available_every_week` tinyint(1) DEFAULT NULL,
  `available_from` datetime DEFAULT NULL,
  `available_to` datetime DEFAULT NULL,
  `created_at` timestamp NULL DEFAULT NULL,
  `updated_at` timestamp NULL DEFAULT NULL,
  PRIMARY KEY (`id`),
  KEY `booking_products_product_id_foreign` (`product_id`),
  CONSTRAINT `booking_products_product_id_foreign` FOREIGN KEY (`product_id`) REFERENCES `products` (`id`) ON DELETE CASCADE
) ENGINE=InnoDB DEFAULT CHARSET=utf8mb4 COLLATE=utf8mb4_unicode_ci;

-- Data for table `booking_products`


-- Structure for table `bookings`
DROP TABLE IF EXISTS `bookings`;
CREATE TABLE `bookings` (
  `id` bigint unsigned NOT NULL AUTO_INCREMENT,
  `product_id` int unsigned DEFAULT NULL,
  `order_item_id` int unsigned DEFAULT NULL,
  `order_id` int unsigned DEFAULT NULL,
  `qty` int DEFAULT '0',
  `from` int DEFAULT NULL,
  `to` int DEFAULT NULL,
  `booking_product_event_ticket_id` bigint unsigned DEFAULT NULL,
  `created_at` timestamp NULL DEFAULT NULL,
  `updated_at` timestamp NULL DEFAULT NULL,
  PRIMARY KEY (`id`),
  KEY `bookings_order_item_id_foreign` (`order_item_id`),
  KEY `bookings_booking_product_event_ticket_id_foreign` (`booking_product_event_ticket_id`),
  KEY `bookings_order_id_foreign` (`order_id`),
  KEY `bookings_product_id_foreign` (`product_id`),
  CONSTRAINT `bookings_booking_product_event_ticket_id_foreign` FOREIGN KEY (`booking_product_event_ticket_id`) REFERENCES `booking_product_event_tickets` (`id`) ON DELETE SET NULL,
  CONSTRAINT `bookings_order_id_foreign` FOREIGN KEY (`order_id`) REFERENCES `orders` (`id`) ON DELETE SET NULL,
  CONSTRAINT `bookings_order_item_id_foreign` FOREIGN KEY (`order_item_id`) REFERENCES `order_items` (`id`) ON DELETE SET NULL,
  CONSTRAINT `bookings_product_id_foreign` FOREIGN KEY (`product_id`) REFERENCES `products` (`id`) ON DELETE SET NULL
) ENGINE=InnoDB DEFAULT CHARSET=utf8mb4 COLLATE=utf8mb4_unicode_ci;

-- Data for table `bookings`


-- Structure for table `cart`
DROP TABLE IF EXISTS `cart`;
CREATE TABLE `cart` (
  `id` int unsigned NOT NULL AUTO_INCREMENT,
  `customer_email` varchar(255) COLLATE utf8mb4_unicode_ci DEFAULT NULL,
  `customer_first_name` varchar(255) COLLATE utf8mb4_unicode_ci DEFAULT NULL,
  `customer_last_name` varchar(255) COLLATE utf8mb4_unicode_ci DEFAULT NULL,
  `shipping_method` varchar(255) COLLATE utf8mb4_unicode_ci DEFAULT NULL,
  `coupon_code` varchar(255) COLLATE utf8mb4_unicode_ci DEFAULT NULL,
  `is_gift` tinyint(1) NOT NULL DEFAULT '0',
  `items_count` int DEFAULT NULL,
  `items_qty` decimal(12,4) DEFAULT NULL,
  `exchange_rate` decimal(12,4) DEFAULT NULL,
  `global_currency_code` varchar(255) COLLATE utf8mb4_unicode_ci DEFAULT NULL,
  `base_currency_code` varchar(255) COLLATE utf8mb4_unicode_ci DEFAULT NULL,
  `channel_currency_code` varchar(255) COLLATE utf8mb4_unicode_ci DEFAULT NULL,
  `cart_currency_code` varchar(255) COLLATE utf8mb4_unicode_ci DEFAULT NULL,
  `grand_total` decimal(12,4) DEFAULT '0.0000',
  `base_grand_total` decimal(12,4) DEFAULT '0.0000',
  `sub_total` decimal(12,4) DEFAULT '0.0000',
  `base_sub_total` decimal(12,4) DEFAULT '0.0000',
  `tax_total` decimal(12,4) DEFAULT '0.0000',
  `base_tax_total` decimal(12,4) DEFAULT '0.0000',
  `discount_amount` decimal(12,4) DEFAULT '0.0000',
  `base_discount_amount` decimal(12,4) DEFAULT '0.0000',
  `shipping_amount` decimal(12,4) NOT NULL DEFAULT '0.0000',
  `base_shipping_amount` decimal(12,4) NOT NULL DEFAULT '0.0000',
  `shipping_amount_incl_tax` decimal(12,4) NOT NULL DEFAULT '0.0000',
  `base_shipping_amount_incl_tax` decimal(12,4) NOT NULL DEFAULT '0.0000',
  `sub_total_incl_tax` decimal(12,4) NOT NULL DEFAULT '0.0000',
  `base_sub_total_incl_tax` decimal(12,4) NOT NULL DEFAULT '0.0000',
  `checkout_method` varchar(255) COLLATE utf8mb4_unicode_ci DEFAULT NULL,
  `is_guest` tinyint(1) DEFAULT NULL,
  `is_active` tinyint(1) DEFAULT '1',
  `applied_cart_rule_ids` varchar(255) COLLATE utf8mb4_unicode_ci DEFAULT NULL,
  `customer_id` int unsigned DEFAULT NULL,
  `channel_id` int unsigned NOT NULL,
  `created_at` timestamp NULL DEFAULT NULL,
  `updated_at` timestamp NULL DEFAULT NULL,
  PRIMARY KEY (`id`),
  KEY `cart_customer_id_foreign` (`customer_id`),
  KEY `cart_channel_id_foreign` (`channel_id`),
  CONSTRAINT `cart_channel_id_foreign` FOREIGN KEY (`channel_id`) REFERENCES `channels` (`id`) ON DELETE CASCADE,
  CONSTRAINT `cart_customer_id_foreign` FOREIGN KEY (`customer_id`) REFERENCES `customers` (`id`) ON DELETE CASCADE
) ENGINE=InnoDB AUTO_INCREMENT=296 DEFAULT CHARSET=utf8mb4 COLLATE=utf8mb4_unicode_ci;

-- Data for table `cart`
INSERT INTO `cart` VALUES (2, 'salemstore.eg@gmail.com', 'Ahmed', 'Ali', 'flatrate_flatrate', NULL, 0, 1, '1.0000', NULL, 'EGP', 'EGP', 'EGP', 'EGP', '310.0000', '310.0000', '300.0000', '300.0000', '0.0000', '0.0000', '0.0000', '0.0000', '10.0000', '10.0000', '10.0000', '10.0000', '300.0000', '300.0000', NULL, 0, 0, NULL, 3, 1, '2026-01-02 17:21:29', '2026-01-02 17:28:35'), (3, 'salemstore.eg@gmail.com', 'Ahmed', 'Ali', NULL, NULL, 0, 1, '1.0000', NULL, 'EGP', 'EGP', 'EGP', 'EGP', '300.0000', '300.0000', '300.0000', '300.0000', '0.0000', '0.0000', '0.0000', '0.0000', '0.0000', '0.0000', '0.0000', '0.0000', '300.0000', '300.0000', NULL, 0, 0, NULL, 3, 1, '2026-01-02 17:31:31', '2026-01-02 17:31:31'), (4, 'salemstore.eg@gmail.com', 'Ahmed', 'Ali', 'flatrate_flatrate', NULL, 0, 1, '1.0000', NULL, 'EGP', 'EGP', 'EGP', 'EGP', '310.0000', '310.0000', '300.0000', '300.0000', '0.0000', '0.0000', '0.0000', '0.0000', '10.0000', '10.0000', '10.0000', '10.0000', '300.0000', '300.0000', NULL, 0, 0, NULL, 3, 1, '2026-01-02 19:59:28', '2026-01-02 20:00:42'), (5, 'salemstore.eg@gmail.com', 'Ahmed', 'Ali', 'flatrate_flatrate', NULL, 0, 1, '1.0000', NULL, 'EGP', 'EGP', 'EGP', 'EGP', '310.0000', '310.0000', '300.0000', '300.0000', '0.0000', '0.0000', '0.0000', '0.0000', '10.0000', '10.0000', '10.0000', '10.0000', '300.0000', '300.0000', NULL, 0, 0, NULL, 3, 1, '2026-01-02 20:24:32', '2026-01-02 20:28:09'), (6, 'salemstore.eg@gmail.com', 'Ahmed', 'Ali', 'egyptshipping_egyptshipping', NULL, 0, 1, '1.0000', NULL, 'EGP', 'EGP', 'EGP', 'EGP', '350.0000', '350.0000', '300.0000', '300.0000', '0.0000', '0.0000', '0.0000', '0.0000', '50.0000', '50.0000', '50.0000', '50.0000', '300.0000', '300.0000', NULL, 0, 0, NULL, 3, 1, '2026-01-05 16:32:24', '2026-01-05 16:33:35'), (7, 'salemstore.eg@gmail.com', 'Ahmed', 'Ali', 'egyptshipping_egyptshipping', NULL, 0, 1, '1.0000', NULL, 'EGP', 'EGP', 'EGP', 'EGP', '350.0000', '350.0000', '300.0000', '300.0000', '0.0000', '0.0000', '0.0000', '0.0000', '50.0000', '50.0000', '50.0000', '50.0000', '300.0000', '300.0000', NULL, 0, 0, NULL, 3, 1, '2026-01-06 12:29:39', '2026-01-06 13:54:37'), (8, NULL, NULL, NULL, NULL, NULL, 0, 1, '1.0000', NULL, 'EGP', 'EGP', 'EGP', 'EGP', '300.0000', '300.0000', '300.0000', '300.0000', '0.0000', '0.0000', '0.0000', '0.0000', '0.0000', '0.0000', '0.0000', '0.0000', '300.0000', '300.0000', NULL, 1, 1, NULL, NULL, 1, '2026-01-06 16:15:59', '2026-01-06 16:40:31');


-- Structure for table `cart_item_inventories`
DROP TABLE IF EXISTS `cart_item_inventories`;
CREATE TABLE `cart_item_inventories` (
  `id` int unsigned NOT NULL AUTO_INCREMENT,
  `qty` int unsigned NOT NULL DEFAULT '0',
  `inventory_source_id` int unsigned DEFAULT NULL,
  `cart_item_id` int unsigned DEFAULT NULL,
  `created_at` timestamp NULL DEFAULT NULL,
  `updated_at` timestamp NULL DEFAULT NULL,
  PRIMARY KEY (`id`)
) ENGINE=InnoDB DEFAULT CHARSET=utf8mb4 COLLATE=utf8mb4_unicode_ci;

-- Data for table `cart_item_inventories`


-- Structure for table `cart_items`
DROP TABLE IF EXISTS `cart_items`;
CREATE TABLE `cart_items` (
  `id` int unsigned NOT NULL AUTO_INCREMENT,
  `quantity` int unsigned NOT NULL DEFAULT '0',
  `sku` varchar(255) COLLATE utf8mb4_unicode_ci DEFAULT NULL,
  `type` varchar(255) COLLATE utf8mb4_unicode_ci DEFAULT NULL,
  `name` varchar(255) COLLATE utf8mb4_unicode_ci DEFAULT NULL,
  `coupon_code` varchar(255) COLLATE utf8mb4_unicode_ci DEFAULT NULL,
  `weight` decimal(12,4) NOT NULL DEFAULT '0.0000',
  `total_weight` decimal(12,4) NOT NULL DEFAULT '0.0000',
  `base_total_weight` decimal(12,4) NOT NULL DEFAULT '0.0000',
  `price` decimal(12,4) NOT NULL DEFAULT '1.0000',
  `base_price` decimal(12,4) NOT NULL DEFAULT '0.0000',
  `custom_price` decimal(12,4) DEFAULT NULL,
  `total` decimal(12,4) NOT NULL DEFAULT '0.0000',
  `base_total` decimal(12,4) NOT NULL DEFAULT '0.0000',
  `tax_percent` decimal(12,4) DEFAULT '0.0000',
  `tax_amount` decimal(12,4) DEFAULT '0.0000',
  `base_tax_amount` decimal(12,4) DEFAULT '0.0000',
  `discount_percent` decimal(12,4) NOT NULL DEFAULT '0.0000',
  `discount_amount` decimal(12,4) NOT NULL DEFAULT '0.0000',
  `base_discount_amount` decimal(12,4) NOT NULL DEFAULT '0.0000',
  `price_incl_tax` decimal(12,4) NOT NULL DEFAULT '0.0000',
  `base_price_incl_tax` decimal(12,4) NOT NULL DEFAULT '0.0000',
  `total_incl_tax` decimal(12,4) NOT NULL DEFAULT '0.0000',
  `base_total_incl_tax` decimal(12,4) NOT NULL DEFAULT '0.0000',
  `applied_tax_rate` varchar(255) COLLATE utf8mb4_unicode_ci DEFAULT NULL,
  `parent_id` int unsigned DEFAULT NULL,
  `product_id` int unsigned NOT NULL,
  `cart_id` int unsigned NOT NULL,
  `tax_category_id` int unsigned DEFAULT NULL,
  `applied_cart_rule_ids` varchar(255) COLLATE utf8mb4_unicode_ci DEFAULT NULL,
  `additional` json DEFAULT NULL,
  `created_at` timestamp NULL DEFAULT NULL,
  `updated_at` timestamp NULL DEFAULT NULL,
  PRIMARY KEY (`id`),
  KEY `cart_items_parent_id_foreign` (`parent_id`),
  KEY `cart_items_product_id_foreign` (`product_id`),
  KEY `cart_items_cart_id_foreign` (`cart_id`),
  KEY `cart_items_tax_category_id_foreign` (`tax_category_id`),
  CONSTRAINT `cart_items_cart_id_foreign` FOREIGN KEY (`cart_id`) REFERENCES `cart` (`id`) ON DELETE CASCADE,
  CONSTRAINT `cart_items_parent_id_foreign` FOREIGN KEY (`parent_id`) REFERENCES `cart_items` (`id`) ON DELETE CASCADE,
  CONSTRAINT `cart_items_product_id_foreign` FOREIGN KEY (`product_id`) REFERENCES `products` (`id`) ON DELETE CASCADE,
  CONSTRAINT `cart_items_tax_category_id_foreign` FOREIGN KEY (`tax_category_id`) REFERENCES `tax_categories` (`id`)
) ENGINE=InnoDB AUTO_INCREMENT=532 DEFAULT CHARSET=utf8mb4 COLLATE=utf8mb4_unicode_ci;

-- Data for table `cart_items`
INSERT INTO `cart_items` VALUES (3, 1, 'SP-002', 'configurable', 'PITAKA', NULL, '0.0000', '0.0000', '0.0000', '300.0000', '300.0000', NULL, '300.0000', '300.0000', '0.0000', '0.0000', '0.0000', '0.0000', '0.0000', '0.0000', '300.0000', '300.0000', '300.0000', '300.0000', NULL, NULL, 2, 2, NULL, NULL, '{"attributes":{"color":{"attribute_name":"اللون","option_id":2,"option_label":"أخضر"},"iphone_1716":{"attribute_name":"موديل الأيفون","option_id":14,"option_label":"ايفون 16"},"size":{"attribute_name":"الحجم","option_id":7,"option_label":"وسط"}},"cart_id":2,"is_buy_now":"0","product_id":"2","quantity":1,"selected_configurable_option":"31","super_attribute":{"23":"2","24":"7","30":"14"}}', '2026-01-02 17:21:30', '2026-01-02 17:21:30'), (4, 0, 'SP-002-variant-2-7-14', 'simple', 'Variant 2 7 14', NULL, '0.0000', '0.0000', '0.0000', '1.0000', '0.0000', NULL, '0.0000', '0.0000', '0.0000', '0.0000', '0.0000', '0.0000', '0.0000', '0.0000', '0.0000', '0.0000', '0.0000', '0.0000', NULL, 3, 31, 2, NULL, NULL, '{"parent_id":2,"product_id":31}', '2026-01-02 17:21:30', '2026-01-02 17:21:30'), (5, 1, 'SP-002', 'configurable', 'PITAKA', NULL, '0.0000', '0.0000', '0.0000', '300.0000', '300.0000', NULL, '300.0000', '300.0000', '0.0000', '0.0000', '0.0000', '0.0000', '0.0000', '0.0000', '300.0000', '300.0000', '300.0000', '300.0000', NULL, NULL, 2, 3, NULL, NULL, '{"attributes":{"color":{"attribute_name":"اللون","option_id":2,"option_label":"أخضر"},"iphone_1716":{"attribute_name":"موديل الأيفون","option_id":14,"option_label":"ايفون 16"},"size":{"attribute_name":"الحجم","option_id":7,"option_label":"وسط"}},"cart_id":2,"is_buy_now":"0","locale":"ar","product_id":"2","quantity":1,"selected_configurable_option":"31","super_attribute":{"23":"2","24":"7","30":"14"}}', '2026-01-02 17:31:31', '2026-01-02 17:31:31'), (6, 0, 'SP-002-variant-2-7-14', 'simple', 'Variant 2 7 14', NULL, '0.0000', '0.0000', '0.0000', '1.0000', '0.0000', NULL, '0.0000', '0.0000', '0.0000', '0.0000', '0.0000', '0.0000', '0.0000', '0.0000', '0.0000', '0.0000', '0.0000', '0.0000', NULL, 5, 31, 3, NULL, NULL, '{"parent_id":2,"product_id":31}', '2026-01-02 17:31:31', '2026-01-02 17:31:31'), (7, 1, 'SP-002', 'configurable', 'PITAKA', NULL, '0.0000', '0.0000', '0.0000', '300.0000', '300.0000', NULL, '300.0000', '300.0000', '0.0000', '0.0000', '0.0000', '0.0000', '0.0000', '0.0000', '300.0000', '300.0000', '300.0000', '300.0000', NULL, NULL, 2, 4, NULL, NULL, '{"attributes":{"color":{"attribute_name":"اللون","option_id":2,"option_label":"أخضر"},"iphone_1716":{"attribute_name":"موديل الأيفون","option_id":13,"option_label":"ايفون 17"},"size":{"attribute_name":"الحجم","option_id":6,"option_label":"صغير"}},"cart_id":4,"is_buy_now":"0","product_id":"2","quantity":1,"selected_configurable_option":"4","super_attribute":{"23":"2","24":"6","30":"13"}}', '2026-01-02 19:59:28', '2026-01-02 19:59:28'), (8, 0, 'SP-002-variant-2-6-13', 'simple', 'Variant 2 6 13', NULL, '0.0000', '0.0000', '0.0000', '1.0000', '0.0000', NULL, '0.0000', '0.0000', '0.0000', '0.0000', '0.0000', '0.0000', '0.0000', '0.0000', '0.0000', '0.0000', '0.0000', '0.0000', NULL, 7, 4, 4, NULL, NULL, '{"parent_id":2,"product_id":4}', '2026-01-02 19:59:28', '2026-01-02 19:59:28'), (9, 1, 'SP-002', 'configurable', 'PITAKA', NULL, '0.0000', '0.0000', '0.0000', '300.0000', '300.0000', NULL, '300.0000', '300.0000', '0.0000', '0.0000', '0.0000', '0.0000', '0.0000', '0.0000', '300.0000', '300.0000', '300.0000', '300.0000', NULL, NULL, 2, 5, NULL, NULL, '{"attributes":{"color":{"attribute_name":"اللون","option_id":1,"option_label":"أحمر"},"iphone_1716":{"attribute_name":"موديل الأيفون","option_id":13,"option_label":"ايفون 17"},"size":{"attribute_name":"الحجم","option_id":7,"option_label":"وسط"}},"cart_id":5,"is_buy_now":"0","product_id":"2","quantity":1,"selected_configurable_option":"8","super_attribute":{"23":"1","24":"7","30":"13"}}', '2026-01-02 20:24:32', '2026-01-02 20:24:32'), (10, 0, 'SP-002-variant-1-7-13', 'simple', 'Variant 1 7 13', NULL, '0.0000', '0.0000', '0.0000', '1.0000', '0.0000', NULL, '0.0000', '0.0000', '0.0000', '0.0000', '0.0000', '0.0000', '0.0000', '0.0000', '0.0000', '0.0000', '0.0000', '0.0000', NULL, 9, 8, 5, NULL, NULL, '{"parent_id":2,"product_id":8}', '2026-01-02 20:24:32', '2026-01-02 20:24:32'), (11, 1, 'SP-002', 'configurable', 'PITAKA', NULL, '0.0000', '0.0000', '0.0000', '300.0000', '300.0000', NULL, '300.0000', '300.0000', '0.0000', '0.0000', '0.0000', '0.0000', '0.0000', '0.0000', '300.0000', '300.0000', '300.0000', '300.0000', NULL, NULL, 2, 6, NULL, NULL, '{"attributes":{"color":{"attribute_name":"اللون","option_id":1,"option_label":"أحمر"},"iphone_1716":{"attribute_name":"موديل الأيفون","option_id":13,"option_label":"ايفون 17"},"size":{"attribute_name":"الحجم","option_id":6,"option_label":"صغير"}},"cart_id":6,"is_buy_now":"0","product_id":"2","quantity":1,"selected_configurable_option":"3","super_attribute":{"23":"1","24":"6","30":"13"}}', '2026-01-05 16:32:24', '2026-01-05 16:32:24'), (12, 0, 'SP-002-variant-1-6-13', 'simple', 'Variant 1 6 13', NULL, '0.0000', '0.0000', '0.0000', '1.0000', '0.0000', NULL, '0.0000', '0.0000', '0.0000', '0.0000', '0.0000', '0.0000', '0.0000', '0.0000', '0.0000', '0.0000', '0.0000', '0.0000', NULL, 11, 3, 6, NULL, NULL, '{"parent_id":2,"product_id":3}', '2026-01-05 16:32:24', '2026-01-05 16:32:24'), (13, 1, 'SP-002', 'configurable', 'PITAKA', NULL, '0.0000', '0.0000', '0.0000', '300.0000', '300.0000', NULL, '300.0000', '300.0000', '0.0000', '0.0000', '0.0000', '0.0000', '0.0000', '0.0000', '300.0000', '300.0000', '300.0000', '300.0000', NULL, NULL, 2, 7, NULL, NULL, '{"attributes":{"color":{"attribute_name":"اللون","option_id":1,"option_label":"أحمر"},"iphone_1716":{"attribute_name":"موديل الأيفون","option_id":13,"option_label":"ايفون 17"},"size":{"attribute_name":"الحجم","option_id":6,"option_label":"صغير"}},"cart_id":7,"is_buy_now":"0","product_id":"2","quantity":1,"selected_configurable_option":"3","super_attribute":{"23":"1","24":"6","30":"13"}}', '2026-01-06 12:29:39', '2026-01-06 12:29:39'), (14, 0, 'SP-002-variant-1-6-13', 'simple', 'Variant 1 6 13', NULL, '0.0000', '0.0000', '0.0000', '1.0000', '0.0000', NULL, '0.0000', '0.0000', '0.0000', '0.0000', '0.0000', '0.0000', '0.0000', '0.0000', '0.0000', '0.0000', '0.0000', '0.0000', NULL, 13, 3, 7, NULL, NULL, '{"parent_id":2,"product_id":3}', '2026-01-06 12:29:39', '2026-01-06 12:29:39'), (15, 1, 'SP-002', 'configurable', 'PITAKA', NULL, '0.0000', '0.0000', '0.0000', '300.0000', '300.0000', NULL, '300.0000', '300.0000', '0.0000', '0.0000', '0.0000', '0.0000', '0.0000', '0.0000', '300.0000', '300.0000', '300.0000', '300.0000', NULL, NULL, 2, 8, NULL, NULL, '{"attributes":{"color":{"attribute_name":"اللون","option_id":3,"option_label":"أصفر"},"iphone_1716":{"attribute_name":"موديل الأيفون","option_id":13,"option_label":"ايفون 17"},"size":{"attribute_name":"الحجم","option_id":7,"option_label":"وسط"}},"cart_id":8,"is_buy_now":"0","product_id":"2","quantity":1,"selected_configurable_option":"14","super_attribute":{"23":"3","24":"7","30":"13"}}', '2026-01-06 16:15:59', '2026-01-06 16:15:59'), (16, 0, 'SP-002-variant-3-7-13', 'simple', 'Variant 3 7 13', NULL, '0.0000', '0.0000', '0.0000', '1.0000', '0.0000', NULL, '0.0000', '0.0000', '0.0000', '0.0000', '0.0000', '0.0000', '0.0000', '0.0000', '0.0000', '0.0000', '0.0000', '0.0000', NULL, 15, 14, 8, NULL, NULL, '{"parent_id":2,"product_id":14}', '2026-01-06 16:15:59', '2026-01-06 16:15:59');


-- Structure for table `cart_payment`
DROP TABLE IF EXISTS `cart_payment`;
CREATE TABLE `cart_payment` (
  `id` int unsigned NOT NULL AUTO_INCREMENT,
  `method` varchar(255) COLLATE utf8mb4_unicode_ci NOT NULL,
  `method_title` varchar(255) COLLATE utf8mb4_unicode_ci DEFAULT NULL,
  `cart_id` int unsigned DEFAULT NULL,
  `created_at` timestamp NULL DEFAULT NULL,
  `updated_at` timestamp NULL DEFAULT NULL,
  PRIMARY KEY (`id`),
  KEY `cart_payment_cart_id_foreign` (`cart_id`),
  CONSTRAINT `cart_payment_cart_id_foreign` FOREIGN KEY (`cart_id`) REFERENCES `cart` (`id`) ON DELETE CASCADE
) ENGINE=InnoDB AUTO_INCREMENT=85 DEFAULT CHARSET=utf8mb4 COLLATE=utf8mb4_unicode_ci;

-- Data for table `cart_payment`
INSERT INTO `cart_payment` VALUES (2, 'cashondelivery', 'Cash On Delivery', 2, '2026-01-02 17:28:24', '2026-01-02 17:28:24'), (3, 'cashondelivery', 'Cash On Delivery', 4, '2026-01-02 20:00:34', '2026-01-02 20:00:34'), (4, 'cashondelivery', 'Cash On Delivery', 5, '2026-01-02 20:28:04', '2026-01-02 20:28:04'), (5, 'cashondelivery', 'Cash On Delivery', 6, '2026-01-05 16:33:21', '2026-01-05 16:33:21'), (7, 'cashondelivery', 'Cash On Delivery', 7, '2026-01-06 13:54:04', '2026-01-06 13:54:04');


-- Structure for table `cart_rule_channels`
DROP TABLE IF EXISTS `cart_rule_channels`;
CREATE TABLE `cart_rule_channels` (
  `cart_rule_id` int unsigned NOT NULL,
  `channel_id` int unsigned NOT NULL,
  PRIMARY KEY (`cart_rule_id`,`channel_id`),
  KEY `cart_rule_channels_channel_id_foreign` (`channel_id`),
  CONSTRAINT `cart_rule_channels_cart_rule_id_foreign` FOREIGN KEY (`cart_rule_id`) REFERENCES `cart_rules` (`id`) ON DELETE CASCADE,
  CONSTRAINT `cart_rule_channels_channel_id_foreign` FOREIGN KEY (`channel_id`) REFERENCES `channels` (`id`) ON DELETE CASCADE
) ENGINE=InnoDB DEFAULT CHARSET=utf8mb4 COLLATE=utf8mb4_unicode_ci;

-- Data for table `cart_rule_channels`


-- Structure for table `cart_rule_coupon_usage`
DROP TABLE IF EXISTS `cart_rule_coupon_usage`;
CREATE TABLE `cart_rule_coupon_usage` (
  `id` int unsigned NOT NULL AUTO_INCREMENT,
  `times_used` int NOT NULL DEFAULT '0',
  `cart_rule_coupon_id` int unsigned NOT NULL,
  `customer_id` int unsigned NOT NULL,
  PRIMARY KEY (`id`),
  KEY `cart_rule_coupon_usage_cart_rule_coupon_id_foreign` (`cart_rule_coupon_id`),
  KEY `cart_rule_coupon_usage_customer_id_foreign` (`customer_id`),
  CONSTRAINT `cart_rule_coupon_usage_cart_rule_coupon_id_foreign` FOREIGN KEY (`cart_rule_coupon_id`) REFERENCES `cart_rule_coupons` (`id`) ON DELETE CASCADE,
  CONSTRAINT `cart_rule_coupon_usage_customer_id_foreign` FOREIGN KEY (`customer_id`) REFERENCES `customers` (`id`) ON DELETE CASCADE
) ENGINE=InnoDB DEFAULT CHARSET=utf8mb4 COLLATE=utf8mb4_unicode_ci;

-- Data for table `cart_rule_coupon_usage`


-- Structure for table `cart_rule_coupons`
DROP TABLE IF EXISTS `cart_rule_coupons`;
CREATE TABLE `cart_rule_coupons` (
  `id` int unsigned NOT NULL AUTO_INCREMENT,
  `code` varchar(255) COLLATE utf8mb4_unicode_ci DEFAULT NULL,
  `usage_limit` int unsigned NOT NULL DEFAULT '0',
  `usage_per_customer` int unsigned NOT NULL DEFAULT '0',
  `times_used` int unsigned NOT NULL DEFAULT '0',
  `type` int unsigned NOT NULL DEFAULT '0',
  `is_primary` tinyint(1) NOT NULL DEFAULT '0',
  `expired_at` date DEFAULT NULL,
  `cart_rule_id` int unsigned NOT NULL,
  `created_at` timestamp NULL DEFAULT NULL,
  `updated_at` timestamp NULL DEFAULT NULL,
  PRIMARY KEY (`id`),
  KEY `cart_rule_coupons_cart_rule_id_foreign` (`cart_rule_id`),
  CONSTRAINT `cart_rule_coupons_cart_rule_id_foreign` FOREIGN KEY (`cart_rule_id`) REFERENCES `cart_rules` (`id`) ON DELETE CASCADE
) ENGINE=InnoDB AUTO_INCREMENT=49 DEFAULT CHARSET=utf8mb4 COLLATE=utf8mb4_unicode_ci;

-- Data for table `cart_rule_coupons`


-- Structure for table `cart_rule_customer_groups`
DROP TABLE IF EXISTS `cart_rule_customer_groups`;
CREATE TABLE `cart_rule_customer_groups` (
  `cart_rule_id` int unsigned NOT NULL,
  `customer_group_id` int unsigned NOT NULL,
  PRIMARY KEY (`cart_rule_id`,`customer_group_id`),
  KEY `cart_rule_customer_groups_customer_group_id_foreign` (`customer_group_id`),
  CONSTRAINT `cart_rule_customer_groups_cart_rule_id_foreign` FOREIGN KEY (`cart_rule_id`) REFERENCES `cart_rules` (`id`) ON DELETE CASCADE,
  CONSTRAINT `cart_rule_customer_groups_customer_group_id_foreign` FOREIGN KEY (`customer_group_id`) REFERENCES `customer_groups` (`id`) ON DELETE CASCADE
) ENGINE=InnoDB DEFAULT CHARSET=utf8mb4 COLLATE=utf8mb4_unicode_ci;

-- Data for table `cart_rule_customer_groups`


-- Structure for table `cart_rule_customers`
DROP TABLE IF EXISTS `cart_rule_customers`;
CREATE TABLE `cart_rule_customers` (
  `id` int unsigned NOT NULL AUTO_INCREMENT,
  `times_used` bigint unsigned NOT NULL DEFAULT '0',
  `customer_id` int unsigned NOT NULL,
  `cart_rule_id` int unsigned NOT NULL,
  PRIMARY KEY (`id`),
  KEY `cart_rule_customers_cart_rule_id_foreign` (`cart_rule_id`),
  KEY `cart_rule_customers_customer_id_foreign` (`customer_id`),
  CONSTRAINT `cart_rule_customers_cart_rule_id_foreign` FOREIGN KEY (`cart_rule_id`) REFERENCES `cart_rules` (`id`) ON DELETE CASCADE,
  CONSTRAINT `cart_rule_customers_customer_id_foreign` FOREIGN KEY (`customer_id`) REFERENCES `customers` (`id`) ON DELETE CASCADE
) ENGINE=InnoDB DEFAULT CHARSET=utf8mb4 COLLATE=utf8mb4_unicode_ci;

-- Data for table `cart_rule_customers`


-- Structure for table `cart_rule_translations`
DROP TABLE IF EXISTS `cart_rule_translations`;
CREATE TABLE `cart_rule_translations` (
  `id` int unsigned NOT NULL AUTO_INCREMENT,
  `locale` varchar(255) COLLATE utf8mb4_unicode_ci NOT NULL,
  `label` text COLLATE utf8mb4_unicode_ci,
  `cart_rule_id` int unsigned NOT NULL,
  PRIMARY KEY (`id`),
  UNIQUE KEY `cart_rule_translations_cart_rule_id_locale_unique` (`cart_rule_id`,`locale`),
  CONSTRAINT `cart_rule_translations_cart_rule_id_foreign` FOREIGN KEY (`cart_rule_id`) REFERENCES `cart_rules` (`id`) ON DELETE CASCADE
) ENGINE=InnoDB DEFAULT CHARSET=utf8mb4 COLLATE=utf8mb4_unicode_ci;

-- Data for table `cart_rule_translations`


-- Structure for table `cart_rules`
DROP TABLE IF EXISTS `cart_rules`;
CREATE TABLE `cart_rules` (
  `id` int unsigned NOT NULL AUTO_INCREMENT,
  `name` varchar(255) COLLATE utf8mb4_unicode_ci DEFAULT NULL,
  `description` varchar(255) COLLATE utf8mb4_unicode_ci DEFAULT NULL,
  `starts_from` datetime DEFAULT NULL,
  `ends_till` datetime DEFAULT NULL,
  `status` tinyint(1) NOT NULL DEFAULT '0',
  `coupon_type` int NOT NULL DEFAULT '1',
  `use_auto_generation` tinyint(1) NOT NULL DEFAULT '0',
  `usage_per_customer` int NOT NULL DEFAULT '0',
  `uses_per_coupon` int NOT NULL DEFAULT '0',
  `times_used` int unsigned NOT NULL DEFAULT '0',
  `condition_type` tinyint(1) NOT NULL DEFAULT '1',
  `conditions` json DEFAULT NULL,
  `end_other_rules` tinyint(1) NOT NULL DEFAULT '0',
  `uses_attribute_conditions` tinyint(1) NOT NULL DEFAULT '0',
  `action_type` varchar(255) COLLATE utf8mb4_unicode_ci DEFAULT NULL,
  `discount_amount` decimal(12,4) NOT NULL DEFAULT '0.0000',
  `discount_quantity` int NOT NULL DEFAULT '1',
  `discount_step` varchar(255) COLLATE utf8mb4_unicode_ci NOT NULL DEFAULT '1',
  `apply_to_shipping` tinyint(1) NOT NULL DEFAULT '0',
  `free_shipping` tinyint(1) NOT NULL DEFAULT '0',
  `sort_order` int unsigned NOT NULL DEFAULT '0',
  `created_at` timestamp NULL DEFAULT NULL,
  `updated_at` timestamp NULL DEFAULT NULL,
  PRIMARY KEY (`id`)
) ENGINE=InnoDB AUTO_INCREMENT=104 DEFAULT CHARSET=utf8mb4 COLLATE=utf8mb4_unicode_ci;

-- Data for table `cart_rules`


-- Structure for table `cart_shipping_rates`
DROP TABLE IF EXISTS `cart_shipping_rates`;
CREATE TABLE `cart_shipping_rates` (
  `id` int unsigned NOT NULL AUTO_INCREMENT,
  `carrier` varchar(255) COLLATE utf8mb4_unicode_ci NOT NULL,
  `carrier_title` varchar(255) COLLATE utf8mb4_unicode_ci NOT NULL,
  `method` varchar(255) COLLATE utf8mb4_unicode_ci NOT NULL,
  `method_title` varchar(255) COLLATE utf8mb4_unicode_ci NOT NULL,
  `method_description` varchar(255) COLLATE utf8mb4_unicode_ci DEFAULT NULL,
  `price` double DEFAULT '0',
  `base_price` double DEFAULT '0',
  `discount_amount` decimal(12,4) NOT NULL DEFAULT '0.0000',
  `base_discount_amount` decimal(12,4) NOT NULL DEFAULT '0.0000',
  `tax_percent` decimal(12,4) NOT NULL DEFAULT '0.0000',
  `tax_amount` decimal(12,4) NOT NULL DEFAULT '0.0000',
  `base_tax_amount` decimal(12,4) NOT NULL DEFAULT '0.0000',
  `price_incl_tax` decimal(12,4) NOT NULL DEFAULT '0.0000',
  `base_price_incl_tax` decimal(12,4) NOT NULL DEFAULT '0.0000',
  `applied_tax_rate` varchar(255) COLLATE utf8mb4_unicode_ci DEFAULT NULL,
  `is_calculate_tax` tinyint(1) NOT NULL DEFAULT '1',
  `cart_address_id` int unsigned DEFAULT NULL,
  `created_at` timestamp NULL DEFAULT NULL,
  `updated_at` timestamp NULL DEFAULT NULL,
  `cart_id` int unsigned DEFAULT NULL,
  PRIMARY KEY (`id`),
  KEY `cart_shipping_rates_cart_id_foreign` (`cart_id`),
  CONSTRAINT `cart_shipping_rates_cart_id_foreign` FOREIGN KEY (`cart_id`) REFERENCES `cart` (`id`) ON DELETE CASCADE
) ENGINE=InnoDB AUTO_INCREMENT=99 DEFAULT CHARSET=utf8mb4 COLLATE=utf8mb4_unicode_ci;

-- Data for table `cart_shipping_rates`
INSERT INTO `cart_shipping_rates` VALUES (7, 'flatrate', 'Flat Rate', 'flatrate_flatrate', 'Flat Rate', 'Flat Rate Shipping', 10.0, 10.0, '0.0000', '0.0000', '0.0000', '0.0000', '0.0000', '10.0000', '10.0000', NULL, 1, 10, '2026-01-02 17:28:19', '2026-01-02 17:28:19', 2), (8, 'free', 'Free Shipping', 'free_free', 'Free Shipping', 'Free Shipping', 0.0, 0.0, '0.0000', '0.0000', '0.0000', '0.0000', '0.0000', '0.0000', '0.0000', NULL, 1, 10, '2026-01-02 17:28:19', '2026-01-02 17:28:19', 2), (13, 'flatrate', 'Flat Rate', 'flatrate_flatrate', 'Flat Rate', 'Flat Rate Shipping', 10.0, 10.0, '0.0000', '0.0000', '0.0000', '0.0000', '0.0000', '10.0000', '10.0000', NULL, 1, 14, '2026-01-02 20:00:21', '2026-01-02 20:00:21', 4), (14, 'free', 'Free Shipping', 'free_free', 'Free Shipping', 'Free Shipping', 0.0, 0.0, '0.0000', '0.0000', '0.0000', '0.0000', '0.0000', '0.0000', '0.0000', NULL, 1, 14, '2026-01-02 20:00:21', '2026-01-02 20:00:21', 4), (23, 'flatrate', 'Flat Rate', 'flatrate_flatrate', 'Flat Rate', 'Flat Rate Shipping', 10.0, 10.0, '0.0000', '0.0000', '0.0000', '0.0000', '0.0000', '10.0000', '10.0000', NULL, 1, 18, '2026-01-02 20:27:03', '2026-01-02 20:27:03', 5), (24, 'free', 'Free Shipping', 'free_free', 'Free Shipping', 'Free Shipping', 0.0, 0.0, '0.0000', '0.0000', '0.0000', '0.0000', '0.0000', '0.0000', '0.0000', NULL, 1, 18, '2026-01-02 20:27:03', '2026-01-02 20:27:03', 5), (28, 'egyptshipping', 'Egypt Shipping', 'egyptshipping_egyptshipping', 'Egypt Shipping', 'Shipping rates based on Egyptian governorate', 50.0, 50.0, '0.0000', '0.0000', '0.0000', '0.0000', '0.0000', '50.0000', '50.0000', NULL, 1, 22, '2026-01-05 16:32:45', '2026-01-05 16:32:45', 6), (29, 'flatrate', 'Flat Rate', 'flatrate_flatrate', 'Flat Rate', 'Flat Rate Shipping', 10.0, 10.0, '0.0000', '0.0000', '0.0000', '0.0000', '0.0000', '10.0000', '10.0000', NULL, 1, 22, '2026-01-05 16:32:45', '2026-01-05 16:32:45', 6), (30, 'free', 'Free Shipping', 'free_free', 'Free Shipping', 'Free Shipping', 0.0, 0.0, '0.0000', '0.0000', '0.0000', '0.0000', '0.0000', '0.0000', '0.0000', NULL, 1, 22, '2026-01-05 16:32:45', '2026-01-05 16:32:45', 6), (40, 'egyptshipping', 'Egypt Shipping', 'egyptshipping_egyptshipping', 'Egypt Shipping', 'Shipping rates based on Egyptian governorate', 50.0, 50.0, '0.0000', '0.0000', '0.0000', '0.0000', '0.0000', '50.0000', '50.0000', NULL, 1, 26, '2026-01-06 13:54:00', '2026-01-06 13:54:00', 7);


-- Structure for table `catalog_rule_channels`
DROP TABLE IF EXISTS `catalog_rule_channels`;
CREATE TABLE `catalog_rule_channels` (
  `catalog_rule_id` int unsigned NOT NULL,
  `channel_id` int unsigned NOT NULL,
  PRIMARY KEY (`catalog_rule_id`,`channel_id`),
  KEY `catalog_rule_channels_channel_id_foreign` (`channel_id`),
  CONSTRAINT `catalog_rule_channels_catalog_rule_id_foreign` FOREIGN KEY (`catalog_rule_id`) REFERENCES `catalog_rules` (`id`) ON DELETE CASCADE,
  CONSTRAINT `catalog_rule_channels_channel_id_foreign` FOREIGN KEY (`channel_id`) REFERENCES `channels` (`id`) ON DELETE CASCADE
) ENGINE=InnoDB DEFAULT CHARSET=utf8mb4 COLLATE=utf8mb4_unicode_ci;

-- Data for table `catalog_rule_channels`


-- Structure for table `catalog_rule_customer_groups`
DROP TABLE IF EXISTS `catalog_rule_customer_groups`;
CREATE TABLE `catalog_rule_customer_groups` (
  `catalog_rule_id` int unsigned NOT NULL,
  `customer_group_id` int unsigned NOT NULL,
  PRIMARY KEY (`catalog_rule_id`,`customer_group_id`),
  KEY `catalog_rule_customer_groups_customer_group_id_foreign` (`customer_group_id`),
  CONSTRAINT `catalog_rule_customer_groups_catalog_rule_id_foreign` FOREIGN KEY (`catalog_rule_id`) REFERENCES `catalog_rules` (`id`) ON DELETE CASCADE,
  CONSTRAINT `catalog_rule_customer_groups_customer_group_id_foreign` FOREIGN KEY (`customer_group_id`) REFERENCES `customer_groups` (`id`) ON DELETE CASCADE
) ENGINE=InnoDB DEFAULT CHARSET=utf8mb4 COLLATE=utf8mb4_unicode_ci;

-- Data for table `catalog_rule_customer_groups`


-- Structure for table `catalog_rule_product_prices`
DROP TABLE IF EXISTS `catalog_rule_product_prices`;
CREATE TABLE `catalog_rule_product_prices` (
  `id` int unsigned NOT NULL AUTO_INCREMENT,
  `price` decimal(12,4) NOT NULL DEFAULT '0.0000',
  `rule_date` date NOT NULL,
  `starts_from` datetime DEFAULT NULL,
  `ends_till` datetime DEFAULT NULL,
  `product_id` int unsigned NOT NULL,
  `customer_group_id` int unsigned NOT NULL,
  `catalog_rule_id` int unsigned NOT NULL,
  `channel_id` int unsigned NOT NULL,
  PRIMARY KEY (`id`),
  KEY `catalog_rule_product_prices_product_id_foreign` (`product_id`),
  KEY `catalog_rule_product_prices_customer_group_id_foreign` (`customer_group_id`),
  KEY `catalog_rule_product_prices_catalog_rule_id_foreign` (`catalog_rule_id`),
  KEY `catalog_rule_product_prices_channel_id_foreign` (`channel_id`),
  CONSTRAINT `catalog_rule_product_prices_catalog_rule_id_foreign` FOREIGN KEY (`catalog_rule_id`) REFERENCES `catalog_rules` (`id`) ON DELETE CASCADE,
  CONSTRAINT `catalog_rule_product_prices_channel_id_foreign` FOREIGN KEY (`channel_id`) REFERENCES `channels` (`id`) ON DELETE CASCADE,
  CONSTRAINT `catalog_rule_product_prices_customer_group_id_foreign` FOREIGN KEY (`customer_group_id`) REFERENCES `customer_groups` (`id`) ON DELETE CASCADE,
  CONSTRAINT `catalog_rule_product_prices_product_id_foreign` FOREIGN KEY (`product_id`) REFERENCES `products` (`id`) ON DELETE CASCADE
) ENGINE=InnoDB AUTO_INCREMENT=999 DEFAULT CHARSET=utf8mb4 COLLATE=utf8mb4_unicode_ci;

-- Data for table `catalog_rule_product_prices`


-- Structure for table `catalog_rule_products`
DROP TABLE IF EXISTS `catalog_rule_products`;
CREATE TABLE `catalog_rule_products` (
  `id` int unsigned NOT NULL AUTO_INCREMENT,
  `starts_from` datetime DEFAULT NULL,
  `ends_till` datetime DEFAULT NULL,
  `end_other_rules` tinyint(1) NOT NULL DEFAULT '0',
  `action_type` varchar(255) COLLATE utf8mb4_unicode_ci DEFAULT NULL,
  `discount_amount` decimal(12,4) NOT NULL DEFAULT '0.0000',
  `sort_order` int unsigned NOT NULL DEFAULT '0',
  `product_id` int unsigned NOT NULL,
  `customer_group_id` int unsigned NOT NULL,
  `catalog_rule_id` int unsigned NOT NULL,
  `channel_id` int unsigned NOT NULL,
  PRIMARY KEY (`id`),
  KEY `catalog_rule_products_product_id_foreign` (`product_id`),
  KEY `catalog_rule_products_customer_group_id_foreign` (`customer_group_id`),
  KEY `catalog_rule_products_catalog_rule_id_foreign` (`catalog_rule_id`),
  KEY `catalog_rule_products_channel_id_foreign` (`channel_id`),
  CONSTRAINT `catalog_rule_products_catalog_rule_id_foreign` FOREIGN KEY (`catalog_rule_id`) REFERENCES `catalog_rules` (`id`) ON DELETE CASCADE,
  CONSTRAINT `catalog_rule_products_channel_id_foreign` FOREIGN KEY (`channel_id`) REFERENCES `channels` (`id`) ON DELETE CASCADE,
  CONSTRAINT `catalog_rule_products_customer_group_id_foreign` FOREIGN KEY (`customer_group_id`) REFERENCES `customer_groups` (`id`) ON DELETE CASCADE,
  CONSTRAINT `catalog_rule_products_product_id_foreign` FOREIGN KEY (`product_id`) REFERENCES `products` (`id`) ON DELETE CASCADE
) ENGINE=InnoDB AUTO_INCREMENT=335 DEFAULT CHARSET=utf8mb4 COLLATE=utf8mb4_unicode_ci;

-- Data for table `catalog_rule_products`


-- Structure for table `catalog_rules`
DROP TABLE IF EXISTS `catalog_rules`;
CREATE TABLE `catalog_rules` (
  `id` int unsigned NOT NULL AUTO_INCREMENT,
  `name` varchar(255) COLLATE utf8mb4_unicode_ci DEFAULT NULL,
  `description` varchar(255) COLLATE utf8mb4_unicode_ci DEFAULT NULL,
  `starts_from` date DEFAULT NULL,
  `ends_till` date DEFAULT NULL,
  `status` tinyint(1) NOT NULL DEFAULT '0',
  `condition_type` tinyint(1) NOT NULL DEFAULT '1',
  `conditions` json DEFAULT NULL,
  `end_other_rules` tinyint(1) NOT NULL DEFAULT '0',
  `action_type` varchar(255) COLLATE utf8mb4_unicode_ci DEFAULT NULL,
  `discount_amount` decimal(12,4) NOT NULL DEFAULT '0.0000',
  `sort_order` int unsigned NOT NULL DEFAULT '0',
  `created_at` timestamp NULL DEFAULT NULL,
  `updated_at` timestamp NULL DEFAULT NULL,
  PRIMARY KEY (`id`)
) ENGINE=InnoDB AUTO_INCREMENT=113 DEFAULT CHARSET=utf8mb4 COLLATE=utf8mb4_unicode_ci;

-- Data for table `catalog_rules`


-- Structure for table `categories`
DROP TABLE IF EXISTS `categories`;
CREATE TABLE `categories` (
  `id` int unsigned NOT NULL AUTO_INCREMENT,
  `position` int NOT NULL DEFAULT '0',
  `logo_path` text COLLATE utf8mb4_unicode_ci,
  `status` tinyint(1) NOT NULL DEFAULT '0',
  `display_mode` varchar(255) COLLATE utf8mb4_unicode_ci DEFAULT 'products_and_description',
  `_lft` int unsigned NOT NULL DEFAULT '0',
  `_rgt` int unsigned NOT NULL DEFAULT '0',
  `parent_id` int unsigned DEFAULT NULL,
  `additional` json DEFAULT NULL,
  `banner_path` text COLLATE utf8mb4_unicode_ci,
  `created_at` timestamp NULL DEFAULT NULL,
  `updated_at` timestamp NULL DEFAULT NULL,
  PRIMARY KEY (`id`),
  KEY `categories__lft__rgt_parent_id_index` (`_lft`,`_rgt`,`parent_id`)
) ENGINE=InnoDB AUTO_INCREMENT=153 DEFAULT CHARSET=utf8mb4 COLLATE=utf8mb4_unicode_ci;

-- Data for table `categories`
INSERT INTO `categories` VALUES (1, 1, NULL, 1, 'products_and_description', 1, 162, NULL, NULL, NULL, '2026-01-02 00:41:21', '2026-01-02 00:41:21'), (2, 1, 'category/2/eAb02WDPOXeprZazN2BpKnJowm1cp3jYRMQYirsk.webp', 1, 'products_and_description', 2, 15, 1, NULL, 'category/2/DzC3Myxnf9cXoEWNqTNUJ4Te9j1ND4GaYyjlx5ZG.webp', '2026-01-02 00:41:21', '2026-06-21 17:22:32'), (3, 1, NULL, 1, 'products_and_description', 3, 4, 2, NULL, NULL, '2026-01-02 00:41:21', '2026-06-21 17:22:32'), (4, 2, NULL, 1, 'products_and_description', 5, 6, 2, NULL, NULL, '2026-01-02 00:41:21', '2026-06-21 17:22:32'), (5, 3, NULL, 1, 'products_and_description', 7, 8, 2, NULL, NULL, '2026-01-02 00:41:21', '2026-06-21 17:22:32'), (6, 4, NULL, 1, 'products_and_description', 9, 10, 2, NULL, NULL, '2026-01-02 00:41:21', '2026-06-21 17:22:32'), (7, 5, NULL, 1, 'products_and_description', 11, 12, 2, NULL, NULL, '2026-01-02 00:41:21', '2026-06-21 17:22:32'), (8, 6, NULL, 1, 'products_and_description', 13, 14, 2, NULL, NULL, '2026-01-02 00:41:21', '2026-06-21 17:22:32'), (9, 2, 'category/9/SIQXWxSwl4JgpAhZWkoj6R7nosBltCIp4mSw4wj1.webp', 1, 'products_and_description', 16, 27, 1, NULL, NULL, '2026-01-02 00:41:21', '2026-06-21 16:03:47'), (10, 1, NULL, 1, 'products_and_description', 17, 18, 9, NULL, NULL, '2026-01-02 00:41:21', '2026-06-21 16:03:47'), (11, 2, NULL, 1, 'products_and_description', 19, 20, 9, NULL, NULL, '2026-01-02 00:41:21', '2026-06-21 16:03:47'), (12, 3, NULL, 1, 'products_and_description', 21, 22, 9, NULL, NULL, '2026-01-02 00:41:21', '2026-06-21 16:03:47'), (13, 4, NULL, 1, 'products_and_description', 23, 24, 9, NULL, NULL, '2026-01-02 00:41:21', '2026-06-21 16:03:47'), (14, 5, NULL, 1, 'products_and_description', 25, 26, 9, NULL, NULL, '2026-01-02 00:41:21', '2026-06-21 16:03:47'), (15, 3, NULL, 1, 'products_and_description', 28, 41, 1, NULL, NULL, '2026-01-02 00:41:21', '2026-01-02 00:41:21'), (16, 1, NULL, 1, 'products_and_description', 29, 30, 15, NULL, NULL, '2026-01-02 00:41:21', '2026-01-02 00:41:21'), (17, 2, NULL, 1, 'products_and_description', 31, 32, 15, NULL, NULL, '2026-01-02 00:41:21', '2026-01-02 00:41:21'), (18, 3, NULL, 1, 'products_and_description', 33, 34, 15, NULL, NULL, '2026-01-02 00:41:21', '2026-01-02 00:41:21'), (19, 4, NULL, 1, 'products_and_description', 35, 36, 15, NULL, NULL, '2026-01-02 00:41:21', '2026-01-02 00:41:21'), (20, 5, NULL, 1, 'products_and_description', 37, 38, 15, NULL, NULL, '2026-01-02 00:41:21', '2026-01-02 00:41:21'), (21, 6, NULL, 1, 'products_and_description', 39, 40, 15, NULL, NULL, '2026-01-02 00:41:21', '2026-01-02 00:41:21'), (22, 4, NULL, 1, 'products_and_description', 42, 59, 1, NULL, NULL, '2026-01-02 00:41:21', '2026-01-02 00:41:21'), (23, 1, NULL, 1, 'products_and_description', 43, 44, 22, NULL, NULL, '2026-01-02 00:41:21', '2026-01-02 00:41:21'), (24, 2, NULL, 1, 'products_and_description', 45, 46, 22, NULL, NULL, '2026-01-02 00:41:21', '2026-01-02 00:41:21'), (25, 3, NULL, 1, 'products_and_description', 47, 48, 22, NULL, NULL, '2026-01-02 00:41:21', '2026-01-02 00:41:21'), (26, 4, NULL, 1, 'products_and_description', 49, 50, 22, NULL, NULL, '2026-01-02 00:41:21', '2026-01-02 00:41:21'), (27, 5, NULL, 1, 'products_and_description', 51, 52, 22, NULL, NULL, '2026-01-02 00:41:21', '2026-01-02 00:41:21'), (28, 6, NULL, 1, 'products_and_description', 53, 54, 22, NULL, NULL, '2026-01-02 00:41:21', '2026-01-02 00:41:21'), (29, 7, NULL, 1, 'products_and_description', 55, 56, 22, NULL, NULL, '2026-01-02 00:41:21', '2026-01-02 00:41:21'), (30, 8, NULL, 1, 'products_and_description', 57, 58, 22, NULL, NULL, '2026-01-02 00:41:21', '2026-01-02 00:41:21'), (118, 5, NULL, 0, 'products_and_description', 92, 123, 1, NULL, NULL, '2026-06-14 23:35:41', '2026-06-14 23:41:48'), (119, 1, 'category/119/W0kiljl7HPXGgDtSMNyTuumhyjGzLD4DSYulszmH.webp', 1, 'products_and_description', 93, 94, 118, NULL, NULL, '2026-06-14 23:35:41', '2026-06-14 23:45:55'), (120, 2, 'category/120/ZhE97lXYVQqyaf3xPDoOjL3Fv3DcM3w4FNVkTNWE.webp', 1, 'products_and_description', 95, 96, 118, NULL, NULL, '2026-06-14 23:35:41', '2026-06-14 23:46:16'), (121, 3, 'category/121/Wv2L3Fs2R0F7cGcxPIwwmexlg8A7wvbioluz9COv.webp', 1, 'products_and_description', 97, 98, 118, NULL, NULL, '2026-06-14 23:35:41', '2026-06-14 23:46:43'), (122, 4, 'category/122/xdFiPf6DYoB2V2Brc3ftjybOFkIUnLc6SmT095ri.webp', 1, 'products_and_description', 99, 100, 118, NULL, NULL, '2026-06-14 23:35:41', '2026-06-14 23:46:57'), (123, 5, 'category/123/HY95Vlilmch7NUVMGfnaYELCgNnhL4g4yHOoXKg1.webp', 1, 'products_and_description', 101, 102, 118, NULL, NULL, '2026-06-14 23:35:41', '2026-06-14 23:47:11'), (124, 6, 'category/124/OQR8OsfOMX6z8PQmZosmbI4E9S2SelOtoCeajPkQ.webp', 1, 'products_and_description', 103, 104, 118, NULL, NULL, '2026-06-14 23:35:41', '2026-06-14 23:47:41'), (125, 7, 'category/125/fG6RrDZI8LxLAbhe28hxwJXeRLCpPiQhKks8BOpd.webp', 1, 'products_and_description', 105, 106, 118, NULL, NULL, '2026-06-14 23:35:41', '2026-06-14 23:47:54'), (126, 8, 'category/126/Kd9s2Vi62DhVcd1KYhtZYEp6pKk8ny1tVGsqkSRQ.webp', 1, 'products_and_description', 107, 108, 118, NULL, NULL, '2026-06-14 23:35:41', '2026-06-14 23:48:08'), (127, 9, 'category/127/KsyQfasCwz5lobTJ6IBXjLlScpyTsC3BD7tOYA2f.webp', 1, 'products_and_description', 109, 110, 118, NULL, NULL, '2026-06-14 23:35:41', '2026-06-14 23:48:29'), (128, 10, 'category/128/lBlE4uwBUAG9m0pdRCiOOvVHeWCaTUw2vAYD8sbt.webp', 1, 'products_and_description', 111, 112, 118, NULL, NULL, '2026-06-14 23:35:41', '2026-06-14 23:49:04'), (129, 11, NULL, 1, 'products_and_description', 113, 114, 118, NULL, NULL, '2026-06-14 23:35:41', '2026-06-14 23:41:48'), (130, 12, NULL, 1, 'products_and_description', 115, 116, 118, NULL, NULL, '2026-06-14 23:35:41', '2026-06-14 23:41:48'), (131, 13, NULL, 1, 'products_and_description', 117, 118, 118, NULL, NULL, '2026-06-14 23:35:41', '2026-06-14 23:41:48'), (132, 14, NULL, 1, 'products_and_description', 119, 120, 118, NULL, NULL, '2026-06-14 23:35:41', '2026-06-14 23:41:48'), (133, 15, NULL, 1, 'products_and_description', 121, 122, 118, NULL, NULL, '2026-06-14 23:35:41', '2026-06-14 23:41:48'), (134, 6, NULL, 0, 'products_and_description', 124, 125, 1, NULL, NULL, '2026-06-14 23:35:41', '2026-06-14 23:40:23'), (135, 7, NULL, 0, 'products_and_description', 126, 127, 1, NULL, NULL, '2026-06-14 23:35:41', '2026-06-14 23:41:12'), (136, 8, NULL, 0, 'products_and_description', 128, 129, 1, NULL, NULL, '2026-06-14 23:35:41', '2026-06-14 23:41:12'), (137, 9, NULL, 0, 'products_and_description', 130, 131, 1, NULL, NULL, '2026-06-14 23:35:41', '2026-06-14 23:41:12'), (138, 10, NULL, 0, 'products_and_description', 132, 133, 1, NULL, NULL, '2026-06-14 23:35:41', '2026-06-14 23:41:12'), (139, 11, NULL, 0, 'products_and_description', 134, 135, 1, NULL, NULL, '2026-06-14 23:35:41', '2026-06-14 23:41:12'), (140, 12, NULL, 0, 'products_and_description', 136, 137, 1, NULL, NULL, '2026-06-14 23:35:41', '2026-06-14 23:41:12'), (141, 13, NULL, 0, 'products_and_description', 138, 139, 1, NULL, NULL, '2026-06-14 23:35:41', '2026-06-14 23:41:12'), (142, 14, NULL, 0, 'products_and_description', 140, 141, 1, NULL, NULL, '2026-06-14 23:35:41', '2026-06-14 23:41:12'), (143, 15, NULL, 0, 'products_and_description', 142, 143, 1, NULL, NULL, '2026-06-14 23:35:41', '2026-06-14 23:41:12'), (144, 6, NULL, 0, 'products_and_description', 144, 161, 1, NULL, NULL, '2026-06-15 11:24:43', '2026-06-15 11:25:17'), (145, 1, 'category/145/ubFQKb5XhwP8SVyahYQEzsRwRyubl5GgTkpX8tth.webp', 1, 'products_and_description', 145, 146, 144, NULL, NULL, '2026-06-15 11:24:43', '2026-06-15 11:38:42'), (146, 2, 'category/146/0koaIVBBupYbh1oCp28BuD2MfK14bmhH5L5Oe5qd.webp', 1, 'products_and_description', 147, 148, 144, NULL, NULL, '2026-06-15 11:24:43', '2026-06-15 11:58:52'), (147, 3, 'category/147/cfL45brl1CCqKTCmM3iLZhSVMRiTj8k223EwIqwo.webp', 1, 'products_and_description', 149, 150, 144, NULL, NULL, '2026-06-15 11:24:43', '2026-06-15 11:50:04'), (148, 4, 'category/148/GrlElDKHHHUXowGo4l1pIDWdut37FfF21jXBqSFD.webp', 1, 'products_and_description', 151, 152, 144, NULL, NULL, '2026-06-15 11:24:43', '2026-06-15 11:39:53'), (149, 5, 'category/149/rkmkdcuuhpTX4TlNDI2YkpFlM236ZzLI9byB4Th6.webp', 1, 'products_and_description', 153, 154, 144, NULL, NULL, '2026-06-15 11:24:43', '2026-06-15 11:54:37'), (150, 6, 'category/150/uFhgokvsNOUz3xb3P2cjg8dGUXnokphtfjk2OhGu.webp', 1, 'products_and_description', 155, 156, 144, NULL, NULL, '2026-06-15 11:24:43', '2026-06-15 11:56:49'), (151, 7, 'category/151/oEc9OoIIOIvv4vja6vvtRC1868H5q7RyjjL7wgoV.webp', 1, 'products_and_description', 157, 158, 144, NULL, NULL, '2026-06-15 11:24:43', '2026-06-15 11:59:53'), (152, 8, 'category/152/7i6RwaoifYijWM8LXKgnSqS5R896YCpnHElIWLcq.webp', 1, 'products_and_description', 159, 160, 144, NULL, NULL, '2026-06-15 11:24:43', '2026-06-15 12:01:25');


-- Structure for table `category_filterable_attributes`
DROP TABLE IF EXISTS `category_filterable_attributes`;
CREATE TABLE `category_filterable_attributes` (
  `category_id` int unsigned NOT NULL,
  `attribute_id` int unsigned NOT NULL,
  KEY `category_filterable_attributes_category_id_foreign` (`category_id`),
  KEY `category_filterable_attributes_attribute_id_foreign` (`attribute_id`),
  CONSTRAINT `category_filterable_attributes_attribute_id_foreign` FOREIGN KEY (`attribute_id`) REFERENCES `attributes` (`id`) ON DELETE CASCADE,
  CONSTRAINT `category_filterable_attributes_category_id_foreign` FOREIGN KEY (`category_id`) REFERENCES `categories` (`id`) ON DELETE CASCADE
) ENGINE=InnoDB DEFAULT CHARSET=utf8mb4 COLLATE=utf8mb4_unicode_ci;

-- Data for table `category_filterable_attributes`
INSERT INTO `category_filterable_attributes` VALUES (2, 11), (9, 11), (15, 11), (22, 11), (134, 11), (134, 23), (134, 24), (134, 25), (118, 11), (118, 23), (118, 24), (118, 25), (119, 11), (119, 23), (119, 24), (119, 25), (120, 11), (120, 23), (120, 24), (120, 25), (121, 11), (121, 23), (121, 24), (121, 25), (122, 11), (122, 23), (122, 24), (122, 25), (123, 11), (123, 23), (123, 24), (123, 25), (124, 11), (124, 23), (124, 24), (124, 25), (125, 11), (125, 23), (125, 24), (125, 25), (126, 11), (126, 23), (126, 24), (126, 25), (127, 11), (127, 23), (127, 24), (127, 25), (128, 11), (128, 23), (128, 24), (128, 25), (145, 11), (145, 23), (145, 24), (145, 25), (148, 11), (148, 23), (148, 24), (148, 25), (147, 11), (147, 23), (147, 24), (147, 25), (149, 11), (149, 23), (149, 24), (149, 25), (150, 11), (150, 23), (150, 24), (150, 25), (146, 11), (146, 23), (146, 24), (146, 25), (151, 11), (151, 23), (151, 24), (151, 25), (152, 11), (152, 23), (152, 24), (152, 25);


-- Structure for table `category_translations`
DROP TABLE IF EXISTS `category_translations`;
CREATE TABLE `category_translations` (
  `id` int unsigned NOT NULL AUTO_INCREMENT,
  `category_id` int unsigned NOT NULL,
  `name` text COLLATE utf8mb4_unicode_ci NOT NULL,
  `slug` varchar(255) COLLATE utf8mb4_unicode_ci NOT NULL,
  `url_path` varchar(2048) COLLATE utf8mb4_unicode_ci NOT NULL,
  `description` text COLLATE utf8mb4_unicode_ci,
  `meta_title` text COLLATE utf8mb4_unicode_ci,
  `meta_description` text COLLATE utf8mb4_unicode_ci,
  `meta_keywords` text COLLATE utf8mb4_unicode_ci,
  `locale_id` int unsigned DEFAULT NULL,
  `locale` varchar(255) COLLATE utf8mb4_unicode_ci NOT NULL,
  PRIMARY KEY (`id`),
  UNIQUE KEY `category_translations_category_id_slug_locale_unique` (`category_id`,`slug`,`locale`),
  KEY `category_translations_locale_id_foreign` (`locale_id`),
  CONSTRAINT `category_translations_category_id_foreign` FOREIGN KEY (`category_id`) REFERENCES `categories` (`id`) ON DELETE CASCADE,
  CONSTRAINT `category_translations_locale_id_foreign` FOREIGN KEY (`locale_id`) REFERENCES `locales` (`id`) ON DELETE CASCADE
) ENGINE=InnoDB AUTO_INCREMENT=272 DEFAULT CHARSET=utf8mb4 COLLATE=utf8mb4_unicode_ci;

-- Data for table `category_translations`
INSERT INTO `category_translations` VALUES (1, 1, 'الرئيسية', 'root', '', 'الفئة الرئيسية للمتجر', 'متجر سالم', 'متجر سالم للإلكترونيات', 'متجر, إلكترونيات, سالم', NULL, 'ar'), (2, 1, 'Root', 'root', '', 'Root Category', 'Salem Store', 'Salem Electronics Store', 'store, electronics, salem', NULL, 'en'), (3, 2, 'الهواتف المحمولة', 'الهواتف-المحمولة', '', '<p>أحدث الهواتف الذكية والمحمولة من أفضل العلامات التجارية</p>', 'الهواتف المحمولة', 'تسوق أحدث الهواتف الذكية', 'هواتف, موبايل, ذكية', NULL, 'ar'), (4, 2, 'Mobile Phones', 'mobile-phones', '', 'Latest smartphones and mobile phones from top brands', 'Mobile Phones', 'Shop the latest smartphones', 'phones, mobile, smartphones', NULL, 'en'), (5, 3, 'الهواتف الذكية', 'الهواتف-الذكية', '', 'هواتف ذكية بأحدث التقنيات والمواصفات', 'الهواتف الذكية', 'أحدث الهواتف الذكية', 'هواتف ذكية, سمارت فون', NULL, 'ar'), (6, 3, 'Smartphones', 'smartphones', '', 'Smart phones with latest technology and specifications', 'Smartphones', 'Latest smartphones', 'smartphones, smart phones', NULL, 'en'), (7, 4, 'الهواتف الأساسية', 'الهواتف-الاساسية', '', 'هواتف أساسية بسيطة وموثوقة', 'الهواتف الأساسية', 'هواتف أساسية بسيطة', 'هواتف أساسية, هواتف بسيطة', NULL, 'ar'), (8, 4, 'Feature Phones', 'feature-phones', '', 'Simple and reliable feature phones', 'Feature Phones', 'Simple feature phones', 'feature phones, basic phones', NULL, 'en'), (9, 5, 'أغطية وجرابات الهواتف', 'اغطية-جرابات-الهواتف', '', 'حماية هاتفك بأفضل الأغطية والجرابات', 'أغطية الهواتف', 'أغطية وجرابات للهواتف', 'جرابات, أغطية, حماية الهاتف', NULL, 'ar'), (10, 5, 'Phone Cases & Covers', 'phone-cases-covers', '', 'Protect your phone with the best cases and covers', 'Phone Cases', 'Phone cases and covers', 'cases, covers, phone protection', NULL, 'en'), (11, 6, 'واقيات الشاشة', 'واقيات-الشاشة', '', 'احم شاشة هاتفك بواقيات عالية الجودة', 'واقيات الشاشة', 'واقيات شاشة للهواتف', 'واقي شاشة, حماية الشاشة', NULL, 'ar'), (12, 6, 'Screen Protectors', 'screen-protectors', '', 'Protect your phone screen with high-quality protectors', 'Screen Protectors', 'Phone screen protectors', 'screen protector, tempered glass', NULL, 'en'), (13, 7, 'الشواحن والكابلات', 'الشواحن-والكابلات', '', 'شواحن وكابلات أصلية وعالية الجودة', 'الشواحن والكابلات', 'شواحن وكابلات للهواتف', 'شواحن, كابلات, USB', NULL, 'ar'), (14, 7, 'Chargers & Cables', 'chargers-cables', '', 'Original and high-quality chargers and cables', 'Chargers & Cables', 'Phone chargers and cables', 'chargers, cables, USB', NULL, 'en'), (15, 8, 'بطاريات محمولة', 'بطاريات-محمولة', '', 'باور بانك بسعات مختلفة لشحن أجهزتك', 'بطاريات محمولة', 'باور بانك وبطاريات محمولة', 'باور بانك, بطارية محمولة, شحن', NULL, 'ar'), (16, 8, 'Power Banks', 'power-banks', '', 'Power banks with different capacities to charge your devices', 'Power Banks', 'Power banks and portable chargers', 'power bank, portable charger', NULL, 'en'), (17, 9, 'أجهزة الكمبيوتر', 'اجهزة-الكمبيوتر', '', '<p>أجهزة كمبيوتر مكتبية وملحقاتها</p>', 'أجهزة الكمبيوتر', 'تسوق أجهزة الكمبيوتر', 'كمبيوتر, حاسوب, PC', NULL, 'ar'), (18, 9, 'Computers', 'computers', '', 'Desktop computers and accessories', 'Computers', 'Shop computers', 'computer, PC, desktop', NULL, 'en'), (19, 10, 'أجهزة الكمبيوتر المكتبية', 'الكمبيوتر-المكتبي', '', 'أجهزة كمبيوتر مكتبية للمنزل والعمل', 'كمبيوتر مكتبي', 'أجهزة كمبيوتر مكتبية', 'كمبيوتر مكتبي, ديسكتوب', NULL, 'ar'), (20, 10, 'Desktop Computers', 'desktop-computers', '', 'Desktop computers for home and work', 'Desktop Computers', 'Desktop computers', 'desktop, computer, PC', NULL, 'en'), (21, 11, 'أجهزة الكل في واحد', 'الكل-في-واحد', '', 'أجهزة All-in-One بتصميم أنيق ومساحة أقل', 'الكل في واحد', 'أجهزة كمبيوتر الكل في واحد', 'الكل في واحد, AIO', NULL, 'ar'), (22, 11, 'All-in-One PCs', 'all-in-one-pcs', '', 'All-in-One PCs with elegant design and less space', 'All-in-One PCs', 'All-in-One computers', 'all-in-one, AIO, computer', NULL, 'en'), (23, 12, 'الشاشات', 'الشاشات', '', 'شاشات كمبيوتر بمختلف الأحجام والدقة', 'شاشات الكمبيوتر', 'شاشات كمبيوتر', 'شاشة, مونيتور, عرض', NULL, 'ar'), (24, 12, 'Monitors', 'monitors', '', 'Computer monitors in various sizes and resolutions', 'Computer Monitors', 'Computer monitors', 'monitor, display, screen', NULL, 'en'), (25, 13, 'مكونات الكمبيوتر', 'مكونات-الكمبيوتر', '', 'معالجات وكروت شاشة ولوحات أم وذاكرة', 'مكونات الكمبيوتر', 'قطع غيار ومكونات الكمبيوتر', 'معالج, كرت شاشة, رام, ذاكرة', NULL, 'ar'), (26, 13, 'Computer Components', 'computer-components', '', 'Processors, graphics cards, motherboards and memory', 'Computer Components', 'Computer parts and components', 'CPU, GPU, RAM, motherboard', NULL, 'en'), (27, 14, 'ألعاب الكمبيوتر', 'العاب-الكمبيوتر', '', 'أجهزة ومستلزمات الألعاب للكمبيوتر', 'ألعاب الكمبيوتر', 'أجهزة الألعاب للكمبيوتر', 'قيمنق, ألعاب, PC gaming', NULL, 'ar'), (28, 14, 'PC Gaming', 'pc-gaming', '', 'Gaming equipment and accessories for PC', 'PC Gaming', 'PC gaming equipment', 'gaming, PC gaming, gamer', NULL, 'en'), (29, 15, 'أجهزة اللابتوب', 'اللابتوب', '', 'أجهزة لابتوب للعمل والألعاب والدراسة', 'أجهزة اللابتوب', 'تسوق أجهزة اللابتوب', 'لابتوب, كمبيوتر محمول, نوت بوك', NULL, 'ar'), (30, 15, 'Laptops', 'laptops', '', 'Laptops for work, gaming and study', 'Laptops', 'Shop laptops', 'laptop, notebook, portable computer', NULL, 'en'), (31, 16, 'لابتوب ألعاب', 'لابتوب-العاب', '', 'أجهزة لابتوب قوية للألعاب', 'لابتوب ألعاب', 'لابتوب للألعاب', 'لابتوب ألعاب, قيمنق لابتوب', NULL, 'ar'), (32, 16, 'Gaming Laptops', 'gaming-laptops', '', 'Powerful gaming laptops', 'Gaming Laptops', 'Gaming laptops', 'gaming laptop, gaming notebook', NULL, 'en'), (33, 17, 'لابتوب للأعمال', 'لابتوب-للاعمال', '', 'أجهزة لابتوب موثوقة للأعمال والمهنيين', 'لابتوب للأعمال', 'لابتوب للأعمال', 'لابتوب أعمال, لابتوب مهني', NULL, 'ar'), (34, 17, 'Business Laptops', 'business-laptops', '', 'Reliable laptops for business and professionals', 'Business Laptops', 'Business laptops', 'business laptop, professional laptop', NULL, 'en'), (35, 18, 'ألترابوك', 'الترابوك', '', 'أجهزة لابتوب خفيفة ورفيعة', 'ألترابوك', 'أجهزة ألترابوك', 'ألترابوك, لابتوب خفيف, رفيع', NULL, 'ar'), (36, 18, 'Ultrabooks', 'ultrabooks', '', 'Thin and light laptop devices', 'Ultrabooks', 'Ultrabook devices', 'ultrabook, thin laptop, light laptop', NULL, 'en'), (37, 19, 'لابتوب 2 في 1', 'لابتوب-2-في-1', '', 'أجهزة لابتوب قابلة للتحويل إلى تابلت', 'لابتوب 2 في 1', 'لابتوب قابل للتحويل', '2 في 1, لابتوب تابلت, قابل للتحويل', NULL, 'ar'), (38, 19, '2-in-1 Laptops', '2-in-1-laptops', '', 'Convertible laptops that transform into tablets', '2-in-1 Laptops', 'Convertible laptops', '2-in-1, convertible, laptop tablet', NULL, 'en'), (39, 20, 'كروم بوك', 'كروم-بوك', '', 'أجهزة كروم بوك بنظام Chrome OS', 'كروم بوك', 'أجهزة كروم بوك', 'كروم بوك, Chrome OS', NULL, 'ar'), (40, 20, 'Chromebooks', 'chromebooks', '', 'Chromebook devices with Chrome OS', 'Chromebooks', 'Chromebook devices', 'chromebook, Chrome OS', NULL, 'en'), (41, 21, 'حقائب اللابتوب', 'حقائب-اللابتوب', '', 'حقائب وأغلفة لحماية اللابتوب', 'حقائب اللابتوب', 'حقائب وأغلفة اللابتوب', 'حقيبة لابتوب, غلاف لابتوب', NULL, 'ar'), (42, 21, 'Laptop Bags & Sleeves', 'laptop-bags-sleeves', '', 'Bags and sleeves to protect your laptop', 'Laptop Bags', 'Laptop bags and sleeves', 'laptop bag, laptop sleeve, case', NULL, 'en'), (43, 22, 'اكسسوارات', 'اكسسوارات', '', 'ملحقات واكسسوارات الكمبيوتر واللابتوب', 'اكسسوارات', 'اكسسوارات الكمبيوتر', 'اكسسوارات, ملحقات, accessories', NULL, 'ar'), (44, 22, 'Accessories', 'accessories', '', 'Computer and laptop accessories', 'Accessories', 'Computer accessories', 'accessories, peripherals', NULL, 'en'), (45, 23, 'لوحات المفاتيح', 'لوحات-المفاتيح', '', 'لوحات مفاتيح سلكية ولاسلكية', 'لوحات المفاتيح', 'لوحات مفاتيح', 'كيبورد, لوحة مفاتيح', NULL, 'ar'), (46, 23, 'Keyboards', 'keyboards', '', 'Wired and wireless keyboards', 'Keyboards', 'Keyboards', 'keyboard, mechanical, wireless', NULL, 'en'), (47, 24, 'الماوس', 'الماوس', '', 'ماوس سلكية ولاسلكية للكمبيوتر', 'الماوس', 'ماوس الكمبيوتر', 'ماوس, فأرة, mouse', NULL, 'ar'), (48, 24, 'Mice & Trackpads', 'mice-trackpads', '', 'Wired and wireless mice for computer', 'Mice', 'Computer mice', 'mouse, mice, trackpad', NULL, 'en'), (49, 25, 'السماعات', 'السماعات', '', 'سماعات رأس وسماعات أذن', 'السماعات', 'سماعات رأس وأذن', 'سماعات, هيدفون, ايربودز', NULL, 'ar'), (50, 25, 'Headphones & Earbuds', 'headphones-earbuds', '', 'Headphones and earbuds', 'Headphones', 'Headphones and earbuds', 'headphones, earbuds, headset', NULL, 'en'), (51, 26, 'مكبرات الصوت', 'مكبرات-الصوت', '', 'سماعات خارجية ومكبرات صوت', 'مكبرات الصوت', 'مكبرات صوت', 'سبيكر, مكبر صوت, speakers', NULL, 'ar'), (52, 26, 'Speakers', 'speakers', '', 'External speakers and sound systems', 'Speakers', 'Computer speakers', 'speakers, sound, audio', NULL, 'en'), (53, 27, 'كاميرات الويب', 'كاميرات-الويب', '', 'كاميرات ويب للمكالمات والبث', 'كاميرات الويب', 'كاميرات ويب', 'ويب كام, كاميرا, webcam', NULL, 'ar'), (54, 27, 'Webcams', 'webcams', '', 'Webcams for calls and streaming', 'Webcams', 'Webcams', 'webcam, camera, streaming', NULL, 'en'), (55, 28, 'موزعات ومحولات USB', 'موزعات-محولات-usb', '', 'موزعات USB ومحولات متعددة', 'موزعات USB', 'موزعات ومحولات', 'USB hub, محول, موزع', NULL, 'ar'), (56, 28, 'USB Hubs & Adapters', 'usb-hubs-adapters', '', 'USB hubs and multi-port adapters', 'USB Hubs', 'USB hubs and adapters', 'USB hub, adapter, port', NULL, 'en'), (57, 29, 'التخزين الخارجي', 'التخزين-الخارجي', '', 'هاردات خارجية و SSD محمولة', 'التخزين الخارجي', 'أجهزة تخزين خارجية', 'هارد خارجي, SSD, تخزين', NULL, 'ar'), (58, 29, 'External Storage', 'external-storage', '', 'External hard drives and portable SSDs', 'External Storage', 'External storage devices', 'external drive, SSD, HDD, storage', NULL, 'en'), (59, 30, 'الكابلات والموصلات', 'الكابلات-والموصلات', '', 'كابلات وموصلات متنوعة', 'الكابلات', 'كابلات وموصلات', 'كابل, موصل, HDMI, USB', NULL, 'ar'), (60, 30, 'Cables & Connectors', 'cables-connectors', '', 'Various cables and connectors', 'Cables', 'Cables and connectors', 'cable, connector, HDMI, USB', NULL, 'en'), (202, 118, 'Anker', 'anker', '', 'Anker Innovations products including charging solutions, audio, and smart home devices.', NULL, NULL, NULL, NULL, 'en'), (203, 118, 'أنكر', 'anker', '', '<p>منتجات أنكر للإبداع بما في ذلك حلول الشحن، الصوتيات، وأجهزة المنزل الذكي.</p>', '', '', '', NULL, 'ar'), (204, 119, 'Charging Solutions', 'anker-charging', '', 'Wall Chargers, Power Banks, Car Chargers, and Cables', NULL, NULL, NULL, NULL, 'en'), (205, 119, 'حلول الشحن', 'anker-charging', '', '<p>شواحن الحائط، بنوك الطاقة، شواحن السيارات، والكابلات</p>', '', '', '', NULL, 'ar'), (206, 120, 'Power Stations', 'anker-power-stations', '', 'Portable Power Stations and Solar Batteries', NULL, NULL, NULL, NULL, 'en'), (207, 120, 'محطات الطاقة', 'anker-power-stations', '', '<p>محطات الطاقة المحمولة وبطاريات الطاقة الشمسية</p>', '', '', '', NULL, 'ar'), (208, 121, 'Audio (Soundcore)', 'anker-audio', '', 'Wireless earbuds, headphones, and portable speakers', NULL, NULL, NULL, NULL, 'en'), (209, 121, 'الصوتيات (ساوند كور)', 'anker-audio', '', '<p>سماعات الأذن اللاسلكية، سماعات الرأس، والسماعات المحمولة</p>', '', '', '', NULL, 'ar'), (210, 122, 'Smart Home (Eufy)', 'anker-smart-home', '', 'Smart security cameras, video doorbells, and appliances', NULL, NULL, NULL, NULL, 'en'), (211, 122, 'المنزل الذكي (يوفي)', 'anker-smart-home', '', '<p>كاميرات المراقبة الذكية، أجراس الفيديو، والأجهزة المنزلية</p>', '', '', '', NULL, 'ar'), (212, 123, 'Connectivity', 'anker-connectivity', '', 'Data hubs and laptop docking stations', NULL, NULL, NULL, NULL, 'en'), (213, 123, 'الاتصال والملحقات', 'anker-connectivity', '', '<p>موزعات البيانات ومحطات إرساء الحواسيب المحمولة</p>', '', '', '', NULL, 'ar'), (214, 124, 'Projectors (Nebula)', 'anker-nebula', '', 'Smart portable projectors and laser home theater displays', NULL, NULL, NULL, NULL, 'en'), (215, 124, 'أجهزة العرض (نيبولا)', 'anker-nebula', '', '<p>أجهزة عرض ذكية محمولة وشاشات مسرح منزلي بالليزر</p>', '', '', '', NULL, 'ar'), (216, 125, '3D Printers (AnkerMake)', 'anker-3d-printers', '', 'High-speed and precise 3D printing tools', NULL, NULL, NULL, NULL, 'en'), (217, 125, 'طابعات ثلاثية الأبعاد (أنكر ميك)', 'anker-3d-printers', '', '<p>أدوات طباعة ثلاثية الأبعاد عالية السرعة والدقة</p>', '', '', '', NULL, 'ar'), (218, 126, 'Smart Cleaning', 'anker-smart-cleaning', '', 'Robotic vacuum cleaners and smart home appliances', NULL, NULL, NULL, NULL, 'en'), (219, 126, 'التنظيف الذكي', 'anker-smart-cleaning', '', '<p>المكانس الكهربائية الروبوتية والأجهزة المنزلية الذكية</p>', '', '', '', NULL, 'ar'), (220, 127, 'Energy Storage (SOLIX)', 'anker-solix', '', 'Home battery backup systems and solar panels', NULL, NULL, NULL, NULL, 'en'), (221, 127, 'تخزين الطاقة (سوليكس)', 'anker-solix', '', '<p>أنظمة النسخ الاحتياطي لبطاريات المنزل والألواح الشمسية</p>', '', '', '', NULL, 'ar'), (222, 128, 'Personal Health', 'anker-personal-health', '', 'Smart scales and personal wellness devices', NULL, NULL, NULL, NULL, 'en'), (223, 128, 'الصحة الشخصية', 'anker-personal-health', '', '<p>موازين ذكية وأجهزة العافية الشخصية</p>', '', '', '', NULL, 'ar'), (224, 129, 'Gaming Accessories', 'anker-gaming', '', 'VR accessories and gaming headsets', NULL, NULL, NULL, NULL, 'en'), (225, 129, 'ملحقات الألعاب', 'anker-gaming', '', 'ملحقات الواقع الافتراضي وسماعات الألعاب', NULL, NULL, NULL, NULL, 'ar'), (226, 130, 'Work From Home Essentials', 'anker-wfh', '', 'Webcams, speakerphones, and docking stations for productivity', NULL, NULL, NULL, NULL, 'en'), (227, 130, 'أساسيات العمل من المنزل', 'anker-wfh', '', 'كاميرات ويب، ومكبرات صوت، ومحطات إرساء لزيادة الإنتاجية', NULL, NULL, NULL, NULL, 'ar'), (228, 131, 'Travel Gear', 'anker-travel', '', 'Compact chargers and portable power for travelers', NULL, NULL, NULL, NULL, 'en'), (229, 131, 'معدات السفر', 'anker-travel', '', 'شواحن مدمجة وطاقة محمولة للمسافرين', NULL, NULL, NULL, NULL, 'ar'), (230, 132, 'Security Systems', 'anker-security', '', 'Smart locks, alarm systems, and outdoor security', NULL, NULL, NULL, NULL, 'en'), (231, 132, 'أنظمة الأمان', 'anker-security', '', 'أقفال ذكية، أنظمة إنذار، وأمان خارجي', NULL, NULL, NULL, NULL, 'ar'), (232, 133, 'Pet Care (Eufy Pet)', 'anker-pet-care', '', 'Pet cameras, water fountains, and automated care devices', NULL, NULL, NULL, NULL, 'en'), (233, 133, 'رعاية الحيوانات الأليفة', 'anker-pet-care', '', 'كاميرات مراقبة، نوافير مياه، وأجهزة رعاية آلية للحيوانات الأليفة', NULL, NULL, NULL, NULL, 'ar'), (234, 134, 'Smart TVs', 'smart-tvs', '', 'Smart TVs Category', NULL, NULL, NULL, NULL, 'en'), (235, 134, 'الشاشات الذكية', 'smart-tvs', '', '<p>فئة الشاشات الذكية</p>', '', '', '', NULL, 'ar'), (236, 135, 'Wearables', 'wearables', '', 'Wearables Category', NULL, NULL, NULL, NULL, 'en'), (237, 135, 'الأجهزة القابلة للارتداء', 'wearables', '', 'فئة الأجهزة القابلة للارتداء', NULL, NULL, NULL, NULL, 'ar'), (238, 136, 'Tablets', 'tablets', '', 'Tablets Category', NULL, NULL, NULL, NULL, 'en'), (239, 136, 'الأجهزة اللوحية', 'tablets', '', 'فئة الأجهزة اللوحية', NULL, NULL, NULL, NULL, 'ar'), (240, 137, 'Cameras', 'cameras', '', 'Cameras Category', NULL, NULL, NULL, NULL, 'en'), (241, 137, 'الكاميرات', 'cameras', '', 'فئة الكاميرات', NULL, NULL, NULL, NULL, 'ar');
INSERT INTO `category_translations` VALUES (242, 138, 'Gaming Consoles', 'gaming-consoles', '', 'Gaming Consoles Category', NULL, NULL, NULL, NULL, 'en'), (243, 138, 'أجهزة الألعاب', 'gaming-consoles', '', 'فئة أجهزة الألعاب', NULL, NULL, NULL, NULL, 'ar'), (244, 139, 'Home Appliances', 'home-appliances', '', 'Home Appliances Category', NULL, NULL, NULL, NULL, 'en'), (245, 139, 'الأجهزة المنزلية', 'home-appliances', '', 'فئة الأجهزة المنزلية', NULL, NULL, NULL, NULL, 'ar'), (246, 140, 'Networking', 'networking', '', 'Networking Category', NULL, NULL, NULL, NULL, 'en'), (247, 140, 'أجهزة الشبكات', 'networking', '', 'فئة أجهزة الشبكات', NULL, NULL, NULL, NULL, 'ar'), (248, 141, 'Software', 'software', '', 'Software Category', NULL, NULL, NULL, NULL, 'en'), (249, 141, 'البرمجيات', 'software', '', 'فئة البرمجيات', NULL, NULL, NULL, NULL, 'ar'), (250, 142, 'Office Supplies', 'office-supplies', '', 'Office Supplies Category', NULL, NULL, NULL, NULL, 'en'), (251, 142, 'اللوازم المكتبية', 'office-supplies', '', 'فئة اللوازم المكتبية', NULL, NULL, NULL, NULL, 'ar'), (252, 143, 'Electric Scooters', 'electric-scooters', '', 'Electric Scooters Category', NULL, NULL, NULL, NULL, 'en'), (253, 143, 'سكوتر كهربائي', 'electric-scooters', '', 'فئة سكوتر كهربائي', NULL, NULL, NULL, NULL, 'ar'), (254, 144, 'Joyroom', 'joyroom', '', 'Joyroom is a global consumer electronics brand that specializes in mobile accessories and smart gadgets.', NULL, NULL, NULL, NULL, 'en'), (255, 144, 'جوي روم', 'joyroom', '', 'جوي روم هي علامة تجارية عالمية للإلكترونيات الاستهلاكية متخصصة في ملحقات الهواتف المحمولة والأدوات الذكية.', NULL, NULL, NULL, NULL, 'ar'), (256, 145, 'Charging Solutions', 'joyroom-charging', '', 'Power Banks, Chargers, and Adapters', NULL, NULL, NULL, NULL, 'en'), (257, 145, 'حلول الشحن', 'joyroom-charging', '', '<p>بنوك الطاقة، أجهزة الشحن، والمحولات</p>', '', '', '', NULL, 'ar'), (258, 146, 'Charging Cables', 'joyroom-cables', '', 'USB-C, Lightning, and Micro-USB cables', NULL, NULL, NULL, NULL, 'en'), (259, 146, 'كابلات الشحن', 'joyroom-cables', '', '<p>كابلات USB-C، لايتنينج، و Micro-USB</p>', '', '', '', NULL, 'ar'), (260, 147, 'Wireless Chargers', 'joyroom-wireless-chargers', '', 'Magnetic and pad-style wireless charging solutions', NULL, NULL, NULL, NULL, 'en'), (261, 147, 'شواحن لاسلكية', 'joyroom-wireless-chargers', '', '<p>حلول الشحن اللاسلكي المغناطيسية والمسطحة</p>', '', '', '', NULL, 'ar'), (262, 148, 'Audio Products', 'joyroom-audio', '', 'TWS earbuds, headphones, and wired earphones', NULL, NULL, NULL, NULL, 'en'), (263, 148, 'المنتجات الصوتية', 'joyroom-audio', '', '<p>سماعات الأذن اللاسلكية، سماعات الرأس، والسماعات السلكية</p>', '', '', '', NULL, 'ar'), (264, 149, 'Phone Mounts & Holders', 'joyroom-mounts', '', 'Car mounts, dashboard, and air vent holders', NULL, NULL, NULL, NULL, 'en'), (265, 149, 'حوامل ومثبتات الهواتف', 'joyroom-mounts', '', '<p>حوامل السيارات، مثبتات لوحة القيادة، وفتحات التهوية</p>', '', '', '', NULL, 'ar'), (266, 150, 'Wearable Technology', 'joyroom-wearables', '', 'Smartwatches with health tracking', NULL, NULL, NULL, NULL, 'en'), (267, 150, 'الأجهزة القابلة للارتداء', 'joyroom-wearables', '', '<p>ساعات ذكية مع تتبع الصحة</p>', '', '', '', NULL, 'ar'), (268, 151, 'Protective Accessories', 'joyroom-protection', '', 'Phone cases and tempered glass screen protectors', NULL, NULL, NULL, NULL, 'en'), (269, 151, 'ملحقات الحماية', 'joyroom-protection', '', '<p>أغطية الهواتف وواقيات الشاشة الزجاجية</p>', '', '', '', NULL, 'ar'), (270, 152, 'Functional Accessories', 'joyroom-functional', '', 'Stylus pens, cable management, and adapters', NULL, NULL, NULL, NULL, 'en'), (271, 152, 'ملحقات عملية', 'joyroom-functional', '', '<p>أقلام اللمس، منظمات الكابلات، والمحولات</p>', '', '', '', NULL, 'ar');


-- Structure for table `channel_currencies`
DROP TABLE IF EXISTS `channel_currencies`;
CREATE TABLE `channel_currencies` (
  `channel_id` int unsigned NOT NULL,
  `currency_id` int unsigned NOT NULL,
  PRIMARY KEY (`channel_id`,`currency_id`),
  KEY `channel_currencies_currency_id_foreign` (`currency_id`),
  CONSTRAINT `channel_currencies_channel_id_foreign` FOREIGN KEY (`channel_id`) REFERENCES `channels` (`id`) ON DELETE CASCADE,
  CONSTRAINT `channel_currencies_currency_id_foreign` FOREIGN KEY (`currency_id`) REFERENCES `currencies` (`id`) ON DELETE CASCADE
) ENGINE=InnoDB DEFAULT CHARSET=utf8mb4 COLLATE=utf8mb4_unicode_ci;

-- Data for table `channel_currencies`
INSERT INTO `channel_currencies` VALUES (1, 1);


-- Structure for table `channel_inventory_sources`
DROP TABLE IF EXISTS `channel_inventory_sources`;
CREATE TABLE `channel_inventory_sources` (
  `channel_id` int unsigned NOT NULL,
  `inventory_source_id` int unsigned NOT NULL,
  UNIQUE KEY `channel_inventory_source_unique` (`channel_id`,`inventory_source_id`),
  KEY `channel_inventory_sources_inventory_source_id_foreign` (`inventory_source_id`),
  CONSTRAINT `channel_inventory_sources_channel_id_foreign` FOREIGN KEY (`channel_id`) REFERENCES `channels` (`id`) ON DELETE CASCADE,
  CONSTRAINT `channel_inventory_sources_inventory_source_id_foreign` FOREIGN KEY (`inventory_source_id`) REFERENCES `inventory_sources` (`id`) ON DELETE CASCADE
) ENGINE=InnoDB DEFAULT CHARSET=utf8mb4 COLLATE=utf8mb4_unicode_ci;

-- Data for table `channel_inventory_sources`
INSERT INTO `channel_inventory_sources` VALUES (1, 1);


-- Structure for table `channel_locales`
DROP TABLE IF EXISTS `channel_locales`;
CREATE TABLE `channel_locales` (
  `channel_id` int unsigned NOT NULL,
  `locale_id` int unsigned NOT NULL,
  PRIMARY KEY (`channel_id`,`locale_id`),
  KEY `channel_locales_locale_id_foreign` (`locale_id`),
  CONSTRAINT `channel_locales_channel_id_foreign` FOREIGN KEY (`channel_id`) REFERENCES `channels` (`id`) ON DELETE CASCADE,
  CONSTRAINT `channel_locales_locale_id_foreign` FOREIGN KEY (`locale_id`) REFERENCES `locales` (`id`) ON DELETE CASCADE
) ENGINE=InnoDB DEFAULT CHARSET=utf8mb4 COLLATE=utf8mb4_unicode_ci;

-- Data for table `channel_locales`
INSERT INTO `channel_locales` VALUES (1, 1);


-- Structure for table `channel_translations`
DROP TABLE IF EXISTS `channel_translations`;
CREATE TABLE `channel_translations` (
  `id` bigint unsigned NOT NULL AUTO_INCREMENT,
  `channel_id` int unsigned NOT NULL,
  `locale` varchar(255) COLLATE utf8mb4_unicode_ci NOT NULL,
  `name` varchar(255) COLLATE utf8mb4_unicode_ci NOT NULL,
  `description` text COLLATE utf8mb4_unicode_ci,
  `maintenance_mode_text` text COLLATE utf8mb4_unicode_ci,
  `home_seo` json DEFAULT NULL,
  `created_at` timestamp NULL DEFAULT NULL,
  `updated_at` timestamp NULL DEFAULT NULL,
  PRIMARY KEY (`id`),
  UNIQUE KEY `channel_translations_channel_id_locale_unique` (`channel_id`,`locale`),
  KEY `channel_translations_locale_index` (`locale`),
  CONSTRAINT `channel_translations_channel_id_foreign` FOREIGN KEY (`channel_id`) REFERENCES `channels` (`id`) ON DELETE CASCADE
) ENGINE=InnoDB AUTO_INCREMENT=39 DEFAULT CHARSET=utf8mb4 COLLATE=utf8mb4_unicode_ci;

-- Data for table `channel_translations`
INSERT INTO `channel_translations` VALUES (1, 1, 'ar', 'افتراضي', 'Salem Store Website', '', '{"meta_description":"وصف متجر تجريبي","meta_keywords":"الكلمات الرئيسية للمتجر التجريبي","meta_title":"Salem Store"}', NULL, '2026-02-07 00:08:38'), (2, 1, 'en', 'Salem Store Website', 'Salem Store Website', NULL, '{"meta_description":"Salem Store","meta_keywords":"Salem, Store","meta_title":"Salem Store"}', '2025-12-27 00:55:19', '2026-01-01 20:57:56');


-- Structure for table `channels`
DROP TABLE IF EXISTS `channels`;
CREATE TABLE `channels` (
  `id` int unsigned NOT NULL AUTO_INCREMENT,
  `code` varchar(255) COLLATE utf8mb4_unicode_ci NOT NULL,
  `timezone` varchar(255) COLLATE utf8mb4_unicode_ci DEFAULT NULL,
  `theme` varchar(255) COLLATE utf8mb4_unicode_ci DEFAULT NULL,
  `hostname` varchar(255) COLLATE utf8mb4_unicode_ci DEFAULT NULL,
  `logo` varchar(255) COLLATE utf8mb4_unicode_ci DEFAULT NULL,
  `favicon` varchar(255) COLLATE utf8mb4_unicode_ci DEFAULT NULL,
  `home_seo` json DEFAULT NULL,
  `is_maintenance_on` tinyint(1) NOT NULL DEFAULT '0',
  `allowed_ips` text COLLATE utf8mb4_unicode_ci,
  `root_category_id` int unsigned DEFAULT NULL,
  `default_locale_id` int unsigned NOT NULL,
  `base_currency_id` int unsigned NOT NULL,
  `created_at` timestamp NULL DEFAULT NULL,
  `updated_at` timestamp NULL DEFAULT NULL,
  PRIMARY KEY (`id`),
  KEY `channels_root_category_id_foreign` (`root_category_id`),
  KEY `channels_default_locale_id_foreign` (`default_locale_id`),
  KEY `channels_base_currency_id_foreign` (`base_currency_id`),
  CONSTRAINT `channels_base_currency_id_foreign` FOREIGN KEY (`base_currency_id`) REFERENCES `currencies` (`id`),
  CONSTRAINT `channels_default_locale_id_foreign` FOREIGN KEY (`default_locale_id`) REFERENCES `locales` (`id`),
  CONSTRAINT `channels_root_category_id_foreign` FOREIGN KEY (`root_category_id`) REFERENCES `categories` (`id`) ON DELETE SET NULL
) ENGINE=InnoDB AUTO_INCREMENT=36 DEFAULT CHARSET=utf8mb4 COLLATE=utf8mb4_unicode_ci;

-- Data for table `channels`
INSERT INTO `channels` VALUES (1, 'default', NULL, 'default', 'https://salem-store.test', 'channel/1/freNH5UTTHFFQUgAI6JkbjqAtWfJtYUgWObRoYYo.jpg', 'channel/1/Kyftf2SpdCc8xd65IZC6kvyfbrPC1oJZ6wK0ZZcu.png', NULL, 0, '', 1, 1, 1, '2025-12-27 00:06:11', '2026-02-07 00:08:38');


-- Structure for table `cms_page_channels`
DROP TABLE IF EXISTS `cms_page_channels`;
CREATE TABLE `cms_page_channels` (
  `cms_page_id` int unsigned NOT NULL,
  `channel_id` int unsigned NOT NULL,
  UNIQUE KEY `cms_page_channels_cms_page_id_channel_id_unique` (`cms_page_id`,`channel_id`),
  KEY `cms_page_channels_channel_id_foreign` (`channel_id`),
  CONSTRAINT `cms_page_channels_channel_id_foreign` FOREIGN KEY (`channel_id`) REFERENCES `channels` (`id`) ON DELETE CASCADE,
  CONSTRAINT `cms_page_channels_cms_page_id_foreign` FOREIGN KEY (`cms_page_id`) REFERENCES `cms_pages` (`id`) ON DELETE CASCADE
) ENGINE=InnoDB DEFAULT CHARSET=utf8mb4 COLLATE=utf8mb4_unicode_ci;

-- Data for table `cms_page_channels`
INSERT INTO `cms_page_channels` VALUES (1, 1), (2, 1), (3, 1), (4, 1), (5, 1), (6, 1), (7, 1), (8, 1), (9, 1), (10, 1), (11, 1);


-- Structure for table `cms_page_translations`
DROP TABLE IF EXISTS `cms_page_translations`;
CREATE TABLE `cms_page_translations` (
  `id` int unsigned NOT NULL AUTO_INCREMENT,
  `page_title` varchar(255) COLLATE utf8mb4_unicode_ci NOT NULL,
  `url_key` varchar(255) COLLATE utf8mb4_unicode_ci NOT NULL,
  `html_content` longtext COLLATE utf8mb4_unicode_ci,
  `meta_title` text COLLATE utf8mb4_unicode_ci,
  `meta_description` text COLLATE utf8mb4_unicode_ci,
  `meta_keywords` text COLLATE utf8mb4_unicode_ci,
  `locale` varchar(255) COLLATE utf8mb4_unicode_ci NOT NULL,
  `cms_page_id` int unsigned NOT NULL,
  PRIMARY KEY (`id`),
  UNIQUE KEY `cms_page_translations_cms_page_id_url_key_locale_unique` (`cms_page_id`,`url_key`,`locale`),
  CONSTRAINT `cms_page_translations_cms_page_id_foreign` FOREIGN KEY (`cms_page_id`) REFERENCES `cms_pages` (`id`) ON DELETE CASCADE
) ENGINE=InnoDB AUTO_INCREMENT=21 DEFAULT CHARSET=utf8mb4 COLLATE=utf8mb4_unicode_ci;

-- Data for table `cms_page_translations`
INSERT INTO `cms_page_translations` VALUES (1, 'من نحن', 'about-us', '<div class="static-container"><div class="mb-5">محتوى صفحة من نحن</div></div>', 'about us', '', 'aboutus', 'ar', 1), (2, 'سياسة الإرجاع', 'return-policy', '<div class="static-container"><div class="mb-5">محتوى صفحة سياسة الإرجاع</div></div>', 'return policy', '', 'return, policy', 'ar', 2), (3, 'سياسة الاسترداد', 'refund-policy', '<div class="static-container"><div class="mb-5">محتوى صفحة سياسة الاسترداد</div></div>', 'Refund policy', '', 'refund, policy', 'ar', 3), (4, 'الشروط والأحكام', 'terms-conditions', '<div class="static-container"><div class="mb-5">محتوى صفحة الشروط والأحكام</div></div>', 'Terms & Conditions', '', 'term, conditions', 'ar', 4), (5, 'شروط الاستخدام', 'terms-of-use', '<div class="static-container"><div class="mb-5">محتوى صفحة شروط الاستخدام</div></div>', 'Terms of use', '', 'term, use', 'ar', 5), (6, 'خدمة العملاء', 'customer-service', '<div class="static-container"><div class="mb-5">محتوى صفحة خدمة العملاء</div></div>', 'Customer Service', '', 'customer, service', 'ar', 6), (7, 'ما الجديد', 'whats-new', '<div class="static-container"><div class="mb-5">محتوى صفحة ما الجديد</div></div>', 'What''s New', '', 'new', 'ar', 7), (8, 'سياسة الدفع', 'payment-policy', '<div class="static-container"><div class="mb-5">محتوى صفحة سياسة الدفع</div></div>', 'Payment Policy', '', 'payment, policy', 'ar', 8), (9, 'سياسة الشحن', 'shipping-policy', '<div class="static-container"><div class="mb-5">محتوى صفحة سياسة الشحن</div></div>', 'Shipping Policy', '', 'shipping, policy', 'ar', 9), (10, 'سياسة الخصوصية', 'privacy-policy', '<div class="static-container"><div class="mb-5">محتوى صفحة سياسة الخصوصية</div></div>', 'Privacy Policy', '', 'privacy, policy', 'ar', 10), (11, 'اتصل بنا', 'touch-me', '<div class="flex items-center justify-center relative overflow-hidden"
    style="background-color: #F5F7FA; padding: 2rem; border-radius: 2rem;">
    <style>
        @keyframes blob {
            0% {
                transform: translate(0px, 0px) scale(1);
            }

            33% {
                transform: translate(30px, -50px) scale(1.1);
            }

            66% {
                transform: translate(-20px, 20px) scale(0.9);
            }

            100% {
                transform: translate(0px, 0px) scale(1);
            }
        }

        .animate-blob {
            animation: blob 7s infinite;
        }

        .animation-delay-2000 {
            animation-delay: 2s;
        }

        .animation-delay-4000 {
            animation-delay: 4s;
        }

        .animate-fade-in-up {
            animation: fadeInUp 0.8s ease-out forwards;
        }

        @keyframes fadeInUp {
            from {
                opacity: 0;
                transform: translateY(20px);
            }

            to {
                opacity: 1;
                transform: translateY(0);
            }
        }

        @media (min-width: 768px) {
            .md-flex-row {
                flex-direction: row !important;
            }

            .md-flex-col {
                flex-direction: column !important;
            }

            .md-w-24 {
                width: 6rem !important;
            }
        }
    </style>

    <!-- Background Blobs -->
    <div class="absolute top-0 left-0 w-full h-full overflow-hidden z-0 pointer-events-none">
        <div class="absolute -top-24 -left-24 w-96 h-96 rounded-full mix-blend-multiply filter blur-3xl opacity-30 animate-blob"
            style="background-color: #e9d5ff;"></div>
        <div class="absolute top-0 right-0 w-96 h-96 rounded-full mix-blend-multiply filter blur-3xl opacity-30 animate-blob animation-delay-2000"
            style="background-color: #bfdbfe;"></div>
        <div class="absolute -bottom-32 left-20 w-96 h-96 rounded-full mix-blend-multiply filter blur-3xl opacity-30 animate-blob animation-delay-4000"
            style="background-color: #fbcfe8;"></div>
    </div>

    <!-- Card Container -->
    <div dir="rtl" class="relative animate-fade-in-up"
        style="display: flex; flex-wrap: wrap; background-color: white; border-radius: 2rem; overflow: hidden; box-shadow: 0 25px 50px -12px rgba(0, 0, 0, 0.25); min-height: 600px; width: 100%; max-width: 72rem;">

        <!-- 1. Left Sidebar (Socials) -->
        <div
            style="flex-grow: 1; flex-basis: 6rem; background: linear-gradient(to bottom, #D4AF37, #AA771C) !important; display: flex; flex-wrap: wrap; justify-content: center; align-items: center; gap: 1.5rem; padding: 1.5rem; flex-shrink: 0;">
            <!-- TikTok -->
            <a href="https://tiktok.com/@salemthestore"
                class="text-white hover:scale-110 transition-transform duration-200 opacity-90 hover:opacity-100">
                <svg class="w-6 h-6" fill="currentColor" viewBox="0 0 24 24">
                    <path
                        d="M12.525.02c1.31-.02 2.61-.01 3.91.04.08 1.53.63 3.09 1.75 4.17 1.12 1.11 2.7 1.62 4.24 1.79v4.03c-1.44-.05-2.89-.35-4.2-.97-.57-.26-1.1-.59-1.62-.93-.01 2.92.01 5.84-.02 8.75-.08 2.23-1.15 4.34-2.88 5.6-1.89 1.37-4.4 1.73-6.59 1.07-2.19-.66-3.95-2.28-4.73-4.41-.78-2.13-.53-4.63.67-6.55 1.2-1.92 3.32-3.15 5.56-3.32.18-.01.35-.01.53-.01v4.06c-1.41.06-2.67.92-3.35 2.15-.68 1.23-.74 2.82-.16 4.1.58 1.28 1.83 2.21 3.23 2.39 1.4.18 2.87-.27 3.86-1.17 1-.9 1.55-2.24 1.53-3.62V0h-1.74v.02z" />
                </svg>
            </a>
            <!-- Facebook -->
            <a href="https://facebook.com/ASalem.store" target="_blank"
                class="text-white hover:scale-110 transition-transform duration-200 opacity-90 hover:opacity-100">
                <svg class="w-6 h-6" fill="currentColor" viewBox="0 0 24 24">
                    <path
                        d="M24 12.073c0-6.627-5.373-12-12-12s-12 5.373-12 12c0 5.99 4.388 10.954 10.125 11.854v-8.385h-3.047v-3.47h3.047v-2.641c0-3.007 1.792-4.669 4.533-4.669 1.312 0 2.686.235 2.686.235v2.953h-1.513c-1.491 0-1.956.925-1.956 1.874v2.25h3.328l-.532 3.47h-2.796v8.385c5.737-.9 10.125-5.864 10.125-11.854z" />
                </svg>
            </a>
            <!-- Instagram -->
            <a href="https://tiktok.com/@salemthestore" target="_blank"
                class="text-white hover:scale-110 transition-transform duration-200 opacity-90 hover:opacity-100">
                <svg class="w-6 h-6" fill="currentColor" viewBox="0 0 24 24">
                    <path
                        d="M12 2.163c3.204 0 3.584.012 4.85.07 3.252.148 4.771 1.691 4.919 4.919.058 1.265.069 1.645.069 4.849 0 3.205-.012 3.584-.069 4.849-.149 3.225-1.664 4.771-4.919 4.919-1.266.058-1.644.07-4.85.07-3.204 0-3.584-.012-4.849-.07-3.26-.149-4.771-1.699-4.919-4.92-.058-1.265-.07-1.644-.07-4.849 0-3.204.013-3.583.07-4.849.149-3.227 1.664-4.771 4.919-4.919 1.266-.057 1.645-.069 4.849-.069zm0-2.163c-3.259 0-3.667.014-4.947.072-4.358.2-6.78 2.618-6.98 6.98-.059 1.281-.073 1.689-.073 4.948 0 3.259.014 3.668.072 4.948.2 4.358 2.618 6.78 6.98 6.98 1.281.058 1.689.072 4.948.072 3.259 0 3.668-.014 4.948-.072 4.354-.2 6.782-2.618 6.979-6.98.059-1.28.073-1.689.073-4.948 0-3.259-.014-3.667-.072-4.947-.196-4.354-2.617-6.78-6.979-6.98-1.281-.059-1.69-.073-4.949-.073zm0 5.838c-3.403 0-6.162 2.759-6.162 6.162s2.759 6.163 6.162 6.163 6.162-2.759 6.162-6.163-2.759-6.162-6.162-6.162zm0 10.162c-2.209 0-4-1.79-4-4 0-2.209 1.791-4 4-4s4 1.791 4 4c0 2.21-1.791 4-4 4zm6.406-11.845c-.796 0-1.441.645-1.441 1.44s.645 1.44 1.441 1.44c.795 0 1.439-.645 1.439-1.44s-.644-1.44-1.439-1.44z" />
                </svg>
            </a>
            <!-- Phone -->
            <a href="tel:+201050704078"
                class="text-white hover:scale-110 transition-transform duration-200 opacity-90 hover:opacity-100">
                <svg class="w-6 h-6" fill="none" stroke="currentColor" viewBox="0 0 24 24">
                    <path stroke-linecap="round" stroke-linejoin="round" stroke-width="2"
                        d="M3 5a2 2 0 012-2h3.28a1 1 0 01.948.684l1.498 4.493a1 1 0 01-.502 1.21l-2.257 1.13a11.042 11.042 0 005.516 5.516l1.13-2.257a1 1 0 011.21-.502l4.493 1.498a1 1 0 01.684.949V19a2 2 0 01-2 2h-1C9.716 21 3 14.284 3 6V5z" />
                </svg>
            </a>
        </div>

        <!-- Content Area -->
        <div style="flex-grow: 999; flex-basis: 0; min-width: 300px; display: flex; flex-wrap: wrap;">

            <!-- 2. Contact Form Section -->
            <div class="p-8 lg:p-12 flex flex-col justify-center" style="flex-grow: 1; flex-basis: 300px;">
                <div class="mb-8">
                    <h2 class="text-3xl font-bold mb-2" style="color: #D4AF37;">اتصل بنا</h2>
                    <p class="text-gray-500">نسعد بتواصلكم معنا! أرسل لنا رسالتك.</p>
                </div>

                <form id="contactForm" action="/contact-us/send-mail" method="POST" style="display: flex; flex-direction: column; gap: 1.5rem;">
                    <input type="hidden" name="_token" id="csrf_token_field">

                    <!-- Name -->
                    <div class="group">
                        <label for="name" class="block text-sm font-medium text-gray-700 mb-1">الاسم</label>
                        <input type="text" name="name" id="name" required
                            class="w-full px-0 py-2 border-b-2 border-gray-200 focus:border-[#D4AF37] outline-none bg-transparent transition-colors placeholder-gray-300"
                            placeholder="محمد علي">
                    </div>

                    <!-- Email -->
                    <div class="group">
                        <label for="email" class="block text-sm font-medium text-gray-700 mb-1">البريد الإلكتروني</label>
                        <input type="email" name="email" id="email" required
                            class="w-full px-0 py-2 border-b-2 border-gray-200 focus:border-[#D4AF37] outline-none bg-transparent transition-colors placeholder-gray-300"
                            placeholder="mail@example.com">
                    </div>

                    <!-- Message -->
                    <div class="group">
                        <label for="message" class="block text-sm font-medium text-gray-700 mb-1">الرسالة</label>
                        <textarea name="message" id="message" rows="3" required
                            class="w-full px-3 py-3 rounded-lg bg-gray-50 border border-transparent focus:bg-white focus:border-[#D4AF37] outline-none transition-all placeholder-gray-300 resize-none"
                            placeholder="اكتب رسالتك هنا..."></textarea>
                    </div>

                    <!-- Privacy -->
                    <div class="flex items-center gap-3">
                        <input id="privacy" type="checkbox" required
                            class="w-4 h-4 text-[#D4AF37] border-gray-300 rounded focus:ring-[#D4AF37]">
                        <label for="privacy" class="font-medium text-gray-700 text-sm m-0 leading-none">
                            أوافق على <a href="#" class="text-[#D4AF37] hover:underline"
                                style="color: #D4AF37;">سياسة الخصوصية</a>
                        </label>
                    </div>

                    <!-- Submit Button -->
                    <button type="submit" style="background: linear-gradient(to right, #D4AF37, #AA771C);"
                        class="w-full text-white font-bold py-3 px-6 rounded-full shadow-lg hover:shadow-xl hover:scale-[1.02] transform transition-all duration-200 flex items-center justify-center">
                        <span>إرسال الرسالة</span>
                        <svg class="w-5 h-5 mr-2 -ml-1 transform rotate-180" fill="none" stroke="currentColor" viewBox="0 0 24 24">
                            <path stroke-linecap="round" stroke-linejoin="round" stroke-width="2"
                                d="M14 5l7 7m0 0l-7 7m7-7H3" />
                        </svg>
                    </button>
                </form>
            </div>

            <!-- 3. Map Section -->
            <div class="relative bg-gray-100" style="flex-grow: 1; flex-basis: 300px; min-height: 400px;">

                <!-- Google Map Embed -->
                <iframe
                    src="https://www.google.com/maps/embed?pb=!1m18!1m12!1m3!1d3418.2907752940614!2d31.364040299999996!3d31.0460038!2m3!1f0!2f0!3f0!3m2!1i1024!2i768!4f13.1!3m3!1m2!1s0x14f79d83b4a2652b%3A0x98741ababa0848c3!2sSalem%20Store!5e0!3m2!1sen!2seg!4v1736522260754!5m2!1sen!2seg"
                    width="90%" height="450" class="absolute top-0 left-0 w-full h-full" style="border:0;"
                    allowfullscreen="" loading="lazy" referrerpolicy="no-referrer-when-downgrade">
                </iframe>
            </div>
        </div>
    </div>
</div>

<script>
    // Include CSRF Token Script
    document.addEventListener("DOMContentLoaded", function () {
        const csrfToken = document.querySelector(''meta[name="csrf-token"]'')?.getAttribute(''content'');
        if (csrfToken) {
            const tokenInput = document.getElementById(''csrf_token_field'');
            if (tokenInput) tokenInput.value = csrfToken;
        } else {
            // Try to find token if meta is missing (fallback)
            let knownToken = document.querySelector(''input[name="_token"]'')?.value;
            if (knownToken) {
                document.getElementById(''csrf_token_field'').value = knownToken;
            }
        }
    });
</script>', 'اتصل بنا', 'اتصل بنا - متجر سالم', 'اتصل بنا, متجر سالم, تواصل معنا', 'ar', 11), (12, 'Contact Us', 'touch-me', '<div class="flex items-center justify-center relative overflow-hidden"
    style="background-color: #F5F7FA; padding: 2rem; border-radius: 2rem;">
    <style>
        @keyframes blob {
            0% {
                transform: translate(0px, 0px) scale(1);
            }

            33% {
                transform: translate(30px, -50px) scale(1.1);
            }

            66% {
                transform: translate(-20px, 20px) scale(0.9);
            }

            100% {
                transform: translate(0px, 0px) scale(1);
            }
        }

        .animate-blob {
            animation: blob 7s infinite;
        }

        .animation-delay-2000 {
            animation-delay: 2s;
        }

        .animation-delay-4000 {
            animation-delay: 4s;
        }

        .animate-fade-in-up {
            animation: fadeInUp 0.8s ease-out forwards;
        }

        @keyframes fadeInUp {
            from {
                opacity: 0;
                transform: translateY(20px);
            }

            to {
                opacity: 1;
                transform: translateY(0);
            }
        }

        @media (min-width: 768px) {
            .md-flex-row {
                flex-direction: row !important;
            }

            .md-flex-col {
                flex-direction: column !important;
            }

            .md-w-24 {
                width: 6rem !important;
            }
        }
    </style>

    <!-- Background Blobs -->
    <div class="absolute top-0 left-0 w-full h-full overflow-hidden z-0 pointer-events-none">
        <div class="absolute -top-24 -left-24 w-96 h-96 rounded-full mix-blend-multiply filter blur-3xl opacity-30 animate-blob"
            style="background-color: #e9d5ff;"></div>
        <div class="absolute top-0 right-0 w-96 h-96 rounded-full mix-blend-multiply filter blur-3xl opacity-30 animate-blob animation-delay-2000"
            style="background-color: #bfdbfe;"></div>
        <div class="absolute -bottom-32 left-20 w-96 h-96 rounded-full mix-blend-multiply filter blur-3xl opacity-30 animate-blob animation-delay-4000"
            style="background-color: #fbcfe8;"></div>
    </div>

    <!-- Card Container -->
    <div dir="ltr" class="relative animate-fade-in-up"
        style="display: flex; flex-wrap: wrap; background-color: white; border-radius: 2rem; overflow: hidden; box-shadow: 0 25px 50px -12px rgba(0, 0, 0, 0.25); min-height: 600px; width: 100%; max-width: 72rem;">

        <!-- 1. Left Sidebar (Socials) -->
        <div
            style="flex-grow: 1; flex-basis: 6rem; background: linear-gradient(to bottom, #D4AF37, #AA771C) !important; display: flex; flex-wrap: wrap; justify-content: center; align-items: center; gap: 1.5rem; padding: 1.5rem; flex-shrink: 0;">
            <!-- TikTok -->
            <a href="https://tiktok.com/@salemthestore"
                class="text-white hover:scale-110 transition-transform duration-200 opacity-90 hover:opacity-100">
                <svg class="w-6 h-6" fill="currentColor" viewBox="0 0 24 24">
                    <path
                        d="M12.525.02c1.31-.02 2.61-.01 3.91.04.08 1.53.63 3.09 1.75 4.17 1.12 1.11 2.7 1.62 4.24 1.79v4.03c-1.44-.05-2.89-.35-4.2-.97-.57-.26-1.1-.59-1.62-.93-.01 2.92.01 5.84-.02 8.75-.08 2.23-1.15 4.34-2.88 5.6-1.89 1.37-4.4 1.73-6.59 1.07-2.19-.66-3.95-2.28-4.73-4.41-.78-2.13-.53-4.63.67-6.55 1.2-1.92 3.32-3.15 5.56-3.32.18-.01.35-.01.53-.01v4.06c-1.41.06-2.67.92-3.35 2.15-.68 1.23-.74 2.82-.16 4.1.58 1.28 1.83 2.21 3.23 2.39 1.4.18 2.87-.27 3.86-1.17 1-.9 1.55-2.24 1.53-3.62V0h-1.74v.02z" />
                </svg>
            </a>
            <!-- Facebook -->
            <a href="https://facebook.com/ASalem.store" target="_blank"
                class="text-white hover:scale-110 transition-transform duration-200 opacity-90 hover:opacity-100">
                <svg class="w-6 h-6" fill="currentColor" viewBox="0 0 24 24">
                    <path
                        d="M24 12.073c0-6.627-5.373-12-12-12s-12 5.373-12 12c0 5.99 4.388 10.954 10.125 11.854v-8.385h-3.047v-3.47h3.047v-2.641c0-3.007 1.792-4.669 4.533-4.669 1.312 0 2.686.235 2.686.235v2.953h-1.513c-1.491 0-1.956.925-1.956 1.874v2.25h3.328l-.532 3.47h-2.796v8.385c5.737-.9 10.125-5.864 10.125-11.854z" />
                </svg>
            </a>
            <!-- Instagram -->
            <a href="https://tiktok.com/@salemthestore" target="_blank"
                class="text-white hover:scale-110 transition-transform duration-200 opacity-90 hover:opacity-100">
                <svg class="w-6 h-6" fill="currentColor" viewBox="0 0 24 24">
                    <path
                        d="M12 2.163c3.204 0 3.584.012 4.85.07 3.252.148 4.771 1.691 4.919 4.919.058 1.265.069 1.645.069 4.849 0 3.205-.012 3.584-.069 4.849-.149 3.225-1.664 4.771-4.919 4.919-1.266.058-1.644.07-4.85.07-3.204 0-3.584-.012-4.849-.07-3.26-.149-4.771-1.699-4.919-4.92-.058-1.265-.07-1.644-.07-4.849 0-3.204.013-3.583.07-4.849.149-3.227 1.664-4.771 4.919-4.919 1.266-.057 1.645-.069 4.849-.069zm0-2.163c-3.259 0-3.667.014-4.947.072-4.358.2-6.78 2.618-6.98 6.98-.059 1.281-.073 1.689-.073 4.948 0 3.259.014 3.668.072 4.948.2 4.358 2.618 6.78 6.98 6.98 1.281.058 1.689.072 4.948.072 3.259 0 3.668-.014 4.948-.072 4.354-.2 6.782-2.618 6.979-6.98.059-1.28.073-1.689.073-4.948 0-3.259-.014-3.667-.072-4.947-.196-4.354-2.617-6.78-6.979-6.98-1.281-.059-1.69-.073-4.949-.073zm0 5.838c-3.403 0-6.162 2.759-6.162 6.162s2.759 6.163 6.162 6.163 6.162-2.759 6.162-6.163-2.759-6.162-6.162-6.162zm0 10.162c-2.209 0-4-1.79-4-4 0-2.209 1.791-4 4-4s4 1.791 4 4c0 2.21-1.791 4-4 4zm6.406-11.845c-.796 0-1.441.645-1.441 1.44s.645 1.44 1.441 1.44c.795 0 1.439-.645 1.439-1.44s-.644-1.44-1.439-1.44z" />
                </svg>
            </a>
            <!-- Phone -->
            <a href="tel:+201050704078"
                class="text-white hover:scale-110 transition-transform duration-200 opacity-90 hover:opacity-100">
                <svg class="w-6 h-6" fill="none" stroke="currentColor" viewBox="0 0 24 24">
                    <path stroke-linecap="round" stroke-linejoin="round" stroke-width="2"
                        d="M3 5a2 2 0 012-2h3.28a1 1 0 01.948.684l1.498 4.493a1 1 0 01-.502 1.21l-2.257 1.13a11.042 11.042 0 005.516 5.516l1.13-2.257a1 1 0 011.21-.502l4.493 1.498a1 1 0 01.684.949V19a2 2 0 01-2 2h-1C9.716 21 3 14.284 3 6V5z" />
                </svg>
            </a>
        </div>

        <!-- Content Area -->
        <div style="flex-grow: 999; flex-basis: 0; min-width: 300px; display: flex; flex-wrap: wrap;">

            <!-- 2. Contact Form Section -->
            <div class="p-8 lg:p-12 flex flex-col justify-center" style="flex-grow: 1; flex-basis: 300px;">
                <div class="mb-8">
                    <h2 class="text-3xl font-bold mb-2" style="color: #D4AF37;">Contact Us</h2>
                    <p class="text-gray-500">We''d love to hear from you! Send us a message.</p>
                </div>

                <form id="contactForm" action="/contact-us/send-mail" method="POST" style="display: flex; flex-direction: column; gap: 1.5rem;">
                    <input type="hidden" name="_token" id="csrf_token_field">

                    <!-- Name -->
                    <div class="group">
                        <label for="name" class="block text-sm font-medium text-gray-700 mb-1">Name</label>
                        <input type="text" name="name" id="name" required
                            class="w-full px-0 py-2 border-b-2 border-gray-200 focus:border-[#D4AF37] outline-none bg-transparent transition-colors placeholder-gray-300"
                            placeholder="John Doe">
                    </div>

                    <!-- Email -->
                    <div class="group">
                        <label for="email" class="block text-sm font-medium text-gray-700 mb-1">E-mail</label>
                        <input type="email" name="email" id="email" required
                            class="w-full px-0 py-2 border-b-2 border-gray-200 focus:border-[#D4AF37] outline-none bg-transparent transition-colors placeholder-gray-300"
                            placeholder="john@example.com">
                    </div>

                    <!-- Message -->
                    <div class="group">
                        <label for="message" class="block text-sm font-medium text-gray-700 mb-1">Message</label>
                        <textarea name="message" id="message" rows="3" required
                            class="w-full px-3 py-3 rounded-lg bg-gray-50 border border-transparent focus:bg-white focus:border-[#D4AF37] outline-none transition-all placeholder-gray-300 resize-none"
                            placeholder="Write your message here..."></textarea>
                    </div>

                    <!-- Privacy -->
                    <div class="flex items-center space-x-3" dir="ltr">
                        <input id="privacy" type="checkbox" required
                            class="w-4 h-4 text-[#D4AF37] border-gray-300 rounded focus:ring-[#D4AF37]">
                        <label for="privacy" class="font-medium text-gray-700 text-sm m-0 leading-none">
                            I agree to the <a href="#" class="text-[#D4AF37] hover:underline"
                                style="color: #D4AF37;">privacy policy</a>
                        </label>
                    </div>

                    <!-- Submit Button -->
                    <button type="submit" style="background: linear-gradient(to right, #D4AF37, #AA771C);"
                        class="w-full text-white font-bold py-3 px-6 rounded-full shadow-lg hover:shadow-xl hover:scale-[1.02] transform transition-all duration-200 flex items-center justify-center">
                        <span>Send Message</span>
                        <svg class="w-5 h-5 ml-2 -mr-1" fill="none" stroke="currentColor" viewBox="0 0 24 24">
                            <path stroke-linecap="round" stroke-linejoin="round" stroke-width="2"
                                d="M14 5l7 7m0 0l-7 7m7-7H3" />
                        </svg>
                    </button>
                </form>
            </div>

            <!-- 3. Map Section -->
            <div class="relative bg-gray-100" style="flex-grow: 1; flex-basis: 300px; min-height: 400px;">

                <!-- Google Map Embed -->
                <iframe
                    src="https://www.google.com/maps/embed?pb=!1m18!1m12!1m3!1d3418.2907752940614!2d31.364040299999996!3d31.0460038!2m3!1f0!2f0!3f0!3m2!1i1024!2i768!4f13.1!3m3!1m2!1s0x14f79d83b4a2652b%3A0x98741ababa0848c3!2sSalem%20Store!5e0!3m2!1sen!2seg!4v1736522260754!5m2!1sen!2seg"
                    width="90%" height="450" class="absolute top-0 left-0 w-full h-full" style="border:0;"
                    allowfullscreen="" loading="lazy" referrerpolicy="no-referrer-when-downgrade">
                </iframe>
            </div>
        </div>
    </div>
</div>

<script>
    // Include CSRF Token Script
    document.addEventListener("DOMContentLoaded", function () {
        const csrfToken = document.querySelector(''meta[name="csrf-token"]'')?.getAttribute(''content'');
        if (csrfToken) {
            const tokenInput = document.getElementById(''csrf_token_field'');
            if (tokenInput) tokenInput.value = csrfToken;
        } else {
            // Try to find token if meta is missing (fallback)
            let knownToken = document.querySelector(''input[name="_token"]'')?.value;
            if (knownToken) {
                document.getElementById(''csrf_token_field'').value = knownToken;
            }
        }
    });
</script>', 'Contact Us', 'Contact Us - Salem Store', 'contact us, salem store', 'en', 11);


-- Structure for table `cms_pages`
DROP TABLE IF EXISTS `cms_pages`;
CREATE TABLE `cms_pages` (
  `id` int unsigned NOT NULL AUTO_INCREMENT,
  `layout` varchar(255) COLLATE utf8mb4_unicode_ci DEFAULT NULL,
  `created_at` timestamp NULL DEFAULT NULL,
  `updated_at` timestamp NULL DEFAULT NULL,
  PRIMARY KEY (`id`)
) ENGINE=InnoDB AUTO_INCREMENT=19 DEFAULT CHARSET=utf8mb4 COLLATE=utf8mb4_unicode_ci;

-- Data for table `cms_pages`
INSERT INTO `cms_pages` VALUES (1, NULL, '2025-12-27 00:06:11', '2025-12-27 00:06:11'), (2, NULL, '2025-12-27 00:06:11', '2025-12-27 00:06:11'), (3, NULL, '2025-12-27 00:06:11', '2025-12-27 00:06:11'), (4, NULL, '2025-12-27 00:06:11', '2025-12-27 00:06:11'), (5, NULL, '2025-12-27 00:06:11', '2025-12-27 00:06:11'), (6, NULL, '2025-12-27 00:06:11', '2025-12-27 00:06:11'), (7, NULL, '2025-12-27 00:06:11', '2025-12-27 00:06:11'), (8, NULL, '2025-12-27 00:06:11', '2025-12-27 00:06:11'), (9, NULL, '2025-12-27 00:06:11', '2025-12-27 00:06:11'), (10, NULL, '2025-12-27 00:06:11', '2025-12-27 00:06:11'), (11, NULL, '2026-01-09 19:48:32', '2026-01-09 19:48:32');


-- Structure for table `compare_items`
DROP TABLE IF EXISTS `compare_items`;
CREATE TABLE `compare_items` (
  `id` int unsigned NOT NULL AUTO_INCREMENT,
  `product_id` int unsigned NOT NULL,
  `customer_id` int unsigned NOT NULL,
  `created_at` timestamp NULL DEFAULT NULL,
  `updated_at` timestamp NULL DEFAULT NULL,
  PRIMARY KEY (`id`),
  KEY `compare_items_product_id_foreign` (`product_id`),
  KEY `compare_items_customer_id_foreign` (`customer_id`),
  CONSTRAINT `compare_items_customer_id_foreign` FOREIGN KEY (`customer_id`) REFERENCES `customers` (`id`) ON DELETE CASCADE ON UPDATE CASCADE,
  CONSTRAINT `compare_items_product_id_foreign` FOREIGN KEY (`product_id`) REFERENCES `products` (`id`) ON DELETE CASCADE ON UPDATE CASCADE
) ENGINE=InnoDB AUTO_INCREMENT=17 DEFAULT CHARSET=utf8mb4 COLLATE=utf8mb4_unicode_ci;

-- Data for table `compare_items`


-- Structure for table `core_config`
DROP TABLE IF EXISTS `core_config`;
CREATE TABLE `core_config` (
  `id` int unsigned NOT NULL AUTO_INCREMENT,
  `code` varchar(255) COLLATE utf8mb4_unicode_ci NOT NULL,
  `value` text COLLATE utf8mb4_unicode_ci NOT NULL,
  `channel_code` varchar(255) COLLATE utf8mb4_unicode_ci DEFAULT NULL,
  `locale_code` varchar(255) COLLATE utf8mb4_unicode_ci DEFAULT NULL,
  `created_at` timestamp NULL DEFAULT NULL,
  `updated_at` timestamp NULL DEFAULT NULL,
  PRIMARY KEY (`id`)
) ENGINE=InnoDB AUTO_INCREMENT=130 DEFAULT CHARSET=utf8mb4 COLLATE=utf8mb4_unicode_ci;

-- Data for table `core_config`
INSERT INTO `core_config` VALUES (1, 'sales.checkout.shopping_cart.allow_guest_checkout', '1', NULL, NULL, '2025-12-27 00:06:11', '2025-12-27 00:06:11'), (2, 'emails.general.notifications.emails.general.notifications.verification', '1', NULL, NULL, '2025-12-27 00:06:11', '2025-12-27 00:06:11'), (3, 'emails.general.notifications.emails.general.notifications.registration', '1', NULL, NULL, '2025-12-27 00:06:11', '2025-12-27 00:06:11'), (4, 'emails.general.notifications.emails.general.notifications.customer_registration_confirmation_mail_to_admin', '0', NULL, NULL, '2025-12-27 00:06:11', '2025-12-27 00:06:11'), (5, 'emails.general.notifications.emails.general.notifications.customer_account_credentials', '1', NULL, NULL, '2025-12-27 00:06:11', '2025-12-27 00:06:11'), (6, 'emails.general.notifications.emails.general.notifications.new_order', '1', NULL, NULL, '2025-12-27 00:06:11', '2025-12-27 00:06:11'), (7, 'emails.general.notifications.emails.general.notifications.new_order_mail_to_admin', '1', NULL, NULL, '2025-12-27 00:06:11', '2025-12-27 00:06:11'), (8, 'emails.general.notifications.emails.general.notifications.new_invoice', '1', NULL, NULL, '2025-12-27 00:06:11', '2025-12-27 00:06:11'), (9, 'emails.general.notifications.emails.general.notifications.new_invoice_mail_to_admin', '0', NULL, NULL, '2025-12-27 00:06:11', '2025-12-27 00:06:11'), (10, 'emails.general.notifications.emails.general.notifications.new_refund', '1', NULL, NULL, '2025-12-27 00:06:11', '2025-12-27 00:06:11'), (11, 'emails.general.notifications.emails.general.notifications.new_refund_mail_to_admin', '0', NULL, NULL, '2025-12-27 00:06:11', '2025-12-27 00:06:11'), (12, 'emails.general.notifications.emails.general.notifications.new_shipment', '1', NULL, NULL, '2025-12-27 00:06:11', '2025-12-27 00:06:11'), (13, 'emails.general.notifications.emails.general.notifications.new_shipment_mail_to_admin', '0', NULL, NULL, '2025-12-27 00:06:11', '2025-12-27 00:06:11'), (14, 'emails.general.notifications.emails.general.notifications.new_inventory_source', '1', NULL, NULL, '2025-12-27 00:06:11', '2025-12-27 00:06:11'), (15, 'emails.general.notifications.emails.general.notifications.cancel_order', '1', NULL, NULL, '2025-12-27 00:06:11', '2025-12-27 00:06:11'), (16, 'emails.general.notifications.emails.general.notifications.cancel_order_mail_to_admin', '0', NULL, NULL, '2025-12-27 00:06:11', '2025-12-27 00:06:11'), (17, 'customer.settings.social_login.enable_facebook', '1', 'default', NULL, '2025-12-27 00:06:11', '2025-12-27 00:06:11'), (18, 'customer.settings.social_login.enable_twitter', '0', 'default', NULL, '2025-12-27 00:06:11', '2026-01-02 17:26:45'), (19, 'customer.settings.social_login.enable_google', '1', 'default', NULL, '2025-12-27 00:06:11', '2025-12-27 00:06:11'), (20, 'customer.settings.social_login.enable_linkedin', '1', 'default', NULL, '2025-12-27 00:06:11', '2025-12-27 00:06:11'), (21, 'customer.settings.social_login.enable_github', '0', 'default', NULL, '2025-12-27 00:06:11', '2026-01-02 17:26:48'), (22, 'general.design.categories.category_view', 'default', NULL, NULL, '2025-12-27 00:30:16', '2025-12-27 00:30:16'), (23, 'general.design.admin_logo.logo_image', 'configuration/psftoSWmNP3rgxkob6sXzWVLQxUcYN5glUaOvEqi.jpg', NULL, NULL, '2025-12-27 00:30:17', '2025-12-27 00:30:17'), (24, 'general.design.admin_logo.favicon', 'configuration/ThtpBdVmvrxDdB20dI8Mgz6QiQDuLBzVGbzvjtGb.png', NULL, NULL, '2025-12-27 00:30:17', '2025-12-27 00:30:17'), (25, 'customer.address.requirements.country', '0', 'default', NULL, '2026-01-02 17:24:44', '2026-01-02 17:24:44'), (26, 'customer.address.requirements.state', '0', 'default', NULL, '2026-01-02 17:24:45', '2026-01-02 17:24:45'), (27, 'customer.address.requirements.postcode', '0', 'default', NULL, '2026-01-02 17:24:45', '2026-01-02 17:24:45'), (28, 'customer.address.information.street_lines', '', 'default', NULL, '2026-01-02 17:24:46', '2026-01-02 17:24:46'), (29, 'customer.settings.wishlist.wishlist_option', '1', NULL, NULL, '2026-01-02 17:26:41', '2026-01-02 17:26:41'), (30, 'customer.settings.login_options.redirected_to_page', 'home', NULL, NULL, '2026-01-02 17:26:41', '2026-01-02 17:26:41'), (31, 'customer.settings.create_new_account_options.default_group', 'guest', NULL, NULL, '2026-01-02 17:26:42', '2026-01-02 17:26:42'), (32, 'customer.settings.create_new_account_options.news_letter', '0', NULL, NULL, '2026-01-02 17:26:42', '2026-01-02 17:26:42'), (33, 'customer.settings.newsletter.subscription', '0', NULL, NULL, '2026-01-02 17:26:42', '2026-01-02 17:26:42'), (34, 'customer.settings.email.verification', '1', NULL, NULL, '2026-01-02 17:26:43', '2026-01-02 17:26:43'), (35, 'customer.settings.social_login.facebook_client_id', '', NULL, NULL, '2026-01-02 17:26:44', '2026-01-02 17:26:44'), (36, 'customer.settings.social_login.facebook_client_secret', '', NULL, NULL, '2026-01-02 17:26:44', '2026-01-02 17:26:44'), (37, 'customer.settings.social_login.facebook_callback_url', '', NULL, NULL, '2026-01-02 17:26:44', '2026-01-02 17:26:44'), (38, 'customer.settings.social_login.google_client_id', '', NULL, NULL, '2026-01-02 17:26:46', '2026-01-02 17:26:46'), (39, 'customer.settings.social_login.google_client_secret', '', NULL, NULL, '2026-01-02 17:26:46', '2026-01-02 17:26:46'), (40, 'customer.settings.social_login.google_callback_url', '', NULL, NULL, '2026-01-02 17:26:47', '2026-01-02 17:26:47'), (41, 'customer.settings.social_login.enable_linkedin-openid', '0', 'default', NULL, '2026-01-02 17:26:47', '2026-01-02 17:26:47'), (42, 'sales.carriers.free.title', 'Free Shipping', 'default', 'ar', '2026-01-06 12:28:06', '2026-01-06 12:28:06'), (43, 'sales.carriers.free.description', 'Free Shipping', 'default', 'ar', '2026-01-06 12:28:07', '2026-01-06 12:28:07'), (44, 'sales.carriers.free.active', '0', 'default', NULL, '2026-01-06 12:28:08', '2026-01-06 12:28:50'), (45, 'sales.carriers.flatrate.title', 'Flat Rate', 'default', 'ar', '2026-01-06 12:28:08', '2026-01-06 12:28:08'), (46, 'sales.carriers.flatrate.description', 'Flat Rate Shipping', 'default', 'ar', '2026-01-06 12:28:08', '2026-01-06 12:28:08'), (47, 'sales.carriers.flatrate.default_rate', '10', 'default', NULL, '2026-01-06 12:28:09', '2026-01-06 12:28:09'), (48, 'sales.carriers.flatrate.type', 'per_unit', 'default', NULL, '2026-01-06 12:28:09', '2026-01-06 12:28:09'), (49, 'sales.carriers.flatrate.active', '0', 'default', NULL, '2026-01-06 12:28:10', '2026-01-06 12:28:52'), (50, 'sales.carriers.egyptshipping.title', 'Egypt Shipping', 'default', 'ar', '2026-01-06 12:28:10', '2026-01-06 12:28:10'), (51, 'sales.carriers.egyptshipping.description', 'Shipping rates based on Egyptian governorate', 'default', 'ar', '2026-01-06 12:28:10', '2026-01-06 12:28:10'), (52, 'sales.carriers.egyptshipping.default_rate', '50', 'default', NULL, '2026-01-06 12:28:11', '2026-01-06 12:28:11'), (53, 'sales.carriers.egyptshipping.active', '1', 'default', NULL, '2026-01-06 12:28:11', '2026-01-06 12:28:11'), (54, 'sales.carriers.egyptshipping.EG-ALX', '10', 'default', NULL, '2026-01-06 12:28:12', '2026-01-06 12:28:54'), (55, 'sales.carriers.egyptshipping.EG-ASN', '', 'default', NULL, '2026-01-06 12:28:12', '2026-01-06 12:28:12'), (56, 'sales.carriers.egyptshipping.EG-AST', '', 'default', NULL, '2026-01-06 12:28:13', '2026-01-06 12:28:13'), (57, 'sales.carriers.egyptshipping.EG-BA', '', 'default', NULL, '2026-01-06 12:28:13', '2026-01-06 12:28:13'), (58, 'sales.carriers.egyptshipping.EG-BH', '', 'default', NULL, '2026-01-06 12:28:14', '2026-01-06 12:28:14'), (59, 'sales.carriers.egyptshipping.EG-BNS', '', 'default', NULL, '2026-01-06 12:28:14', '2026-01-06 12:28:14'), (60, 'sales.carriers.egyptshipping.EG-C', '100', 'default', NULL, '2026-01-06 12:28:15', '2026-01-06 12:48:42'), (61, 'sales.carriers.egyptshipping.EG-DK', '30', 'default', NULL, '2026-01-06 12:28:15', '2026-01-06 12:28:58'), (62, 'sales.carriers.egyptshipping.EG-DT', '40', 'default', NULL, '2026-01-06 12:28:16', '2026-01-06 12:28:58'), (63, 'sales.carriers.egyptshipping.EG-FYM', '', 'default', NULL, '2026-01-06 12:28:16', '2026-01-06 12:28:16'), (64, 'sales.carriers.egyptshipping.EG-GH', '', 'default', NULL, '2026-01-06 12:28:16', '2026-01-06 12:28:16'), (65, 'sales.carriers.egyptshipping.EG-GZ', '75', 'default', NULL, '2026-01-06 12:28:17', '2026-01-06 12:48:44'), (66, 'sales.carriers.egyptshipping.EG-IS', '', 'default', NULL, '2026-01-06 12:28:17', '2026-01-06 12:28:17'), (67, 'sales.carriers.egyptshipping.EG-JS', '', 'default', NULL, '2026-01-06 12:28:18', '2026-01-06 12:28:18'), (68, 'sales.carriers.egyptshipping.EG-KB', '', 'default', NULL, '2026-01-06 12:28:18', '2026-01-06 12:28:18'), (69, 'sales.carriers.egyptshipping.EG-KFS', '', 'default', NULL, '2026-01-06 12:28:19', '2026-01-06 12:28:19'), (70, 'sales.carriers.egyptshipping.EG-KN', '', 'default', NULL, '2026-01-06 12:28:19', '2026-01-06 12:28:19'), (71, 'sales.carriers.egyptshipping.EG-LX', '', 'default', NULL, '2026-01-06 12:28:20', '2026-01-06 12:28:20'), (72, 'sales.carriers.egyptshipping.EG-MN', '', 'default', NULL, '2026-01-06 12:28:20', '2026-01-06 12:28:20'), (73, 'sales.carriers.egyptshipping.EG-MNF', '', 'default', NULL, '2026-01-06 12:28:21', '2026-01-06 12:28:21'), (74, 'sales.carriers.egyptshipping.EG-MT', '', 'default', NULL, '2026-01-06 12:28:21', '2026-01-06 12:28:21'), (75, 'sales.carriers.egyptshipping.EG-PTS', '', 'default', NULL, '2026-01-06 12:28:22', '2026-01-06 12:28:22'), (76, 'sales.carriers.egyptshipping.EG-SHG', '', 'default', NULL, '2026-01-06 12:28:22', '2026-01-06 12:28:22'), (77, 'sales.carriers.egyptshipping.EG-SHR', '', 'default', NULL, '2026-01-06 12:28:22', '2026-01-06 12:28:22'), (78, 'sales.carriers.egyptshipping.EG-SIN', '', 'default', NULL, '2026-01-06 12:28:23', '2026-01-06 12:28:23'), (79, 'sales.carriers.egyptshipping.EG-SUZ', '', 'default', NULL, '2026-01-06 12:28:23', '2026-01-06 12:28:23'), (80, 'sales.carriers.egyptshipping.EG-WAD', '', 'default', NULL, '2026-01-06 12:28:24', '2026-01-06 12:28:24');


-- Structure for table `countries`
DROP TABLE IF EXISTS `countries`;
CREATE TABLE `countries` (
  `id` int unsigned NOT NULL AUTO_INCREMENT,
  `code` varchar(255) COLLATE utf8mb4_unicode_ci NOT NULL,
  `name` varchar(255) COLLATE utf8mb4_unicode_ci NOT NULL,
  PRIMARY KEY (`id`)
) ENGINE=InnoDB AUTO_INCREMENT=256 DEFAULT CHARSET=utf8mb4 COLLATE=utf8mb4_unicode_ci;

-- Data for table `countries`
INSERT INTO `countries` VALUES (1, 'AF', 'Afghanistan'), (2, 'AX', 'Åland Islands'), (3, 'AL', 'Albania'), (4, 'DZ', 'Algeria'), (5, 'AS', 'American Samoa'), (6, 'AD', 'Andorra'), (7, 'AO', 'Angola'), (8, 'AI', 'Anguilla'), (9, 'AQ', 'Antarctica'), (10, 'AG', 'Antigua & Barbuda'), (11, 'AR', 'Argentina'), (12, 'AM', 'Armenia'), (13, 'AW', 'Aruba'), (14, 'AC', 'Ascension Island'), (15, 'AU', 'Australia'), (16, 'AT', 'Austria'), (17, 'AZ', 'Azerbaijan'), (18, 'BS', 'Bahamas'), (19, 'BH', 'Bahrain'), (20, 'BD', 'Bangladesh'), (21, 'BB', 'Barbados'), (22, 'BY', 'Belarus'), (23, 'BE', 'Belgium'), (24, 'BZ', 'Belize'), (25, 'BJ', 'Benin'), (26, 'BM', 'Bermuda'), (27, 'BT', 'Bhutan'), (28, 'BO', 'Bolivia'), (29, 'BA', 'Bosnia & Herzegovina'), (30, 'BW', 'Botswana'), (31, 'BR', 'Brazil'), (32, 'IO', 'British Indian Ocean Territory'), (33, 'VG', 'British Virgin Islands'), (34, 'BN', 'Brunei'), (35, 'BG', 'Bulgaria'), (36, 'BF', 'Burkina Faso'), (37, 'BI', 'Burundi'), (38, 'KH', 'Cambodia'), (39, 'CM', 'Cameroon'), (40, 'CA', 'Canada'), (41, 'IC', 'Canary Islands'), (42, 'CV', 'Cape Verde'), (43, 'BQ', 'Caribbean Netherlands'), (44, 'KY', 'Cayman Islands'), (45, 'CF', 'Central African Republic'), (46, 'EA', 'Ceuta & Melilla'), (47, 'TD', 'Chad'), (48, 'CL', 'Chile'), (49, 'CN', 'China'), (50, 'CX', 'Christmas Island'), (51, 'CC', 'Cocos (Keeling) Islands'), (52, 'CO', 'Colombia'), (53, 'KM', 'Comoros'), (54, 'CG', 'Congo - Brazzaville'), (55, 'CD', 'Congo - Kinshasa'), (56, 'CK', 'Cook Islands'), (57, 'CR', 'Costa Rica'), (58, 'CI', 'Côte d’Ivoire'), (59, 'HR', 'Croatia'), (60, 'CU', 'Cuba'), (61, 'CW', 'Curaçao'), (62, 'CY', 'Cyprus'), (63, 'CZ', 'Czechia'), (64, 'DK', 'Denmark'), (65, 'DG', 'Diego Garcia'), (66, 'DJ', 'Djibouti'), (67, 'DM', 'Dominica'), (68, 'DO', 'Dominican Republic'), (69, 'EC', 'Ecuador'), (70, 'EG', 'Egypt'), (71, 'SV', 'El Salvador'), (72, 'GQ', 'Equatorial Guinea'), (73, 'ER', 'Eritrea'), (74, 'EE', 'Estonia'), (75, 'ET', 'Ethiopia'), (76, 'EZ', 'Eurozone'), (77, 'FK', 'Falkland Islands'), (78, 'FO', 'Faroe Islands'), (79, 'FJ', 'Fiji'), (80, 'FI', 'Finland'), (81, 'FR', 'France'), (82, 'GF', 'French Guiana'), (83, 'PF', 'French Polynesia'), (84, 'TF', 'French Southern Territories'), (85, 'GA', 'Gabon'), (86, 'GM', 'Gambia'), (87, 'GE', 'Georgia'), (88, 'DE', 'Germany'), (89, 'GH', 'Ghana'), (90, 'GI', 'Gibraltar'), (91, 'GR', 'Greece'), (92, 'GL', 'Greenland'), (93, 'GD', 'Grenada'), (94, 'GP', 'Guadeloupe'), (95, 'GU', 'Guam'), (96, 'GT', 'Guatemala'), (97, 'GG', 'Guernsey'), (98, 'GN', 'Guinea'), (99, 'GW', 'Guinea-Bissau'), (100, 'GY', 'Guyana');
INSERT INTO `countries` VALUES (101, 'HT', 'Haiti'), (102, 'HN', 'Honduras'), (103, 'HK', 'Hong Kong SAR China'), (104, 'HU', 'Hungary'), (105, 'IS', 'Iceland'), (106, 'IN', 'India'), (107, 'ID', 'Indonesia'), (108, 'IR', 'Iran'), (109, 'IQ', 'Iraq'), (110, 'IE', 'Ireland'), (111, 'IM', 'Isle of Man'), (112, 'IL', 'Israel'), (113, 'IT', 'Italy'), (114, 'JM', 'Jamaica'), (115, 'JP', 'Japan'), (116, 'JE', 'Jersey'), (117, 'JO', 'Jordan'), (118, 'KZ', 'Kazakhstan'), (119, 'KE', 'Kenya'), (120, 'KI', 'Kiribati'), (121, 'XK', 'Kosovo'), (122, 'KW', 'Kuwait'), (123, 'KG', 'Kyrgyzstan'), (124, 'LA', 'Laos'), (125, 'LV', 'Latvia'), (126, 'LB', 'Lebanon'), (127, 'LS', 'Lesotho'), (128, 'LR', 'Liberia'), (129, 'LY', 'Libya'), (130, 'LI', 'Liechtenstein'), (131, 'LT', 'Lithuania'), (132, 'LU', 'Luxembourg'), (133, 'MO', 'Macau SAR China'), (134, 'MK', 'Macedonia'), (135, 'MG', 'Madagascar'), (136, 'MW', 'Malawi'), (137, 'MY', 'Malaysia'), (138, 'MV', 'Maldives'), (139, 'ML', 'Mali'), (140, 'MT', 'Malta'), (141, 'MH', 'Marshall Islands'), (142, 'MQ', 'Martinique'), (143, 'MR', 'Mauritania'), (144, 'MU', 'Mauritius'), (145, 'YT', 'Mayotte'), (146, 'MX', 'Mexico'), (147, 'FM', 'Micronesia'), (148, 'MD', 'Moldova'), (149, 'MC', 'Monaco'), (150, 'MN', 'Mongolia'), (151, 'ME', 'Montenegro'), (152, 'MS', 'Montserrat'), (153, 'MA', 'Morocco'), (154, 'MZ', 'Mozambique'), (155, 'MM', 'Myanmar (Burma)'), (156, 'NA', 'Namibia'), (157, 'NR', 'Nauru'), (158, 'NP', 'Nepal'), (159, 'NL', 'Netherlands'), (160, 'NC', 'New Caledonia'), (161, 'NZ', 'New Zealand'), (162, 'NI', 'Nicaragua'), (163, 'NE', 'Niger'), (164, 'NG', 'Nigeria'), (165, 'NU', 'Niue'), (166, 'NF', 'Norfolk Island'), (167, 'KP', 'North Korea'), (168, 'MP', 'Northern Mariana Islands'), (169, 'NO', 'Norway'), (170, 'OM', 'Oman'), (171, 'PK', 'Pakistan'), (172, 'PW', 'Palau'), (173, 'PS', 'Palestinian Territories'), (174, 'PA', 'Panama'), (175, 'PG', 'Papua New Guinea'), (176, 'PY', 'Paraguay'), (177, 'PE', 'Peru'), (178, 'PH', 'Philippines'), (179, 'PN', 'Pitcairn Islands'), (180, 'PL', 'Poland'), (181, 'PT', 'Portugal'), (182, 'PR', 'Puerto Rico'), (183, 'QA', 'Qatar'), (184, 'RE', 'Réunion'), (185, 'RO', 'Romania'), (186, 'RU', 'Russia'), (187, 'RW', 'Rwanda'), (188, 'WS', 'Samoa'), (189, 'SM', 'San Marino'), (190, 'ST', 'São Tomé & Príncipe'), (191, 'SA', 'Saudi Arabia'), (192, 'SN', 'Senegal'), (193, 'RS', 'Serbia'), (194, 'SC', 'Seychelles'), (195, 'SL', 'Sierra Leone'), (196, 'SG', 'Singapore'), (197, 'SX', 'Sint Maarten'), (198, 'SK', 'Slovakia'), (199, 'SI', 'Slovenia'), (200, 'SB', 'Solomon Islands');
INSERT INTO `countries` VALUES (201, 'SO', 'Somalia'), (202, 'ZA', 'South Africa'), (203, 'GS', 'South Georgia & South Sandwich Islands'), (204, 'KR', 'South Korea'), (205, 'SS', 'South Sudan'), (206, 'ES', 'Spain'), (207, 'LK', 'Sri Lanka'), (208, 'BL', 'St. Barthélemy'), (209, 'SH', 'St. Helena'), (210, 'KN', 'St. Kitts & Nevis'), (211, 'LC', 'St. Lucia'), (212, 'MF', 'St. Martin'), (213, 'PM', 'St. Pierre & Miquelon'), (214, 'VC', 'St. Vincent & Grenadines'), (215, 'SD', 'Sudan'), (216, 'SR', 'Suriname'), (217, 'SJ', 'Svalbard & Jan Mayen'), (218, 'SZ', 'Swaziland'), (219, 'SE', 'Sweden'), (220, 'CH', 'Switzerland'), (221, 'SY', 'Syria'), (222, 'TW', 'Taiwan'), (223, 'TJ', 'Tajikistan'), (224, 'TZ', 'Tanzania'), (225, 'TH', 'Thailand'), (226, 'TL', 'Timor-Leste'), (227, 'TG', 'Togo'), (228, 'TK', 'Tokelau'), (229, 'TO', 'Tonga'), (230, 'TT', 'Trinidad & Tobago'), (231, 'TA', 'Tristan da Cunha'), (232, 'TN', 'Tunisia'), (233, 'TR', 'Turkey'), (234, 'TM', 'Turkmenistan'), (235, 'TC', 'Turks & Caicos Islands'), (236, 'TV', 'Tuvalu'), (237, 'UM', 'U.S. Outlying Islands'), (238, 'VI', 'U.S. Virgin Islands'), (239, 'UG', 'Uganda'), (240, 'UA', 'Ukraine'), (241, 'AE', 'United Arab Emirates'), (242, 'GB', 'United Kingdom'), (244, 'US', 'United States'), (245, 'UY', 'Uruguay'), (246, 'UZ', 'Uzbekistan'), (247, 'VU', 'Vanuatu'), (248, 'VA', 'Vatican City'), (249, 'VE', 'Venezuela'), (250, 'VN', 'Vietnam'), (251, 'WF', 'Wallis & Futuna'), (252, 'EH', 'Western Sahara'), (253, 'YE', 'Yemen'), (254, 'ZM', 'Zambia'), (255, 'ZW', 'Zimbabwe');


-- Structure for table `country_state_translations`
DROP TABLE IF EXISTS `country_state_translations`;
CREATE TABLE `country_state_translations` (
  `id` int unsigned NOT NULL AUTO_INCREMENT,
  `country_state_id` int unsigned NOT NULL,
  `locale` varchar(255) COLLATE utf8mb4_unicode_ci NOT NULL,
  `default_name` text COLLATE utf8mb4_unicode_ci,
  PRIMARY KEY (`id`),
  KEY `country_state_translations_country_state_id_foreign` (`country_state_id`),
  CONSTRAINT `country_state_translations_country_state_id_foreign` FOREIGN KEY (`country_state_id`) REFERENCES `country_states` (`id`) ON DELETE CASCADE
) ENGINE=InnoDB AUTO_INCREMENT=55 DEFAULT CHARSET=utf8mb4 COLLATE=utf8mb4_unicode_ci;

-- Data for table `country_state_translations`
INSERT INTO `country_state_translations` VALUES (1, 587, 'ar', 'الإسكندرية'), (2, 587, 'en', 'Alexandria'), (3, 588, 'ar', 'أسوان'), (4, 588, 'en', 'Aswan'), (5, 589, 'ar', 'أسيوط'), (6, 589, 'en', 'Asyut'), (7, 590, 'ar', 'البحر الأحمر'), (8, 590, 'en', 'Red Sea'), (9, 591, 'ar', 'البحيرة'), (10, 591, 'en', 'Beheira'), (11, 592, 'ar', 'بني سويف'), (12, 592, 'en', 'Beni Suef'), (13, 593, 'ar', 'القاهرة'), (14, 593, 'en', 'Cairo'), (15, 594, 'ar', 'الدقهلية'), (16, 594, 'en', 'Dakahlia'), (17, 595, 'ar', 'دمياط'), (18, 595, 'en', 'Damietta'), (19, 596, 'ar', 'الفيوم'), (20, 596, 'en', 'Fayoum'), (21, 597, 'ar', 'الغربية'), (22, 597, 'en', 'Gharbia'), (23, 598, 'ar', 'الجيزة'), (24, 598, 'en', 'Giza'), (25, 599, 'ar', 'الإسماعيلية'), (26, 599, 'en', 'Ismailia'), (27, 600, 'ar', 'جنوب سيناء'), (28, 600, 'en', 'South Sinai'), (29, 601, 'ar', 'القليوبية'), (30, 601, 'en', 'Qalyubia'), (31, 602, 'ar', 'كفر الشيخ'), (32, 602, 'en', 'Kafr El Sheikh'), (33, 603, 'ar', 'قنا'), (34, 603, 'en', 'Qena'), (35, 604, 'ar', 'الأقصر'), (36, 604, 'en', 'Luxor'), (37, 605, 'ar', 'المنيا'), (38, 605, 'en', 'Minya'), (39, 606, 'ar', 'المنوفية'), (40, 606, 'en', 'Monufia'), (41, 607, 'ar', 'مطروح'), (42, 607, 'en', 'Matrouh'), (43, 608, 'ar', 'بورسعيد'), (44, 608, 'en', 'Port Said'), (45, 609, 'ar', 'سوهاج'), (46, 609, 'en', 'Sohag'), (47, 610, 'ar', 'الشرقية'), (48, 610, 'en', 'Sharqia'), (49, 611, 'ar', 'شمال سيناء'), (50, 611, 'en', 'North Sinai'), (51, 612, 'ar', 'السويس'), (52, 612, 'en', 'Suez'), (53, 613, 'ar', 'الوادي الجديد'), (54, 613, 'en', 'New Valley');


-- Structure for table `country_states`
DROP TABLE IF EXISTS `country_states`;
CREATE TABLE `country_states` (
  `id` int unsigned NOT NULL AUTO_INCREMENT,
  `country_id` int unsigned DEFAULT NULL,
  `country_code` varchar(255) COLLATE utf8mb4_unicode_ci DEFAULT NULL,
  `code` varchar(255) COLLATE utf8mb4_unicode_ci DEFAULT NULL,
  `default_name` varchar(255) COLLATE utf8mb4_unicode_ci DEFAULT NULL,
  PRIMARY KEY (`id`),
  KEY `country_states_country_id_foreign` (`country_id`),
  CONSTRAINT `country_states_country_id_foreign` FOREIGN KEY (`country_id`) REFERENCES `countries` (`id`) ON DELETE CASCADE
) ENGINE=InnoDB AUTO_INCREMENT=614 DEFAULT CHARSET=utf8mb4 COLLATE=utf8mb4_unicode_ci;

-- Data for table `country_states`
INSERT INTO `country_states` VALUES (1, 244, 'US', 'AL', 'Alabama'), (2, 244, 'US', 'AK', 'Alaska'), (3, 244, 'US', 'AS', 'American Samoa'), (4, 244, 'US', 'AZ', 'Arizona'), (5, 244, 'US', 'AR', 'Arkansas'), (6, 244, 'US', 'AE', 'Armed Forces Africa'), (7, 244, 'US', 'AA', 'Armed Forces Americas'), (8, 244, 'US', 'AE', 'Armed Forces Canada'), (9, 244, 'US', 'AE', 'Armed Forces Europe'), (10, 244, 'US', 'AE', 'Armed Forces Middle East'), (11, 244, 'US', 'AP', 'Armed Forces Pacific'), (12, 244, 'US', 'CA', 'California'), (13, 244, 'US', 'CO', 'Colorado'), (14, 244, 'US', 'CT', 'Connecticut'), (15, 244, 'US', 'DE', 'Delaware'), (16, 244, 'US', 'DC', 'District of Columbia'), (17, 244, 'US', 'FM', 'Federated States Of Micronesia'), (18, 244, 'US', 'FL', 'Florida'), (19, 244, 'US', 'GA', 'Georgia'), (20, 244, 'US', 'GU', 'Guam'), (21, 244, 'US', 'HI', 'Hawaii'), (22, 244, 'US', 'ID', 'Idaho'), (23, 244, 'US', 'IL', 'Illinois'), (24, 244, 'US', 'IN', 'Indiana'), (25, 244, 'US', 'IA', 'Iowa'), (26, 244, 'US', 'KS', 'Kansas'), (27, 244, 'US', 'KY', 'Kentucky'), (28, 244, 'US', 'LA', 'Louisiana'), (29, 244, 'US', 'ME', 'Maine'), (30, 244, 'US', 'MH', 'Marshall Islands'), (31, 244, 'US', 'MD', 'Maryland'), (32, 244, 'US', 'MA', 'Massachusetts'), (33, 244, 'US', 'MI', 'Michigan'), (34, 244, 'US', 'MN', 'Minnesota'), (35, 244, 'US', 'MS', 'Mississippi'), (36, 244, 'US', 'MO', 'Missouri'), (37, 244, 'US', 'MT', 'Montana'), (38, 244, 'US', 'NE', 'Nebraska'), (39, 244, 'US', 'NV', 'Nevada'), (40, 244, 'US', 'NH', 'New Hampshire'), (41, 244, 'US', 'NJ', 'New Jersey'), (42, 244, 'US', 'NM', 'New Mexico'), (43, 244, 'US', 'NY', 'New York'), (44, 244, 'US', 'NC', 'North Carolina'), (45, 244, 'US', 'ND', 'North Dakota'), (46, 244, 'US', 'MP', 'Northern Mariana Islands'), (47, 244, 'US', 'OH', 'Ohio'), (48, 244, 'US', 'OK', 'Oklahoma'), (49, 244, 'US', 'OR', 'Oregon'), (50, 244, 'US', 'PW', 'Palau'), (51, 244, 'US', 'PA', 'Pennsylvania'), (52, 244, 'US', 'PR', 'Puerto Rico'), (53, 244, 'US', 'RI', 'Rhode Island'), (54, 244, 'US', 'SC', 'South Carolina'), (55, 244, 'US', 'SD', 'South Dakota'), (56, 244, 'US', 'TN', 'Tennessee'), (57, 244, 'US', 'TX', 'Texas'), (58, 244, 'US', 'UT', 'Utah'), (59, 244, 'US', 'VT', 'Vermont'), (60, 244, 'US', 'VI', 'Virgin Islands'), (61, 244, 'US', 'VA', 'Virginia'), (62, 244, 'US', 'WA', 'Washington'), (63, 244, 'US', 'WV', 'West Virginia'), (64, 244, 'US', 'WI', 'Wisconsin'), (65, 244, 'US', 'WY', 'Wyoming'), (66, 40, 'CA', 'AB', 'Alberta'), (67, 40, 'CA', 'BC', 'British Columbia'), (68, 40, 'CA', 'MB', 'Manitoba'), (69, 40, 'CA', 'NL', 'Newfoundland and Labrador'), (70, 40, 'CA', 'NB', 'New Brunswick'), (71, 40, 'CA', 'NS', 'Nova Scotia'), (72, 40, 'CA', 'NT', 'Northwest Territories'), (73, 40, 'CA', 'NU', 'Nunavut'), (74, 40, 'CA', 'ON', 'Ontario'), (75, 40, 'CA', 'PE', 'Prince Edward Island'), (76, 40, 'CA', 'QC', 'Quebec'), (77, 40, 'CA', 'SK', 'Saskatchewan'), (78, 40, 'CA', 'YT', 'Yukon Territory'), (79, 88, 'DE', 'NDS', 'Niedersachsen'), (80, 88, 'DE', 'BAW', 'Baden-Württemberg'), (81, 88, 'DE', 'BAY', 'Bayern'), (82, 88, 'DE', 'BER', 'Berlin'), (83, 88, 'DE', 'BRG', 'Brandenburg'), (84, 88, 'DE', 'BRE', 'Bremen'), (85, 88, 'DE', 'HAM', 'Hamburg'), (86, 88, 'DE', 'HES', 'Hessen'), (87, 88, 'DE', 'MEC', 'Mecklenburg-Vorpommern'), (88, 88, 'DE', 'NRW', 'Nordrhein-Westfalen'), (89, 88, 'DE', 'RHE', 'Rheinland-Pfalz'), (90, 88, 'DE', 'SAR', 'Saarland'), (91, 88, 'DE', 'SAS', 'Sachsen'), (92, 88, 'DE', 'SAC', 'Sachsen-Anhalt'), (93, 88, 'DE', 'SCN', 'Schleswig-Holstein'), (94, 88, 'DE', 'THE', 'Thüringen'), (95, 16, 'AT', 'WI', 'Wien'), (96, 16, 'AT', 'NO', 'Niederösterreich'), (97, 16, 'AT', 'OO', 'Oberösterreich'), (98, 16, 'AT', 'SB', 'Salzburg'), (99, 16, 'AT', 'KN', 'Kärnten'), (100, 16, 'AT', 'ST', 'Steiermark');
INSERT INTO `country_states` VALUES (101, 16, 'AT', 'TI', 'Tirol'), (102, 16, 'AT', 'BL', 'Burgenland'), (103, 16, 'AT', 'VB', 'Vorarlberg'), (104, 220, 'CH', 'AG', 'Aargau'), (105, 220, 'CH', 'AI', 'Appenzell Innerrhoden'), (106, 220, 'CH', 'AR', 'Appenzell Ausserrhoden'), (107, 220, 'CH', 'BE', 'Bern'), (108, 220, 'CH', 'BL', 'Basel-Landschaft'), (109, 220, 'CH', 'BS', 'Basel-Stadt'), (110, 220, 'CH', 'FR', 'Freiburg'), (111, 220, 'CH', 'GE', 'Genf'), (112, 220, 'CH', 'GL', 'Glarus'), (113, 220, 'CH', 'GR', 'Graubünden'), (114, 220, 'CH', 'JU', 'Jura'), (115, 220, 'CH', 'LU', 'Luzern'), (116, 220, 'CH', 'NE', 'Neuenburg'), (117, 220, 'CH', 'NW', 'Nidwalden'), (118, 220, 'CH', 'OW', 'Obwalden'), (119, 220, 'CH', 'SG', 'St. Gallen'), (120, 220, 'CH', 'SH', 'Schaffhausen'), (121, 220, 'CH', 'SO', 'Solothurn'), (122, 220, 'CH', 'SZ', 'Schwyz'), (123, 220, 'CH', 'TG', 'Thurgau'), (124, 220, 'CH', 'TI', 'Tessin'), (125, 220, 'CH', 'UR', 'Uri'), (126, 220, 'CH', 'VD', 'Waadt'), (127, 220, 'CH', 'VS', 'Wallis'), (128, 220, 'CH', 'ZG', 'Zug'), (129, 220, 'CH', 'ZH', 'Zürich'), (130, 206, 'ES', 'A Coruсa', 'A Coruña'), (131, 206, 'ES', 'Alava', 'Alava'), (132, 206, 'ES', 'Albacete', 'Albacete'), (133, 206, 'ES', 'Alicante', 'Alicante'), (134, 206, 'ES', 'Almeria', 'Almeria'), (135, 206, 'ES', 'Asturias', 'Asturias'), (136, 206, 'ES', 'Avila', 'Avila'), (137, 206, 'ES', 'Badajoz', 'Badajoz'), (138, 206, 'ES', 'Baleares', 'Baleares'), (139, 206, 'ES', 'Barcelona', 'Barcelona'), (140, 206, 'ES', 'Burgos', 'Burgos'), (141, 206, 'ES', 'Caceres', 'Caceres'), (142, 206, 'ES', 'Cadiz', 'Cadiz'), (143, 206, 'ES', 'Cantabria', 'Cantabria'), (144, 206, 'ES', 'Castellon', 'Castellon'), (145, 206, 'ES', 'Ceuta', 'Ceuta'), (146, 206, 'ES', 'Ciudad Real', 'Ciudad Real'), (147, 206, 'ES', 'Cordoba', 'Cordoba'), (148, 206, 'ES', 'Cuenca', 'Cuenca'), (149, 206, 'ES', 'Girona', 'Girona'), (150, 206, 'ES', 'Granada', 'Granada'), (151, 206, 'ES', 'Guadalajara', 'Guadalajara'), (152, 206, 'ES', 'Guipuzcoa', 'Guipuzcoa'), (153, 206, 'ES', 'Huelva', 'Huelva'), (154, 206, 'ES', 'Huesca', 'Huesca'), (155, 206, 'ES', 'Jaen', 'Jaen'), (156, 206, 'ES', 'La Rioja', 'La Rioja'), (157, 206, 'ES', 'Las Palmas', 'Las Palmas'), (158, 206, 'ES', 'Leon', 'Leon'), (159, 206, 'ES', 'Lleida', 'Lleida'), (160, 206, 'ES', 'Lugo', 'Lugo'), (161, 206, 'ES', 'Madrid', 'Madrid'), (162, 206, 'ES', 'Malaga', 'Malaga'), (163, 206, 'ES', 'Melilla', 'Melilla'), (164, 206, 'ES', 'Murcia', 'Murcia'), (165, 206, 'ES', 'Navarra', 'Navarra'), (166, 206, 'ES', 'Ourense', 'Ourense'), (167, 206, 'ES', 'Palencia', 'Palencia'), (168, 206, 'ES', 'Pontevedra', 'Pontevedra'), (169, 206, 'ES', 'Salamanca', 'Salamanca'), (170, 206, 'ES', 'Santa Cruz de Tenerife', 'Santa Cruz de Tenerife'), (171, 206, 'ES', 'Segovia', 'Segovia'), (172, 206, 'ES', 'Sevilla', 'Sevilla'), (173, 206, 'ES', 'Soria', 'Soria'), (174, 206, 'ES', 'Tarragona', 'Tarragona'), (175, 206, 'ES', 'Teruel', 'Teruel'), (176, 206, 'ES', 'Toledo', 'Toledo'), (177, 206, 'ES', 'Valencia', 'Valencia'), (178, 206, 'ES', 'Valladolid', 'Valladolid'), (179, 206, 'ES', 'Vizcaya', 'Vizcaya'), (180, 206, 'ES', 'Zamora', 'Zamora'), (181, 206, 'ES', 'Zaragoza', 'Zaragoza'), (182, 81, 'FR', '1', 'Ain'), (183, 81, 'FR', '2', 'Aisne'), (184, 81, 'FR', '3', 'Allier'), (185, 81, 'FR', '4', 'Alpes-de-Haute-Provence'), (186, 81, 'FR', '5', 'Hautes-Alpes'), (187, 81, 'FR', '6', 'Alpes-Maritimes'), (188, 81, 'FR', '7', 'Ardèche'), (189, 81, 'FR', '8', 'Ardennes'), (190, 81, 'FR', '9', 'Ariège'), (191, 81, 'FR', '10', 'Aube'), (192, 81, 'FR', '11', 'Aude'), (193, 81, 'FR', '12', 'Aveyron'), (194, 81, 'FR', '13', 'Bouches-du-Rhône'), (195, 81, 'FR', '14', 'Calvados'), (196, 81, 'FR', '15', 'Cantal'), (197, 81, 'FR', '16', 'Charente'), (198, 81, 'FR', '17', 'Charente-Maritime'), (199, 81, 'FR', '18', 'Cher'), (200, 81, 'FR', '19', 'Corrèze');
INSERT INTO `country_states` VALUES (201, 81, 'FR', '2A', 'Corse-du-Sud'), (202, 81, 'FR', '2B', 'Haute-Corse'), (203, 81, 'FR', '21', 'Côte-d''Or'), (204, 81, 'FR', '22', 'Côtes-d''Armor'), (205, 81, 'FR', '23', 'Creuse'), (206, 81, 'FR', '24', 'Dordogne'), (207, 81, 'FR', '25', 'Doubs'), (208, 81, 'FR', '26', 'Drôme'), (209, 81, 'FR', '27', 'Eure'), (210, 81, 'FR', '28', 'Eure-et-Loir'), (211, 81, 'FR', '29', 'Finistère'), (212, 81, 'FR', '30', 'Gard'), (213, 81, 'FR', '31', 'Haute-Garonne'), (214, 81, 'FR', '32', 'Gers'), (215, 81, 'FR', '33', 'Gironde'), (216, 81, 'FR', '34', 'Hérault'), (217, 81, 'FR', '35', 'Ille-et-Vilaine'), (218, 81, 'FR', '36', 'Indre'), (219, 81, 'FR', '37', 'Indre-et-Loire'), (220, 81, 'FR', '38', 'Isère'), (221, 81, 'FR', '39', 'Jura'), (222, 81, 'FR', '40', 'Landes'), (223, 81, 'FR', '41', 'Loir-et-Cher'), (224, 81, 'FR', '42', 'Loire'), (225, 81, 'FR', '43', 'Haute-Loire'), (226, 81, 'FR', '44', 'Loire-Atlantique'), (227, 81, 'FR', '45', 'Loiret'), (228, 81, 'FR', '46', 'Lot'), (229, 81, 'FR', '47', 'Lot-et-Garonne'), (230, 81, 'FR', '48', 'Lozère'), (231, 81, 'FR', '49', 'Maine-et-Loire'), (232, 81, 'FR', '50', 'Manche'), (233, 81, 'FR', '51', 'Marne'), (234, 81, 'FR', '52', 'Haute-Marne'), (235, 81, 'FR', '53', 'Mayenne'), (236, 81, 'FR', '54', 'Meurthe-et-Moselle'), (237, 81, 'FR', '55', 'Meuse'), (238, 81, 'FR', '56', 'Morbihan'), (239, 81, 'FR', '57', 'Moselle'), (240, 81, 'FR', '58', 'Nièvre'), (241, 81, 'FR', '59', 'Nord'), (242, 81, 'FR', '60', 'Oise'), (243, 81, 'FR', '61', 'Orne'), (244, 81, 'FR', '62', 'Pas-de-Calais'), (245, 81, 'FR', '63', 'Puy-de-Dôme'), (246, 81, 'FR', '64', 'Pyrénées-Atlantiques'), (247, 81, 'FR', '65', 'Hautes-Pyrénées'), (248, 81, 'FR', '66', 'Pyrénées-Orientales'), (249, 81, 'FR', '67', 'Bas-Rhin'), (250, 81, 'FR', '68', 'Haut-Rhin'), (251, 81, 'FR', '69', 'Rhône'), (252, 81, 'FR', '70', 'Haute-Saône'), (253, 81, 'FR', '71', 'Saône-et-Loire'), (254, 81, 'FR', '72', 'Sarthe'), (255, 81, 'FR', '73', 'Savoie'), (256, 81, 'FR', '74', 'Haute-Savoie'), (257, 81, 'FR', '75', 'Paris'), (258, 81, 'FR', '76', 'Seine-Maritime'), (259, 81, 'FR', '77', 'Seine-et-Marne'), (260, 81, 'FR', '78', 'Yvelines'), (261, 81, 'FR', '79', 'Deux-Sèvres'), (262, 81, 'FR', '80', 'Somme'), (263, 81, 'FR', '81', 'Tarn'), (264, 81, 'FR', '82', 'Tarn-et-Garonne'), (265, 81, 'FR', '83', 'Var'), (266, 81, 'FR', '84', 'Vaucluse'), (267, 81, 'FR', '85', 'Vendée'), (268, 81, 'FR', '86', 'Vienne'), (269, 81, 'FR', '87', 'Haute-Vienne'), (270, 81, 'FR', '88', 'Vosges'), (271, 81, 'FR', '89', 'Yonne'), (272, 81, 'FR', '90', 'Territoire-de-Belfort'), (273, 81, 'FR', '91', 'Essonne'), (274, 81, 'FR', '92', 'Hauts-de-Seine'), (275, 81, 'FR', '93', 'Seine-Saint-Denis'), (276, 81, 'FR', '94', 'Val-de-Marne'), (277, 81, 'FR', '95', 'Val-d''Oise'), (278, 185, 'RO', 'AB', 'Alba'), (279, 185, 'RO', 'AR', 'Arad'), (280, 185, 'RO', 'AG', 'Argeş'), (281, 185, 'RO', 'BC', 'Bacău'), (282, 185, 'RO', 'BH', 'Bihor'), (283, 185, 'RO', 'BN', 'Bistriţa-Năsăud'), (284, 185, 'RO', 'BT', 'Botoşani'), (285, 185, 'RO', 'BV', 'Braşov'), (286, 185, 'RO', 'BR', 'Brăila'), (287, 185, 'RO', 'B', 'Bucureşti'), (288, 185, 'RO', 'BZ', 'Buzău'), (289, 185, 'RO', 'CS', 'Caraş-Severin'), (290, 185, 'RO', 'CL', 'Călăraşi'), (291, 185, 'RO', 'CJ', 'Cluj'), (292, 185, 'RO', 'CT', 'Constanţa'), (293, 185, 'RO', 'CV', 'Covasna'), (294, 185, 'RO', 'DB', 'Dâmboviţa'), (295, 185, 'RO', 'DJ', 'Dolj'), (296, 185, 'RO', 'GL', 'Galaţi'), (297, 185, 'RO', 'GR', 'Giurgiu'), (298, 185, 'RO', 'GJ', 'Gorj'), (299, 185, 'RO', 'HR', 'Harghita'), (300, 185, 'RO', 'HD', 'Hunedoara');
INSERT INTO `country_states` VALUES (301, 185, 'RO', 'IL', 'Ialomiţa'), (302, 185, 'RO', 'IS', 'Iaşi'), (303, 185, 'RO', 'IF', 'Ilfov'), (304, 185, 'RO', 'MM', 'Maramureş'), (305, 185, 'RO', 'MH', 'Mehedinţi'), (306, 185, 'RO', 'MS', 'Mureş'), (307, 185, 'RO', 'NT', 'Neamţ'), (308, 185, 'RO', 'OT', 'Olt'), (309, 185, 'RO', 'PH', 'Prahova'), (310, 185, 'RO', 'SM', 'Satu-Mare'), (311, 185, 'RO', 'SJ', 'Sălaj'), (312, 185, 'RO', 'SB', 'Sibiu'), (313, 185, 'RO', 'SV', 'Suceava'), (314, 185, 'RO', 'TR', 'Teleorman'), (315, 185, 'RO', 'TM', 'Timiş'), (316, 185, 'RO', 'TL', 'Tulcea'), (317, 185, 'RO', 'VS', 'Vaslui'), (318, 185, 'RO', 'VL', 'Vâlcea'), (319, 185, 'RO', 'VN', 'Vrancea'), (320, 80, 'FI', 'Lappi', 'Lappi'), (321, 80, 'FI', 'Pohjois-Pohjanmaa', 'Pohjois-Pohjanmaa'), (322, 80, 'FI', 'Kainuu', 'Kainuu'), (323, 80, 'FI', 'Pohjois-Karjala', 'Pohjois-Karjala'), (324, 80, 'FI', 'Pohjois-Savo', 'Pohjois-Savo'), (325, 80, 'FI', 'Etelä-Savo', 'Etelä-Savo'), (326, 80, 'FI', 'Etelä-Pohjanmaa', 'Etelä-Pohjanmaa'), (327, 80, 'FI', 'Pohjanmaa', 'Pohjanmaa'), (328, 80, 'FI', 'Pirkanmaa', 'Pirkanmaa'), (329, 80, 'FI', 'Satakunta', 'Satakunta'), (330, 80, 'FI', 'Keski-Pohjanmaa', 'Keski-Pohjanmaa'), (331, 80, 'FI', 'Keski-Suomi', 'Keski-Suomi'), (332, 80, 'FI', 'Varsinais-Suomi', 'Varsinais-Suomi'), (333, 80, 'FI', 'Etelä-Karjala', 'Etelä-Karjala'), (334, 80, 'FI', 'Päijät-Häme', 'Päijät-Häme'), (335, 80, 'FI', 'Kanta-Häme', 'Kanta-Häme'), (336, 80, 'FI', 'Uusimaa', 'Uusimaa'), (337, 80, 'FI', 'Itä-Uusimaa', 'Itä-Uusimaa'), (338, 80, 'FI', 'Kymenlaakso', 'Kymenlaakso'), (339, 80, 'FI', 'Ahvenanmaa', 'Ahvenanmaa'), (340, 74, 'EE', 'EE-37', 'Harjumaa'), (341, 74, 'EE', 'EE-39', 'Hiiumaa'), (342, 74, 'EE', 'EE-44', 'Ida-Virumaa'), (343, 74, 'EE', 'EE-49', 'Jõgevamaa'), (344, 74, 'EE', 'EE-51', 'Järvamaa'), (345, 74, 'EE', 'EE-57', 'Läänemaa'), (346, 74, 'EE', 'EE-59', 'Lääne-Virumaa'), (347, 74, 'EE', 'EE-65', 'Põlvamaa'), (348, 74, 'EE', 'EE-67', 'Pärnumaa'), (349, 74, 'EE', 'EE-70', 'Raplamaa'), (350, 74, 'EE', 'EE-74', 'Saaremaa'), (351, 74, 'EE', 'EE-78', 'Tartumaa'), (352, 74, 'EE', 'EE-82', 'Valgamaa'), (353, 74, 'EE', 'EE-84', 'Viljandimaa'), (354, 74, 'EE', 'EE-86', 'Võrumaa'), (355, 125, 'LV', 'LV-DGV', 'Daugavpils'), (356, 125, 'LV', 'LV-JEL', 'Jelgava'), (357, 125, 'LV', 'Jēkabpils', 'Jēkabpils'), (358, 125, 'LV', 'LV-JUR', 'Jūrmala'), (359, 125, 'LV', 'LV-LPX', 'Liepāja'), (360, 125, 'LV', 'LV-LE', 'Liepājas novads'), (361, 125, 'LV', 'LV-REZ', 'Rēzekne'), (362, 125, 'LV', 'LV-RIX', 'Rīga'), (363, 125, 'LV', 'LV-RI', 'Rīgas novads'), (364, 125, 'LV', 'Valmiera', 'Valmiera'), (365, 125, 'LV', 'LV-VEN', 'Ventspils'), (366, 125, 'LV', 'Aglonas novads', 'Aglonas novads'), (367, 125, 'LV', 'LV-AI', 'Aizkraukles novads'), (368, 125, 'LV', 'Aizputes novads', 'Aizputes novads'), (369, 125, 'LV', 'Aknīstes novads', 'Aknīstes novads'), (370, 125, 'LV', 'Alojas novads', 'Alojas novads'), (371, 125, 'LV', 'Alsungas novads', 'Alsungas novads'), (372, 125, 'LV', 'LV-AL', 'Alūksnes novads'), (373, 125, 'LV', 'Amatas novads', 'Amatas novads'), (374, 125, 'LV', 'Apes novads', 'Apes novads'), (375, 125, 'LV', 'Auces novads', 'Auces novads'), (376, 125, 'LV', 'Babītes novads', 'Babītes novads'), (377, 125, 'LV', 'Baldones novads', 'Baldones novads'), (378, 125, 'LV', 'Baltinavas novads', 'Baltinavas novads'), (379, 125, 'LV', 'LV-BL', 'Balvu novads'), (380, 125, 'LV', 'LV-BU', 'Bauskas novads'), (381, 125, 'LV', 'Beverīnas novads', 'Beverīnas novads'), (382, 125, 'LV', 'Brocēnu novads', 'Brocēnu novads'), (383, 125, 'LV', 'Burtnieku novads', 'Burtnieku novads'), (384, 125, 'LV', 'Carnikavas novads', 'Carnikavas novads'), (385, 125, 'LV', 'Cesvaines novads', 'Cesvaines novads'), (386, 125, 'LV', 'Ciblas novads', 'Ciblas novads'), (387, 125, 'LV', 'LV-CE', 'Cēsu novads'), (388, 125, 'LV', 'Dagdas novads', 'Dagdas novads'), (389, 125, 'LV', 'LV-DA', 'Daugavpils novads'), (390, 125, 'LV', 'LV-DO', 'Dobeles novads'), (391, 125, 'LV', 'Dundagas novads', 'Dundagas novads'), (392, 125, 'LV', 'Durbes novads', 'Durbes novads'), (393, 125, 'LV', 'Engures novads', 'Engures novads'), (394, 125, 'LV', 'Garkalnes novads', 'Garkalnes novads'), (395, 125, 'LV', 'Grobiņas novads', 'Grobiņas novads'), (396, 125, 'LV', 'LV-GU', 'Gulbenes novads'), (397, 125, 'LV', 'Iecavas novads', 'Iecavas novads'), (398, 125, 'LV', 'Ikšķiles novads', 'Ikšķiles novads'), (399, 125, 'LV', 'Ilūkstes novads', 'Ilūkstes novads'), (400, 125, 'LV', 'Inčukalna novads', 'Inčukalna novads');
INSERT INTO `country_states` VALUES (401, 125, 'LV', 'Jaunjelgavas novads', 'Jaunjelgavas novads'), (402, 125, 'LV', 'Jaunpiebalgas novads', 'Jaunpiebalgas novads'), (403, 125, 'LV', 'Jaunpils novads', 'Jaunpils novads'), (404, 125, 'LV', 'LV-JL', 'Jelgavas novads'), (405, 125, 'LV', 'LV-JK', 'Jēkabpils novads'), (406, 125, 'LV', 'Kandavas novads', 'Kandavas novads'), (407, 125, 'LV', 'Kokneses novads', 'Kokneses novads'), (408, 125, 'LV', 'Krimuldas novads', 'Krimuldas novads'), (409, 125, 'LV', 'Krustpils novads', 'Krustpils novads'), (410, 125, 'LV', 'LV-KR', 'Krāslavas novads'), (411, 125, 'LV', 'LV-KU', 'Kuldīgas novads'), (412, 125, 'LV', 'Kārsavas novads', 'Kārsavas novads'), (413, 125, 'LV', 'Lielvārdes novads', 'Lielvārdes novads'), (414, 125, 'LV', 'LV-LM', 'Limbažu novads'), (415, 125, 'LV', 'Lubānas novads', 'Lubānas novads'), (416, 125, 'LV', 'LV-LU', 'Ludzas novads'), (417, 125, 'LV', 'Līgatnes novads', 'Līgatnes novads'), (418, 125, 'LV', 'Līvānu novads', 'Līvānu novads'), (419, 125, 'LV', 'LV-MA', 'Madonas novads'), (420, 125, 'LV', 'Mazsalacas novads', 'Mazsalacas novads'), (421, 125, 'LV', 'Mālpils novads', 'Mālpils novads'), (422, 125, 'LV', 'Mārupes novads', 'Mārupes novads'), (423, 125, 'LV', 'Naukšēnu novads', 'Naukšēnu novads'), (424, 125, 'LV', 'Neretas novads', 'Neretas novads'), (425, 125, 'LV', 'Nīcas novads', 'Nīcas novads'), (426, 125, 'LV', 'LV-OG', 'Ogres novads'), (427, 125, 'LV', 'Olaines novads', 'Olaines novads'), (428, 125, 'LV', 'Ozolnieku novads', 'Ozolnieku novads'), (429, 125, 'LV', 'LV-PR', 'Preiļu novads'), (430, 125, 'LV', 'Priekules novads', 'Priekules novads'), (431, 125, 'LV', 'Priekuļu novads', 'Priekuļu novads'), (432, 125, 'LV', 'Pārgaujas novads', 'Pārgaujas novads'), (433, 125, 'LV', 'Pāvilostas novads', 'Pāvilostas novads'), (434, 125, 'LV', 'Pļaviņu novads', 'Pļaviņu novads'), (435, 125, 'LV', 'Raunas novads', 'Raunas novads'), (436, 125, 'LV', 'Riebiņu novads', 'Riebiņu novads'), (437, 125, 'LV', 'Rojas novads', 'Rojas novads'), (438, 125, 'LV', 'Ropažu novads', 'Ropažu novads'), (439, 125, 'LV', 'Rucavas novads', 'Rucavas novads'), (440, 125, 'LV', 'Rugāju novads', 'Rugāju novads'), (441, 125, 'LV', 'Rundāles novads', 'Rundāles novads'), (442, 125, 'LV', 'LV-RE', 'Rēzeknes novads'), (443, 125, 'LV', 'Rūjienas novads', 'Rūjienas novads'), (444, 125, 'LV', 'Salacgrīvas novads', 'Salacgrīvas novads'), (445, 125, 'LV', 'Salas novads', 'Salas novads'), (446, 125, 'LV', 'Salaspils novads', 'Salaspils novads'), (447, 125, 'LV', 'LV-SA', 'Saldus novads'), (448, 125, 'LV', 'Saulkrastu novads', 'Saulkrastu novads'), (449, 125, 'LV', 'Siguldas novads', 'Siguldas novads'), (450, 125, 'LV', 'Skrundas novads', 'Skrundas novads'), (451, 125, 'LV', 'Skrīveru novads', 'Skrīveru novads'), (452, 125, 'LV', 'Smiltenes novads', 'Smiltenes novads'), (453, 125, 'LV', 'Stopiņu novads', 'Stopiņu novads'), (454, 125, 'LV', 'Strenču novads', 'Strenču novads'), (455, 125, 'LV', 'Sējas novads', 'Sējas novads'), (456, 125, 'LV', 'LV-TA', 'Talsu novads'), (457, 125, 'LV', 'LV-TU', 'Tukuma novads'), (458, 125, 'LV', 'Tērvetes novads', 'Tērvetes novads'), (459, 125, 'LV', 'Vaiņodes novads', 'Vaiņodes novads'), (460, 125, 'LV', 'LV-VK', 'Valkas novads'), (461, 125, 'LV', 'LV-VM', 'Valmieras novads'), (462, 125, 'LV', 'Varakļānu novads', 'Varakļānu novads'), (463, 125, 'LV', 'Vecpiebalgas novads', 'Vecpiebalgas novads'), (464, 125, 'LV', 'Vecumnieku novads', 'Vecumnieku novads'), (465, 125, 'LV', 'LV-VE', 'Ventspils novads'), (466, 125, 'LV', 'Viesītes novads', 'Viesītes novads'), (467, 125, 'LV', 'Viļakas novads', 'Viļakas novads'), (468, 125, 'LV', 'Viļānu novads', 'Viļānu novads'), (469, 125, 'LV', 'Vārkavas novads', 'Vārkavas novads'), (470, 125, 'LV', 'Zilupes novads', 'Zilupes novads'), (471, 125, 'LV', 'Ādažu novads', 'Ādažu novads'), (472, 125, 'LV', 'Ērgļu novads', 'Ērgļu novads'), (473, 125, 'LV', 'Ķeguma novads', 'Ķeguma novads'), (474, 125, 'LV', 'Ķekavas novads', 'Ķekavas novads'), (475, 131, 'LT', 'LT-AL', 'Alytaus Apskritis'), (476, 131, 'LT', 'LT-KU', 'Kauno Apskritis'), (477, 131, 'LT', 'LT-KL', 'Klaipėdos Apskritis'), (478, 131, 'LT', 'LT-MR', 'Marijampolės Apskritis'), (479, 131, 'LT', 'LT-PN', 'Panevėžio Apskritis'), (480, 131, 'LT', 'LT-SA', 'Šiaulių Apskritis'), (481, 131, 'LT', 'LT-TA', 'Tauragės Apskritis'), (482, 131, 'LT', 'LT-TE', 'Telšių Apskritis'), (483, 131, 'LT', 'LT-UT', 'Utenos Apskritis'), (484, 131, 'LT', 'LT-VL', 'Vilniaus Apskritis'), (485, 31, 'BR', 'AC', 'Acre'), (486, 31, 'BR', 'AL', 'Alagoas'), (487, 31, 'BR', 'AP', 'Amapá'), (488, 31, 'BR', 'AM', 'Amazonas'), (489, 31, 'BR', 'BA', 'Bahia'), (490, 31, 'BR', 'CE', 'Ceará'), (491, 31, 'BR', 'ES', 'Espírito Santo'), (492, 31, 'BR', 'GO', 'Goiás'), (493, 31, 'BR', 'MA', 'Maranhão'), (494, 31, 'BR', 'MT', 'Mato Grosso'), (495, 31, 'BR', 'MS', 'Mato Grosso do Sul'), (496, 31, 'BR', 'MG', 'Minas Gerais'), (497, 31, 'BR', 'PA', 'Pará'), (498, 31, 'BR', 'PB', 'Paraíba'), (499, 31, 'BR', 'PR', 'Paraná'), (500, 31, 'BR', 'PE', 'Pernambuco');
INSERT INTO `country_states` VALUES (501, 31, 'BR', 'PI', 'Piauí'), (502, 31, 'BR', 'RJ', 'Rio de Janeiro'), (503, 31, 'BR', 'RN', 'Rio Grande do Norte'), (504, 31, 'BR', 'RS', 'Rio Grande do Sul'), (505, 31, 'BR', 'RO', 'Rondônia'), (506, 31, 'BR', 'RR', 'Roraima'), (507, 31, 'BR', 'SC', 'Santa Catarina'), (508, 31, 'BR', 'SP', 'São Paulo'), (509, 31, 'BR', 'SE', 'Sergipe'), (510, 31, 'BR', 'TO', 'Tocantins'), (511, 31, 'BR', 'DF', 'Distrito Federal'), (512, 59, 'HR', 'HR-01', 'Zagrebačka županija'), (513, 59, 'HR', 'HR-02', 'Krapinsko-zagorska županija'), (514, 59, 'HR', 'HR-03', 'Sisačko-moslavačka županija'), (515, 59, 'HR', 'HR-04', 'Karlovačka županija'), (516, 59, 'HR', 'HR-05', 'Varaždinska županija'), (517, 59, 'HR', 'HR-06', 'Koprivničko-križevačka županija'), (518, 59, 'HR', 'HR-07', 'Bjelovarsko-bilogorska županija'), (519, 59, 'HR', 'HR-08', 'Primorsko-goranska županija'), (520, 59, 'HR', 'HR-09', 'Ličko-senjska županija'), (521, 59, 'HR', 'HR-10', 'Virovitičko-podravska županija'), (522, 59, 'HR', 'HR-11', 'Požeško-slavonska županija'), (523, 59, 'HR', 'HR-12', 'Brodsko-posavska županija'), (524, 59, 'HR', 'HR-13', 'Zadarska županija'), (525, 59, 'HR', 'HR-14', 'Osječko-baranjska županija'), (526, 59, 'HR', 'HR-15', 'Šibensko-kninska županija'), (527, 59, 'HR', 'HR-16', 'Vukovarsko-srijemska županija'), (528, 59, 'HR', 'HR-17', 'Splitsko-dalmatinska županija'), (529, 59, 'HR', 'HR-18', 'Istarska županija'), (530, 59, 'HR', 'HR-19', 'Dubrovačko-neretvanska županija'), (531, 59, 'HR', 'HR-20', 'Međimurska županija'), (532, 59, 'HR', 'HR-21', 'Grad Zagreb'), (533, 106, 'IN', 'AN', 'Andaman and Nicobar Islands'), (534, 106, 'IN', 'AP', 'Andhra Pradesh'), (535, 106, 'IN', 'AR', 'Arunachal Pradesh'), (536, 106, 'IN', 'AS', 'Assam'), (537, 106, 'IN', 'BR', 'Bihar'), (538, 106, 'IN', 'CH', 'Chandigarh'), (539, 106, 'IN', 'CT', 'Chhattisgarh'), (540, 106, 'IN', 'DN', 'Dadra and Nagar Haveli'), (541, 106, 'IN', 'DD', 'Daman and Diu'), (542, 106, 'IN', 'DL', 'Delhi'), (543, 106, 'IN', 'GA', 'Goa'), (544, 106, 'IN', 'GJ', 'Gujarat'), (545, 106, 'IN', 'HR', 'Haryana'), (546, 106, 'IN', 'HP', 'Himachal Pradesh'), (547, 106, 'IN', 'JK', 'Jammu and Kashmir'), (548, 106, 'IN', 'JH', 'Jharkhand'), (549, 106, 'IN', 'KA', 'Karnataka'), (550, 106, 'IN', 'KL', 'Kerala'), (551, 106, 'IN', 'LD', 'Lakshadweep'), (552, 106, 'IN', 'MP', 'Madhya Pradesh'), (553, 106, 'IN', 'MH', 'Maharashtra'), (554, 106, 'IN', 'MN', 'Manipur'), (555, 106, 'IN', 'ML', 'Meghalaya'), (556, 106, 'IN', 'MZ', 'Mizoram'), (557, 106, 'IN', 'NL', 'Nagaland'), (558, 106, 'IN', 'OR', 'Odisha'), (559, 106, 'IN', 'PY', 'Puducherry'), (560, 106, 'IN', 'PB', 'Punjab'), (561, 106, 'IN', 'RJ', 'Rajasthan'), (562, 106, 'IN', 'SK', 'Sikkim'), (563, 106, 'IN', 'TN', 'Tamil Nadu'), (564, 106, 'IN', 'TG', 'Telangana'), (565, 106, 'IN', 'TR', 'Tripura'), (566, 106, 'IN', 'UP', 'Uttar Pradesh'), (567, 106, 'IN', 'UT', 'Uttarakhand'), (568, 106, 'IN', 'WB', 'West Bengal'), (569, 176, 'PY', 'PY-16', 'Alto Paraguay'), (570, 176, 'PY', 'PY-10', 'Alto Paraná'), (571, 176, 'PY', 'PY-13', 'Amambay'), (572, 176, 'PY', 'PY-ASU', 'Asunción'), (573, 176, 'PY', 'PY-19', 'Boquerón'), (574, 176, 'PY', 'PY-5', 'Caaguazú'), (575, 176, 'PY', 'PY-6', 'Caazapá'), (576, 176, 'PY', 'PY-14', 'Canindeyú'), (577, 176, 'PY', 'PY-11', 'Central'), (578, 176, 'PY', 'PY-1', 'Concepción'), (579, 176, 'PY', 'PY-3', 'Cordillera'), (580, 176, 'PY', 'PY-4', 'Guairá'), (581, 176, 'PY', 'PY-7', 'Itapúa'), (582, 176, 'PY', 'PY-8', 'Misiones'), (583, 176, 'PY', 'PY-9', 'Paraguarí'), (584, 176, 'PY', 'PY-15', 'Presidente Hayes'), (585, 176, 'PY', 'PY-2', 'San Pedro'), (586, 176, 'PY', 'PY-12', 'Ñeembucú'), (587, 70, 'EG', 'EG-ALX', 'Alexandria'), (588, 70, 'EG', 'EG-ASN', 'Aswan'), (589, 70, 'EG', 'EG-AST', 'Asyut'), (590, 70, 'EG', 'EG-BA', 'Red Sea'), (591, 70, 'EG', 'EG-BH', 'Beheira'), (592, 70, 'EG', 'EG-BNS', 'Beni Suef'), (593, 70, 'EG', 'EG-C', 'Cairo'), (594, 70, 'EG', 'EG-DK', 'Dakahlia'), (595, 70, 'EG', 'EG-DT', 'Damietta'), (596, 70, 'EG', 'EG-FYM', 'Fayoum'), (597, 70, 'EG', 'EG-GH', 'Gharbia'), (598, 70, 'EG', 'EG-GZ', 'Giza'), (599, 70, 'EG', 'EG-IS', 'Ismailia'), (600, 70, 'EG', 'EG-JS', 'South Sinai');
INSERT INTO `country_states` VALUES (601, 70, 'EG', 'EG-KB', 'Qalyubia'), (602, 70, 'EG', 'EG-KFS', 'Kafr El Sheikh'), (603, 70, 'EG', 'EG-KN', 'Qena'), (604, 70, 'EG', 'EG-LX', 'Luxor'), (605, 70, 'EG', 'EG-MN', 'Minya'), (606, 70, 'EG', 'EG-MNF', 'Monufia'), (607, 70, 'EG', 'EG-MT', 'Matrouh'), (608, 70, 'EG', 'EG-PTS', 'Port Said'), (609, 70, 'EG', 'EG-SHG', 'Sohag'), (610, 70, 'EG', 'EG-SHR', 'Sharqia'), (611, 70, 'EG', 'EG-SIN', 'North Sinai'), (612, 70, 'EG', 'EG-SUZ', 'Suez'), (613, 70, 'EG', 'EG-WAD', 'New Valley');


-- Structure for table `country_translations`
DROP TABLE IF EXISTS `country_translations`;
CREATE TABLE `country_translations` (
  `id` int unsigned NOT NULL AUTO_INCREMENT,
  `country_id` int unsigned NOT NULL,
  `locale` varchar(255) COLLATE utf8mb4_unicode_ci NOT NULL,
  `name` text COLLATE utf8mb4_unicode_ci,
  PRIMARY KEY (`id`),
  KEY `country_translations_country_id_foreign` (`country_id`),
  CONSTRAINT `country_translations_country_id_foreign` FOREIGN KEY (`country_id`) REFERENCES `countries` (`id`) ON DELETE CASCADE
) ENGINE=InnoDB DEFAULT CHARSET=utf8mb4 COLLATE=utf8mb4_unicode_ci;

-- Data for table `country_translations`


-- Structure for table `currencies`
DROP TABLE IF EXISTS `currencies`;
CREATE TABLE `currencies` (
  `id` int unsigned NOT NULL AUTO_INCREMENT,
  `code` varchar(255) COLLATE utf8mb4_unicode_ci NOT NULL,
  `name` varchar(255) COLLATE utf8mb4_unicode_ci NOT NULL,
  `symbol` varchar(255) COLLATE utf8mb4_unicode_ci DEFAULT NULL,
  `decimal` int unsigned NOT NULL DEFAULT '2',
  `group_separator` varchar(255) COLLATE utf8mb4_unicode_ci NOT NULL DEFAULT ',',
  `decimal_separator` varchar(255) COLLATE utf8mb4_unicode_ci NOT NULL DEFAULT '.',
  `currency_position` varchar(255) COLLATE utf8mb4_unicode_ci DEFAULT NULL,
  `created_at` timestamp NULL DEFAULT NULL,
  `updated_at` timestamp NULL DEFAULT NULL,
  PRIMARY KEY (`id`)
) ENGINE=InnoDB AUTO_INCREMENT=27 DEFAULT CHARSET=utf8mb4 COLLATE=utf8mb4_unicode_ci;

-- Data for table `currencies`
INSERT INTO `currencies` VALUES (1, 'EGP', 'الجنيه المصري', 'E£', 2, ',', '.', NULL, NULL, NULL);


-- Structure for table `currency_exchange_rates`
DROP TABLE IF EXISTS `currency_exchange_rates`;
CREATE TABLE `currency_exchange_rates` (
  `id` int unsigned NOT NULL AUTO_INCREMENT,
  `rate` decimal(24,12) NOT NULL,
  `target_currency` int unsigned NOT NULL,
  `created_at` timestamp NULL DEFAULT NULL,
  `updated_at` timestamp NULL DEFAULT NULL,
  PRIMARY KEY (`id`),
  UNIQUE KEY `currency_exchange_rates_target_currency_unique` (`target_currency`),
  CONSTRAINT `currency_exchange_rates_target_currency_foreign` FOREIGN KEY (`target_currency`) REFERENCES `currencies` (`id`) ON DELETE CASCADE
) ENGINE=InnoDB AUTO_INCREMENT=6 DEFAULT CHARSET=utf8mb4 COLLATE=utf8mb4_unicode_ci;

-- Data for table `currency_exchange_rates`


-- Structure for table `customer_groups`
DROP TABLE IF EXISTS `customer_groups`;
CREATE TABLE `customer_groups` (
  `id` int unsigned NOT NULL AUTO_INCREMENT,
  `code` varchar(255) COLLATE utf8mb4_unicode_ci NOT NULL,
  `name` varchar(255) COLLATE utf8mb4_unicode_ci NOT NULL,
  `is_user_defined` tinyint(1) NOT NULL DEFAULT '1',
  `created_at` timestamp NULL DEFAULT NULL,
  `updated_at` timestamp NULL DEFAULT NULL,
  PRIMARY KEY (`id`),
  UNIQUE KEY `customer_groups_code_unique` (`code`)
) ENGINE=InnoDB AUTO_INCREMENT=8 DEFAULT CHARSET=utf8mb4 COLLATE=utf8mb4_unicode_ci;

-- Data for table `customer_groups`
INSERT INTO `customer_groups` VALUES (1, 'guest', 'زائر', 0, NULL, NULL), (2, 'general', 'عام', 0, NULL, NULL), (3, 'wholesale', 'جملة', 0, NULL, NULL);


-- Structure for table `customer_notes`
DROP TABLE IF EXISTS `customer_notes`;
CREATE TABLE `customer_notes` (
  `id` bigint unsigned NOT NULL AUTO_INCREMENT,
  `customer_id` int unsigned DEFAULT NULL,
  `note` text COLLATE utf8mb4_unicode_ci NOT NULL,
  `customer_notified` tinyint(1) NOT NULL DEFAULT '0',
  `created_at` timestamp NULL DEFAULT NULL,
  `updated_at` timestamp NULL DEFAULT NULL,
  PRIMARY KEY (`id`),
  KEY `customer_notes_customer_id_foreign` (`customer_id`),
  CONSTRAINT `customer_notes_customer_id_foreign` FOREIGN KEY (`customer_id`) REFERENCES `customers` (`id`) ON DELETE CASCADE
) ENGINE=InnoDB AUTO_INCREMENT=3 DEFAULT CHARSET=utf8mb4 COLLATE=utf8mb4_unicode_ci;

-- Data for table `customer_notes`


-- Structure for table `customer_password_resets`
DROP TABLE IF EXISTS `customer_password_resets`;
CREATE TABLE `customer_password_resets` (
  `email` varchar(255) COLLATE utf8mb4_unicode_ci NOT NULL,
  `token` varchar(255) COLLATE utf8mb4_unicode_ci NOT NULL,
  `created_at` timestamp NULL DEFAULT NULL,
  KEY `customer_password_resets_email_index` (`email`)
) ENGINE=InnoDB DEFAULT CHARSET=utf8mb4 COLLATE=utf8mb4_unicode_ci;

-- Data for table `customer_password_resets`


-- Structure for table `customer_social_accounts`
DROP TABLE IF EXISTS `customer_social_accounts`;
CREATE TABLE `customer_social_accounts` (
  `id` int unsigned NOT NULL AUTO_INCREMENT,
  `customer_id` int unsigned NOT NULL,
  `provider_name` varchar(255) COLLATE utf8mb4_unicode_ci DEFAULT NULL,
  `provider_id` varchar(255) COLLATE utf8mb4_unicode_ci DEFAULT NULL,
  `created_at` timestamp NULL DEFAULT NULL,
  `updated_at` timestamp NULL DEFAULT NULL,
  PRIMARY KEY (`id`),
  UNIQUE KEY `customer_social_accounts_provider_id_unique` (`provider_id`),
  KEY `customer_social_accounts_customer_id_foreign` (`customer_id`),
  CONSTRAINT `customer_social_accounts_customer_id_foreign` FOREIGN KEY (`customer_id`) REFERENCES `customers` (`id`) ON DELETE CASCADE
) ENGINE=InnoDB DEFAULT CHARSET=utf8mb4 COLLATE=utf8mb4_unicode_ci;

-- Data for table `customer_social_accounts`


-- Structure for table `customers`
DROP TABLE IF EXISTS `customers`;
CREATE TABLE `customers` (
  `id` int unsigned NOT NULL AUTO_INCREMENT,
  `first_name` varchar(255) COLLATE utf8mb4_unicode_ci NOT NULL,
  `last_name` varchar(255) COLLATE utf8mb4_unicode_ci NOT NULL,
  `gender` varchar(50) COLLATE utf8mb4_unicode_ci DEFAULT NULL,
  `date_of_birth` date DEFAULT NULL,
  `email` varchar(255) COLLATE utf8mb4_unicode_ci DEFAULT NULL,
  `phone` varchar(255) COLLATE utf8mb4_unicode_ci DEFAULT NULL,
  `image` varchar(255) COLLATE utf8mb4_unicode_ci DEFAULT NULL,
  `status` tinyint NOT NULL DEFAULT '1',
  `password` varchar(255) COLLATE utf8mb4_unicode_ci DEFAULT NULL,
  `api_token` varchar(80) COLLATE utf8mb4_unicode_ci DEFAULT NULL,
  `customer_group_id` int unsigned DEFAULT NULL,
  `channel_id` int unsigned DEFAULT NULL,
  `subscribed_to_news_letter` tinyint(1) NOT NULL DEFAULT '0',
  `is_verified` tinyint(1) NOT NULL DEFAULT '0',
  `is_suspended` tinyint unsigned NOT NULL DEFAULT '0',
  `token` varchar(255) COLLATE utf8mb4_unicode_ci DEFAULT NULL,
  `remember_token` varchar(100) COLLATE utf8mb4_unicode_ci DEFAULT NULL,
  `created_at` timestamp NULL DEFAULT NULL,
  `updated_at` timestamp NULL DEFAULT NULL,
  PRIMARY KEY (`id`),
  UNIQUE KEY `customers_email_unique` (`email`),
  UNIQUE KEY `customers_phone_unique` (`phone`),
  UNIQUE KEY `customers_api_token_unique` (`api_token`),
  KEY `customers_customer_group_id_foreign` (`customer_group_id`),
  KEY `customers_channel_id_foreign` (`channel_id`),
  CONSTRAINT `customers_channel_id_foreign` FOREIGN KEY (`channel_id`) REFERENCES `channels` (`id`) ON DELETE SET NULL,
  CONSTRAINT `customers_customer_group_id_foreign` FOREIGN KEY (`customer_group_id`) REFERENCES `customer_groups` (`id`) ON DELETE SET NULL
) ENGINE=InnoDB AUTO_INCREMENT=363 DEFAULT CHARSET=utf8mb4 COLLATE=utf8mb4_unicode_ci;

-- Data for table `customers`
INSERT INTO `customers` VALUES (3, 'Ahmed', 'Ali', NULL, NULL, 'salemstore.eg@gmail.com', NULL, NULL, 1, '$2y$12$6LizXfwJbuCwKTB.UTZIteb/jXheToN8Kfa9UAdluddIymu.ZUnzO', 'KgpOxUlSQIejrhe4DXNHXSKyvxhN2GjQWCCC8wOPUNZo8AGohECewp5oPqAxMxc6x3CdqXJaz8qq9q45', 1, 1, 0, 1, 0, NULL, NULL, '2026-01-02 17:19:10', '2026-01-02 17:19:45'), (5, 'Ahmed', 'Ali', NULL, NULL, NULL, '01066571024', NULL, 1, '$2y$12$OkVUSahVI2JAYsrv8m06j.VO21VGf/0Oo1gwNhYvJw9URSSbzg0uK', 'ENo26TzvqpESduVLgokct1aU06L9zEmEV9rYl8wmAR4aGPoD7wz856dOARWmCFlT2Yy78P11CCoo9JwR', 1, 1, 0, 0, 0, NULL, NULL, '2026-02-09 14:36:22', '2026-02-09 14:36:22'), (361, 'محمد', 'اسماعيل', NULL, NULL, NULL, '01012439601', NULL, 1, '$2y$12$eBtHDHQWUFQezlPklwGMKuOnsANKEhAVjokKqoqc3TxRizjKzDf2e', '0uJ6h232VCjBJPUB48WsbhujdUabv2kymalMj7tGWRkwjyiuEz0uFMpYPd4ljTAE3pn0fwW5NNTmT431', 1, 1, 0, 1, 0, NULL, 'YpmPjAGJEs3dXcZKSLOPKprNb1AGdJmkjVWbTxfhGnTGsP1BYDTztmqFfzN1', '2026-06-09 14:28:41', '2026-06-21 11:38:16'), (362, 'Ahmed', 'Ali', NULL, NULL, NULL, '01006708705', NULL, 1, '$2y$12$WlxO1iBukuZIXwyYTbsg4.vsuij2dBzI8VAIaj3/6I8DYTn.PS23y', 'Tl9lLI0wXvrUFMRK18OoxbrsAFOIhDJifUxbpy5hZt5Oy0Kofm4R2Vagq4BGi9Tx11imBBKfZyHPtO1t', 1, 1, 0, 1, 0, NULL, NULL, '2026-06-16 00:14:28', '2026-06-16 00:15:12');


-- Structure for table `datagrid_saved_filters`
DROP TABLE IF EXISTS `datagrid_saved_filters`;
CREATE TABLE `datagrid_saved_filters` (
  `id` bigint unsigned NOT NULL AUTO_INCREMENT,
  `user_id` int unsigned NOT NULL,
  `name` varchar(255) COLLATE utf8mb4_unicode_ci NOT NULL,
  `src` varchar(255) COLLATE utf8mb4_unicode_ci NOT NULL,
  `applied` json NOT NULL,
  `created_at` timestamp NULL DEFAULT NULL,
  `updated_at` timestamp NULL DEFAULT NULL,
  PRIMARY KEY (`id`),
  UNIQUE KEY `datagrid_saved_filters_user_id_name_src_unique` (`user_id`,`name`,`src`)
) ENGINE=InnoDB DEFAULT CHARSET=utf8mb4 COLLATE=utf8mb4_unicode_ci;

-- Data for table `datagrid_saved_filters`


-- Structure for table `downloadable_link_purchased`
DROP TABLE IF EXISTS `downloadable_link_purchased`;
CREATE TABLE `downloadable_link_purchased` (
  `id` int unsigned NOT NULL AUTO_INCREMENT,
  `product_name` varchar(255) COLLATE utf8mb4_unicode_ci DEFAULT NULL,
  `name` varchar(255) COLLATE utf8mb4_unicode_ci DEFAULT NULL,
  `url` varchar(255) COLLATE utf8mb4_unicode_ci DEFAULT NULL,
  `file` varchar(255) COLLATE utf8mb4_unicode_ci DEFAULT NULL,
  `file_name` varchar(255) COLLATE utf8mb4_unicode_ci DEFAULT NULL,
  `type` varchar(255) COLLATE utf8mb4_unicode_ci NOT NULL,
  `download_bought` int NOT NULL DEFAULT '0',
  `download_used` int NOT NULL DEFAULT '0',
  `status` varchar(255) COLLATE utf8mb4_unicode_ci DEFAULT NULL,
  `customer_id` int unsigned NOT NULL,
  `order_id` int unsigned NOT NULL,
  `order_item_id` int unsigned NOT NULL,
  `download_canceled` int NOT NULL DEFAULT '0',
  `created_at` timestamp NULL DEFAULT NULL,
  `updated_at` timestamp NULL DEFAULT NULL,
  PRIMARY KEY (`id`),
  KEY `downloadable_link_purchased_customer_id_foreign` (`customer_id`),
  KEY `downloadable_link_purchased_order_id_foreign` (`order_id`),
  KEY `downloadable_link_purchased_order_item_id_foreign` (`order_item_id`),
  CONSTRAINT `downloadable_link_purchased_customer_id_foreign` FOREIGN KEY (`customer_id`) REFERENCES `customers` (`id`) ON DELETE CASCADE,
  CONSTRAINT `downloadable_link_purchased_order_id_foreign` FOREIGN KEY (`order_id`) REFERENCES `orders` (`id`) ON DELETE CASCADE,
  CONSTRAINT `downloadable_link_purchased_order_item_id_foreign` FOREIGN KEY (`order_item_id`) REFERENCES `order_items` (`id`) ON DELETE CASCADE
) ENGINE=InnoDB DEFAULT CHARSET=utf8mb4 COLLATE=utf8mb4_unicode_ci;

-- Data for table `downloadable_link_purchased`


-- Structure for table `failed_jobs`
DROP TABLE IF EXISTS `failed_jobs`;
CREATE TABLE `failed_jobs` (
  `id` bigint unsigned NOT NULL AUTO_INCREMENT,
  `uuid` varchar(255) COLLATE utf8mb4_unicode_ci NOT NULL,
  `connection` text COLLATE utf8mb4_unicode_ci NOT NULL,
  `queue` text COLLATE utf8mb4_unicode_ci NOT NULL,
  `payload` longtext COLLATE utf8mb4_unicode_ci NOT NULL,
  `exception` longtext COLLATE utf8mb4_unicode_ci NOT NULL,
  `failed_at` timestamp NOT NULL DEFAULT CURRENT_TIMESTAMP,
  PRIMARY KEY (`id`),
  UNIQUE KEY `failed_jobs_uuid_unique` (`uuid`)
) ENGINE=InnoDB DEFAULT CHARSET=utf8mb4 COLLATE=utf8mb4_unicode_ci;

-- Data for table `failed_jobs`


-- Structure for table `gdpr_data_request`
DROP TABLE IF EXISTS `gdpr_data_request`;
CREATE TABLE `gdpr_data_request` (
  `id` int unsigned NOT NULL AUTO_INCREMENT,
  `customer_id` int unsigned NOT NULL,
  `email` varchar(255) COLLATE utf8mb4_unicode_ci NOT NULL,
  `status` varchar(255) COLLATE utf8mb4_unicode_ci NOT NULL,
  `type` varchar(255) COLLATE utf8mb4_unicode_ci NOT NULL,
  `message` varchar(500) COLLATE utf8mb4_unicode_ci NOT NULL,
  `revoked_at` timestamp NULL DEFAULT NULL,
  `created_at` timestamp NULL DEFAULT NULL,
  `updated_at` timestamp NULL DEFAULT NULL,
  PRIMARY KEY (`id`),
  KEY `gdpr_data_request_customer_id_foreign` (`customer_id`),
  CONSTRAINT `gdpr_data_request_customer_id_foreign` FOREIGN KEY (`customer_id`) REFERENCES `customers` (`id`) ON DELETE CASCADE
) ENGINE=InnoDB DEFAULT CHARSET=utf8mb4 COLLATE=utf8mb4_unicode_ci;

-- Data for table `gdpr_data_request`


-- Structure for table `import_batches`
DROP TABLE IF EXISTS `import_batches`;
CREATE TABLE `import_batches` (
  `id` int unsigned NOT NULL AUTO_INCREMENT,
  `state` varchar(255) COLLATE utf8mb4_unicode_ci NOT NULL DEFAULT 'pending',
  `data` json NOT NULL,
  `summary` json DEFAULT NULL,
  `import_id` int unsigned NOT NULL,
  PRIMARY KEY (`id`),
  KEY `import_batches_import_id_foreign` (`import_id`),
  CONSTRAINT `import_batches_import_id_foreign` FOREIGN KEY (`import_id`) REFERENCES `imports` (`id`) ON DELETE CASCADE
) ENGINE=InnoDB DEFAULT CHARSET=utf8mb4 COLLATE=utf8mb4_unicode_ci;

-- Data for table `import_batches`


-- Structure for table `imports`
DROP TABLE IF EXISTS `imports`;
CREATE TABLE `imports` (
  `id` int unsigned NOT NULL AUTO_INCREMENT,
  `state` varchar(255) COLLATE utf8mb4_unicode_ci NOT NULL DEFAULT 'pending',
  `process_in_queue` tinyint(1) NOT NULL DEFAULT '1',
  `type` varchar(255) COLLATE utf8mb4_unicode_ci NOT NULL,
  `action` varchar(255) COLLATE utf8mb4_unicode_ci NOT NULL,
  `validation_strategy` varchar(255) COLLATE utf8mb4_unicode_ci NOT NULL,
  `allowed_errors` int NOT NULL DEFAULT '0',
  `processed_rows_count` int NOT NULL DEFAULT '0',
  `invalid_rows_count` int NOT NULL DEFAULT '0',
  `errors_count` int NOT NULL DEFAULT '0',
  `errors` json DEFAULT NULL,
  `field_separator` varchar(255) COLLATE utf8mb4_unicode_ci NOT NULL,
  `file_path` varchar(255) COLLATE utf8mb4_unicode_ci NOT NULL,
  `images_directory_path` varchar(255) COLLATE utf8mb4_unicode_ci DEFAULT NULL,
  `error_file_path` varchar(255) COLLATE utf8mb4_unicode_ci DEFAULT NULL,
  `summary` json DEFAULT NULL,
  `started_at` datetime DEFAULT NULL,
  `completed_at` datetime DEFAULT NULL,
  `created_at` timestamp NULL DEFAULT NULL,
  `updated_at` timestamp NULL DEFAULT NULL,
  PRIMARY KEY (`id`)
) ENGINE=InnoDB DEFAULT CHARSET=utf8mb4 COLLATE=utf8mb4_unicode_ci;

-- Data for table `imports`


-- Structure for table `inventory_sources`
DROP TABLE IF EXISTS `inventory_sources`;
CREATE TABLE `inventory_sources` (
  `id` int unsigned NOT NULL AUTO_INCREMENT,
  `code` varchar(255) COLLATE utf8mb4_unicode_ci NOT NULL,
  `name` varchar(255) COLLATE utf8mb4_unicode_ci NOT NULL,
  `description` text COLLATE utf8mb4_unicode_ci,
  `contact_name` varchar(255) COLLATE utf8mb4_unicode_ci NOT NULL,
  `contact_email` varchar(255) COLLATE utf8mb4_unicode_ci NOT NULL,
  `contact_number` varchar(255) COLLATE utf8mb4_unicode_ci NOT NULL,
  `contact_fax` varchar(255) COLLATE utf8mb4_unicode_ci DEFAULT NULL,
  `country` varchar(255) COLLATE utf8mb4_unicode_ci NOT NULL,
  `state` varchar(255) COLLATE utf8mb4_unicode_ci NOT NULL,
  `city` varchar(255) COLLATE utf8mb4_unicode_ci NOT NULL,
  `street` varchar(255) COLLATE utf8mb4_unicode_ci NOT NULL,
  `postcode` varchar(255) COLLATE utf8mb4_unicode_ci NOT NULL,
  `priority` int NOT NULL DEFAULT '0',
  `latitude` decimal(10,5) DEFAULT NULL,
  `longitude` decimal(10,5) DEFAULT NULL,
  `status` tinyint(1) NOT NULL DEFAULT '1',
  `created_at` timestamp NULL DEFAULT NULL,
  `updated_at` timestamp NULL DEFAULT NULL,
  PRIMARY KEY (`id`),
  UNIQUE KEY `inventory_sources_code_unique` (`code`)
) ENGINE=InnoDB AUTO_INCREMENT=7 DEFAULT CHARSET=utf8mb4 COLLATE=utf8mb4_unicode_ci;

-- Data for table `inventory_sources`
INSERT INTO `inventory_sources` VALUES (1, 'default', 'افتراضي', NULL, 'افتراضي', 'warehouse@example.com', '1234567899', NULL, 'US', 'MI', 'Detroit', '12th Street', '48127', 0, NULL, NULL, 1, NULL, NULL);


-- Structure for table `invoice_items`
DROP TABLE IF EXISTS `invoice_items`;
CREATE TABLE `invoice_items` (
  `id` int unsigned NOT NULL AUTO_INCREMENT,
  `parent_id` int unsigned DEFAULT NULL,
  `name` varchar(255) COLLATE utf8mb4_unicode_ci DEFAULT NULL,
  `description` varchar(255) COLLATE utf8mb4_unicode_ci DEFAULT NULL,
  `sku` varchar(255) COLLATE utf8mb4_unicode_ci DEFAULT NULL,
  `qty` int DEFAULT NULL,
  `price` decimal(12,4) NOT NULL DEFAULT '0.0000',
  `base_price` decimal(12,4) NOT NULL DEFAULT '0.0000',
  `total` decimal(12,4) NOT NULL DEFAULT '0.0000',
  `base_total` decimal(12,4) NOT NULL DEFAULT '0.0000',
  `tax_amount` decimal(12,4) DEFAULT '0.0000',
  `base_tax_amount` decimal(12,4) DEFAULT '0.0000',
  `discount_percent` decimal(12,4) DEFAULT '0.0000',
  `discount_amount` decimal(12,4) DEFAULT '0.0000',
  `base_discount_amount` decimal(12,4) DEFAULT '0.0000',
  `price_incl_tax` decimal(12,4) NOT NULL DEFAULT '0.0000',
  `base_price_incl_tax` decimal(12,4) NOT NULL DEFAULT '0.0000',
  `total_incl_tax` decimal(12,4) NOT NULL DEFAULT '0.0000',
  `base_total_incl_tax` decimal(12,4) NOT NULL DEFAULT '0.0000',
  `product_id` int unsigned DEFAULT NULL,
  `product_type` varchar(255) COLLATE utf8mb4_unicode_ci DEFAULT NULL,
  `order_item_id` int unsigned DEFAULT NULL,
  `invoice_id` int unsigned DEFAULT NULL,
  `additional` json DEFAULT NULL,
  `created_at` timestamp NULL DEFAULT NULL,
  `updated_at` timestamp NULL DEFAULT NULL,
  PRIMARY KEY (`id`),
  KEY `invoice_items_invoice_id_foreign` (`invoice_id`),
  KEY `invoice_items_parent_id_foreign` (`parent_id`),
  CONSTRAINT `invoice_items_invoice_id_foreign` FOREIGN KEY (`invoice_id`) REFERENCES `invoices` (`id`) ON DELETE CASCADE,
  CONSTRAINT `invoice_items_parent_id_foreign` FOREIGN KEY (`parent_id`) REFERENCES `invoice_items` (`id`) ON DELETE CASCADE
) ENGINE=InnoDB AUTO_INCREMENT=35 DEFAULT CHARSET=utf8mb4 COLLATE=utf8mb4_unicode_ci;

-- Data for table `invoice_items`
INSERT INTO `invoice_items` VALUES (1, NULL, 'PITAKA', NULL, 'SP-002', 1, '300.0000', '300.0000', '300.0000', '300.0000', '0.0000', '0.0000', '0.0000', '0.0000', '0.0000', '300.0000', '300.0000', '300.0000', '300.0000', 2, 'Webkul\\Product\\Models\\Product', 5, 1, '{"attributes":{"color":{"attribute_name":"اللون","option_id":2,"option_label":"أخضر"},"iphone_1716":{"attribute_name":"موديل الأيفون","option_id":14,"option_label":"ايفون 16"},"size":{"attribute_name":"الحجم","option_id":7,"option_label":"وسط"}},"cart_id":2,"is_buy_now":"0","locale":"ar","product_id":"2","quantity":1,"selected_configurable_option":"31","super_attribute":{"23":"2","24":"7","30":"14"}}', '2026-01-02 17:32:13', '2026-01-02 17:32:13'), (2, 1, 'Variant 2 7 14', NULL, 'SP-002-variant-2-7-14', 1, '1.0000', '0.0000', '1.0000', '0.0000', '0.0000', '0.0000', '0.0000', '0.0000', '0.0000', '0.0000', '0.0000', '0.0000', '0.0000', 31, 'Webkul\\Product\\Models\\Product', 6, 1, '{"locale":"ar","parent_id":2,"product_id":31}', '2026-01-02 17:32:13', '2026-01-02 17:32:13'), (3, NULL, 'PITAKA', NULL, 'SP-002', 1, '300.0000', '300.0000', '300.0000', '300.0000', '0.0000', '0.0000', '0.0000', '0.0000', '0.0000', '300.0000', '300.0000', '300.0000', '300.0000', 2, 'Webkul\\Product\\Models\\Product', 7, 2, '{"attributes":{"color":{"attribute_name":"اللون","option_id":2,"option_label":"أخضر"},"iphone_1716":{"attribute_name":"موديل الأيفون","option_id":13,"option_label":"ايفون 17"},"size":{"attribute_name":"الحجم","option_id":6,"option_label":"صغير"}},"cart_id":4,"is_buy_now":"0","locale":"ar","product_id":"2","quantity":1,"selected_configurable_option":"4","super_attribute":{"23":"2","24":"6","30":"13"}}', '2026-01-02 20:01:54', '2026-01-02 20:01:54'), (4, 3, 'Variant 2 6 13', NULL, 'SP-002-variant-2-6-13', 1, '1.0000', '0.0000', '1.0000', '0.0000', '0.0000', '0.0000', '0.0000', '0.0000', '0.0000', '0.0000', '0.0000', '0.0000', '0.0000', 4, 'Webkul\\Product\\Models\\Product', 8, 2, '{"locale":"ar","parent_id":2,"product_id":4}', '2026-01-02 20:01:54', '2026-01-02 20:01:54'), (5, NULL, 'PITAKA', NULL, 'SP-002', 1, '300.0000', '300.0000', '300.0000', '300.0000', '0.0000', '0.0000', '0.0000', '0.0000', '0.0000', '300.0000', '300.0000', '300.0000', '300.0000', 2, 'Webkul\\Product\\Models\\Product', 9, 3, '{"attributes":{"color":{"attribute_name":"اللون","option_id":1,"option_label":"أحمر"},"iphone_1716":{"attribute_name":"موديل الأيفون","option_id":13,"option_label":"ايفون 17"},"size":{"attribute_name":"الحجم","option_id":7,"option_label":"وسط"}},"cart_id":5,"is_buy_now":"0","locale":"ar","product_id":"2","quantity":1,"selected_configurable_option":"8","super_attribute":{"23":"1","24":"7","30":"13"}}', '2026-01-02 20:31:51', '2026-01-02 20:31:51'), (6, 5, 'Variant 1 7 13', NULL, 'SP-002-variant-1-7-13', 1, '1.0000', '0.0000', '1.0000', '0.0000', '0.0000', '0.0000', '0.0000', '0.0000', '0.0000', '0.0000', '0.0000', '0.0000', '0.0000', 8, 'Webkul\\Product\\Models\\Product', 10, 3, '{"locale":"ar","parent_id":2,"product_id":8}', '2026-01-02 20:31:51', '2026-01-02 20:31:51');


-- Structure for table `invoices`
DROP TABLE IF EXISTS `invoices`;
CREATE TABLE `invoices` (
  `id` int unsigned NOT NULL AUTO_INCREMENT,
  `increment_id` varchar(255) COLLATE utf8mb4_unicode_ci DEFAULT NULL,
  `state` varchar(255) COLLATE utf8mb4_unicode_ci DEFAULT NULL,
  `email_sent` tinyint(1) NOT NULL DEFAULT '0',
  `total_qty` int DEFAULT NULL,
  `base_currency_code` varchar(255) COLLATE utf8mb4_unicode_ci DEFAULT NULL,
  `channel_currency_code` varchar(255) COLLATE utf8mb4_unicode_ci DEFAULT NULL,
  `order_currency_code` varchar(255) COLLATE utf8mb4_unicode_ci DEFAULT NULL,
  `sub_total` decimal(12,4) DEFAULT '0.0000',
  `base_sub_total` decimal(12,4) DEFAULT '0.0000',
  `grand_total` decimal(12,4) DEFAULT '0.0000',
  `base_grand_total` decimal(12,4) DEFAULT '0.0000',
  `shipping_amount` decimal(12,4) DEFAULT '0.0000',
  `base_shipping_amount` decimal(12,4) DEFAULT '0.0000',
  `tax_amount` decimal(12,4) DEFAULT '0.0000',
  `base_tax_amount` decimal(12,4) DEFAULT '0.0000',
  `discount_amount` decimal(12,4) DEFAULT '0.0000',
  `base_discount_amount` decimal(12,4) DEFAULT '0.0000',
  `shipping_tax_amount` decimal(12,4) NOT NULL DEFAULT '0.0000',
  `base_shipping_tax_amount` decimal(12,4) NOT NULL DEFAULT '0.0000',
  `sub_total_incl_tax` decimal(12,4) NOT NULL DEFAULT '0.0000',
  `base_sub_total_incl_tax` decimal(12,4) NOT NULL DEFAULT '0.0000',
  `shipping_amount_incl_tax` decimal(12,4) NOT NULL DEFAULT '0.0000',
  `base_shipping_amount_incl_tax` decimal(12,4) NOT NULL DEFAULT '0.0000',
  `order_id` int unsigned DEFAULT NULL,
  `transaction_id` varchar(255) COLLATE utf8mb4_unicode_ci DEFAULT NULL,
  `reminders` int NOT NULL DEFAULT '0',
  `next_reminder_at` timestamp NULL DEFAULT NULL,
  `created_at` timestamp NULL DEFAULT NULL,
  `updated_at` timestamp NULL DEFAULT NULL,
  PRIMARY KEY (`id`),
  KEY `invoices_order_id_foreign` (`order_id`),
  CONSTRAINT `invoices_order_id_foreign` FOREIGN KEY (`order_id`) REFERENCES `orders` (`id`) ON DELETE CASCADE
) ENGINE=InnoDB AUTO_INCREMENT=32 DEFAULT CHARSET=utf8mb4 COLLATE=utf8mb4_unicode_ci;

-- Data for table `invoices`
INSERT INTO `invoices` VALUES (1, '1', 'paid', 1, 1, 'EGP', 'EGP', 'EGP', '300.0000', '300.0000', '310.0000', '310.0000', '10.0000', '10.0000', '0.0000', '0.0000', '0.0000', '0.0000', '0.0000', '0.0000', '300.0000', '300.0000', '10.0000', '10.0000', 3, NULL, 0, NULL, '2026-01-02 17:32:13', '2026-01-02 20:31:52'), (2, '2', 'paid', 1, 1, 'EGP', 'EGP', 'EGP', '300.0000', '300.0000', '310.0000', '310.0000', '10.0000', '10.0000', '0.0000', '0.0000', '0.0000', '0.0000', '0.0000', '0.0000', '300.0000', '300.0000', '10.0000', '10.0000', 4, NULL, 0, NULL, '2026-01-02 20:01:54', '2026-01-02 20:31:52'), (3, '3', 'paid', 1, 1, 'EGP', 'EGP', 'EGP', '300.0000', '300.0000', '310.0000', '310.0000', '10.0000', '10.0000', '0.0000', '0.0000', '0.0000', '0.0000', '0.0000', '0.0000', '300.0000', '300.0000', '10.0000', '10.0000', 5, NULL, 0, NULL, '2026-01-02 20:31:51', '2026-01-02 20:31:52');


-- Structure for table `job_batches`
DROP TABLE IF EXISTS `job_batches`;
CREATE TABLE `job_batches` (
  `id` varchar(255) COLLATE utf8mb4_unicode_ci NOT NULL,
  `name` varchar(255) COLLATE utf8mb4_unicode_ci NOT NULL,
  `total_jobs` int NOT NULL,
  `pending_jobs` int NOT NULL,
  `failed_jobs` int NOT NULL,
  `failed_job_ids` text COLLATE utf8mb4_unicode_ci NOT NULL,
  `options` mediumtext COLLATE utf8mb4_unicode_ci,
  `cancelled_at` int DEFAULT NULL,
  `created_at` int NOT NULL,
  `finished_at` int DEFAULT NULL,
  PRIMARY KEY (`id`)
) ENGINE=InnoDB DEFAULT CHARSET=utf8mb4 COLLATE=utf8mb4_unicode_ci;

-- Data for table `job_batches`


-- Structure for table `jobs`
DROP TABLE IF EXISTS `jobs`;
CREATE TABLE `jobs` (
  `id` bigint unsigned NOT NULL AUTO_INCREMENT,
  `queue` varchar(255) COLLATE utf8mb4_unicode_ci NOT NULL,
  `payload` longtext COLLATE utf8mb4_unicode_ci NOT NULL,
  `attempts` tinyint unsigned NOT NULL,
  `reserved_at` int unsigned DEFAULT NULL,
  `available_at` int unsigned NOT NULL,
  `created_at` int unsigned NOT NULL,
  PRIMARY KEY (`id`),
  KEY `jobs_queue_index` (`queue`)
) ENGINE=InnoDB DEFAULT CHARSET=utf8mb4 COLLATE=utf8mb4_unicode_ci;

-- Data for table `jobs`


-- Structure for table `locales`
DROP TABLE IF EXISTS `locales`;
CREATE TABLE `locales` (
  `id` int unsigned NOT NULL AUTO_INCREMENT,
  `code` varchar(255) COLLATE utf8mb4_unicode_ci NOT NULL,
  `name` varchar(255) COLLATE utf8mb4_unicode_ci NOT NULL,
  `direction` enum('ltr','rtl') COLLATE utf8mb4_unicode_ci NOT NULL DEFAULT 'ltr',
  `logo_path` varchar(255) COLLATE utf8mb4_unicode_ci DEFAULT NULL,
  `created_at` timestamp NULL DEFAULT NULL,
  `updated_at` timestamp NULL DEFAULT NULL,
  PRIMARY KEY (`id`),
  UNIQUE KEY `locales_code_unique` (`code`)
) ENGINE=InnoDB AUTO_INCREMENT=9 DEFAULT CHARSET=utf8mb4 COLLATE=utf8mb4_unicode_ci;

-- Data for table `locales`
INSERT INTO `locales` VALUES (1, 'ar', 'العربية', 'rtl', NULL, NULL, NULL), (2, 'en', 'English', 'ltr', NULL, '2025-12-27 00:24:44', '2025-12-27 00:24:44');


-- Structure for table `marketing_campaigns`
DROP TABLE IF EXISTS `marketing_campaigns`;
CREATE TABLE `marketing_campaigns` (
  `id` int unsigned NOT NULL AUTO_INCREMENT,
  `name` varchar(255) COLLATE utf8mb4_unicode_ci NOT NULL,
  `subject` varchar(255) COLLATE utf8mb4_unicode_ci NOT NULL,
  `status` tinyint(1) NOT NULL DEFAULT '0',
  `type` varchar(255) COLLATE utf8mb4_unicode_ci NOT NULL,
  `mail_to` varchar(255) COLLATE utf8mb4_unicode_ci NOT NULL,
  `spooling` varchar(255) COLLATE utf8mb4_unicode_ci DEFAULT NULL,
  `channel_id` int unsigned DEFAULT NULL,
  `customer_group_id` int unsigned DEFAULT NULL,
  `marketing_template_id` int unsigned DEFAULT NULL,
  `marketing_event_id` int unsigned DEFAULT NULL,
  `created_at` timestamp NULL DEFAULT NULL,
  `updated_at` timestamp NULL DEFAULT NULL,
  PRIMARY KEY (`id`),
  KEY `marketing_campaigns_channel_id_foreign` (`channel_id`),
  KEY `marketing_campaigns_customer_group_id_foreign` (`customer_group_id`),
  KEY `marketing_campaigns_marketing_template_id_foreign` (`marketing_template_id`),
  KEY `marketing_campaigns_marketing_event_id_foreign` (`marketing_event_id`),
  CONSTRAINT `marketing_campaigns_channel_id_foreign` FOREIGN KEY (`channel_id`) REFERENCES `channels` (`id`) ON DELETE SET NULL,
  CONSTRAINT `marketing_campaigns_customer_group_id_foreign` FOREIGN KEY (`customer_group_id`) REFERENCES `customer_groups` (`id`) ON DELETE SET NULL,
  CONSTRAINT `marketing_campaigns_marketing_event_id_foreign` FOREIGN KEY (`marketing_event_id`) REFERENCES `marketing_events` (`id`) ON DELETE SET NULL,
  CONSTRAINT `marketing_campaigns_marketing_template_id_foreign` FOREIGN KEY (`marketing_template_id`) REFERENCES `marketing_templates` (`id`) ON DELETE SET NULL
) ENGINE=InnoDB AUTO_INCREMENT=7 DEFAULT CHARSET=utf8mb4 COLLATE=utf8mb4_unicode_ci;

-- Data for table `marketing_campaigns`


-- Structure for table `marketing_events`
DROP TABLE IF EXISTS `marketing_events`;
CREATE TABLE `marketing_events` (
  `id` int unsigned NOT NULL AUTO_INCREMENT,
  `name` varchar(255) COLLATE utf8mb4_unicode_ci NOT NULL,
  `description` text COLLATE utf8mb4_unicode_ci,
  `date` date DEFAULT NULL,
  `created_at` timestamp NULL DEFAULT NULL,
  `updated_at` timestamp NULL DEFAULT NULL,
  PRIMARY KEY (`id`)
) ENGINE=InnoDB AUTO_INCREMENT=9 DEFAULT CHARSET=utf8mb4 COLLATE=utf8mb4_unicode_ci;

-- Data for table `marketing_events`
INSERT INTO `marketing_events` VALUES (1, 'Birthday', 'Birthday', NULL, NULL, NULL);


-- Structure for table `marketing_templates`
DROP TABLE IF EXISTS `marketing_templates`;
CREATE TABLE `marketing_templates` (
  `id` int unsigned NOT NULL AUTO_INCREMENT,
  `name` varchar(255) COLLATE utf8mb4_unicode_ci NOT NULL,
  `status` varchar(255) COLLATE utf8mb4_unicode_ci NOT NULL,
  `content` text COLLATE utf8mb4_unicode_ci NOT NULL,
  `created_at` timestamp NULL DEFAULT NULL,
  `updated_at` timestamp NULL DEFAULT NULL,
  PRIMARY KEY (`id`)
) ENGINE=InnoDB AUTO_INCREMENT=9 DEFAULT CHARSET=utf8mb4 COLLATE=utf8mb4_unicode_ci;

-- Data for table `marketing_templates`


-- Structure for table `migrations`
DROP TABLE IF EXISTS `migrations`;
CREATE TABLE `migrations` (
  `id` int unsigned NOT NULL AUTO_INCREMENT,
  `migration` varchar(255) COLLATE utf8mb4_unicode_ci NOT NULL,
  `batch` int NOT NULL,
  PRIMARY KEY (`id`)
) ENGINE=InnoDB AUTO_INCREMENT=160 DEFAULT CHARSET=utf8mb4 COLLATE=utf8mb4_unicode_ci;

-- Data for table `migrations`
INSERT INTO `migrations` VALUES (1, '2014_10_12_000000_create_users_table', 1), (2, '2014_10_12_100000_create_admin_password_resets_table', 1), (3, '2014_10_12_100000_create_password_resets_table', 1), (4, '2018_06_12_111907_create_admins_table', 1), (5, '2018_06_13_055341_create_roles_table', 1), (6, '2018_07_05_130148_create_attributes_table', 1), (7, '2018_07_05_132854_create_attribute_translations_table', 1), (8, '2018_07_05_135150_create_attribute_families_table', 1), (9, '2018_07_05_135152_create_attribute_groups_table', 1), (10, '2018_07_05_140832_create_attribute_options_table', 1), (11, '2018_07_05_140856_create_attribute_option_translations_table', 1), (12, '2018_07_05_142820_create_categories_table', 1), (13, '2018_07_10_055143_create_locales_table', 1), (14, '2018_07_20_054426_create_countries_table', 1), (15, '2018_07_20_054502_create_currencies_table', 1), (16, '2018_07_20_054542_create_currency_exchange_rates_table', 1), (17, '2018_07_20_064849_create_channels_table', 1), (18, '2018_07_21_142836_create_category_translations_table', 1), (19, '2018_07_23_110040_create_inventory_sources_table', 1), (20, '2018_07_24_082635_create_customer_groups_table', 1), (21, '2018_07_24_082930_create_customers_table', 1), (22, '2018_07_27_065727_create_products_table', 1), (23, '2018_07_27_070011_create_product_attribute_values_table', 1), (24, '2018_07_27_092623_create_product_reviews_table', 1), (25, '2018_07_27_113941_create_product_images_table', 1), (26, '2018_07_27_113956_create_product_inventories_table', 1), (27, '2018_08_30_064755_create_tax_categories_table', 1), (28, '2018_08_30_065042_create_tax_rates_table', 1), (29, '2018_08_30_065840_create_tax_mappings_table', 1), (30, '2018_09_05_150444_create_cart_table', 1), (31, '2018_09_05_150915_create_cart_items_table', 1), (32, '2018_09_11_064045_customer_password_resets', 1), (33, '2018_09_19_093453_create_cart_payment', 1), (34, '2018_09_19_093508_create_cart_shipping_rates_table', 1), (35, '2018_09_20_060658_create_core_config_table', 1), (36, '2018_09_27_113154_create_orders_table', 1), (37, '2018_09_27_113207_create_order_items_table', 1), (38, '2018_09_27_115022_create_shipments_table', 1), (39, '2018_09_27_115029_create_shipment_items_table', 1), (40, '2018_09_27_115135_create_invoices_table', 1), (41, '2018_09_27_115144_create_invoice_items_table', 1), (42, '2018_10_01_095504_create_order_payment_table', 1), (43, '2018_10_03_025230_create_wishlist_table', 1), (44, '2018_10_12_101803_create_country_translations_table', 1), (45, '2018_10_12_101913_create_country_states_table', 1), (46, '2018_10_12_101923_create_country_state_translations_table', 1), (47, '2018_11_16_173504_create_subscribers_list_table', 1), (48, '2018_11_21_144411_create_cart_item_inventories_table', 1), (49, '2018_12_06_185202_create_product_flat_table', 1), (50, '2018_12_24_123812_create_channel_inventory_sources_table', 1), (51, '2018_12_26_165327_create_product_ordered_inventories_table', 1), (52, '2019_05_13_024321_create_cart_rules_table', 1), (53, '2019_05_13_024322_create_cart_rule_channels_table', 1), (54, '2019_05_13_024323_create_cart_rule_customer_groups_table', 1), (55, '2019_05_13_024324_create_cart_rule_translations_table', 1), (56, '2019_05_13_024325_create_cart_rule_customers_table', 1), (57, '2019_05_13_024326_create_cart_rule_coupons_table', 1), (58, '2019_05_13_024327_create_cart_rule_coupon_usage_table', 1), (59, '2019_06_17_180258_create_product_downloadable_samples_table', 1), (60, '2019_06_17_180314_create_product_downloadable_sample_translations_table', 1), (61, '2019_06_17_180325_create_product_downloadable_links_table', 1), (62, '2019_06_17_180346_create_product_downloadable_link_translations_table', 1), (63, '2019_06_21_202249_create_downloadable_link_purchased_table', 1), (64, '2019_07_02_180307_create_booking_products_table', 1), (65, '2019_07_05_154415_create_booking_product_default_slots_table', 1), (66, '2019_07_05_154429_create_booking_product_appointment_slots_table', 1), (67, '2019_07_05_154440_create_booking_product_event_tickets_table', 1), (68, '2019_07_05_154451_create_booking_product_rental_slots_table', 1), (69, '2019_07_05_154502_create_booking_product_table_slots_table', 1), (70, '2019_07_30_153530_create_cms_pages_table', 1), (71, '2019_07_31_143339_create_category_filterable_attributes_table', 1), (72, '2019_08_02_105320_create_product_grouped_products_table', 1), (73, '2019_08_20_170510_create_product_bundle_options_table', 1), (74, '2019_08_20_170520_create_product_bundle_option_translations_table', 1), (75, '2019_08_20_170528_create_product_bundle_option_products_table', 1), (76, '2019_09_11_184511_create_refunds_table', 1), (77, '2019_09_11_184519_create_refund_items_table', 1), (78, '2019_12_03_184613_create_catalog_rules_table', 1), (79, '2019_12_03_184651_create_catalog_rule_channels_table', 1), (80, '2019_12_03_184732_create_catalog_rule_customer_groups_table', 1), (81, '2019_12_06_101110_create_catalog_rule_products_table', 1), (82, '2019_12_06_110507_create_catalog_rule_product_prices_table', 1), (83, '2019_12_14_000001_create_personal_access_tokens_table', 1), (84, '2020_01_14_191854_create_cms_page_translations_table', 1), (85, '2020_01_15_130209_create_cms_page_channels_table', 1), (86, '2020_02_18_165639_create_bookings_table', 1), (87, '2020_02_21_121201_create_booking_product_event_ticket_translations_table', 1), (88, '2020_04_16_185147_add_table_addresses', 1), (89, '2020_05_06_171638_create_order_comments_table', 1), (90, '2020_05_21_171500_create_product_customer_group_prices_table', 1), (91, '2020_06_25_162154_create_customer_social_accounts_table', 1), (92, '2020_08_07_174804_create_gdpr_data_request_table', 1), (93, '2020_11_19_112228_create_product_videos_table', 1), (94, '2020_11_26_141455_create_marketing_templates_table', 1), (95, '2020_11_26_150534_create_marketing_events_table', 1), (96, '2020_11_26_150644_create_marketing_campaigns_table', 1), (97, '2020_12_21_000200_create_channel_translations_table', 1), (98, '2020_12_27_121950_create_jobs_table', 1), (99, '2021_03_11_212124_create_order_transactions_table', 1), (100, '2021_04_07_132010_create_product_review_images_table', 1);
INSERT INTO `migrations` VALUES (101, '2021_12_15_104544_notifications', 1), (102, '2022_03_15_160510_create_failed_jobs_table', 1), (103, '2022_04_01_094622_create_sitemaps_table', 1), (104, '2022_10_03_144232_create_product_price_indices_table', 1), (105, '2022_10_04_144444_create_job_batches_table', 1), (106, '2022_10_08_134150_create_product_inventory_indices_table', 1), (107, '2023_05_26_213105_create_wishlist_items_table', 1), (108, '2023_05_26_213120_create_compare_items_table', 1), (109, '2023_06_27_163529_rename_product_review_images_to_product_review_attachments', 1), (110, '2023_07_06_140013_add_logo_path_column_to_locales', 1), (111, '2023_07_10_184256_create_theme_customizations_table', 1), (112, '2023_07_12_181722_remove_home_page_and_footer_content_column_from_channel_translations_table', 1), (113, '2023_07_20_185324_add_column_column_in_attribute_groups_table', 1), (114, '2023_07_25_145943_add_regex_column_in_attributes_table', 1), (115, '2023_07_25_165945_drop_notes_column_from_customers_table', 1), (116, '2023_07_25_171058_create_customer_notes_table', 1), (117, '2023_07_31_125232_rename_image_and_category_banner_columns_from_categories_table', 1), (118, '2023_09_15_170053_create_theme_customization_translations_table', 1), (119, '2023_09_20_102031_add_default_value_column_in_attributes_table', 1), (120, '2023_09_20_102635_add_inventories_group_in_attribute_groups_table', 1), (121, '2023_09_26_155709_add_columns_to_currencies', 1), (122, '2023_10_05_163612_create_visits_table', 1), (123, '2023_10_12_090446_add_tax_category_id_column_in_order_items_table', 1), (124, '2023_11_08_054614_add_code_column_in_attribute_groups_table', 1), (125, '2023_11_08_140116_create_search_terms_table', 1), (126, '2023_11_09_162805_create_url_rewrites_table', 1), (127, '2023_11_17_150401_create_search_synonyms_table', 1), (128, '2023_12_11_054614_add_channel_id_column_in_product_price_indices_table', 1), (129, '2024_01_11_154640_create_imports_table', 1), (130, '2024_01_11_154741_create_import_batches_table', 1), (131, '2024_01_19_170350_add_unique_id_column_in_product_attribute_values_table', 1), (132, '2024_01_19_170350_add_unique_id_column_in_product_customer_group_prices_table', 1), (133, '2024_01_22_170814_add_unique_index_in_mapping_tables', 1), (134, '2024_02_26_153000_add_columns_to_addresses_table', 1), (135, '2024_03_07_193421_rename_address1_column_in_addresses_table', 1), (136, '2024_04_16_144400_add_cart_id_column_in_cart_shipping_rates_table', 1), (137, '2024_04_19_102939_add_incl_tax_columns_in_orders_table', 1), (138, '2024_04_19_135405_add_incl_tax_columns_in_cart_items_table', 1), (139, '2024_04_19_144641_add_incl_tax_columns_in_order_items_table', 1), (140, '2024_04_23_133154_add_incl_tax_columns_in_cart_table', 1), (141, '2024_04_23_150945_add_incl_tax_columns_in_cart_shipping_rates_table', 1), (142, '2024_04_24_102939_add_incl_tax_columns_in_invoices_table', 1), (143, '2024_04_24_102939_add_incl_tax_columns_in_refunds_table', 1), (144, '2024_04_24_144641_add_incl_tax_columns_in_invoice_items_table', 1), (145, '2024_04_24_144641_add_incl_tax_columns_in_refund_items_table', 1), (146, '2024_04_24_144641_add_incl_tax_columns_in_shipment_items_table', 1), (147, '2024_05_10_152848_create_saved_filters_table', 1), (148, '2024_06_03_174128_create_product_channels_table', 1), (149, '2024_06_04_130527_add_channel_id_column_in_customers_table', 1), (150, '2024_06_04_134403_add_channel_id_column_in_visits_table', 1), (151, '2024_06_13_184426_add_theme_column_into_theme_customizations_table', 1), (152, '2024_07_17_172645_add_additional_column_to_sitemaps_table', 1), (153, '2024_10_11_135010_create_product_customizable_options_table', 1), (154, '2024_10_11_135110_create_product_customizable_option_translations_table', 1), (155, '2024_10_11_135228_create_product_customizable_option_prices_table', 1), (156, '2025_05_07_121250_update_total_weight_columns_in_shipments_and_weight_shipment_items_tables', 1), (157, '2026_01_06_120000_insert_egypt_states', 2), (158, '2026_02_08_000001_create_otps_table', 3), (159, '2026_02_09_120000_make_email_nullable_in_customers_table', 4);


-- Structure for table `notifications`
DROP TABLE IF EXISTS `notifications`;
CREATE TABLE `notifications` (
  `id` int unsigned NOT NULL AUTO_INCREMENT,
  `type` varchar(255) COLLATE utf8mb4_unicode_ci NOT NULL,
  `read` tinyint(1) NOT NULL DEFAULT '0',
  `order_id` int unsigned NOT NULL,
  `created_at` timestamp NULL DEFAULT NULL,
  `updated_at` timestamp NULL DEFAULT NULL,
  PRIMARY KEY (`id`),
  KEY `notifications_order_id_foreign` (`order_id`),
  CONSTRAINT `notifications_order_id_foreign` FOREIGN KEY (`order_id`) REFERENCES `orders` (`id`) ON DELETE CASCADE
) ENGINE=InnoDB AUTO_INCREMENT=24 DEFAULT CHARSET=utf8mb4 COLLATE=utf8mb4_unicode_ci;

-- Data for table `notifications`
INSERT INTO `notifications` VALUES (1, 'order', 0, 3, '2026-01-02 17:28:34', '2026-01-02 17:28:34'), (2, 'order', 0, 4, '2026-01-02 20:00:41', '2026-01-02 20:00:41'), (3, 'order', 0, 5, '2026-01-02 20:28:08', '2026-01-02 20:28:08'), (4, 'order', 0, 6, '2026-01-05 16:33:35', '2026-01-05 16:33:35'), (5, 'order', 0, 7, '2026-01-06 13:54:37', '2026-01-06 13:54:37');


-- Structure for table `order_comments`
DROP TABLE IF EXISTS `order_comments`;
CREATE TABLE `order_comments` (
  `id` int unsigned NOT NULL AUTO_INCREMENT,
  `order_id` int unsigned DEFAULT NULL,
  `comment` text COLLATE utf8mb4_unicode_ci NOT NULL,
  `customer_notified` tinyint(1) NOT NULL DEFAULT '0',
  `created_at` timestamp NULL DEFAULT NULL,
  `updated_at` timestamp NULL DEFAULT NULL,
  PRIMARY KEY (`id`),
  KEY `order_comments_order_id_foreign` (`order_id`),
  CONSTRAINT `order_comments_order_id_foreign` FOREIGN KEY (`order_id`) REFERENCES `orders` (`id`) ON DELETE CASCADE
) ENGINE=InnoDB AUTO_INCREMENT=3 DEFAULT CHARSET=utf8mb4 COLLATE=utf8mb4_unicode_ci;

-- Data for table `order_comments`


-- Structure for table `order_items`
DROP TABLE IF EXISTS `order_items`;
CREATE TABLE `order_items` (
  `id` int unsigned NOT NULL AUTO_INCREMENT,
  `sku` varchar(255) COLLATE utf8mb4_unicode_ci DEFAULT NULL,
  `type` varchar(255) COLLATE utf8mb4_unicode_ci DEFAULT NULL,
  `name` varchar(255) COLLATE utf8mb4_unicode_ci DEFAULT NULL,
  `coupon_code` varchar(255) COLLATE utf8mb4_unicode_ci DEFAULT NULL,
  `weight` decimal(12,4) DEFAULT '0.0000',
  `total_weight` decimal(12,4) DEFAULT '0.0000',
  `qty_ordered` int DEFAULT '0',
  `qty_shipped` int DEFAULT '0',
  `qty_invoiced` int DEFAULT '0',
  `qty_canceled` int DEFAULT '0',
  `qty_refunded` int DEFAULT '0',
  `price` decimal(12,4) NOT NULL DEFAULT '0.0000',
  `base_price` decimal(12,4) NOT NULL DEFAULT '0.0000',
  `total` decimal(12,4) NOT NULL DEFAULT '0.0000',
  `base_total` decimal(12,4) NOT NULL DEFAULT '0.0000',
  `total_invoiced` decimal(12,4) NOT NULL DEFAULT '0.0000',
  `base_total_invoiced` decimal(12,4) NOT NULL DEFAULT '0.0000',
  `amount_refunded` decimal(12,4) NOT NULL DEFAULT '0.0000',
  `base_amount_refunded` decimal(12,4) NOT NULL DEFAULT '0.0000',
  `discount_percent` decimal(12,4) DEFAULT '0.0000',
  `discount_amount` decimal(12,4) DEFAULT '0.0000',
  `base_discount_amount` decimal(12,4) DEFAULT '0.0000',
  `discount_invoiced` decimal(12,4) DEFAULT '0.0000',
  `base_discount_invoiced` decimal(12,4) DEFAULT '0.0000',
  `discount_refunded` decimal(12,4) DEFAULT '0.0000',
  `base_discount_refunded` decimal(12,4) DEFAULT '0.0000',
  `tax_percent` decimal(12,4) DEFAULT '0.0000',
  `tax_amount` decimal(12,4) DEFAULT '0.0000',
  `base_tax_amount` decimal(12,4) DEFAULT '0.0000',
  `tax_amount_invoiced` decimal(12,4) DEFAULT '0.0000',
  `base_tax_amount_invoiced` decimal(12,4) DEFAULT '0.0000',
  `tax_amount_refunded` decimal(12,4) DEFAULT '0.0000',
  `base_tax_amount_refunded` decimal(12,4) DEFAULT '0.0000',
  `price_incl_tax` decimal(12,4) NOT NULL DEFAULT '0.0000',
  `base_price_incl_tax` decimal(12,4) NOT NULL DEFAULT '0.0000',
  `total_incl_tax` decimal(12,4) NOT NULL DEFAULT '0.0000',
  `base_total_incl_tax` decimal(12,4) NOT NULL DEFAULT '0.0000',
  `product_id` int unsigned DEFAULT NULL,
  `product_type` varchar(255) COLLATE utf8mb4_unicode_ci DEFAULT NULL,
  `order_id` int unsigned DEFAULT NULL,
  `tax_category_id` int unsigned DEFAULT NULL,
  `parent_id` int unsigned DEFAULT NULL,
  `additional` json DEFAULT NULL,
  `created_at` timestamp NULL DEFAULT NULL,
  `updated_at` timestamp NULL DEFAULT NULL,
  PRIMARY KEY (`id`),
  KEY `order_items_order_id_foreign` (`order_id`),
  KEY `order_items_parent_id_foreign` (`parent_id`),
  KEY `order_items_tax_category_id_foreign` (`tax_category_id`),
  CONSTRAINT `order_items_order_id_foreign` FOREIGN KEY (`order_id`) REFERENCES `orders` (`id`) ON DELETE CASCADE,
  CONSTRAINT `order_items_parent_id_foreign` FOREIGN KEY (`parent_id`) REFERENCES `order_items` (`id`) ON DELETE CASCADE,
  CONSTRAINT `order_items_tax_category_id_foreign` FOREIGN KEY (`tax_category_id`) REFERENCES `tax_categories` (`id`)
) ENGINE=InnoDB AUTO_INCREMENT=91 DEFAULT CHARSET=utf8mb4 COLLATE=utf8mb4_unicode_ci;

-- Data for table `order_items`
INSERT INTO `order_items` VALUES (5, 'SP-002', 'configurable', 'PITAKA', NULL, '0.0000', '0.0000', 1, 1, 1, 0, 0, '300.0000', '300.0000', '300.0000', '300.0000', '300.0000', '300.0000', '0.0000', '0.0000', '0.0000', '0.0000', '0.0000', '0.0000', '0.0000', '0.0000', '0.0000', '0.0000', '0.0000', '0.0000', '0.0000', '0.0000', '0.0000', '0.0000', '300.0000', '300.0000', '300.0000', '300.0000', 2, 'Webkul\\Product\\Models\\Product', 3, NULL, NULL, '{"attributes":{"color":{"attribute_name":"اللون","option_id":2,"option_label":"أخضر"},"iphone_1716":{"attribute_name":"موديل الأيفون","option_id":14,"option_label":"ايفون 16"},"size":{"attribute_name":"الحجم","option_id":7,"option_label":"وسط"}},"cart_id":2,"is_buy_now":"0","locale":"ar","product_id":"2","quantity":1,"selected_configurable_option":"31","super_attribute":{"23":"2","24":"7","30":"14"}}', '2026-01-02 17:28:32', '2026-01-02 17:36:12'), (6, 'SP-002-variant-2-7-14', 'simple', 'Variant 2 7 14', NULL, '0.0000', '0.0000', 0, 1, 1, 0, 0, '1.0000', '0.0000', '0.0000', '0.0000', '1.0000', '0.0000', '0.0000', '0.0000', '0.0000', '0.0000', '0.0000', '0.0000', '0.0000', '0.0000', '0.0000', '0.0000', '0.0000', '0.0000', '0.0000', '0.0000', '0.0000', '0.0000', '0.0000', '0.0000', '0.0000', '0.0000', 31, 'Webkul\\Product\\Models\\Product', 3, NULL, 5, '{"locale":"ar","parent_id":2,"product_id":31}', '2026-01-02 17:28:32', '2026-01-02 17:36:12'), (7, 'SP-002', 'configurable', 'PITAKA', NULL, '0.0000', '0.0000', 1, 1, 1, 0, 0, '300.0000', '300.0000', '300.0000', '300.0000', '300.0000', '300.0000', '0.0000', '0.0000', '0.0000', '0.0000', '0.0000', '0.0000', '0.0000', '0.0000', '0.0000', '0.0000', '0.0000', '0.0000', '0.0000', '0.0000', '0.0000', '0.0000', '300.0000', '300.0000', '300.0000', '300.0000', 2, 'Webkul\\Product\\Models\\Product', 4, NULL, NULL, '{"attributes":{"color":{"attribute_name":"اللون","option_id":2,"option_label":"أخضر"},"iphone_1716":{"attribute_name":"موديل الأيفون","option_id":13,"option_label":"ايفون 17"},"size":{"attribute_name":"الحجم","option_id":6,"option_label":"صغير"}},"cart_id":4,"is_buy_now":"0","locale":"ar","product_id":"2","quantity":1,"selected_configurable_option":"4","super_attribute":{"23":"2","24":"6","30":"13"}}', '2026-01-02 20:00:40', '2026-01-02 20:02:33'), (8, 'SP-002-variant-2-6-13', 'simple', 'Variant 2 6 13', NULL, '0.0000', '0.0000', 0, 1, 1, 0, 0, '1.0000', '0.0000', '0.0000', '0.0000', '1.0000', '0.0000', '0.0000', '0.0000', '0.0000', '0.0000', '0.0000', '0.0000', '0.0000', '0.0000', '0.0000', '0.0000', '0.0000', '0.0000', '0.0000', '0.0000', '0.0000', '0.0000', '0.0000', '0.0000', '0.0000', '0.0000', 4, 'Webkul\\Product\\Models\\Product', 4, NULL, 7, '{"locale":"ar","parent_id":2,"product_id":4}', '2026-01-02 20:00:40', '2026-01-02 20:02:33'), (9, 'SP-002', 'configurable', 'PITAKA', NULL, '0.0000', '0.0000', 1, 1, 1, 0, 0, '300.0000', '300.0000', '300.0000', '300.0000', '300.0000', '300.0000', '0.0000', '0.0000', '0.0000', '0.0000', '0.0000', '0.0000', '0.0000', '0.0000', '0.0000', '0.0000', '0.0000', '0.0000', '0.0000', '0.0000', '0.0000', '0.0000', '300.0000', '300.0000', '300.0000', '300.0000', 2, 'Webkul\\Product\\Models\\Product', 5, NULL, NULL, '{"attributes":{"color":{"attribute_name":"اللون","option_id":1,"option_label":"أحمر"},"iphone_1716":{"attribute_name":"موديل الأيفون","option_id":13,"option_label":"ايفون 17"},"size":{"attribute_name":"الحجم","option_id":7,"option_label":"وسط"}},"cart_id":5,"is_buy_now":"0","locale":"ar","product_id":"2","quantity":1,"selected_configurable_option":"8","super_attribute":{"23":"1","24":"7","30":"13"}}', '2026-01-02 20:28:07', '2026-01-02 20:33:14'), (10, 'SP-002-variant-1-7-13', 'simple', 'Variant 1 7 13', NULL, '0.0000', '0.0000', 0, 1, 1, 0, 0, '1.0000', '0.0000', '0.0000', '0.0000', '1.0000', '0.0000', '0.0000', '0.0000', '0.0000', '0.0000', '0.0000', '0.0000', '0.0000', '0.0000', '0.0000', '0.0000', '0.0000', '0.0000', '0.0000', '0.0000', '0.0000', '0.0000', '0.0000', '0.0000', '0.0000', '0.0000', 8, 'Webkul\\Product\\Models\\Product', 5, NULL, 9, '{"locale":"ar","parent_id":2,"product_id":8}', '2026-01-02 20:28:07', '2026-01-02 20:33:14'), (11, 'SP-002', 'configurable', 'PITAKA', NULL, '0.0000', '0.0000', 1, 0, 0, 0, 0, '300.0000', '300.0000', '300.0000', '300.0000', '0.0000', '0.0000', '0.0000', '0.0000', '0.0000', '0.0000', '0.0000', '0.0000', '0.0000', '0.0000', '0.0000', '0.0000', '0.0000', '0.0000', '0.0000', '0.0000', '0.0000', '0.0000', '300.0000', '300.0000', '300.0000', '300.0000', 2, 'Webkul\\Product\\Models\\Product', 6, NULL, NULL, '{"attributes":{"color":{"attribute_name":"اللون","option_id":1,"option_label":"أحمر"},"iphone_1716":{"attribute_name":"موديل الأيفون","option_id":13,"option_label":"ايفون 17"},"size":{"attribute_name":"الحجم","option_id":6,"option_label":"صغير"}},"cart_id":6,"is_buy_now":"0","locale":"ar","product_id":"2","quantity":1,"selected_configurable_option":"3","super_attribute":{"23":"1","24":"6","30":"13"}}', '2026-01-05 16:33:32', '2026-01-05 16:33:32'), (12, 'SP-002-variant-1-6-13', 'simple', 'Variant 1 6 13', NULL, '0.0000', '0.0000', 0, 0, 0, 0, 0, '1.0000', '0.0000', '0.0000', '0.0000', '0.0000', '0.0000', '0.0000', '0.0000', '0.0000', '0.0000', '0.0000', '0.0000', '0.0000', '0.0000', '0.0000', '0.0000', '0.0000', '0.0000', '0.0000', '0.0000', '0.0000', '0.0000', '0.0000', '0.0000', '0.0000', '0.0000', 3, 'Webkul\\Product\\Models\\Product', 6, NULL, 11, '{"locale":"ar","parent_id":2,"product_id":3}', '2026-01-05 16:33:32', '2026-01-05 16:33:32'), (13, 'SP-002', 'configurable', 'PITAKA', NULL, '0.0000', '0.0000', 1, 0, 0, 0, 0, '300.0000', '300.0000', '300.0000', '300.0000', '0.0000', '0.0000', '0.0000', '0.0000', '0.0000', '0.0000', '0.0000', '0.0000', '0.0000', '0.0000', '0.0000', '0.0000', '0.0000', '0.0000', '0.0000', '0.0000', '0.0000', '0.0000', '300.0000', '300.0000', '300.0000', '300.0000', 2, 'Webkul\\Product\\Models\\Product', 7, NULL, NULL, '{"attributes":{"color":{"attribute_name":"اللون","option_id":1,"option_label":"أحمر"},"iphone_1716":{"attribute_name":"موديل الأيفون","option_id":13,"option_label":"ايفون 17"},"size":{"attribute_name":"الحجم","option_id":6,"option_label":"صغير"}},"cart_id":7,"is_buy_now":"0","locale":"ar","product_id":"2","quantity":1,"selected_configurable_option":"3","super_attribute":{"23":"1","24":"6","30":"13"}}', '2026-01-06 13:54:35', '2026-01-06 13:54:35'), (14, 'SP-002-variant-1-6-13', 'simple', 'Variant 1 6 13', NULL, '0.0000', '0.0000', 0, 0, 0, 0, 0, '1.0000', '0.0000', '0.0000', '0.0000', '0.0000', '0.0000', '0.0000', '0.0000', '0.0000', '0.0000', '0.0000', '0.0000', '0.0000', '0.0000', '0.0000', '0.0000', '0.0000', '0.0000', '0.0000', '0.0000', '0.0000', '0.0000', '0.0000', '0.0000', '0.0000', '0.0000', 3, 'Webkul\\Product\\Models\\Product', 7, NULL, 13, '{"locale":"ar","parent_id":2,"product_id":3}', '2026-01-06 13:54:35', '2026-01-06 13:54:35');


-- Structure for table `order_payment`
DROP TABLE IF EXISTS `order_payment`;
CREATE TABLE `order_payment` (
  `id` int unsigned NOT NULL AUTO_INCREMENT,
  `order_id` int unsigned DEFAULT NULL,
  `method` varchar(255) COLLATE utf8mb4_unicode_ci NOT NULL,
  `method_title` varchar(255) COLLATE utf8mb4_unicode_ci DEFAULT NULL,
  `additional` json DEFAULT NULL,
  `created_at` timestamp NULL DEFAULT NULL,
  `updated_at` timestamp NULL DEFAULT NULL,
  PRIMARY KEY (`id`),
  KEY `order_payment_order_id_foreign` (`order_id`),
  CONSTRAINT `order_payment_order_id_foreign` FOREIGN KEY (`order_id`) REFERENCES `orders` (`id`) ON DELETE CASCADE
) ENGINE=InnoDB AUTO_INCREMENT=80 DEFAULT CHARSET=utf8mb4 COLLATE=utf8mb4_unicode_ci;

-- Data for table `order_payment`
INSERT INTO `order_payment` VALUES (3, 3, 'cashondelivery', 'Cash On Delivery', NULL, '2026-01-02 17:28:32', '2026-01-02 17:28:32'), (4, 4, 'cashondelivery', 'Cash On Delivery', NULL, '2026-01-02 20:00:40', '2026-01-02 20:00:40'), (5, 5, 'cashondelivery', 'Cash On Delivery', NULL, '2026-01-02 20:28:06', '2026-01-02 20:28:06'), (6, 6, 'cashondelivery', 'Cash On Delivery', NULL, '2026-01-05 16:33:32', '2026-01-05 16:33:32'), (7, 7, 'cashondelivery', 'Cash On Delivery', NULL, '2026-01-06 13:54:34', '2026-01-06 13:54:34');


-- Structure for table `order_transactions`
DROP TABLE IF EXISTS `order_transactions`;
CREATE TABLE `order_transactions` (
  `id` int unsigned NOT NULL AUTO_INCREMENT,
  `transaction_id` varchar(255) COLLATE utf8mb4_unicode_ci NOT NULL,
  `status` varchar(255) COLLATE utf8mb4_unicode_ci DEFAULT NULL,
  `type` varchar(255) COLLATE utf8mb4_unicode_ci DEFAULT NULL,
  `amount` decimal(12,4) DEFAULT '0.0000',
  `payment_method` varchar(255) COLLATE utf8mb4_unicode_ci DEFAULT NULL,
  `data` json DEFAULT NULL,
  `invoice_id` int unsigned NOT NULL,
  `order_id` int unsigned NOT NULL,
  `created_at` timestamp NULL DEFAULT NULL,
  `updated_at` timestamp NULL DEFAULT NULL,
  PRIMARY KEY (`id`),
  KEY `order_transactions_order_id_foreign` (`order_id`),
  CONSTRAINT `order_transactions_order_id_foreign` FOREIGN KEY (`order_id`) REFERENCES `orders` (`id`) ON DELETE CASCADE
) ENGINE=InnoDB AUTO_INCREMENT=23 DEFAULT CHARSET=utf8mb4 COLLATE=utf8mb4_unicode_ci;

-- Data for table `order_transactions`


-- Structure for table `orders`
DROP TABLE IF EXISTS `orders`;
CREATE TABLE `orders` (
  `id` int unsigned NOT NULL AUTO_INCREMENT,
  `increment_id` varchar(255) COLLATE utf8mb4_unicode_ci NOT NULL,
  `status` varchar(255) COLLATE utf8mb4_unicode_ci DEFAULT NULL,
  `channel_name` varchar(255) COLLATE utf8mb4_unicode_ci DEFAULT NULL,
  `is_guest` tinyint(1) DEFAULT NULL,
  `customer_email` varchar(255) COLLATE utf8mb4_unicode_ci DEFAULT NULL,
  `customer_first_name` varchar(255) COLLATE utf8mb4_unicode_ci DEFAULT NULL,
  `customer_last_name` varchar(255) COLLATE utf8mb4_unicode_ci DEFAULT NULL,
  `shipping_method` varchar(255) COLLATE utf8mb4_unicode_ci DEFAULT NULL,
  `shipping_title` varchar(255) COLLATE utf8mb4_unicode_ci DEFAULT NULL,
  `shipping_description` varchar(255) COLLATE utf8mb4_unicode_ci DEFAULT NULL,
  `coupon_code` varchar(255) COLLATE utf8mb4_unicode_ci DEFAULT NULL,
  `is_gift` tinyint(1) NOT NULL DEFAULT '0',
  `total_item_count` int DEFAULT NULL,
  `total_qty_ordered` int DEFAULT NULL,
  `base_currency_code` varchar(255) COLLATE utf8mb4_unicode_ci DEFAULT NULL,
  `channel_currency_code` varchar(255) COLLATE utf8mb4_unicode_ci DEFAULT NULL,
  `order_currency_code` varchar(255) COLLATE utf8mb4_unicode_ci DEFAULT NULL,
  `grand_total` decimal(12,4) DEFAULT '0.0000',
  `base_grand_total` decimal(12,4) DEFAULT '0.0000',
  `grand_total_invoiced` decimal(12,4) DEFAULT '0.0000',
  `base_grand_total_invoiced` decimal(12,4) DEFAULT '0.0000',
  `grand_total_refunded` decimal(12,4) DEFAULT '0.0000',
  `base_grand_total_refunded` decimal(12,4) DEFAULT '0.0000',
  `sub_total` decimal(12,4) DEFAULT '0.0000',
  `base_sub_total` decimal(12,4) DEFAULT '0.0000',
  `sub_total_invoiced` decimal(12,4) DEFAULT '0.0000',
  `base_sub_total_invoiced` decimal(12,4) DEFAULT '0.0000',
  `sub_total_refunded` decimal(12,4) DEFAULT '0.0000',
  `base_sub_total_refunded` decimal(12,4) DEFAULT '0.0000',
  `discount_percent` decimal(12,4) DEFAULT '0.0000',
  `discount_amount` decimal(12,4) DEFAULT '0.0000',
  `base_discount_amount` decimal(12,4) DEFAULT '0.0000',
  `discount_invoiced` decimal(12,4) DEFAULT '0.0000',
  `base_discount_invoiced` decimal(12,4) DEFAULT '0.0000',
  `discount_refunded` decimal(12,4) DEFAULT '0.0000',
  `base_discount_refunded` decimal(12,4) DEFAULT '0.0000',
  `tax_amount` decimal(12,4) DEFAULT '0.0000',
  `base_tax_amount` decimal(12,4) DEFAULT '0.0000',
  `tax_amount_invoiced` decimal(12,4) DEFAULT '0.0000',
  `base_tax_amount_invoiced` decimal(12,4) DEFAULT '0.0000',
  `tax_amount_refunded` decimal(12,4) DEFAULT '0.0000',
  `base_tax_amount_refunded` decimal(12,4) DEFAULT '0.0000',
  `shipping_amount` decimal(12,4) DEFAULT '0.0000',
  `base_shipping_amount` decimal(12,4) DEFAULT '0.0000',
  `shipping_invoiced` decimal(12,4) DEFAULT '0.0000',
  `base_shipping_invoiced` decimal(12,4) DEFAULT '0.0000',
  `shipping_refunded` decimal(12,4) DEFAULT '0.0000',
  `base_shipping_refunded` decimal(12,4) DEFAULT '0.0000',
  `shipping_discount_amount` decimal(12,4) DEFAULT '0.0000',
  `base_shipping_discount_amount` decimal(12,4) DEFAULT '0.0000',
  `shipping_tax_amount` decimal(12,4) NOT NULL DEFAULT '0.0000',
  `base_shipping_tax_amount` decimal(12,4) NOT NULL DEFAULT '0.0000',
  `shipping_tax_refunded` decimal(12,4) NOT NULL DEFAULT '0.0000',
  `base_shipping_tax_refunded` decimal(12,4) NOT NULL DEFAULT '0.0000',
  `sub_total_incl_tax` decimal(12,4) NOT NULL DEFAULT '0.0000',
  `base_sub_total_incl_tax` decimal(12,4) NOT NULL DEFAULT '0.0000',
  `shipping_amount_incl_tax` decimal(12,4) NOT NULL DEFAULT '0.0000',
  `base_shipping_amount_incl_tax` decimal(12,4) NOT NULL DEFAULT '0.0000',
  `customer_id` int unsigned DEFAULT NULL,
  `customer_type` varchar(255) COLLATE utf8mb4_unicode_ci DEFAULT NULL,
  `channel_id` int unsigned DEFAULT NULL,
  `channel_type` varchar(255) COLLATE utf8mb4_unicode_ci DEFAULT NULL,
  `cart_id` int DEFAULT NULL,
  `applied_cart_rule_ids` varchar(255) COLLATE utf8mb4_unicode_ci DEFAULT NULL,
  `created_at` timestamp NULL DEFAULT NULL,
  `updated_at` timestamp NULL DEFAULT NULL,
  PRIMARY KEY (`id`),
  UNIQUE KEY `orders_increment_id_unique` (`increment_id`),
  KEY `orders_customer_id_foreign` (`customer_id`),
  KEY `orders_channel_id_foreign` (`channel_id`),
  CONSTRAINT `orders_channel_id_foreign` FOREIGN KEY (`channel_id`) REFERENCES `channels` (`id`) ON DELETE SET NULL,
  CONSTRAINT `orders_customer_id_foreign` FOREIGN KEY (`customer_id`) REFERENCES `customers` (`id`) ON DELETE SET NULL
) ENGINE=InnoDB AUTO_INCREMENT=78 DEFAULT CHARSET=utf8mb4 COLLATE=utf8mb4_unicode_ci;

-- Data for table `orders`
INSERT INTO `orders` VALUES (3, '1', 'completed', 'افتراضي', 0, 'salemstore.eg@gmail.com', 'Ahmed', 'Ali', 'flatrate_flatrate', 'Flat Rate - Flat Rate', 'Flat Rate Shipping', NULL, 0, 1, 1, 'EGP', 'EGP', 'EGP', '310.0000', '310.0000', '310.0000', '310.0000', '0.0000', '0.0000', '300.0000', '300.0000', '300.0000', '300.0000', '0.0000', '0.0000', '0.0000', '0.0000', '0.0000', '0.0000', '0.0000', '0.0000', '0.0000', '0.0000', '0.0000', '0.0000', '0.0000', '0.0000', '0.0000', '10.0000', '10.0000', '10.0000', '10.0000', '0.0000', '0.0000', '0.0000', '0.0000', '0.0000', '0.0000', '0.0000', '0.0000', '300.0000', '300.0000', '10.0000', '10.0000', 3, 'Webkul\\Customer\\Models\\Customer', 1, 'Webkul\\Core\\Models\\Channel', 2, NULL, '2026-01-02 17:28:32', '2026-01-02 17:36:12'), (4, '4', 'completed', 'افتراضي', 0, 'salemstore.eg@gmail.com', 'Ahmed', 'Ali', 'flatrate_flatrate', 'Flat Rate - Flat Rate', 'Flat Rate Shipping', NULL, 0, 1, 1, 'EGP', 'EGP', 'EGP', '310.0000', '310.0000', '310.0000', '310.0000', '0.0000', '0.0000', '300.0000', '300.0000', '300.0000', '300.0000', '0.0000', '0.0000', '0.0000', '0.0000', '0.0000', '0.0000', '0.0000', '0.0000', '0.0000', '0.0000', '0.0000', '0.0000', '0.0000', '0.0000', '0.0000', '10.0000', '10.0000', '10.0000', '10.0000', '0.0000', '0.0000', '0.0000', '0.0000', '0.0000', '0.0000', '0.0000', '0.0000', '300.0000', '300.0000', '10.0000', '10.0000', 3, 'Webkul\\Customer\\Models\\Customer', 1, 'Webkul\\Core\\Models\\Channel', 4, NULL, '2026-01-02 20:00:40', '2026-01-02 20:02:33'), (5, '5', 'completed', 'افتراضي', 0, 'salemstore.eg@gmail.com', 'Ahmed', 'Ali', 'flatrate_flatrate', 'Flat Rate - Flat Rate', 'Flat Rate Shipping', NULL, 0, 1, 1, 'EGP', 'EGP', 'EGP', '310.0000', '310.0000', '310.0000', '310.0000', '0.0000', '0.0000', '300.0000', '300.0000', '300.0000', '300.0000', '0.0000', '0.0000', '0.0000', '0.0000', '0.0000', '0.0000', '0.0000', '0.0000', '0.0000', '0.0000', '0.0000', '0.0000', '0.0000', '0.0000', '0.0000', '10.0000', '10.0000', '10.0000', '10.0000', '0.0000', '0.0000', '0.0000', '0.0000', '0.0000', '0.0000', '0.0000', '0.0000', '300.0000', '300.0000', '10.0000', '10.0000', 3, 'Webkul\\Customer\\Models\\Customer', 1, 'Webkul\\Core\\Models\\Channel', 5, NULL, '2026-01-02 20:28:06', '2026-01-02 20:33:14'), (6, '6', 'pending', 'افتراضي', 0, 'salemstore.eg@gmail.com', 'Ahmed', 'Ali', 'egyptshipping_egyptshipping', 'Egypt Shipping - Egypt Shipping', 'Shipping rates based on Egyptian governorate', NULL, 0, 1, 1, 'EGP', 'EGP', 'EGP', '350.0000', '350.0000', '0.0000', '0.0000', '0.0000', '0.0000', '300.0000', '300.0000', '0.0000', '0.0000', '0.0000', '0.0000', '0.0000', '0.0000', '0.0000', '0.0000', '0.0000', '0.0000', '0.0000', '0.0000', '0.0000', '0.0000', '0.0000', '0.0000', '0.0000', '50.0000', '50.0000', '0.0000', '0.0000', '0.0000', '0.0000', '0.0000', '0.0000', '0.0000', '0.0000', '0.0000', '0.0000', '300.0000', '300.0000', '50.0000', '50.0000', 3, 'Webkul\\Customer\\Models\\Customer', 1, 'Webkul\\Core\\Models\\Channel', 6, NULL, '2026-01-05 16:33:32', '2026-01-05 16:33:32'), (7, '7', 'pending', 'افتراضي', 0, 'salemstore.eg@gmail.com', 'Ahmed', 'Ali', 'egyptshipping_egyptshipping', 'Egypt Shipping - Egypt Shipping', 'Shipping rates based on Egyptian governorate', NULL, 0, 1, 1, 'EGP', 'EGP', 'EGP', '350.0000', '350.0000', '0.0000', '0.0000', '0.0000', '0.0000', '300.0000', '300.0000', '0.0000', '0.0000', '0.0000', '0.0000', '0.0000', '0.0000', '0.0000', '0.0000', '0.0000', '0.0000', '0.0000', '0.0000', '0.0000', '0.0000', '0.0000', '0.0000', '0.0000', '50.0000', '50.0000', '0.0000', '0.0000', '0.0000', '0.0000', '0.0000', '0.0000', '0.0000', '0.0000', '0.0000', '0.0000', '300.0000', '300.0000', '50.0000', '50.0000', 3, 'Webkul\\Customer\\Models\\Customer', 1, 'Webkul\\Core\\Models\\Channel', 7, NULL, '2026-01-06 13:54:34', '2026-01-06 13:54:34');


-- Structure for table `otps`
DROP TABLE IF EXISTS `otps`;
CREATE TABLE `otps` (
  `id` bigint unsigned NOT NULL AUTO_INCREMENT,
  `phone` varchar(20) COLLATE utf8mb4_unicode_ci NOT NULL,
  `code` varchar(10) COLLATE utf8mb4_unicode_ci NOT NULL,
  `expires_at` timestamp NOT NULL,
  `verified_at` timestamp NULL DEFAULT NULL,
  `created_at` timestamp NULL DEFAULT NULL,
  `updated_at` timestamp NULL DEFAULT NULL,
  PRIMARY KEY (`id`),
  KEY `otps_phone_code_index` (`phone`,`code`),
  KEY `otps_phone_index` (`phone`)
) ENGINE=InnoDB AUTO_INCREMENT=10 DEFAULT CHARSET=utf8mb4 COLLATE=utf8mb4_unicode_ci;

-- Data for table `otps`
INSERT INTO `otps` VALUES (2, '01066571024', '633606', '2026-02-09 15:02:18', NULL, '2026-02-09 14:52:18', '2026-02-09 14:52:18'), (5, '01012439601', '280720', '2026-06-09 13:49:40', '2026-06-09 13:40:10', '2026-06-09 13:39:40', '2026-06-09 13:40:10'), (6, '01012439601', '777149', '2026-06-09 14:38:41', '2026-06-09 14:29:05', '2026-06-09 14:28:41', '2026-06-09 14:29:05'), (7, '01006708705', '104767', '2026-06-16 00:24:28', '2026-06-16 00:15:12', '2026-06-16 00:14:28', '2026-06-16 00:15:12'), (8, '01012439601', '314957', '2026-06-21 11:39:50', '2026-06-21 11:33:20', '2026-06-21 11:29:50', '2026-06-21 11:33:20'), (9, '01012439601', '606600', '2026-06-21 11:47:53', '2026-06-21 11:38:16', '2026-06-21 11:37:53', '2026-06-21 11:38:16');


-- Structure for table `password_resets`
DROP TABLE IF EXISTS `password_resets`;
CREATE TABLE `password_resets` (
  `email` varchar(255) COLLATE utf8mb4_unicode_ci NOT NULL,
  `token` varchar(255) COLLATE utf8mb4_unicode_ci NOT NULL,
  `created_at` timestamp NULL DEFAULT NULL,
  KEY `password_resets_email_index` (`email`)
) ENGINE=InnoDB DEFAULT CHARSET=utf8mb4 COLLATE=utf8mb4_unicode_ci;

-- Data for table `password_resets`


-- Structure for table `personal_access_tokens`
DROP TABLE IF EXISTS `personal_access_tokens`;
CREATE TABLE `personal_access_tokens` (
  `id` bigint unsigned NOT NULL AUTO_INCREMENT,
  `tokenable_type` varchar(255) COLLATE utf8mb4_unicode_ci NOT NULL,
  `tokenable_id` bigint unsigned NOT NULL,
  `name` varchar(255) COLLATE utf8mb4_unicode_ci NOT NULL,
  `token` varchar(64) COLLATE utf8mb4_unicode_ci NOT NULL,
  `abilities` text COLLATE utf8mb4_unicode_ci,
  `last_used_at` timestamp NULL DEFAULT NULL,
  `expires_at` timestamp NULL DEFAULT NULL,
  `created_at` timestamp NULL DEFAULT NULL,
  `updated_at` timestamp NULL DEFAULT NULL,
  PRIMARY KEY (`id`),
  UNIQUE KEY `personal_access_tokens_token_unique` (`token`),
  KEY `personal_access_tokens_tokenable_type_tokenable_id_index` (`tokenable_type`,`tokenable_id`)
) ENGINE=InnoDB DEFAULT CHARSET=utf8mb4 COLLATE=utf8mb4_unicode_ci;

-- Data for table `personal_access_tokens`


-- Structure for table `product_attribute_values`
DROP TABLE IF EXISTS `product_attribute_values`;
CREATE TABLE `product_attribute_values` (
  `id` int unsigned NOT NULL AUTO_INCREMENT,
  `locale` varchar(255) COLLATE utf8mb4_unicode_ci DEFAULT NULL,
  `channel` varchar(255) COLLATE utf8mb4_unicode_ci DEFAULT NULL,
  `text_value` text COLLATE utf8mb4_unicode_ci,
  `boolean_value` tinyint(1) DEFAULT NULL,
  `integer_value` int DEFAULT NULL,
  `float_value` decimal(12,4) DEFAULT NULL,
  `datetime_value` datetime DEFAULT NULL,
  `date_value` date DEFAULT NULL,
  `json_value` json DEFAULT NULL,
  `product_id` int unsigned NOT NULL,
  `attribute_id` int unsigned NOT NULL,
  `unique_id` varchar(255) COLLATE utf8mb4_unicode_ci DEFAULT NULL,
  PRIMARY KEY (`id`),
  UNIQUE KEY `chanel_locale_attribute_value_index_unique` (`channel`,`locale`,`attribute_id`,`product_id`),
  UNIQUE KEY `product_attribute_values_unique_id_unique` (`unique_id`),
  KEY `product_attribute_values_product_id_foreign` (`product_id`),
  KEY `product_attribute_values_attribute_id_foreign` (`attribute_id`),
  CONSTRAINT `product_attribute_values_attribute_id_foreign` FOREIGN KEY (`attribute_id`) REFERENCES `attributes` (`id`) ON DELETE CASCADE,
  CONSTRAINT `product_attribute_values_product_id_foreign` FOREIGN KEY (`product_id`) REFERENCES `products` (`id`) ON DELETE CASCADE
) ENGINE=InnoDB AUTO_INCREMENT=32111 DEFAULT CHARSET=utf8mb4 COLLATE=utf8mb4_unicode_ci;

-- Data for table `product_attribute_values`
INSERT INTO `product_attribute_values` VALUES (1, NULL, NULL, NULL, 1, NULL, NULL, NULL, NULL, NULL, 1, 5, '1|5'), (2, NULL, NULL, NULL, 1, NULL, NULL, NULL, NULL, NULL, 1, 6, '1|6'), (3, NULL, NULL, NULL, 1, NULL, NULL, NULL, NULL, NULL, 1, 7, '1|7'), (4, NULL, 'default', NULL, 1, NULL, NULL, NULL, NULL, NULL, 1, 8, 'default|1|8'), (5, NULL, NULL, NULL, 1, NULL, NULL, NULL, NULL, NULL, 1, 26, '1|26'), (6, NULL, NULL, NULL, NULL, NULL, '200.0000', NULL, NULL, NULL, 1, 11, '1|11'), (7, NULL, NULL, NULL, NULL, NULL, NULL, NULL, NULL, NULL, 1, 12, '1|12'), (8, NULL, NULL, NULL, NULL, NULL, NULL, NULL, NULL, NULL, 1, 13, '1|13'), (9, NULL, 'default', NULL, NULL, NULL, NULL, NULL, NULL, NULL, 1, 14, 'default|1|14'), (10, NULL, 'default', NULL, NULL, NULL, NULL, NULL, NULL, NULL, 1, 15, 'default|1|15'), (11, NULL, NULL, '', NULL, NULL, NULL, NULL, NULL, NULL, 1, 19, '1|19'), (12, NULL, NULL, '', NULL, NULL, NULL, NULL, NULL, NULL, 1, 20, '1|20'), (13, NULL, NULL, '', NULL, NULL, NULL, NULL, NULL, NULL, 1, 21, '1|21'), (14, NULL, NULL, '55', NULL, NULL, NULL, NULL, NULL, NULL, 1, 22, '1|22'), (15, NULL, 'default', NULL, 1, NULL, NULL, NULL, NULL, NULL, 1, 28, 'default|1|28'), (16, 'ar', NULL, '<div class="xdj266r x14z9mp xat24cr x1lziwak x1vvkbs x126k92a">
<div dir="auto">كڤرات PITAKA لـ iPhone 17 Pro Max <span class="html-span xexx8yu xyri2b x18d9i69 x1c1uobl x1hl2dhg x16tdsg8 x1vvkbs x3nfvp2 x1j61x8r x1fcty0u xdj266r xat24cr xm2jcoa x1mpyi22 xxymvpz xlup9mm x1kky2od"><img class="xz74otr x15mokao x1ga7v0g x16uus16 xbiv7yw" src="https://static.xx.fbcdn.net/images/emoji.php/v9/tf4/1/16/2728.png" alt="✨" width="16" height="16"></span></div>
</div>
<div class="x14z9mp xat24cr x1lziwak x1vvkbs xtlvy1s x126k92a">
<div dir="auto">&bull; خامة أراميد فايبر أصلية</div>
<div dir="auto">&bull; خفيف جدًا &ndash; سُمك شبه معدوم</div>
<div dir="auto">&bull; حماية مع الحفاظ على شكل الموبايل</div>
<div dir="auto">&bull; تصميم أنيق يليق بالـ Pro Max</div>
</div>
<div class="x14z9mp xat24cr x1lziwak x1vvkbs xtlvy1s x126k92a">
<div dir="auto">اختار كڤر يكمّل فخامة موبايلك <span class="html-span xexx8yu xyri2b x18d9i69 x1c1uobl x1hl2dhg x16tdsg8 x1vvkbs x3nfvp2 x1j61x8r x1fcty0u xdj266r xat24cr xm2jcoa x1mpyi22 xxymvpz xlup9mm x1kky2od"><img class="xz74otr x15mokao x1ga7v0g x16uus16 xbiv7yw" src="https://static.xx.fbcdn.net/images/emoji.php/v9/t50/1/16/1f525.png" alt="🔥" width="16" height="16"></span><span class="html-span xexx8yu xyri2b x18d9i69 x1c1uobl x1hl2dhg x16tdsg8 x1vvkbs x3nfvp2 x1j61x8r x1fcty0u xdj266r xat24cr xm2jcoa x1mpyi22 xxymvpz xlup9mm x1kky2od"><img class="xz74otr x15mokao x1ga7v0g x16uus16 xbiv7yw" src="https://static.xx.fbcdn.net/images/emoji.php/v9/t57/1/16/1f4f1.png" alt="📱" width="16" height="16"></span></div>
</div>', NULL, NULL, NULL, NULL, NULL, NULL, 1, 9, 'ar|1|9'), (17, 'ar', NULL, '<div class="xdj266r x14z9mp xat24cr x1lziwak x1vvkbs x126k92a">
<div dir="auto">كڤرات PITAKA لـ iPhone 17 Pro Max <span class="html-span xexx8yu xyri2b x18d9i69 x1c1uobl x1hl2dhg x16tdsg8 x1vvkbs x3nfvp2 x1j61x8r x1fcty0u xdj266r xat24cr xm2jcoa x1mpyi22 xxymvpz xlup9mm x1kky2od"><img class="xz74otr x15mokao x1ga7v0g x16uus16 xbiv7yw" src="https://static.xx.fbcdn.net/images/emoji.php/v9/tf4/1/16/2728.png" alt="✨" width="16" height="16"></span></div>
</div>
<div class="x14z9mp xat24cr x1lziwak x1vvkbs xtlvy1s x126k92a">
<div dir="auto">&bull; خامة أراميد فايبر أصلية</div>
<div dir="auto">&bull; خفيف جدًا &ndash; سُمك شبه معدوم</div>
<div dir="auto">&bull; حماية مع الحفاظ على شكل الموبايل</div>
<div dir="auto">&bull; تصميم أنيق يليق بالـ Pro Max</div>
</div>
<div class="x14z9mp xat24cr x1lziwak x1vvkbs xtlvy1s x126k92a">
<div dir="auto">اختار كڤر يكمّل فخامة موبايلك <span class="html-span xexx8yu xyri2b x18d9i69 x1c1uobl x1hl2dhg x16tdsg8 x1vvkbs x3nfvp2 x1j61x8r x1fcty0u xdj266r xat24cr xm2jcoa x1mpyi22 xxymvpz xlup9mm x1kky2od"><img class="xz74otr x15mokao x1ga7v0g x16uus16 xbiv7yw" src="https://static.xx.fbcdn.net/images/emoji.php/v9/t50/1/16/1f525.png" alt="🔥" width="16" height="16"></span><span class="html-span xexx8yu xyri2b x18d9i69 x1c1uobl x1hl2dhg x16tdsg8 x1vvkbs x3nfvp2 x1j61x8r x1fcty0u xdj266r xat24cr xm2jcoa x1mpyi22 xxymvpz xlup9mm x1kky2od"><img class="xz74otr x15mokao x1ga7v0g x16uus16 xbiv7yw" src="https://static.xx.fbcdn.net/images/emoji.php/v9/t57/1/16/1f4f1.png" alt="📱" width="16" height="16"></span></div>
</div>', NULL, NULL, NULL, NULL, NULL, NULL, 1, 10, 'ar|1|10'), (18, 'ar', NULL, '', NULL, NULL, NULL, NULL, NULL, NULL, 1, 16, 'ar|1|16'), (19, 'ar', NULL, '', NULL, NULL, NULL, NULL, NULL, NULL, 1, 17, 'ar|1|17'), (20, 'ar', NULL, '', NULL, NULL, NULL, NULL, NULL, NULL, 1, 18, 'ar|1|18'), (21, NULL, NULL, 'SP-001', NULL, NULL, NULL, NULL, NULL, NULL, 1, 1, '1|1'), (22, 'ar', NULL, 'كڤرات PITAKA', NULL, NULL, NULL, NULL, NULL, NULL, 1, 2, 'ar|1|2'), (23, 'ar', NULL, 'كڤرات-pitaka', NULL, NULL, NULL, NULL, NULL, NULL, 1, 3, 'ar|1|3'), (24, NULL, NULL, '', NULL, NULL, NULL, NULL, NULL, NULL, 1, 27, '1|27'), (25, NULL, NULL, '10,11,12', NULL, NULL, NULL, NULL, NULL, NULL, 1, 29, '1|29'), (26, NULL, NULL, 'SP-002-variant-1-6-13', NULL, NULL, NULL, NULL, NULL, NULL, 3, 1, '3|1'), (27, 'ar', NULL, 'Variant 1 6 13', NULL, NULL, NULL, NULL, NULL, NULL, 3, 2, 'ar|3|2'), (28, 'ar', NULL, 'SP-002-variant-1-6-13', NULL, NULL, NULL, NULL, NULL, NULL, 3, 3, 'ar|3|3'), (29, NULL, 'default', NULL, NULL, 0, NULL, NULL, NULL, NULL, 3, 4, 'default|3|4'), (30, NULL, 'default', NULL, 1, NULL, NULL, NULL, NULL, NULL, 3, 8, 'default|3|8'), (31, 'ar', NULL, 'SP-002-variant-1-6-13', NULL, NULL, NULL, NULL, NULL, NULL, 3, 9, 'ar|3|9'), (32, 'ar', NULL, 'SP-002-variant-1-6-13', NULL, NULL, NULL, NULL, NULL, NULL, 3, 10, 'ar|3|10'), (33, NULL, NULL, NULL, NULL, NULL, '300.0000', NULL, NULL, NULL, 3, 11, '3|11'), (34, NULL, NULL, '0', NULL, NULL, NULL, NULL, NULL, NULL, 3, 22, '3|22'), (35, NULL, NULL, NULL, NULL, 1, NULL, NULL, NULL, NULL, 3, 23, '3|23'), (36, NULL, NULL, NULL, NULL, 6, NULL, NULL, NULL, NULL, 3, 24, '3|24'), (37, NULL, NULL, NULL, NULL, 13, NULL, NULL, NULL, NULL, 3, 30, '3|30'), (38, NULL, NULL, 'SP-002-variant-2-6-13', NULL, NULL, NULL, NULL, NULL, NULL, 4, 1, '4|1'), (39, 'ar', NULL, 'Variant 2 6 13', NULL, NULL, NULL, NULL, NULL, NULL, 4, 2, 'ar|4|2'), (40, 'ar', NULL, 'SP-002-variant-2-6-13', NULL, NULL, NULL, NULL, NULL, NULL, 4, 3, 'ar|4|3'), (41, NULL, 'default', NULL, NULL, 0, NULL, NULL, NULL, NULL, 4, 4, 'default|4|4'), (42, NULL, 'default', NULL, 1, NULL, NULL, NULL, NULL, NULL, 4, 8, 'default|4|8'), (43, 'ar', NULL, 'SP-002-variant-2-6-13', NULL, NULL, NULL, NULL, NULL, NULL, 4, 9, 'ar|4|9'), (44, 'ar', NULL, 'SP-002-variant-2-6-13', NULL, NULL, NULL, NULL, NULL, NULL, 4, 10, 'ar|4|10'), (45, NULL, NULL, NULL, NULL, NULL, '300.0000', NULL, NULL, NULL, 4, 11, '4|11'), (46, NULL, NULL, '0', NULL, NULL, NULL, NULL, NULL, NULL, 4, 22, '4|22'), (47, NULL, NULL, NULL, NULL, 2, NULL, NULL, NULL, NULL, 4, 23, '4|23'), (48, NULL, NULL, NULL, NULL, 6, NULL, NULL, NULL, NULL, 4, 24, '4|24'), (49, NULL, NULL, NULL, NULL, 13, NULL, NULL, NULL, NULL, 4, 30, '4|30'), (50, NULL, NULL, 'SP-002-variant-3-6-13', NULL, NULL, NULL, NULL, NULL, NULL, 5, 1, '5|1'), (51, 'ar', NULL, 'Variant 3 6 13', NULL, NULL, NULL, NULL, NULL, NULL, 5, 2, 'ar|5|2'), (52, 'ar', NULL, 'SP-002-variant-3-6-13', NULL, NULL, NULL, NULL, NULL, NULL, 5, 3, 'ar|5|3'), (53, NULL, 'default', NULL, NULL, 0, NULL, NULL, NULL, NULL, 5, 4, 'default|5|4'), (54, NULL, 'default', NULL, 1, NULL, NULL, NULL, NULL, NULL, 5, 8, 'default|5|8'), (55, 'ar', NULL, 'SP-002-variant-3-6-13', NULL, NULL, NULL, NULL, NULL, NULL, 5, 9, 'ar|5|9'), (56, 'ar', NULL, 'SP-002-variant-3-6-13', NULL, NULL, NULL, NULL, NULL, NULL, 5, 10, 'ar|5|10'), (57, NULL, NULL, NULL, NULL, NULL, '300.0000', NULL, NULL, NULL, 5, 11, '5|11'), (58, NULL, NULL, '0', NULL, NULL, NULL, NULL, NULL, NULL, 5, 22, '5|22'), (59, NULL, NULL, NULL, NULL, 3, NULL, NULL, NULL, NULL, 5, 23, '5|23'), (60, NULL, NULL, NULL, NULL, 6, NULL, NULL, NULL, NULL, 5, 24, '5|24'), (61, NULL, NULL, NULL, NULL, 13, NULL, NULL, NULL, NULL, 5, 30, '5|30'), (62, NULL, NULL, 'SP-002-variant-4-6-13', NULL, NULL, NULL, NULL, NULL, NULL, 6, 1, '6|1'), (63, 'ar', NULL, 'Variant 4 6 13', NULL, NULL, NULL, NULL, NULL, NULL, 6, 2, 'ar|6|2'), (64, 'ar', NULL, 'SP-002-variant-4-6-13', NULL, NULL, NULL, NULL, NULL, NULL, 6, 3, 'ar|6|3'), (65, NULL, 'default', NULL, NULL, 0, NULL, NULL, NULL, NULL, 6, 4, 'default|6|4'), (66, NULL, 'default', NULL, 1, NULL, NULL, NULL, NULL, NULL, 6, 8, 'default|6|8'), (67, 'ar', NULL, 'SP-002-variant-4-6-13', NULL, NULL, NULL, NULL, NULL, NULL, 6, 9, 'ar|6|9'), (68, 'ar', NULL, 'SP-002-variant-4-6-13', NULL, NULL, NULL, NULL, NULL, NULL, 6, 10, 'ar|6|10'), (69, NULL, NULL, NULL, NULL, NULL, '300.0000', NULL, NULL, NULL, 6, 11, '6|11'), (70, NULL, NULL, '0', NULL, NULL, NULL, NULL, NULL, NULL, 6, 22, '6|22'), (71, NULL, NULL, NULL, NULL, 4, NULL, NULL, NULL, NULL, 6, 23, '6|23'), (72, NULL, NULL, NULL, NULL, 6, NULL, NULL, NULL, NULL, 6, 24, '6|24'), (73, NULL, NULL, NULL, NULL, 13, NULL, NULL, NULL, NULL, 6, 30, '6|30'), (74, NULL, NULL, 'SP-002-variant-5-6-13', NULL, NULL, NULL, NULL, NULL, NULL, 7, 1, '7|1'), (75, 'ar', NULL, 'Variant 5 6 13', NULL, NULL, NULL, NULL, NULL, NULL, 7, 2, 'ar|7|2'), (76, 'ar', NULL, 'SP-002-variant-5-6-13', NULL, NULL, NULL, NULL, NULL, NULL, 7, 3, 'ar|7|3'), (77, NULL, 'default', NULL, NULL, 0, NULL, NULL, NULL, NULL, 7, 4, 'default|7|4'), (78, NULL, 'default', NULL, 1, NULL, NULL, NULL, NULL, NULL, 7, 8, 'default|7|8'), (79, 'ar', NULL, 'SP-002-variant-5-6-13', NULL, NULL, NULL, NULL, NULL, NULL, 7, 9, 'ar|7|9'), (80, 'ar', NULL, 'SP-002-variant-5-6-13', NULL, NULL, NULL, NULL, NULL, NULL, 7, 10, 'ar|7|10'), (81, NULL, NULL, NULL, NULL, NULL, '300.0000', NULL, NULL, NULL, 7, 11, '7|11'), (82, NULL, NULL, '0', NULL, NULL, NULL, NULL, NULL, NULL, 7, 22, '7|22'), (83, NULL, NULL, NULL, NULL, 5, NULL, NULL, NULL, NULL, 7, 23, '7|23'), (84, NULL, NULL, NULL, NULL, 6, NULL, NULL, NULL, NULL, 7, 24, '7|24'), (85, NULL, NULL, NULL, NULL, 13, NULL, NULL, NULL, NULL, 7, 30, '7|30'), (86, NULL, NULL, 'SP-002-variant-1-7-13', NULL, NULL, NULL, NULL, NULL, NULL, 8, 1, '8|1'), (87, 'ar', NULL, 'Variant 1 7 13', NULL, NULL, NULL, NULL, NULL, NULL, 8, 2, 'ar|8|2'), (88, 'ar', NULL, 'SP-002-variant-1-7-13', NULL, NULL, NULL, NULL, NULL, NULL, 8, 3, 'ar|8|3'), (89, NULL, 'default', NULL, NULL, 0, NULL, NULL, NULL, NULL, 8, 4, 'default|8|4'), (90, NULL, 'default', NULL, 1, NULL, NULL, NULL, NULL, NULL, 8, 8, 'default|8|8'), (91, 'ar', NULL, 'SP-002-variant-1-7-13', NULL, NULL, NULL, NULL, NULL, NULL, 8, 9, 'ar|8|9'), (92, 'ar', NULL, 'SP-002-variant-1-7-13', NULL, NULL, NULL, NULL, NULL, NULL, 8, 10, 'ar|8|10'), (93, NULL, NULL, NULL, NULL, NULL, '300.0000', NULL, NULL, NULL, 8, 11, '8|11'), (94, NULL, NULL, '0', NULL, NULL, NULL, NULL, NULL, NULL, 8, 22, '8|22'), (95, NULL, NULL, NULL, NULL, 1, NULL, NULL, NULL, NULL, 8, 23, '8|23'), (96, NULL, NULL, NULL, NULL, 7, NULL, NULL, NULL, NULL, 8, 24, '8|24'), (97, NULL, NULL, NULL, NULL, 13, NULL, NULL, NULL, NULL, 8, 30, '8|30'), (98, NULL, NULL, 'SP-002-variant-1-8-13', NULL, NULL, NULL, NULL, NULL, NULL, 9, 1, '9|1'), (99, 'ar', NULL, 'Variant 1 8 13', NULL, NULL, NULL, NULL, NULL, NULL, 9, 2, 'ar|9|2'), (100, 'ar', NULL, 'SP-002-variant-1-8-13', NULL, NULL, NULL, NULL, NULL, NULL, 9, 3, 'ar|9|3');
INSERT INTO `product_attribute_values` VALUES (101, NULL, 'default', NULL, NULL, 0, NULL, NULL, NULL, NULL, 9, 4, 'default|9|4'), (102, NULL, 'default', NULL, 1, NULL, NULL, NULL, NULL, NULL, 9, 8, 'default|9|8'), (103, 'ar', NULL, 'SP-002-variant-1-8-13', NULL, NULL, NULL, NULL, NULL, NULL, 9, 9, 'ar|9|9'), (104, 'ar', NULL, 'SP-002-variant-1-8-13', NULL, NULL, NULL, NULL, NULL, NULL, 9, 10, 'ar|9|10'), (105, NULL, NULL, NULL, NULL, NULL, '300.0000', NULL, NULL, NULL, 9, 11, '9|11'), (106, NULL, NULL, '0', NULL, NULL, NULL, NULL, NULL, NULL, 9, 22, '9|22'), (107, NULL, NULL, NULL, NULL, 1, NULL, NULL, NULL, NULL, 9, 23, '9|23'), (108, NULL, NULL, NULL, NULL, 8, NULL, NULL, NULL, NULL, 9, 24, '9|24'), (109, NULL, NULL, NULL, NULL, 13, NULL, NULL, NULL, NULL, 9, 30, '9|30'), (110, NULL, NULL, 'SP-002-variant-1-9-13', NULL, NULL, NULL, NULL, NULL, NULL, 10, 1, '10|1'), (111, 'ar', NULL, 'Variant 1 9 13', NULL, NULL, NULL, NULL, NULL, NULL, 10, 2, 'ar|10|2'), (112, 'ar', NULL, 'SP-002-variant-1-9-13', NULL, NULL, NULL, NULL, NULL, NULL, 10, 3, 'ar|10|3'), (113, NULL, 'default', NULL, NULL, 0, NULL, NULL, NULL, NULL, 10, 4, 'default|10|4'), (114, NULL, 'default', NULL, 1, NULL, NULL, NULL, NULL, NULL, 10, 8, 'default|10|8'), (115, 'ar', NULL, 'SP-002-variant-1-9-13', NULL, NULL, NULL, NULL, NULL, NULL, 10, 9, 'ar|10|9'), (116, 'ar', NULL, 'SP-002-variant-1-9-13', NULL, NULL, NULL, NULL, NULL, NULL, 10, 10, 'ar|10|10'), (117, NULL, NULL, NULL, NULL, NULL, '300.0000', NULL, NULL, NULL, 10, 11, '10|11'), (118, NULL, NULL, '0', NULL, NULL, NULL, NULL, NULL, NULL, 10, 22, '10|22'), (119, NULL, NULL, NULL, NULL, 1, NULL, NULL, NULL, NULL, 10, 23, '10|23'), (120, NULL, NULL, NULL, NULL, 9, NULL, NULL, NULL, NULL, 10, 24, '10|24'), (121, NULL, NULL, NULL, NULL, 13, NULL, NULL, NULL, NULL, 10, 30, '10|30'), (122, NULL, NULL, 'SP-002-variant-2-7-13', NULL, NULL, NULL, NULL, NULL, NULL, 11, 1, '11|1'), (123, 'ar', NULL, 'Variant 2 7 13', NULL, NULL, NULL, NULL, NULL, NULL, 11, 2, 'ar|11|2'), (124, 'ar', NULL, 'SP-002-variant-2-7-13', NULL, NULL, NULL, NULL, NULL, NULL, 11, 3, 'ar|11|3'), (125, NULL, 'default', NULL, NULL, 0, NULL, NULL, NULL, NULL, 11, 4, 'default|11|4'), (126, NULL, 'default', NULL, 1, NULL, NULL, NULL, NULL, NULL, 11, 8, 'default|11|8'), (127, 'ar', NULL, 'SP-002-variant-2-7-13', NULL, NULL, NULL, NULL, NULL, NULL, 11, 9, 'ar|11|9'), (128, 'ar', NULL, 'SP-002-variant-2-7-13', NULL, NULL, NULL, NULL, NULL, NULL, 11, 10, 'ar|11|10'), (129, NULL, NULL, NULL, NULL, NULL, '300.0000', NULL, NULL, NULL, 11, 11, '11|11'), (130, NULL, NULL, '0', NULL, NULL, NULL, NULL, NULL, NULL, 11, 22, '11|22'), (131, NULL, NULL, NULL, NULL, 2, NULL, NULL, NULL, NULL, 11, 23, '11|23'), (132, NULL, NULL, NULL, NULL, 7, NULL, NULL, NULL, NULL, 11, 24, '11|24'), (133, NULL, NULL, NULL, NULL, 13, NULL, NULL, NULL, NULL, 11, 30, '11|30'), (134, NULL, NULL, 'SP-002-variant-2-8-13', NULL, NULL, NULL, NULL, NULL, NULL, 12, 1, '12|1'), (135, 'ar', NULL, 'Variant 2 8 13', NULL, NULL, NULL, NULL, NULL, NULL, 12, 2, 'ar|12|2'), (136, 'ar', NULL, 'SP-002-variant-2-8-13', NULL, NULL, NULL, NULL, NULL, NULL, 12, 3, 'ar|12|3'), (137, NULL, 'default', NULL, NULL, 0, NULL, NULL, NULL, NULL, 12, 4, 'default|12|4'), (138, NULL, 'default', NULL, 1, NULL, NULL, NULL, NULL, NULL, 12, 8, 'default|12|8'), (139, 'ar', NULL, 'SP-002-variant-2-8-13', NULL, NULL, NULL, NULL, NULL, NULL, 12, 9, 'ar|12|9'), (140, 'ar', NULL, 'SP-002-variant-2-8-13', NULL, NULL, NULL, NULL, NULL, NULL, 12, 10, 'ar|12|10'), (141, NULL, NULL, NULL, NULL, NULL, '300.0000', NULL, NULL, NULL, 12, 11, '12|11'), (142, NULL, NULL, '0', NULL, NULL, NULL, NULL, NULL, NULL, 12, 22, '12|22'), (143, NULL, NULL, NULL, NULL, 2, NULL, NULL, NULL, NULL, 12, 23, '12|23'), (144, NULL, NULL, NULL, NULL, 8, NULL, NULL, NULL, NULL, 12, 24, '12|24'), (145, NULL, NULL, NULL, NULL, 13, NULL, NULL, NULL, NULL, 12, 30, '12|30'), (146, NULL, NULL, 'SP-002-variant-2-9-13', NULL, NULL, NULL, NULL, NULL, NULL, 13, 1, '13|1'), (147, 'ar', NULL, 'Variant 2 9 13', NULL, NULL, NULL, NULL, NULL, NULL, 13, 2, 'ar|13|2'), (148, 'ar', NULL, 'SP-002-variant-2-9-13', NULL, NULL, NULL, NULL, NULL, NULL, 13, 3, 'ar|13|3'), (149, NULL, 'default', NULL, NULL, 0, NULL, NULL, NULL, NULL, 13, 4, 'default|13|4'), (150, NULL, 'default', NULL, 1, NULL, NULL, NULL, NULL, NULL, 13, 8, 'default|13|8'), (151, 'ar', NULL, 'SP-002-variant-2-9-13', NULL, NULL, NULL, NULL, NULL, NULL, 13, 9, 'ar|13|9'), (152, 'ar', NULL, 'SP-002-variant-2-9-13', NULL, NULL, NULL, NULL, NULL, NULL, 13, 10, 'ar|13|10'), (153, NULL, NULL, NULL, NULL, NULL, '300.0000', NULL, NULL, NULL, 13, 11, '13|11'), (154, NULL, NULL, '0', NULL, NULL, NULL, NULL, NULL, NULL, 13, 22, '13|22'), (155, NULL, NULL, NULL, NULL, 2, NULL, NULL, NULL, NULL, 13, 23, '13|23'), (156, NULL, NULL, NULL, NULL, 9, NULL, NULL, NULL, NULL, 13, 24, '13|24'), (157, NULL, NULL, NULL, NULL, 13, NULL, NULL, NULL, NULL, 13, 30, '13|30'), (158, NULL, NULL, 'SP-002-variant-3-7-13', NULL, NULL, NULL, NULL, NULL, NULL, 14, 1, '14|1'), (159, 'ar', NULL, 'Variant 3 7 13', NULL, NULL, NULL, NULL, NULL, NULL, 14, 2, 'ar|14|2'), (160, 'ar', NULL, 'SP-002-variant-3-7-13', NULL, NULL, NULL, NULL, NULL, NULL, 14, 3, 'ar|14|3'), (161, NULL, 'default', NULL, NULL, 0, NULL, NULL, NULL, NULL, 14, 4, 'default|14|4'), (162, NULL, 'default', NULL, 1, NULL, NULL, NULL, NULL, NULL, 14, 8, 'default|14|8'), (163, 'ar', NULL, 'SP-002-variant-3-7-13', NULL, NULL, NULL, NULL, NULL, NULL, 14, 9, 'ar|14|9'), (164, 'ar', NULL, 'SP-002-variant-3-7-13', NULL, NULL, NULL, NULL, NULL, NULL, 14, 10, 'ar|14|10'), (165, NULL, NULL, NULL, NULL, NULL, '300.0000', NULL, NULL, NULL, 14, 11, '14|11'), (166, NULL, NULL, '0', NULL, NULL, NULL, NULL, NULL, NULL, 14, 22, '14|22'), (167, NULL, NULL, NULL, NULL, 3, NULL, NULL, NULL, NULL, 14, 23, '14|23'), (168, NULL, NULL, NULL, NULL, 7, NULL, NULL, NULL, NULL, 14, 24, '14|24'), (169, NULL, NULL, NULL, NULL, 13, NULL, NULL, NULL, NULL, 14, 30, '14|30'), (170, NULL, NULL, 'SP-002-variant-3-8-13', NULL, NULL, NULL, NULL, NULL, NULL, 15, 1, '15|1'), (171, 'ar', NULL, 'Variant 3 8 13', NULL, NULL, NULL, NULL, NULL, NULL, 15, 2, 'ar|15|2'), (172, 'ar', NULL, 'SP-002-variant-3-8-13', NULL, NULL, NULL, NULL, NULL, NULL, 15, 3, 'ar|15|3'), (173, NULL, 'default', NULL, NULL, 0, NULL, NULL, NULL, NULL, 15, 4, 'default|15|4'), (174, NULL, 'default', NULL, 1, NULL, NULL, NULL, NULL, NULL, 15, 8, 'default|15|8'), (175, 'ar', NULL, 'SP-002-variant-3-8-13', NULL, NULL, NULL, NULL, NULL, NULL, 15, 9, 'ar|15|9'), (176, 'ar', NULL, 'SP-002-variant-3-8-13', NULL, NULL, NULL, NULL, NULL, NULL, 15, 10, 'ar|15|10'), (177, NULL, NULL, NULL, NULL, NULL, '300.0000', NULL, NULL, NULL, 15, 11, '15|11'), (178, NULL, NULL, '0', NULL, NULL, NULL, NULL, NULL, NULL, 15, 22, '15|22'), (179, NULL, NULL, NULL, NULL, 3, NULL, NULL, NULL, NULL, 15, 23, '15|23'), (180, NULL, NULL, NULL, NULL, 8, NULL, NULL, NULL, NULL, 15, 24, '15|24'), (181, NULL, NULL, NULL, NULL, 13, NULL, NULL, NULL, NULL, 15, 30, '15|30'), (182, NULL, NULL, 'SP-002-variant-3-9-13', NULL, NULL, NULL, NULL, NULL, NULL, 16, 1, '16|1'), (183, 'ar', NULL, 'Variant 3 9 13', NULL, NULL, NULL, NULL, NULL, NULL, 16, 2, 'ar|16|2'), (184, 'ar', NULL, 'SP-002-variant-3-9-13', NULL, NULL, NULL, NULL, NULL, NULL, 16, 3, 'ar|16|3'), (185, NULL, 'default', NULL, NULL, 0, NULL, NULL, NULL, NULL, 16, 4, 'default|16|4'), (186, NULL, 'default', NULL, 1, NULL, NULL, NULL, NULL, NULL, 16, 8, 'default|16|8'), (187, 'ar', NULL, 'SP-002-variant-3-9-13', NULL, NULL, NULL, NULL, NULL, NULL, 16, 9, 'ar|16|9'), (188, 'ar', NULL, 'SP-002-variant-3-9-13', NULL, NULL, NULL, NULL, NULL, NULL, 16, 10, 'ar|16|10'), (189, NULL, NULL, NULL, NULL, NULL, '300.0000', NULL, NULL, NULL, 16, 11, '16|11'), (190, NULL, NULL, '0', NULL, NULL, NULL, NULL, NULL, NULL, 16, 22, '16|22'), (191, NULL, NULL, NULL, NULL, 3, NULL, NULL, NULL, NULL, 16, 23, '16|23'), (192, NULL, NULL, NULL, NULL, 9, NULL, NULL, NULL, NULL, 16, 24, '16|24'), (193, NULL, NULL, NULL, NULL, 13, NULL, NULL, NULL, NULL, 16, 30, '16|30'), (194, NULL, NULL, 'SP-002-variant-4-7-13', NULL, NULL, NULL, NULL, NULL, NULL, 17, 1, '17|1'), (195, 'ar', NULL, 'Variant 4 7 13', NULL, NULL, NULL, NULL, NULL, NULL, 17, 2, 'ar|17|2'), (196, 'ar', NULL, 'SP-002-variant-4-7-13', NULL, NULL, NULL, NULL, NULL, NULL, 17, 3, 'ar|17|3'), (197, NULL, 'default', NULL, NULL, 0, NULL, NULL, NULL, NULL, 17, 4, 'default|17|4'), (198, NULL, 'default', NULL, 1, NULL, NULL, NULL, NULL, NULL, 17, 8, 'default|17|8'), (199, 'ar', NULL, 'SP-002-variant-4-7-13', NULL, NULL, NULL, NULL, NULL, NULL, 17, 9, 'ar|17|9'), (200, 'ar', NULL, 'SP-002-variant-4-7-13', NULL, NULL, NULL, NULL, NULL, NULL, 17, 10, 'ar|17|10');
INSERT INTO `product_attribute_values` VALUES (201, NULL, NULL, NULL, NULL, NULL, '300.0000', NULL, NULL, NULL, 17, 11, '17|11'), (202, NULL, NULL, '0', NULL, NULL, NULL, NULL, NULL, NULL, 17, 22, '17|22'), (203, NULL, NULL, NULL, NULL, 4, NULL, NULL, NULL, NULL, 17, 23, '17|23'), (204, NULL, NULL, NULL, NULL, 7, NULL, NULL, NULL, NULL, 17, 24, '17|24'), (205, NULL, NULL, NULL, NULL, 13, NULL, NULL, NULL, NULL, 17, 30, '17|30'), (206, NULL, NULL, 'SP-002-variant-4-8-13', NULL, NULL, NULL, NULL, NULL, NULL, 18, 1, '18|1'), (207, 'ar', NULL, 'Variant 4 8 13', NULL, NULL, NULL, NULL, NULL, NULL, 18, 2, 'ar|18|2'), (208, 'ar', NULL, 'SP-002-variant-4-8-13', NULL, NULL, NULL, NULL, NULL, NULL, 18, 3, 'ar|18|3'), (209, NULL, 'default', NULL, NULL, 0, NULL, NULL, NULL, NULL, 18, 4, 'default|18|4'), (210, NULL, 'default', NULL, 1, NULL, NULL, NULL, NULL, NULL, 18, 8, 'default|18|8'), (211, 'ar', NULL, 'SP-002-variant-4-8-13', NULL, NULL, NULL, NULL, NULL, NULL, 18, 9, 'ar|18|9'), (212, 'ar', NULL, 'SP-002-variant-4-8-13', NULL, NULL, NULL, NULL, NULL, NULL, 18, 10, 'ar|18|10'), (213, NULL, NULL, NULL, NULL, NULL, '300.0000', NULL, NULL, NULL, 18, 11, '18|11'), (214, NULL, NULL, '0', NULL, NULL, NULL, NULL, NULL, NULL, 18, 22, '18|22'), (215, NULL, NULL, NULL, NULL, 4, NULL, NULL, NULL, NULL, 18, 23, '18|23'), (216, NULL, NULL, NULL, NULL, 8, NULL, NULL, NULL, NULL, 18, 24, '18|24'), (217, NULL, NULL, NULL, NULL, 13, NULL, NULL, NULL, NULL, 18, 30, '18|30'), (218, NULL, NULL, 'SP-002-variant-4-9-13', NULL, NULL, NULL, NULL, NULL, NULL, 19, 1, '19|1'), (219, 'ar', NULL, 'Variant 4 9 13', NULL, NULL, NULL, NULL, NULL, NULL, 19, 2, 'ar|19|2'), (220, 'ar', NULL, 'SP-002-variant-4-9-13', NULL, NULL, NULL, NULL, NULL, NULL, 19, 3, 'ar|19|3'), (221, NULL, 'default', NULL, NULL, 0, NULL, NULL, NULL, NULL, 19, 4, 'default|19|4'), (222, NULL, 'default', NULL, 1, NULL, NULL, NULL, NULL, NULL, 19, 8, 'default|19|8'), (223, 'ar', NULL, 'SP-002-variant-4-9-13', NULL, NULL, NULL, NULL, NULL, NULL, 19, 9, 'ar|19|9'), (224, 'ar', NULL, 'SP-002-variant-4-9-13', NULL, NULL, NULL, NULL, NULL, NULL, 19, 10, 'ar|19|10'), (225, NULL, NULL, NULL, NULL, NULL, '300.0000', NULL, NULL, NULL, 19, 11, '19|11'), (226, NULL, NULL, '0', NULL, NULL, NULL, NULL, NULL, NULL, 19, 22, '19|22'), (227, NULL, NULL, NULL, NULL, 4, NULL, NULL, NULL, NULL, 19, 23, '19|23'), (228, NULL, NULL, NULL, NULL, 9, NULL, NULL, NULL, NULL, 19, 24, '19|24'), (229, NULL, NULL, NULL, NULL, 13, NULL, NULL, NULL, NULL, 19, 30, '19|30'), (230, NULL, NULL, 'SP-002-variant-5-7-13', NULL, NULL, NULL, NULL, NULL, NULL, 20, 1, '20|1'), (231, 'ar', NULL, 'Variant 5 7 13', NULL, NULL, NULL, NULL, NULL, NULL, 20, 2, 'ar|20|2'), (232, 'ar', NULL, 'SP-002-variant-5-7-13', NULL, NULL, NULL, NULL, NULL, NULL, 20, 3, 'ar|20|3'), (233, NULL, 'default', NULL, NULL, 0, NULL, NULL, NULL, NULL, 20, 4, 'default|20|4'), (234, NULL, 'default', NULL, 1, NULL, NULL, NULL, NULL, NULL, 20, 8, 'default|20|8'), (235, 'ar', NULL, 'SP-002-variant-5-7-13', NULL, NULL, NULL, NULL, NULL, NULL, 20, 9, 'ar|20|9'), (236, 'ar', NULL, 'SP-002-variant-5-7-13', NULL, NULL, NULL, NULL, NULL, NULL, 20, 10, 'ar|20|10'), (237, NULL, NULL, NULL, NULL, NULL, '300.0000', NULL, NULL, NULL, 20, 11, '20|11'), (238, NULL, NULL, '0', NULL, NULL, NULL, NULL, NULL, NULL, 20, 22, '20|22'), (239, NULL, NULL, NULL, NULL, 5, NULL, NULL, NULL, NULL, 20, 23, '20|23'), (240, NULL, NULL, NULL, NULL, 7, NULL, NULL, NULL, NULL, 20, 24, '20|24'), (241, NULL, NULL, NULL, NULL, 13, NULL, NULL, NULL, NULL, 20, 30, '20|30'), (242, NULL, NULL, 'SP-002-variant-5-8-13', NULL, NULL, NULL, NULL, NULL, NULL, 21, 1, '21|1'), (243, 'ar', NULL, 'Variant 5 8 13', NULL, NULL, NULL, NULL, NULL, NULL, 21, 2, 'ar|21|2'), (244, 'ar', NULL, 'SP-002-variant-5-8-13', NULL, NULL, NULL, NULL, NULL, NULL, 21, 3, 'ar|21|3'), (245, NULL, 'default', NULL, NULL, 0, NULL, NULL, NULL, NULL, 21, 4, 'default|21|4'), (246, NULL, 'default', NULL, 1, NULL, NULL, NULL, NULL, NULL, 21, 8, 'default|21|8'), (247, 'ar', NULL, 'SP-002-variant-5-8-13', NULL, NULL, NULL, NULL, NULL, NULL, 21, 9, 'ar|21|9'), (248, 'ar', NULL, 'SP-002-variant-5-8-13', NULL, NULL, NULL, NULL, NULL, NULL, 21, 10, 'ar|21|10'), (249, NULL, NULL, NULL, NULL, NULL, '300.0000', NULL, NULL, NULL, 21, 11, '21|11'), (250, NULL, NULL, '0', NULL, NULL, NULL, NULL, NULL, NULL, 21, 22, '21|22'), (251, NULL, NULL, NULL, NULL, 5, NULL, NULL, NULL, NULL, 21, 23, '21|23'), (252, NULL, NULL, NULL, NULL, 8, NULL, NULL, NULL, NULL, 21, 24, '21|24'), (253, NULL, NULL, NULL, NULL, 13, NULL, NULL, NULL, NULL, 21, 30, '21|30'), (254, NULL, NULL, 'SP-002-variant-5-9-13', NULL, NULL, NULL, NULL, NULL, NULL, 22, 1, '22|1'), (255, 'ar', NULL, 'Variant 5 9 13', NULL, NULL, NULL, NULL, NULL, NULL, 22, 2, 'ar|22|2'), (256, 'ar', NULL, 'SP-002-variant-5-9-13', NULL, NULL, NULL, NULL, NULL, NULL, 22, 3, 'ar|22|3'), (257, NULL, 'default', NULL, NULL, 0, NULL, NULL, NULL, NULL, 22, 4, 'default|22|4'), (258, NULL, 'default', NULL, 1, NULL, NULL, NULL, NULL, NULL, 22, 8, 'default|22|8'), (259, 'ar', NULL, 'SP-002-variant-5-9-13', NULL, NULL, NULL, NULL, NULL, NULL, 22, 9, 'ar|22|9'), (260, 'ar', NULL, 'SP-002-variant-5-9-13', NULL, NULL, NULL, NULL, NULL, NULL, 22, 10, 'ar|22|10'), (261, NULL, NULL, NULL, NULL, NULL, '300.0000', NULL, NULL, NULL, 22, 11, '22|11'), (262, NULL, NULL, '0', NULL, NULL, NULL, NULL, NULL, NULL, 22, 22, '22|22'), (263, NULL, NULL, NULL, NULL, 5, NULL, NULL, NULL, NULL, 22, 23, '22|23'), (264, NULL, NULL, NULL, NULL, 9, NULL, NULL, NULL, NULL, 22, 24, '22|24'), (265, NULL, NULL, NULL, NULL, 13, NULL, NULL, NULL, NULL, 22, 30, '22|30'), (266, NULL, NULL, 'SP-002-variant-1-6-14', NULL, NULL, NULL, NULL, NULL, NULL, 23, 1, '23|1'), (267, 'ar', NULL, 'Variant 1 6 14', NULL, NULL, NULL, NULL, NULL, NULL, 23, 2, 'ar|23|2'), (268, 'ar', NULL, 'SP-002-variant-1-6-14', NULL, NULL, NULL, NULL, NULL, NULL, 23, 3, 'ar|23|3'), (269, NULL, 'default', NULL, NULL, 0, NULL, NULL, NULL, NULL, 23, 4, 'default|23|4'), (270, NULL, 'default', NULL, 1, NULL, NULL, NULL, NULL, NULL, 23, 8, 'default|23|8'), (271, 'ar', NULL, 'SP-002-variant-1-6-14', NULL, NULL, NULL, NULL, NULL, NULL, 23, 9, 'ar|23|9'), (272, 'ar', NULL, 'SP-002-variant-1-6-14', NULL, NULL, NULL, NULL, NULL, NULL, 23, 10, 'ar|23|10'), (273, NULL, NULL, NULL, NULL, NULL, '300.0000', NULL, NULL, NULL, 23, 11, '23|11'), (274, NULL, NULL, '0', NULL, NULL, NULL, NULL, NULL, NULL, 23, 22, '23|22'), (275, NULL, NULL, NULL, NULL, 1, NULL, NULL, NULL, NULL, 23, 23, '23|23'), (276, NULL, NULL, NULL, NULL, 6, NULL, NULL, NULL, NULL, 23, 24, '23|24'), (277, NULL, NULL, NULL, NULL, 14, NULL, NULL, NULL, NULL, 23, 30, '23|30'), (278, NULL, NULL, 'SP-002-variant-2-6-14', NULL, NULL, NULL, NULL, NULL, NULL, 24, 1, '24|1'), (279, 'ar', NULL, 'Variant 2 6 14', NULL, NULL, NULL, NULL, NULL, NULL, 24, 2, 'ar|24|2'), (280, 'ar', NULL, 'SP-002-variant-2-6-14', NULL, NULL, NULL, NULL, NULL, NULL, 24, 3, 'ar|24|3'), (281, NULL, 'default', NULL, NULL, 0, NULL, NULL, NULL, NULL, 24, 4, 'default|24|4'), (282, NULL, 'default', NULL, 1, NULL, NULL, NULL, NULL, NULL, 24, 8, 'default|24|8'), (283, 'ar', NULL, 'SP-002-variant-2-6-14', NULL, NULL, NULL, NULL, NULL, NULL, 24, 9, 'ar|24|9'), (284, 'ar', NULL, 'SP-002-variant-2-6-14', NULL, NULL, NULL, NULL, NULL, NULL, 24, 10, 'ar|24|10'), (285, NULL, NULL, NULL, NULL, NULL, '300.0000', NULL, NULL, NULL, 24, 11, '24|11'), (286, NULL, NULL, '0', NULL, NULL, NULL, NULL, NULL, NULL, 24, 22, '24|22'), (287, NULL, NULL, NULL, NULL, 2, NULL, NULL, NULL, NULL, 24, 23, '24|23'), (288, NULL, NULL, NULL, NULL, 6, NULL, NULL, NULL, NULL, 24, 24, '24|24'), (289, NULL, NULL, NULL, NULL, 14, NULL, NULL, NULL, NULL, 24, 30, '24|30'), (290, NULL, NULL, 'SP-002-variant-3-6-14', NULL, NULL, NULL, NULL, NULL, NULL, 25, 1, '25|1'), (291, 'ar', NULL, 'Variant 3 6 14', NULL, NULL, NULL, NULL, NULL, NULL, 25, 2, 'ar|25|2'), (292, 'ar', NULL, 'SP-002-variant-3-6-14', NULL, NULL, NULL, NULL, NULL, NULL, 25, 3, 'ar|25|3'), (293, NULL, 'default', NULL, NULL, 0, NULL, NULL, NULL, NULL, 25, 4, 'default|25|4'), (294, NULL, 'default', NULL, 1, NULL, NULL, NULL, NULL, NULL, 25, 8, 'default|25|8'), (295, 'ar', NULL, 'SP-002-variant-3-6-14', NULL, NULL, NULL, NULL, NULL, NULL, 25, 9, 'ar|25|9'), (296, 'ar', NULL, 'SP-002-variant-3-6-14', NULL, NULL, NULL, NULL, NULL, NULL, 25, 10, 'ar|25|10'), (297, NULL, NULL, NULL, NULL, NULL, '300.0000', NULL, NULL, NULL, 25, 11, '25|11'), (298, NULL, NULL, '0', NULL, NULL, NULL, NULL, NULL, NULL, 25, 22, '25|22'), (299, NULL, NULL, NULL, NULL, 3, NULL, NULL, NULL, NULL, 25, 23, '25|23'), (300, NULL, NULL, NULL, NULL, 6, NULL, NULL, NULL, NULL, 25, 24, '25|24');
INSERT INTO `product_attribute_values` VALUES (301, NULL, NULL, NULL, NULL, 14, NULL, NULL, NULL, NULL, 25, 30, '25|30'), (302, NULL, NULL, 'SP-002-variant-4-6-14', NULL, NULL, NULL, NULL, NULL, NULL, 26, 1, '26|1'), (303, 'ar', NULL, 'Variant 4 6 14', NULL, NULL, NULL, NULL, NULL, NULL, 26, 2, 'ar|26|2'), (304, 'ar', NULL, 'SP-002-variant-4-6-14', NULL, NULL, NULL, NULL, NULL, NULL, 26, 3, 'ar|26|3'), (305, NULL, 'default', NULL, NULL, 0, NULL, NULL, NULL, NULL, 26, 4, 'default|26|4'), (306, NULL, 'default', NULL, 1, NULL, NULL, NULL, NULL, NULL, 26, 8, 'default|26|8'), (307, 'ar', NULL, 'SP-002-variant-4-6-14', NULL, NULL, NULL, NULL, NULL, NULL, 26, 9, 'ar|26|9'), (308, 'ar', NULL, 'SP-002-variant-4-6-14', NULL, NULL, NULL, NULL, NULL, NULL, 26, 10, 'ar|26|10'), (309, NULL, NULL, NULL, NULL, NULL, '300.0000', NULL, NULL, NULL, 26, 11, '26|11'), (310, NULL, NULL, '0', NULL, NULL, NULL, NULL, NULL, NULL, 26, 22, '26|22'), (311, NULL, NULL, NULL, NULL, 4, NULL, NULL, NULL, NULL, 26, 23, '26|23'), (312, NULL, NULL, NULL, NULL, 6, NULL, NULL, NULL, NULL, 26, 24, '26|24'), (313, NULL, NULL, NULL, NULL, 14, NULL, NULL, NULL, NULL, 26, 30, '26|30'), (314, NULL, NULL, 'SP-002-variant-5-6-14', NULL, NULL, NULL, NULL, NULL, NULL, 27, 1, '27|1'), (315, 'ar', NULL, 'Variant 5 6 14', NULL, NULL, NULL, NULL, NULL, NULL, 27, 2, 'ar|27|2'), (316, 'ar', NULL, 'SP-002-variant-5-6-14', NULL, NULL, NULL, NULL, NULL, NULL, 27, 3, 'ar|27|3'), (317, NULL, 'default', NULL, NULL, 0, NULL, NULL, NULL, NULL, 27, 4, 'default|27|4'), (318, NULL, 'default', NULL, 1, NULL, NULL, NULL, NULL, NULL, 27, 8, 'default|27|8'), (319, 'ar', NULL, 'SP-002-variant-5-6-14', NULL, NULL, NULL, NULL, NULL, NULL, 27, 9, 'ar|27|9'), (320, 'ar', NULL, 'SP-002-variant-5-6-14', NULL, NULL, NULL, NULL, NULL, NULL, 27, 10, 'ar|27|10'), (321, NULL, NULL, NULL, NULL, NULL, '300.0000', NULL, NULL, NULL, 27, 11, '27|11'), (322, NULL, NULL, '0', NULL, NULL, NULL, NULL, NULL, NULL, 27, 22, '27|22'), (323, NULL, NULL, NULL, NULL, 5, NULL, NULL, NULL, NULL, 27, 23, '27|23'), (324, NULL, NULL, NULL, NULL, 6, NULL, NULL, NULL, NULL, 27, 24, '27|24'), (325, NULL, NULL, NULL, NULL, 14, NULL, NULL, NULL, NULL, 27, 30, '27|30'), (326, NULL, NULL, 'SP-002-variant-1-7-14', NULL, NULL, NULL, NULL, NULL, NULL, 28, 1, '28|1'), (327, 'ar', NULL, 'Variant 1 7 14', NULL, NULL, NULL, NULL, NULL, NULL, 28, 2, 'ar|28|2'), (328, 'ar', NULL, 'SP-002-variant-1-7-14', NULL, NULL, NULL, NULL, NULL, NULL, 28, 3, 'ar|28|3'), (329, NULL, 'default', NULL, NULL, 0, NULL, NULL, NULL, NULL, 28, 4, 'default|28|4'), (330, NULL, 'default', NULL, 1, NULL, NULL, NULL, NULL, NULL, 28, 8, 'default|28|8'), (331, 'ar', NULL, 'SP-002-variant-1-7-14', NULL, NULL, NULL, NULL, NULL, NULL, 28, 9, 'ar|28|9'), (332, 'ar', NULL, 'SP-002-variant-1-7-14', NULL, NULL, NULL, NULL, NULL, NULL, 28, 10, 'ar|28|10'), (333, NULL, NULL, NULL, NULL, NULL, '300.0000', NULL, NULL, NULL, 28, 11, '28|11'), (334, NULL, NULL, '0', NULL, NULL, NULL, NULL, NULL, NULL, 28, 22, '28|22'), (335, NULL, NULL, NULL, NULL, 1, NULL, NULL, NULL, NULL, 28, 23, '28|23'), (336, NULL, NULL, NULL, NULL, 7, NULL, NULL, NULL, NULL, 28, 24, '28|24'), (337, NULL, NULL, NULL, NULL, 14, NULL, NULL, NULL, NULL, 28, 30, '28|30'), (338, NULL, NULL, 'SP-002-variant-1-8-14', NULL, NULL, NULL, NULL, NULL, NULL, 29, 1, '29|1'), (339, 'ar', NULL, 'Variant 1 8 14', NULL, NULL, NULL, NULL, NULL, NULL, 29, 2, 'ar|29|2'), (340, 'ar', NULL, 'SP-002-variant-1-8-14', NULL, NULL, NULL, NULL, NULL, NULL, 29, 3, 'ar|29|3'), (341, NULL, 'default', NULL, NULL, 0, NULL, NULL, NULL, NULL, 29, 4, 'default|29|4'), (342, NULL, 'default', NULL, 1, NULL, NULL, NULL, NULL, NULL, 29, 8, 'default|29|8'), (343, 'ar', NULL, 'SP-002-variant-1-8-14', NULL, NULL, NULL, NULL, NULL, NULL, 29, 9, 'ar|29|9'), (344, 'ar', NULL, 'SP-002-variant-1-8-14', NULL, NULL, NULL, NULL, NULL, NULL, 29, 10, 'ar|29|10'), (345, NULL, NULL, NULL, NULL, NULL, '300.0000', NULL, NULL, NULL, 29, 11, '29|11'), (346, NULL, NULL, '0', NULL, NULL, NULL, NULL, NULL, NULL, 29, 22, '29|22'), (347, NULL, NULL, NULL, NULL, 1, NULL, NULL, NULL, NULL, 29, 23, '29|23'), (348, NULL, NULL, NULL, NULL, 8, NULL, NULL, NULL, NULL, 29, 24, '29|24'), (349, NULL, NULL, NULL, NULL, 14, NULL, NULL, NULL, NULL, 29, 30, '29|30'), (350, NULL, NULL, 'SP-002-variant-1-9-14', NULL, NULL, NULL, NULL, NULL, NULL, 30, 1, '30|1'), (351, 'ar', NULL, 'Variant 1 9 14', NULL, NULL, NULL, NULL, NULL, NULL, 30, 2, 'ar|30|2'), (352, 'ar', NULL, 'SP-002-variant-1-9-14', NULL, NULL, NULL, NULL, NULL, NULL, 30, 3, 'ar|30|3'), (353, NULL, 'default', NULL, NULL, 0, NULL, NULL, NULL, NULL, 30, 4, 'default|30|4'), (354, NULL, 'default', NULL, 1, NULL, NULL, NULL, NULL, NULL, 30, 8, 'default|30|8'), (355, 'ar', NULL, 'SP-002-variant-1-9-14', NULL, NULL, NULL, NULL, NULL, NULL, 30, 9, 'ar|30|9'), (356, 'ar', NULL, 'SP-002-variant-1-9-14', NULL, NULL, NULL, NULL, NULL, NULL, 30, 10, 'ar|30|10'), (357, NULL, NULL, NULL, NULL, NULL, '300.0000', NULL, NULL, NULL, 30, 11, '30|11'), (358, NULL, NULL, '0', NULL, NULL, NULL, NULL, NULL, NULL, 30, 22, '30|22'), (359, NULL, NULL, NULL, NULL, 1, NULL, NULL, NULL, NULL, 30, 23, '30|23'), (360, NULL, NULL, NULL, NULL, 9, NULL, NULL, NULL, NULL, 30, 24, '30|24'), (361, NULL, NULL, NULL, NULL, 14, NULL, NULL, NULL, NULL, 30, 30, '30|30'), (362, NULL, NULL, 'SP-002-variant-2-7-14', NULL, NULL, NULL, NULL, NULL, NULL, 31, 1, '31|1'), (363, 'ar', NULL, 'Variant 2 7 14', NULL, NULL, NULL, NULL, NULL, NULL, 31, 2, 'ar|31|2'), (364, 'ar', NULL, 'SP-002-variant-2-7-14', NULL, NULL, NULL, NULL, NULL, NULL, 31, 3, 'ar|31|3'), (365, NULL, 'default', NULL, NULL, 0, NULL, NULL, NULL, NULL, 31, 4, 'default|31|4'), (366, NULL, 'default', NULL, 1, NULL, NULL, NULL, NULL, NULL, 31, 8, 'default|31|8'), (367, 'ar', NULL, 'SP-002-variant-2-7-14', NULL, NULL, NULL, NULL, NULL, NULL, 31, 9, 'ar|31|9'), (368, 'ar', NULL, 'SP-002-variant-2-7-14', NULL, NULL, NULL, NULL, NULL, NULL, 31, 10, 'ar|31|10'), (369, NULL, NULL, NULL, NULL, NULL, '300.0000', NULL, NULL, NULL, 31, 11, '31|11'), (370, NULL, NULL, '0', NULL, NULL, NULL, NULL, NULL, NULL, 31, 22, '31|22'), (371, NULL, NULL, NULL, NULL, 2, NULL, NULL, NULL, NULL, 31, 23, '31|23'), (372, NULL, NULL, NULL, NULL, 7, NULL, NULL, NULL, NULL, 31, 24, '31|24'), (373, NULL, NULL, NULL, NULL, 14, NULL, NULL, NULL, NULL, 31, 30, '31|30'), (374, NULL, NULL, 'SP-002-variant-2-8-14', NULL, NULL, NULL, NULL, NULL, NULL, 32, 1, '32|1'), (375, 'ar', NULL, 'Variant 2 8 14', NULL, NULL, NULL, NULL, NULL, NULL, 32, 2, 'ar|32|2'), (376, 'ar', NULL, 'SP-002-variant-2-8-14', NULL, NULL, NULL, NULL, NULL, NULL, 32, 3, 'ar|32|3'), (377, NULL, 'default', NULL, NULL, 0, NULL, NULL, NULL, NULL, 32, 4, 'default|32|4'), (378, NULL, 'default', NULL, 1, NULL, NULL, NULL, NULL, NULL, 32, 8, 'default|32|8'), (379, 'ar', NULL, 'SP-002-variant-2-8-14', NULL, NULL, NULL, NULL, NULL, NULL, 32, 9, 'ar|32|9'), (380, 'ar', NULL, 'SP-002-variant-2-8-14', NULL, NULL, NULL, NULL, NULL, NULL, 32, 10, 'ar|32|10'), (381, NULL, NULL, NULL, NULL, NULL, '300.0000', NULL, NULL, NULL, 32, 11, '32|11'), (382, NULL, NULL, '0', NULL, NULL, NULL, NULL, NULL, NULL, 32, 22, '32|22'), (383, NULL, NULL, NULL, NULL, 2, NULL, NULL, NULL, NULL, 32, 23, '32|23'), (384, NULL, NULL, NULL, NULL, 8, NULL, NULL, NULL, NULL, 32, 24, '32|24'), (385, NULL, NULL, NULL, NULL, 14, NULL, NULL, NULL, NULL, 32, 30, '32|30'), (386, NULL, NULL, 'SP-002-variant-2-9-14', NULL, NULL, NULL, NULL, NULL, NULL, 33, 1, '33|1'), (387, 'ar', NULL, 'Variant 2 9 14', NULL, NULL, NULL, NULL, NULL, NULL, 33, 2, 'ar|33|2'), (388, 'ar', NULL, 'SP-002-variant-2-9-14', NULL, NULL, NULL, NULL, NULL, NULL, 33, 3, 'ar|33|3'), (389, NULL, 'default', NULL, NULL, 0, NULL, NULL, NULL, NULL, 33, 4, 'default|33|4'), (390, NULL, 'default', NULL, 1, NULL, NULL, NULL, NULL, NULL, 33, 8, 'default|33|8'), (391, 'ar', NULL, 'SP-002-variant-2-9-14', NULL, NULL, NULL, NULL, NULL, NULL, 33, 9, 'ar|33|9'), (392, 'ar', NULL, 'SP-002-variant-2-9-14', NULL, NULL, NULL, NULL, NULL, NULL, 33, 10, 'ar|33|10'), (393, NULL, NULL, NULL, NULL, NULL, '300.0000', NULL, NULL, NULL, 33, 11, '33|11'), (394, NULL, NULL, '0', NULL, NULL, NULL, NULL, NULL, NULL, 33, 22, '33|22'), (395, NULL, NULL, NULL, NULL, 2, NULL, NULL, NULL, NULL, 33, 23, '33|23'), (396, NULL, NULL, NULL, NULL, 9, NULL, NULL, NULL, NULL, 33, 24, '33|24'), (397, NULL, NULL, NULL, NULL, 14, NULL, NULL, NULL, NULL, 33, 30, '33|30'), (398, NULL, NULL, 'SP-002-variant-3-7-14', NULL, NULL, NULL, NULL, NULL, NULL, 34, 1, '34|1'), (399, 'ar', NULL, 'Variant 3 7 14', NULL, NULL, NULL, NULL, NULL, NULL, 34, 2, 'ar|34|2'), (400, 'ar', NULL, 'SP-002-variant-3-7-14', NULL, NULL, NULL, NULL, NULL, NULL, 34, 3, 'ar|34|3');
INSERT INTO `product_attribute_values` VALUES (401, NULL, 'default', NULL, NULL, 0, NULL, NULL, NULL, NULL, 34, 4, 'default|34|4'), (402, NULL, 'default', NULL, 1, NULL, NULL, NULL, NULL, NULL, 34, 8, 'default|34|8'), (403, 'ar', NULL, 'SP-002-variant-3-7-14', NULL, NULL, NULL, NULL, NULL, NULL, 34, 9, 'ar|34|9'), (404, 'ar', NULL, 'SP-002-variant-3-7-14', NULL, NULL, NULL, NULL, NULL, NULL, 34, 10, 'ar|34|10'), (405, NULL, NULL, NULL, NULL, NULL, '300.0000', NULL, NULL, NULL, 34, 11, '34|11'), (406, NULL, NULL, '0', NULL, NULL, NULL, NULL, NULL, NULL, 34, 22, '34|22'), (407, NULL, NULL, NULL, NULL, 3, NULL, NULL, NULL, NULL, 34, 23, '34|23'), (408, NULL, NULL, NULL, NULL, 7, NULL, NULL, NULL, NULL, 34, 24, '34|24'), (409, NULL, NULL, NULL, NULL, 14, NULL, NULL, NULL, NULL, 34, 30, '34|30'), (410, NULL, NULL, 'SP-002-variant-3-8-14', NULL, NULL, NULL, NULL, NULL, NULL, 35, 1, '35|1'), (411, 'ar', NULL, 'Variant 3 8 14', NULL, NULL, NULL, NULL, NULL, NULL, 35, 2, 'ar|35|2'), (412, 'ar', NULL, 'SP-002-variant-3-8-14', NULL, NULL, NULL, NULL, NULL, NULL, 35, 3, 'ar|35|3'), (413, NULL, 'default', NULL, NULL, 0, NULL, NULL, NULL, NULL, 35, 4, 'default|35|4'), (414, NULL, 'default', NULL, 1, NULL, NULL, NULL, NULL, NULL, 35, 8, 'default|35|8'), (415, 'ar', NULL, 'SP-002-variant-3-8-14', NULL, NULL, NULL, NULL, NULL, NULL, 35, 9, 'ar|35|9'), (416, 'ar', NULL, 'SP-002-variant-3-8-14', NULL, NULL, NULL, NULL, NULL, NULL, 35, 10, 'ar|35|10'), (417, NULL, NULL, NULL, NULL, NULL, '300.0000', NULL, NULL, NULL, 35, 11, '35|11'), (418, NULL, NULL, '0', NULL, NULL, NULL, NULL, NULL, NULL, 35, 22, '35|22'), (419, NULL, NULL, NULL, NULL, 3, NULL, NULL, NULL, NULL, 35, 23, '35|23'), (420, NULL, NULL, NULL, NULL, 8, NULL, NULL, NULL, NULL, 35, 24, '35|24'), (421, NULL, NULL, NULL, NULL, 14, NULL, NULL, NULL, NULL, 35, 30, '35|30'), (422, NULL, NULL, 'SP-002-variant-3-9-14', NULL, NULL, NULL, NULL, NULL, NULL, 36, 1, '36|1'), (423, 'ar', NULL, 'Variant 3 9 14', NULL, NULL, NULL, NULL, NULL, NULL, 36, 2, 'ar|36|2'), (424, 'ar', NULL, 'SP-002-variant-3-9-14', NULL, NULL, NULL, NULL, NULL, NULL, 36, 3, 'ar|36|3'), (425, NULL, 'default', NULL, NULL, 0, NULL, NULL, NULL, NULL, 36, 4, 'default|36|4'), (426, NULL, 'default', NULL, 1, NULL, NULL, NULL, NULL, NULL, 36, 8, 'default|36|8'), (427, 'ar', NULL, 'SP-002-variant-3-9-14', NULL, NULL, NULL, NULL, NULL, NULL, 36, 9, 'ar|36|9'), (428, 'ar', NULL, 'SP-002-variant-3-9-14', NULL, NULL, NULL, NULL, NULL, NULL, 36, 10, 'ar|36|10'), (429, NULL, NULL, NULL, NULL, NULL, '300.0000', NULL, NULL, NULL, 36, 11, '36|11'), (430, NULL, NULL, '0', NULL, NULL, NULL, NULL, NULL, NULL, 36, 22, '36|22'), (431, NULL, NULL, NULL, NULL, 3, NULL, NULL, NULL, NULL, 36, 23, '36|23'), (432, NULL, NULL, NULL, NULL, 9, NULL, NULL, NULL, NULL, 36, 24, '36|24'), (433, NULL, NULL, NULL, NULL, 14, NULL, NULL, NULL, NULL, 36, 30, '36|30'), (434, NULL, NULL, 'SP-002-variant-4-7-14', NULL, NULL, NULL, NULL, NULL, NULL, 37, 1, '37|1'), (435, 'ar', NULL, 'Variant 4 7 14', NULL, NULL, NULL, NULL, NULL, NULL, 37, 2, 'ar|37|2'), (436, 'ar', NULL, 'SP-002-variant-4-7-14', NULL, NULL, NULL, NULL, NULL, NULL, 37, 3, 'ar|37|3'), (437, NULL, 'default', NULL, NULL, 0, NULL, NULL, NULL, NULL, 37, 4, 'default|37|4'), (438, NULL, 'default', NULL, 1, NULL, NULL, NULL, NULL, NULL, 37, 8, 'default|37|8'), (439, 'ar', NULL, 'SP-002-variant-4-7-14', NULL, NULL, NULL, NULL, NULL, NULL, 37, 9, 'ar|37|9'), (440, 'ar', NULL, 'SP-002-variant-4-7-14', NULL, NULL, NULL, NULL, NULL, NULL, 37, 10, 'ar|37|10'), (441, NULL, NULL, NULL, NULL, NULL, '300.0000', NULL, NULL, NULL, 37, 11, '37|11'), (442, NULL, NULL, '0', NULL, NULL, NULL, NULL, NULL, NULL, 37, 22, '37|22'), (443, NULL, NULL, NULL, NULL, 4, NULL, NULL, NULL, NULL, 37, 23, '37|23'), (444, NULL, NULL, NULL, NULL, 7, NULL, NULL, NULL, NULL, 37, 24, '37|24'), (445, NULL, NULL, NULL, NULL, 14, NULL, NULL, NULL, NULL, 37, 30, '37|30'), (446, NULL, NULL, 'SP-002-variant-4-8-14', NULL, NULL, NULL, NULL, NULL, NULL, 38, 1, '38|1'), (447, 'ar', NULL, 'Variant 4 8 14', NULL, NULL, NULL, NULL, NULL, NULL, 38, 2, 'ar|38|2'), (448, 'ar', NULL, 'SP-002-variant-4-8-14', NULL, NULL, NULL, NULL, NULL, NULL, 38, 3, 'ar|38|3'), (449, NULL, 'default', NULL, NULL, 0, NULL, NULL, NULL, NULL, 38, 4, 'default|38|4'), (450, NULL, 'default', NULL, 1, NULL, NULL, NULL, NULL, NULL, 38, 8, 'default|38|8'), (451, 'ar', NULL, 'SP-002-variant-4-8-14', NULL, NULL, NULL, NULL, NULL, NULL, 38, 9, 'ar|38|9'), (452, 'ar', NULL, 'SP-002-variant-4-8-14', NULL, NULL, NULL, NULL, NULL, NULL, 38, 10, 'ar|38|10'), (453, NULL, NULL, NULL, NULL, NULL, '300.0000', NULL, NULL, NULL, 38, 11, '38|11'), (454, NULL, NULL, '0', NULL, NULL, NULL, NULL, NULL, NULL, 38, 22, '38|22'), (455, NULL, NULL, NULL, NULL, 4, NULL, NULL, NULL, NULL, 38, 23, '38|23'), (456, NULL, NULL, NULL, NULL, 8, NULL, NULL, NULL, NULL, 38, 24, '38|24'), (457, NULL, NULL, NULL, NULL, 14, NULL, NULL, NULL, NULL, 38, 30, '38|30'), (458, NULL, NULL, 'SP-002-variant-4-9-14', NULL, NULL, NULL, NULL, NULL, NULL, 39, 1, '39|1'), (459, 'ar', NULL, 'Variant 4 9 14', NULL, NULL, NULL, NULL, NULL, NULL, 39, 2, 'ar|39|2'), (460, 'ar', NULL, 'SP-002-variant-4-9-14', NULL, NULL, NULL, NULL, NULL, NULL, 39, 3, 'ar|39|3'), (461, NULL, 'default', NULL, NULL, 0, NULL, NULL, NULL, NULL, 39, 4, 'default|39|4'), (462, NULL, 'default', NULL, 1, NULL, NULL, NULL, NULL, NULL, 39, 8, 'default|39|8'), (463, 'ar', NULL, 'SP-002-variant-4-9-14', NULL, NULL, NULL, NULL, NULL, NULL, 39, 9, 'ar|39|9'), (464, 'ar', NULL, 'SP-002-variant-4-9-14', NULL, NULL, NULL, NULL, NULL, NULL, 39, 10, 'ar|39|10'), (465, NULL, NULL, NULL, NULL, NULL, '300.0000', NULL, NULL, NULL, 39, 11, '39|11'), (466, NULL, NULL, '0', NULL, NULL, NULL, NULL, NULL, NULL, 39, 22, '39|22'), (467, NULL, NULL, NULL, NULL, 4, NULL, NULL, NULL, NULL, 39, 23, '39|23'), (468, NULL, NULL, NULL, NULL, 9, NULL, NULL, NULL, NULL, 39, 24, '39|24'), (469, NULL, NULL, NULL, NULL, 14, NULL, NULL, NULL, NULL, 39, 30, '39|30'), (470, NULL, NULL, 'SP-002-variant-5-7-14', NULL, NULL, NULL, NULL, NULL, NULL, 40, 1, '40|1'), (471, 'ar', NULL, 'Variant 5 7 14', NULL, NULL, NULL, NULL, NULL, NULL, 40, 2, 'ar|40|2'), (472, 'ar', NULL, 'SP-002-variant-5-7-14', NULL, NULL, NULL, NULL, NULL, NULL, 40, 3, 'ar|40|3'), (473, NULL, 'default', NULL, NULL, 0, NULL, NULL, NULL, NULL, 40, 4, 'default|40|4'), (474, NULL, 'default', NULL, 1, NULL, NULL, NULL, NULL, NULL, 40, 8, 'default|40|8'), (475, 'ar', NULL, 'SP-002-variant-5-7-14', NULL, NULL, NULL, NULL, NULL, NULL, 40, 9, 'ar|40|9'), (476, 'ar', NULL, 'SP-002-variant-5-7-14', NULL, NULL, NULL, NULL, NULL, NULL, 40, 10, 'ar|40|10'), (477, NULL, NULL, NULL, NULL, NULL, '300.0000', NULL, NULL, NULL, 40, 11, '40|11'), (478, NULL, NULL, '0', NULL, NULL, NULL, NULL, NULL, NULL, 40, 22, '40|22'), (479, NULL, NULL, NULL, NULL, 5, NULL, NULL, NULL, NULL, 40, 23, '40|23'), (480, NULL, NULL, NULL, NULL, 7, NULL, NULL, NULL, NULL, 40, 24, '40|24'), (481, NULL, NULL, NULL, NULL, 14, NULL, NULL, NULL, NULL, 40, 30, '40|30'), (482, NULL, NULL, 'SP-002-variant-5-8-14', NULL, NULL, NULL, NULL, NULL, NULL, 41, 1, '41|1'), (483, 'ar', NULL, 'Variant 5 8 14', NULL, NULL, NULL, NULL, NULL, NULL, 41, 2, 'ar|41|2'), (484, 'ar', NULL, 'SP-002-variant-5-8-14', NULL, NULL, NULL, NULL, NULL, NULL, 41, 3, 'ar|41|3'), (485, NULL, 'default', NULL, NULL, 0, NULL, NULL, NULL, NULL, 41, 4, 'default|41|4'), (486, NULL, 'default', NULL, 1, NULL, NULL, NULL, NULL, NULL, 41, 8, 'default|41|8'), (487, 'ar', NULL, 'SP-002-variant-5-8-14', NULL, NULL, NULL, NULL, NULL, NULL, 41, 9, 'ar|41|9'), (488, 'ar', NULL, 'SP-002-variant-5-8-14', NULL, NULL, NULL, NULL, NULL, NULL, 41, 10, 'ar|41|10'), (489, NULL, NULL, NULL, NULL, NULL, '300.0000', NULL, NULL, NULL, 41, 11, '41|11'), (490, NULL, NULL, '0', NULL, NULL, NULL, NULL, NULL, NULL, 41, 22, '41|22'), (491, NULL, NULL, NULL, NULL, 5, NULL, NULL, NULL, NULL, 41, 23, '41|23'), (492, NULL, NULL, NULL, NULL, 8, NULL, NULL, NULL, NULL, 41, 24, '41|24'), (493, NULL, NULL, NULL, NULL, 14, NULL, NULL, NULL, NULL, 41, 30, '41|30'), (494, NULL, NULL, 'SP-002-variant-5-9-14', NULL, NULL, NULL, NULL, NULL, NULL, 42, 1, '42|1'), (495, 'ar', NULL, 'Variant 5 9 14', NULL, NULL, NULL, NULL, NULL, NULL, 42, 2, 'ar|42|2'), (496, 'ar', NULL, 'SP-002-variant-5-9-14', NULL, NULL, NULL, NULL, NULL, NULL, 42, 3, 'ar|42|3'), (497, NULL, 'default', NULL, NULL, 0, NULL, NULL, NULL, NULL, 42, 4, 'default|42|4'), (498, NULL, 'default', NULL, 1, NULL, NULL, NULL, NULL, NULL, 42, 8, 'default|42|8'), (499, 'ar', NULL, 'SP-002-variant-5-9-14', NULL, NULL, NULL, NULL, NULL, NULL, 42, 9, 'ar|42|9'), (500, 'ar', NULL, 'SP-002-variant-5-9-14', NULL, NULL, NULL, NULL, NULL, NULL, 42, 10, 'ar|42|10');
INSERT INTO `product_attribute_values` VALUES (501, NULL, NULL, NULL, NULL, NULL, '300.0000', NULL, NULL, NULL, 42, 11, '42|11'), (502, NULL, NULL, '0', NULL, NULL, NULL, NULL, NULL, NULL, 42, 22, '42|22'), (503, NULL, NULL, NULL, NULL, 5, NULL, NULL, NULL, NULL, 42, 23, '42|23'), (504, NULL, NULL, NULL, NULL, 9, NULL, NULL, NULL, NULL, 42, 24, '42|24'), (505, NULL, NULL, NULL, NULL, 14, NULL, NULL, NULL, NULL, 42, 30, '42|30'), (506, NULL, NULL, NULL, 1, NULL, NULL, NULL, NULL, NULL, 2, 5, '2|5'), (507, NULL, NULL, NULL, 1, NULL, NULL, NULL, NULL, NULL, 2, 6, '2|6'), (508, NULL, NULL, NULL, 1, NULL, NULL, NULL, NULL, NULL, 2, 7, '2|7'), (509, NULL, 'default', NULL, 1, NULL, NULL, NULL, NULL, NULL, 2, 8, 'default|2|8'), (510, NULL, NULL, NULL, 1, NULL, NULL, NULL, NULL, NULL, 2, 26, '2|26'), (511, NULL, 'default', NULL, 0, NULL, NULL, NULL, NULL, NULL, 2, 28, 'default|2|28'), (512, 'ar', NULL, '<div class="xdj266r x14z9mp xat24cr x1lziwak x1vvkbs x126k92a">
<div dir="auto">كڤرات PITAKA لـ iPhone 17 Pro Max <span class="html-span xexx8yu xyri2b x18d9i69 x1c1uobl x1hl2dhg x16tdsg8 x1vvkbs x3nfvp2 x1j61x8r x1fcty0u xdj266r xat24cr xm2jcoa x1mpyi22 xxymvpz xlup9mm x1kky2od"><img class="xz74otr x15mokao x1ga7v0g x16uus16 xbiv7yw" src="https://static.xx.fbcdn.net/images/emoji.php/v9/tf4/1/16/2728.png" alt="✨" width="16" height="16"></span></div>
</div>
<div class="x14z9mp xat24cr x1lziwak x1vvkbs xtlvy1s x126k92a">
<div dir="auto">&bull; خامة أراميد فايبر أصلية</div>
<div dir="auto">&bull; خفيف جدًا &ndash; سُمك شبه معدوم</div>
<div dir="auto">&bull; حماية مع الحفاظ على شكل الموبايل</div>
<div dir="auto">&bull; تصميم أنيق يليق بالـ Pro Max</div>
</div>
<div class="x14z9mp xat24cr x1lziwak x1vvkbs xtlvy1s x126k92a">
<div dir="auto">اختار كڤر يكمّل فخامة موبايلك <span class="html-span xexx8yu xyri2b x18d9i69 x1c1uobl x1hl2dhg x16tdsg8 x1vvkbs x3nfvp2 x1j61x8r x1fcty0u xdj266r xat24cr xm2jcoa x1mpyi22 xxymvpz xlup9mm x1kky2od"><img class="xz74otr x15mokao x1ga7v0g x16uus16 xbiv7yw" src="https://static.xx.fbcdn.net/images/emoji.php/v9/t50/1/16/1f525.png" alt="🔥" width="16" height="16"></span><span class="html-span xexx8yu xyri2b x18d9i69 x1c1uobl x1hl2dhg x16tdsg8 x1vvkbs x3nfvp2 x1j61x8r x1fcty0u xdj266r xat24cr xm2jcoa x1mpyi22 xxymvpz xlup9mm x1kky2od"><img class="xz74otr x15mokao x1ga7v0g x16uus16 xbiv7yw" src="https://static.xx.fbcdn.net/images/emoji.php/v9/t57/1/16/1f4f1.png" alt="📱" width="16" height="16"></span></div>
</div>', NULL, NULL, NULL, NULL, NULL, NULL, 2, 9, 'ar|2|9'), (513, 'ar', NULL, '<div class="xdj266r x14z9mp xat24cr x1lziwak x1vvkbs x126k92a">
<div dir="auto">كڤرات PITAKA لـ iPhone 17 Pro Max <span class="html-span xexx8yu xyri2b x18d9i69 x1c1uobl x1hl2dhg x16tdsg8 x1vvkbs x3nfvp2 x1j61x8r x1fcty0u xdj266r xat24cr xm2jcoa x1mpyi22 xxymvpz xlup9mm x1kky2od"><img class="xz74otr x15mokao x1ga7v0g x16uus16 xbiv7yw" src="https://static.xx.fbcdn.net/images/emoji.php/v9/tf4/1/16/2728.png" alt="✨" width="16" height="16"></span></div>
</div>
<div class="x14z9mp xat24cr x1lziwak x1vvkbs xtlvy1s x126k92a">
<div dir="auto">&bull; خامة أراميد فايبر أصلية</div>
<div dir="auto">&bull; خفيف جدًا &ndash; سُمك شبه معدوم</div>
<div dir="auto">&bull; حماية مع الحفاظ على شكل الموبايل</div>
<div dir="auto">&bull; تصميم أنيق يليق بالـ Pro Max</div>
</div>
<div class="x14z9mp xat24cr x1lziwak x1vvkbs xtlvy1s x126k92a">
<div dir="auto">اختار كڤر يكمّل فخامة موبايلك <span class="html-span xexx8yu xyri2b x18d9i69 x1c1uobl x1hl2dhg x16tdsg8 x1vvkbs x3nfvp2 x1j61x8r x1fcty0u xdj266r xat24cr xm2jcoa x1mpyi22 xxymvpz xlup9mm x1kky2od"><img class="xz74otr x15mokao x1ga7v0g x16uus16 xbiv7yw" src="https://static.xx.fbcdn.net/images/emoji.php/v9/t50/1/16/1f525.png" alt="🔥" width="16" height="16"></span><span class="html-span xexx8yu xyri2b x18d9i69 x1c1uobl x1hl2dhg x16tdsg8 x1vvkbs x3nfvp2 x1j61x8r x1fcty0u xdj266r xat24cr xm2jcoa x1mpyi22 xxymvpz xlup9mm x1kky2od"><img class="xz74otr x15mokao x1ga7v0g x16uus16 xbiv7yw" src="https://static.xx.fbcdn.net/images/emoji.php/v9/t57/1/16/1f4f1.png" alt="📱" width="16" height="16"></span></div>
</div>', NULL, NULL, NULL, NULL, NULL, NULL, 2, 10, 'ar|2|10'), (514, 'ar', NULL, '', NULL, NULL, NULL, NULL, NULL, NULL, 2, 16, 'ar|2|16'), (515, 'ar', NULL, '', NULL, NULL, NULL, NULL, NULL, NULL, 2, 17, 'ar|2|17'), (516, 'ar', NULL, '', NULL, NULL, NULL, NULL, NULL, NULL, 2, 18, 'ar|2|18'), (517, NULL, NULL, 'SP-002', NULL, NULL, NULL, NULL, NULL, NULL, 2, 1, '2|1'), (518, 'ar', NULL, 'PITAKA', NULL, NULL, NULL, NULL, NULL, NULL, 2, 2, 'ar|2|2'), (519, 'ar', NULL, 'pitaka', NULL, NULL, NULL, NULL, NULL, NULL, 2, 3, 'ar|2|3'), (520, NULL, NULL, '', NULL, NULL, NULL, NULL, NULL, NULL, 2, 27, '2|27'), (521, NULL, NULL, '10,11', NULL, NULL, NULL, NULL, NULL, NULL, 2, 29, '2|29'), (522, NULL, NULL, 'SP-003-variant-1-13', NULL, NULL, NULL, NULL, NULL, NULL, 44, 1, '44|1'), (523, 'ar', NULL, 'Variant 1 13', NULL, NULL, NULL, NULL, NULL, NULL, 44, 2, 'ar|44|2'), (524, 'ar', NULL, 'SP-003-variant-1-13', NULL, NULL, NULL, NULL, NULL, NULL, 44, 3, 'ar|44|3'), (525, NULL, 'default', NULL, NULL, 0, NULL, NULL, NULL, NULL, 44, 4, 'default|44|4'), (526, NULL, 'default', NULL, 1, NULL, NULL, NULL, NULL, NULL, 44, 8, 'default|44|8'), (527, 'ar', NULL, 'SP-003-variant-1-13', NULL, NULL, NULL, NULL, NULL, NULL, 44, 9, 'ar|44|9'), (528, 'ar', NULL, 'SP-003-variant-1-13', NULL, NULL, NULL, NULL, NULL, NULL, 44, 10, 'ar|44|10'), (529, NULL, NULL, NULL, NULL, NULL, '150.0000', NULL, NULL, NULL, 44, 11, '44|11'), (530, NULL, NULL, '0', NULL, NULL, NULL, NULL, NULL, NULL, 44, 22, '44|22'), (531, NULL, NULL, NULL, NULL, 1, NULL, NULL, NULL, NULL, 44, 23, '44|23'), (532, NULL, NULL, NULL, NULL, 13, NULL, NULL, NULL, NULL, 44, 30, '44|30'), (533, NULL, NULL, 'SP-003-variant-2-13', NULL, NULL, NULL, NULL, NULL, NULL, 45, 1, '45|1'), (534, 'ar', NULL, 'Variant 2 13', NULL, NULL, NULL, NULL, NULL, NULL, 45, 2, 'ar|45|2'), (535, 'ar', NULL, 'SP-003-variant-2-13', NULL, NULL, NULL, NULL, NULL, NULL, 45, 3, 'ar|45|3'), (536, NULL, 'default', NULL, NULL, 0, NULL, NULL, NULL, NULL, 45, 4, 'default|45|4'), (537, NULL, 'default', NULL, 1, NULL, NULL, NULL, NULL, NULL, 45, 8, 'default|45|8'), (538, 'ar', NULL, 'SP-003-variant-2-13', NULL, NULL, NULL, NULL, NULL, NULL, 45, 9, 'ar|45|9'), (539, 'ar', NULL, 'SP-003-variant-2-13', NULL, NULL, NULL, NULL, NULL, NULL, 45, 10, 'ar|45|10'), (540, NULL, NULL, NULL, NULL, NULL, '150.0000', NULL, NULL, NULL, 45, 11, '45|11'), (541, NULL, NULL, '0', NULL, NULL, NULL, NULL, NULL, NULL, 45, 22, '45|22'), (542, NULL, NULL, NULL, NULL, 2, NULL, NULL, NULL, NULL, 45, 23, '45|23'), (543, NULL, NULL, NULL, NULL, 13, NULL, NULL, NULL, NULL, 45, 30, '45|30'), (544, NULL, NULL, 'SP-003-variant-3-13', NULL, NULL, NULL, NULL, NULL, NULL, 46, 1, '46|1'), (545, 'ar', NULL, 'Variant 3 13', NULL, NULL, NULL, NULL, NULL, NULL, 46, 2, 'ar|46|2'), (546, 'ar', NULL, 'SP-003-variant-3-13', NULL, NULL, NULL, NULL, NULL, NULL, 46, 3, 'ar|46|3'), (547, NULL, 'default', NULL, NULL, 0, NULL, NULL, NULL, NULL, 46, 4, 'default|46|4'), (548, NULL, 'default', NULL, 1, NULL, NULL, NULL, NULL, NULL, 46, 8, 'default|46|8'), (549, 'ar', NULL, 'SP-003-variant-3-13', NULL, NULL, NULL, NULL, NULL, NULL, 46, 9, 'ar|46|9'), (550, 'ar', NULL, 'SP-003-variant-3-13', NULL, NULL, NULL, NULL, NULL, NULL, 46, 10, 'ar|46|10'), (551, NULL, NULL, NULL, NULL, NULL, '150.0000', NULL, NULL, NULL, 46, 11, '46|11'), (552, NULL, NULL, '0', NULL, NULL, NULL, NULL, NULL, NULL, 46, 22, '46|22'), (553, NULL, NULL, NULL, NULL, 3, NULL, NULL, NULL, NULL, 46, 23, '46|23'), (554, NULL, NULL, NULL, NULL, 13, NULL, NULL, NULL, NULL, 46, 30, '46|30'), (555, NULL, NULL, 'SP-003-variant-4-13', NULL, NULL, NULL, NULL, NULL, NULL, 47, 1, '47|1'), (556, 'ar', NULL, 'Variant 4 13', NULL, NULL, NULL, NULL, NULL, NULL, 47, 2, 'ar|47|2'), (557, 'ar', NULL, 'SP-003-variant-4-13', NULL, NULL, NULL, NULL, NULL, NULL, 47, 3, 'ar|47|3'), (558, NULL, 'default', NULL, NULL, 0, NULL, NULL, NULL, NULL, 47, 4, 'default|47|4'), (559, NULL, 'default', NULL, 1, NULL, NULL, NULL, NULL, NULL, 47, 8, 'default|47|8'), (560, 'ar', NULL, 'SP-003-variant-4-13', NULL, NULL, NULL, NULL, NULL, NULL, 47, 9, 'ar|47|9'), (561, 'ar', NULL, 'SP-003-variant-4-13', NULL, NULL, NULL, NULL, NULL, NULL, 47, 10, 'ar|47|10'), (562, NULL, NULL, NULL, NULL, NULL, '150.0000', NULL, NULL, NULL, 47, 11, '47|11'), (563, NULL, NULL, '0', NULL, NULL, NULL, NULL, NULL, NULL, 47, 22, '47|22'), (564, NULL, NULL, NULL, NULL, 4, NULL, NULL, NULL, NULL, 47, 23, '47|23'), (565, NULL, NULL, NULL, NULL, 13, NULL, NULL, NULL, NULL, 47, 30, '47|30'), (566, NULL, NULL, 'SP-003-variant-5-13', NULL, NULL, NULL, NULL, NULL, NULL, 48, 1, '48|1'), (567, 'ar', NULL, 'Variant 5 13', NULL, NULL, NULL, NULL, NULL, NULL, 48, 2, 'ar|48|2'), (568, 'ar', NULL, 'SP-003-variant-5-13', NULL, NULL, NULL, NULL, NULL, NULL, 48, 3, 'ar|48|3'), (569, NULL, 'default', NULL, NULL, 0, NULL, NULL, NULL, NULL, 48, 4, 'default|48|4'), (570, NULL, 'default', NULL, 1, NULL, NULL, NULL, NULL, NULL, 48, 8, 'default|48|8'), (571, 'ar', NULL, 'SP-003-variant-5-13', NULL, NULL, NULL, NULL, NULL, NULL, 48, 9, 'ar|48|9'), (572, 'ar', NULL, 'SP-003-variant-5-13', NULL, NULL, NULL, NULL, NULL, NULL, 48, 10, 'ar|48|10'), (573, NULL, NULL, NULL, NULL, NULL, '150.0000', NULL, NULL, NULL, 48, 11, '48|11'), (574, NULL, NULL, '0', NULL, NULL, NULL, NULL, NULL, NULL, 48, 22, '48|22'), (575, NULL, NULL, NULL, NULL, 5, NULL, NULL, NULL, NULL, 48, 23, '48|23'), (576, NULL, NULL, NULL, NULL, 13, NULL, NULL, NULL, NULL, 48, 30, '48|30'), (577, NULL, NULL, 'SP-003-variant-1-14', NULL, NULL, NULL, NULL, NULL, NULL, 49, 1, '49|1'), (578, 'ar', NULL, 'Variant 1 14', NULL, NULL, NULL, NULL, NULL, NULL, 49, 2, 'ar|49|2'), (579, 'ar', NULL, 'SP-003-variant-1-14', NULL, NULL, NULL, NULL, NULL, NULL, 49, 3, 'ar|49|3'), (580, NULL, 'default', NULL, NULL, 0, NULL, NULL, NULL, NULL, 49, 4, 'default|49|4'), (581, NULL, 'default', NULL, 1, NULL, NULL, NULL, NULL, NULL, 49, 8, 'default|49|8'), (582, 'ar', NULL, 'SP-003-variant-1-14', NULL, NULL, NULL, NULL, NULL, NULL, 49, 9, 'ar|49|9'), (583, 'ar', NULL, 'SP-003-variant-1-14', NULL, NULL, NULL, NULL, NULL, NULL, 49, 10, 'ar|49|10'), (584, NULL, NULL, NULL, NULL, NULL, '150.0000', NULL, NULL, NULL, 49, 11, '49|11'), (585, NULL, NULL, '0', NULL, NULL, NULL, NULL, NULL, NULL, 49, 22, '49|22'), (586, NULL, NULL, NULL, NULL, 1, NULL, NULL, NULL, NULL, 49, 23, '49|23'), (587, NULL, NULL, NULL, NULL, 14, NULL, NULL, NULL, NULL, 49, 30, '49|30'), (588, NULL, NULL, 'SP-003-variant-2-14', NULL, NULL, NULL, NULL, NULL, NULL, 50, 1, '50|1'), (589, 'ar', NULL, 'Variant 2 14', NULL, NULL, NULL, NULL, NULL, NULL, 50, 2, 'ar|50|2'), (590, 'ar', NULL, 'SP-003-variant-2-14', NULL, NULL, NULL, NULL, NULL, NULL, 50, 3, 'ar|50|3'), (591, NULL, 'default', NULL, NULL, 0, NULL, NULL, NULL, NULL, 50, 4, 'default|50|4'), (592, NULL, 'default', NULL, 1, NULL, NULL, NULL, NULL, NULL, 50, 8, 'default|50|8'), (593, 'ar', NULL, 'SP-003-variant-2-14', NULL, NULL, NULL, NULL, NULL, NULL, 50, 9, 'ar|50|9'), (594, 'ar', NULL, 'SP-003-variant-2-14', NULL, NULL, NULL, NULL, NULL, NULL, 50, 10, 'ar|50|10'), (595, NULL, NULL, NULL, NULL, NULL, '150.0000', NULL, NULL, NULL, 50, 11, '50|11'), (596, NULL, NULL, '0', NULL, NULL, NULL, NULL, NULL, NULL, 50, 22, '50|22'), (597, NULL, NULL, NULL, NULL, 2, NULL, NULL, NULL, NULL, 50, 23, '50|23'), (598, NULL, NULL, NULL, NULL, 14, NULL, NULL, NULL, NULL, 50, 30, '50|30'), (599, NULL, NULL, 'SP-003-variant-3-14', NULL, NULL, NULL, NULL, NULL, NULL, 51, 1, '51|1'), (600, 'ar', NULL, 'Variant 3 14', NULL, NULL, NULL, NULL, NULL, NULL, 51, 2, 'ar|51|2');
INSERT INTO `product_attribute_values` VALUES (601, 'ar', NULL, 'SP-003-variant-3-14', NULL, NULL, NULL, NULL, NULL, NULL, 51, 3, 'ar|51|3'), (602, NULL, 'default', NULL, NULL, 0, NULL, NULL, NULL, NULL, 51, 4, 'default|51|4'), (603, NULL, 'default', NULL, 1, NULL, NULL, NULL, NULL, NULL, 51, 8, 'default|51|8'), (604, 'ar', NULL, 'SP-003-variant-3-14', NULL, NULL, NULL, NULL, NULL, NULL, 51, 9, 'ar|51|9'), (605, 'ar', NULL, 'SP-003-variant-3-14', NULL, NULL, NULL, NULL, NULL, NULL, 51, 10, 'ar|51|10'), (606, NULL, NULL, NULL, NULL, NULL, '150.0000', NULL, NULL, NULL, 51, 11, '51|11'), (607, NULL, NULL, '0', NULL, NULL, NULL, NULL, NULL, NULL, 51, 22, '51|22'), (608, NULL, NULL, NULL, NULL, 3, NULL, NULL, NULL, NULL, 51, 23, '51|23'), (609, NULL, NULL, NULL, NULL, 14, NULL, NULL, NULL, NULL, 51, 30, '51|30'), (610, NULL, NULL, 'SP-003-variant-4-14', NULL, NULL, NULL, NULL, NULL, NULL, 52, 1, '52|1'), (611, 'ar', NULL, 'Variant 4 14', NULL, NULL, NULL, NULL, NULL, NULL, 52, 2, 'ar|52|2'), (612, 'ar', NULL, 'SP-003-variant-4-14', NULL, NULL, NULL, NULL, NULL, NULL, 52, 3, 'ar|52|3'), (613, NULL, 'default', NULL, NULL, 0, NULL, NULL, NULL, NULL, 52, 4, 'default|52|4'), (614, NULL, 'default', NULL, 1, NULL, NULL, NULL, NULL, NULL, 52, 8, 'default|52|8'), (615, 'ar', NULL, 'SP-003-variant-4-14', NULL, NULL, NULL, NULL, NULL, NULL, 52, 9, 'ar|52|9'), (616, 'ar', NULL, 'SP-003-variant-4-14', NULL, NULL, NULL, NULL, NULL, NULL, 52, 10, 'ar|52|10'), (617, NULL, NULL, NULL, NULL, NULL, '150.0000', NULL, NULL, NULL, 52, 11, '52|11'), (618, NULL, NULL, '0', NULL, NULL, NULL, NULL, NULL, NULL, 52, 22, '52|22'), (619, NULL, NULL, NULL, NULL, 4, NULL, NULL, NULL, NULL, 52, 23, '52|23'), (620, NULL, NULL, NULL, NULL, 14, NULL, NULL, NULL, NULL, 52, 30, '52|30'), (621, NULL, NULL, 'SP-003-variant-5-14', NULL, NULL, NULL, NULL, NULL, NULL, 53, 1, '53|1'), (622, 'ar', NULL, 'Variant 5 14', NULL, NULL, NULL, NULL, NULL, NULL, 53, 2, 'ar|53|2'), (623, 'ar', NULL, 'SP-003-variant-5-14', NULL, NULL, NULL, NULL, NULL, NULL, 53, 3, 'ar|53|3'), (624, NULL, 'default', NULL, NULL, 0, NULL, NULL, NULL, NULL, 53, 4, 'default|53|4'), (625, NULL, 'default', NULL, 1, NULL, NULL, NULL, NULL, NULL, 53, 8, 'default|53|8'), (626, 'ar', NULL, 'SP-003-variant-5-14', NULL, NULL, NULL, NULL, NULL, NULL, 53, 9, 'ar|53|9'), (627, 'ar', NULL, 'SP-003-variant-5-14', NULL, NULL, NULL, NULL, NULL, NULL, 53, 10, 'ar|53|10'), (628, NULL, NULL, NULL, NULL, NULL, '150.0000', NULL, NULL, NULL, 53, 11, '53|11'), (629, NULL, NULL, '0', NULL, NULL, NULL, NULL, NULL, NULL, 53, 22, '53|22'), (630, NULL, NULL, NULL, NULL, 5, NULL, NULL, NULL, NULL, 53, 23, '53|23'), (631, NULL, NULL, NULL, NULL, 14, NULL, NULL, NULL, NULL, 53, 30, '53|30'), (632, NULL, NULL, NULL, 1, NULL, NULL, NULL, NULL, NULL, 43, 5, '43|5'), (633, NULL, NULL, NULL, 1, NULL, NULL, NULL, NULL, NULL, 43, 6, '43|6'), (634, NULL, NULL, NULL, 1, NULL, NULL, NULL, NULL, NULL, 43, 7, '43|7'), (635, NULL, 'default', NULL, 1, NULL, NULL, NULL, NULL, NULL, 43, 8, 'default|43|8'), (636, NULL, NULL, NULL, 1, NULL, NULL, NULL, NULL, NULL, 43, 26, '43|26'), (637, NULL, 'default', NULL, 0, NULL, NULL, NULL, NULL, NULL, 43, 28, 'default|43|28'), (638, 'ar', NULL, '<h1 class="a-size-large a-spacing-none"><span id="productTitle" class="a-size-large product-title-word-break">جراب سيليكون ناعم بطبقة مزدوجة مع بطانة من المايكروفايبر لموبايل آبل آيفون 11 من موبايل ماجيك، لون أسود، مقاس 6.1 بوصة</span></h1>', NULL, NULL, NULL, NULL, NULL, NULL, 43, 9, 'ar|43|9'), (639, 'ar', NULL, '<h1 class="a-size-large a-spacing-none"><span id="productTitle" class="a-size-large product-title-word-break">جراب سيليكون ناعم بطبقة مزدوجة مع بطانة من المايكروفايبر لموبايل آبل آيفون 11 من موبايل ماجيك، لون أسود، مقاس 6.1 بوصة</span></h1>', NULL, NULL, NULL, NULL, NULL, NULL, 43, 10, 'ar|43|10'), (640, 'ar', NULL, '', NULL, NULL, NULL, NULL, NULL, NULL, 43, 16, 'ar|43|16'), (641, 'ar', NULL, '', NULL, NULL, NULL, NULL, NULL, NULL, 43, 17, 'ar|43|17'), (642, 'ar', NULL, '', NULL, NULL, NULL, NULL, NULL, NULL, 43, 18, 'ar|43|18'), (643, NULL, NULL, 'SP-003', NULL, NULL, NULL, NULL, NULL, NULL, 43, 1, '43|1'), (644, 'ar', NULL, 'جراب سيليكون', NULL, NULL, NULL, NULL, NULL, NULL, 43, 2, 'ar|43|2'), (645, 'ar', NULL, 'جراب-سيليكون', NULL, NULL, NULL, NULL, NULL, NULL, 43, 3, 'ar|43|3'), (646, NULL, NULL, '', NULL, NULL, NULL, NULL, NULL, NULL, 43, 27, '43|27'), (647, NULL, NULL, '10,11', NULL, NULL, NULL, NULL, NULL, NULL, 43, 29, '43|29'), (31883, NULL, NULL, NULL, 0, NULL, NULL, NULL, NULL, NULL, 1340, 5, '1340|5'), (31884, NULL, NULL, NULL, 0, NULL, NULL, NULL, NULL, NULL, 1340, 6, '1340|6'), (31885, NULL, NULL, NULL, 1, NULL, NULL, NULL, NULL, NULL, 1340, 7, '1340|7'), (31886, NULL, 'default', NULL, 1, NULL, NULL, NULL, NULL, NULL, 1340, 8, 'default|1340|8'), (31887, NULL, NULL, NULL, 0, NULL, NULL, NULL, NULL, NULL, 1340, 26, '1340|26'), (31888, NULL, NULL, NULL, NULL, NULL, '299.9900', NULL, NULL, NULL, 1340, 11, '1340|11'), (31889, NULL, NULL, '7', NULL, NULL, NULL, NULL, NULL, NULL, 1340, 22, '1340|22'), (31890, NULL, 'default', NULL, 0, NULL, NULL, NULL, NULL, NULL, 1340, 28, 'default|1340|28'), (31891, 'en', NULL, 'The iPhone 6 is a stylish and capable smartphone with a larger display and improved performance.', NULL, NULL, NULL, NULL, NULL, NULL, 1340, 9, 'en|1340|9'), (31892, 'en', NULL, 'The iPhone 6 is a stylish and capable smartphone with a larger display and improved performance.', NULL, NULL, NULL, NULL, NULL, NULL, 1340, 10, 'en|1340|10'), (31893, 'en', NULL, 'iPhone 6', NULL, NULL, NULL, NULL, NULL, NULL, 1340, 2, 'en|1340|2'), (31894, 'en', NULL, 'iphone-6-7sdp', NULL, NULL, NULL, NULL, NULL, NULL, 1340, 3, 'en|1340|3'), (31895, NULL, NULL, NULL, 0, NULL, NULL, NULL, NULL, NULL, 1341, 5, '1341|5'), (31896, NULL, NULL, NULL, 0, NULL, NULL, NULL, NULL, NULL, 1341, 6, '1341|6'), (31897, NULL, NULL, NULL, 1, NULL, NULL, NULL, NULL, NULL, 1341, 7, '1341|7'), (31898, NULL, 'default', NULL, 1, NULL, NULL, NULL, NULL, NULL, 1341, 8, 'default|1341|8'), (31899, NULL, NULL, NULL, 0, NULL, NULL, NULL, NULL, NULL, 1341, 26, '1341|26'), (31900, NULL, NULL, NULL, NULL, NULL, '1099.9900', NULL, NULL, NULL, 1341, 11, '1341|11'), (31901, NULL, NULL, '8', NULL, NULL, NULL, NULL, NULL, NULL, 1341, 22, '1341|22'), (31902, NULL, 'default', NULL, 0, NULL, NULL, NULL, NULL, NULL, 1341, 28, 'default|1341|28'), (31903, 'en', NULL, 'The iPhone 13 Pro is a cutting-edge smartphone with a powerful camera system, high-performance chip, and stunning display.', NULL, NULL, NULL, NULL, NULL, NULL, 1341, 9, 'en|1341|9'), (31904, 'en', NULL, 'The iPhone 13 Pro is a cutting-edge smartphone with a powerful camera system, high-performance chip, and stunning display.', NULL, NULL, NULL, NULL, NULL, NULL, 1341, 10, 'en|1341|10'), (31905, 'en', NULL, 'iPhone 13 Pro', NULL, NULL, NULL, NULL, NULL, NULL, 1341, 2, 'en|1341|2'), (31906, 'en', NULL, 'iphone-13-pro-a5wo', NULL, NULL, NULL, NULL, NULL, NULL, 1341, 3, 'en|1341|3'), (31907, NULL, NULL, NULL, 0, NULL, NULL, NULL, NULL, NULL, 1342, 5, '1342|5'), (31908, NULL, NULL, NULL, 0, NULL, NULL, NULL, NULL, NULL, 1342, 6, '1342|6'), (31909, NULL, NULL, NULL, 1, NULL, NULL, NULL, NULL, NULL, 1342, 7, '1342|7'), (31910, NULL, 'default', NULL, 1, NULL, NULL, NULL, NULL, NULL, 1342, 8, 'default|1342|8'), (31911, NULL, NULL, NULL, 0, NULL, NULL, NULL, NULL, NULL, 1342, 26, '1342|26'), (31912, NULL, NULL, NULL, NULL, NULL, '899.9900', NULL, NULL, NULL, 1342, 11, '1342|11'), (31913, NULL, NULL, '1', NULL, NULL, NULL, NULL, NULL, NULL, 1342, 22, '1342|22'), (31914, NULL, 'default', NULL, 0, NULL, NULL, NULL, NULL, NULL, 1342, 28, 'default|1342|28'), (31915, 'en', NULL, 'The iPhone X is a flagship smartphone featuring a bezel-less OLED display, facial recognition technology (Face ID), and impressive performance.', NULL, NULL, NULL, NULL, NULL, NULL, 1342, 9, 'en|1342|9'), (31916, 'en', NULL, 'The iPhone X is a flagship smartphone featuring a bezel-less OLED display, facial recognition technology (Face ID), and impressive performance.', NULL, NULL, NULL, NULL, NULL, NULL, 1342, 10, 'en|1342|10'), (31917, 'en', NULL, 'iPhone X', NULL, NULL, NULL, NULL, NULL, NULL, 1342, 2, 'en|1342|2'), (31918, 'en', NULL, 'iphone-x-zylr', NULL, NULL, NULL, NULL, NULL, NULL, 1342, 3, 'en|1342|3'), (31919, NULL, NULL, NULL, 0, NULL, NULL, NULL, NULL, NULL, 1343, 5, '1343|5'), (31920, NULL, NULL, NULL, 0, NULL, NULL, NULL, NULL, NULL, 1343, 6, '1343|6'), (31921, NULL, NULL, NULL, 1, NULL, NULL, NULL, NULL, NULL, 1343, 7, '1343|7'), (31922, NULL, 'default', NULL, 1, NULL, NULL, NULL, NULL, NULL, 1343, 8, 'default|1343|8'), (31923, NULL, NULL, NULL, 0, NULL, NULL, NULL, NULL, NULL, 1343, 26, '1343|26'), (31924, NULL, NULL, NULL, NULL, NULL, '249.9900', NULL, NULL, NULL, 1343, 11, '1343|11'), (31925, NULL, NULL, '5', NULL, NULL, NULL, NULL, NULL, NULL, 1343, 22, '1343|22'), (31926, NULL, 'default', NULL, 0, NULL, NULL, NULL, NULL, NULL, 1343, 28, 'default|1343|28'), (31927, 'en', NULL, 'The Oppo A57 is a mid-range smartphone known for its sleek design and capable features.', NULL, NULL, NULL, NULL, NULL, NULL, 1343, 9, 'en|1343|9'), (31928, 'en', NULL, 'The Oppo A57 is a mid-range smartphone known for its sleek design and capable features.', NULL, NULL, NULL, NULL, NULL, NULL, 1343, 10, 'en|1343|10'), (31929, 'en', NULL, 'Oppo A57', NULL, NULL, NULL, NULL, NULL, NULL, 1343, 2, 'en|1343|2'), (31930, 'en', NULL, 'oppo-a57-i5ql', NULL, NULL, NULL, NULL, NULL, NULL, 1343, 3, 'en|1343|3'), (31931, NULL, NULL, NULL, 0, NULL, NULL, NULL, NULL, NULL, 1344, 5, '1344|5'), (31932, NULL, NULL, NULL, 0, NULL, NULL, NULL, NULL, NULL, 1344, 6, '1344|6'), (31933, NULL, NULL, NULL, 1, NULL, NULL, NULL, NULL, NULL, 1344, 7, '1344|7'), (31934, NULL, 'default', NULL, 1, NULL, NULL, NULL, NULL, NULL, 1344, 8, 'default|1344|8'), (31935, NULL, NULL, NULL, 0, NULL, NULL, NULL, NULL, NULL, 1344, 26, '1344|26');
INSERT INTO `product_attribute_values` VALUES (31936, NULL, NULL, NULL, NULL, NULL, '399.9900', NULL, NULL, NULL, 1344, 11, '1344|11'), (31937, NULL, NULL, '6', NULL, NULL, NULL, NULL, NULL, NULL, 1344, 22, '1344|22'), (31938, NULL, 'default', NULL, 0, NULL, NULL, NULL, NULL, NULL, 1344, 28, 'default|1344|28'), (31939, 'en', NULL, 'The Oppo F19 Pro Plus is a feature-rich smartphone with a focus on camera capabilities.', NULL, NULL, NULL, NULL, NULL, NULL, 1344, 9, 'en|1344|9'), (31940, 'en', NULL, 'The Oppo F19 Pro Plus is a feature-rich smartphone with a focus on camera capabilities.', NULL, NULL, NULL, NULL, NULL, NULL, 1344, 10, 'en|1344|10'), (31941, 'en', NULL, 'Oppo F19 Pro Plus', NULL, NULL, NULL, NULL, NULL, NULL, 1344, 2, 'en|1344|2'), (31942, 'en', NULL, 'oppo-f19-pro-plus-gdnc', NULL, NULL, NULL, NULL, NULL, NULL, 1344, 3, 'en|1344|3'), (31943, NULL, NULL, NULL, 0, NULL, NULL, NULL, NULL, NULL, 1345, 5, '1345|5'), (31944, NULL, NULL, NULL, 0, NULL, NULL, NULL, NULL, NULL, 1345, 6, '1345|6'), (31945, NULL, NULL, NULL, 1, NULL, NULL, NULL, NULL, NULL, 1345, 7, '1345|7'), (31946, NULL, 'default', NULL, 1, NULL, NULL, NULL, NULL, NULL, 1345, 8, 'default|1345|8'), (31947, NULL, NULL, NULL, 0, NULL, NULL, NULL, NULL, NULL, 1345, 26, '1345|26'), (31948, NULL, NULL, NULL, NULL, NULL, '299.9900', NULL, NULL, NULL, 1345, 11, '1345|11'), (31949, NULL, NULL, '5', NULL, NULL, NULL, NULL, NULL, NULL, 1345, 22, '1345|22'), (31950, NULL, 'default', NULL, 0, NULL, NULL, NULL, NULL, NULL, 1345, 28, 'default|1345|28'), (31951, 'en', NULL, 'The Oppo K1 series offers a range of smartphones with various features and specifications.', NULL, NULL, NULL, NULL, NULL, NULL, 1345, 9, 'en|1345|9'), (31952, 'en', NULL, 'The Oppo K1 series offers a range of smartphones with various features and specifications.', NULL, NULL, NULL, NULL, NULL, NULL, 1345, 10, 'en|1345|10'), (31953, 'en', NULL, 'Oppo K1', NULL, NULL, NULL, NULL, NULL, NULL, 1345, 2, 'en|1345|2'), (31954, 'en', NULL, 'oppo-k1-fnwu', NULL, NULL, NULL, NULL, NULL, NULL, 1345, 3, 'en|1345|3'), (31955, NULL, NULL, NULL, 0, NULL, NULL, NULL, NULL, NULL, 1346, 5, '1346|5'), (31956, NULL, NULL, NULL, 0, NULL, NULL, NULL, NULL, NULL, 1346, 6, '1346|6'), (31957, NULL, NULL, NULL, 1, NULL, NULL, NULL, NULL, NULL, 1346, 7, '1346|7'), (31958, NULL, 'default', NULL, 1, NULL, NULL, NULL, NULL, NULL, 1346, 8, 'default|1346|8'), (31959, NULL, NULL, NULL, 0, NULL, NULL, NULL, NULL, NULL, 1346, 26, '1346|26'), (31960, NULL, NULL, NULL, NULL, NULL, '149.9900', NULL, NULL, NULL, 1346, 11, '1346|11'), (31961, NULL, NULL, '2', NULL, NULL, NULL, NULL, NULL, NULL, 1346, 22, '1346|22'), (31962, NULL, 'default', NULL, 0, NULL, NULL, NULL, NULL, NULL, 1346, 28, 'default|1346|28'), (31963, 'en', NULL, 'The Realme C35 is a budget-friendly smartphone with a focus on providing essential features for everyday use.', NULL, NULL, NULL, NULL, NULL, NULL, 1346, 9, 'en|1346|9'), (31964, 'en', NULL, 'The Realme C35 is a budget-friendly smartphone with a focus on providing essential features for everyday use.', NULL, NULL, NULL, NULL, NULL, NULL, 1346, 10, 'en|1346|10'), (31965, 'en', NULL, 'Realme C35', NULL, NULL, NULL, NULL, NULL, NULL, 1346, 2, 'en|1346|2'), (31966, 'en', NULL, 'realme-c35-opiv', NULL, NULL, NULL, NULL, NULL, NULL, 1346, 3, 'en|1346|3'), (31967, NULL, NULL, NULL, 0, NULL, NULL, NULL, NULL, NULL, 1347, 5, '1347|5'), (31968, NULL, NULL, NULL, 0, NULL, NULL, NULL, NULL, NULL, 1347, 6, '1347|6'), (31969, NULL, NULL, NULL, 1, NULL, NULL, NULL, NULL, NULL, 1347, 7, '1347|7'), (31970, NULL, 'default', NULL, 1, NULL, NULL, NULL, NULL, NULL, 1347, 8, 'default|1347|8'), (31971, NULL, NULL, NULL, 0, NULL, NULL, NULL, NULL, NULL, 1347, 26, '1347|26'), (31972, NULL, NULL, NULL, NULL, NULL, '299.9900', NULL, NULL, NULL, 1347, 11, '1347|11'), (31973, NULL, NULL, '4', NULL, NULL, NULL, NULL, NULL, NULL, 1347, 22, '1347|22'), (31974, NULL, 'default', NULL, 0, NULL, NULL, NULL, NULL, NULL, 1347, 28, 'default|1347|28'), (31975, 'en', NULL, 'The Realme X is a mid-range smartphone known for its sleek design and impressive display.', NULL, NULL, NULL, NULL, NULL, NULL, 1347, 9, 'en|1347|9'), (31976, 'en', NULL, 'The Realme X is a mid-range smartphone known for its sleek design and impressive display.', NULL, NULL, NULL, NULL, NULL, NULL, 1347, 10, 'en|1347|10'), (31977, 'en', NULL, 'Realme X', NULL, NULL, NULL, NULL, NULL, NULL, 1347, 2, 'en|1347|2'), (31978, 'en', NULL, 'realme-x-jxmf', NULL, NULL, NULL, NULL, NULL, NULL, 1347, 3, 'en|1347|3'), (31979, NULL, NULL, NULL, 0, NULL, NULL, NULL, NULL, NULL, 1348, 5, '1348|5'), (31980, NULL, NULL, NULL, 0, NULL, NULL, NULL, NULL, NULL, 1348, 6, '1348|6'), (31981, NULL, NULL, NULL, 1, NULL, NULL, NULL, NULL, NULL, 1348, 7, '1348|7'), (31982, NULL, 'default', NULL, 1, NULL, NULL, NULL, NULL, NULL, 1348, 8, 'default|1348|8'), (31983, NULL, NULL, NULL, 0, NULL, NULL, NULL, NULL, NULL, 1348, 26, '1348|26'), (31984, NULL, NULL, NULL, NULL, NULL, '349.9900', NULL, NULL, NULL, 1348, 11, '1348|11'), (31985, NULL, NULL, '3', NULL, NULL, NULL, NULL, NULL, NULL, 1348, 22, '1348|22'), (31986, NULL, 'default', NULL, 0, NULL, NULL, NULL, NULL, NULL, 1348, 28, 'default|1348|28'), (31987, 'en', NULL, 'The Realme XT is a feature-rich smartphone with a focus on camera technology.', NULL, NULL, NULL, NULL, NULL, NULL, 1348, 9, 'en|1348|9'), (31988, 'en', NULL, 'The Realme XT is a feature-rich smartphone with a focus on camera technology.', NULL, NULL, NULL, NULL, NULL, NULL, 1348, 10, 'en|1348|10'), (31989, 'en', NULL, 'Realme XT', NULL, NULL, NULL, NULL, NULL, NULL, 1348, 2, 'en|1348|2'), (31990, 'en', NULL, 'realme-xt-jjbo', NULL, NULL, NULL, NULL, NULL, NULL, 1348, 3, 'en|1348|3'), (31991, NULL, NULL, NULL, 0, NULL, NULL, NULL, NULL, NULL, 1349, 5, '1349|5'), (31992, NULL, NULL, NULL, 0, NULL, NULL, NULL, NULL, NULL, 1349, 6, '1349|6'), (31993, NULL, NULL, NULL, 1, NULL, NULL, NULL, NULL, NULL, 1349, 7, '1349|7'), (31994, NULL, 'default', NULL, 1, NULL, NULL, NULL, NULL, NULL, 1349, 8, 'default|1349|8'), (31995, NULL, NULL, NULL, 0, NULL, NULL, NULL, NULL, NULL, 1349, 26, '1349|26'), (31996, NULL, NULL, NULL, NULL, NULL, '299.9900', NULL, NULL, NULL, 1349, 11, '1349|11'), (31997, NULL, NULL, '10', NULL, NULL, NULL, NULL, NULL, NULL, 1349, 22, '1349|22'), (31998, NULL, 'default', NULL, 0, NULL, NULL, NULL, NULL, NULL, 1349, 28, 'default|1349|28'), (31999, 'en', NULL, 'The Samsung Galaxy S7 is a flagship smartphone known for its sleek design and advanced features.', NULL, NULL, NULL, NULL, NULL, NULL, 1349, 9, 'en|1349|9'), (32000, 'en', NULL, 'The Samsung Galaxy S7 is a flagship smartphone known for its sleek design and advanced features.', NULL, NULL, NULL, NULL, NULL, NULL, 1349, 10, 'en|1349|10'), (32001, 'en', NULL, 'Samsung Galaxy S7', NULL, NULL, NULL, NULL, NULL, NULL, 1349, 2, 'en|1349|2'), (32002, 'en', NULL, 'samsung-galaxy-s7-irxh', NULL, NULL, NULL, NULL, NULL, NULL, 1349, 3, 'en|1349|3'), (32003, NULL, NULL, NULL, 0, NULL, NULL, NULL, NULL, NULL, 1350, 5, '1350|5'), (32004, NULL, NULL, NULL, 0, NULL, NULL, NULL, NULL, NULL, 1350, 6, '1350|6'), (32005, NULL, NULL, NULL, 1, NULL, NULL, NULL, NULL, NULL, 1350, 7, '1350|7'), (32006, NULL, 'default', NULL, 1, NULL, NULL, NULL, NULL, NULL, 1350, 8, 'default|1350|8'), (32007, NULL, NULL, NULL, 0, NULL, NULL, NULL, NULL, NULL, 1350, 26, '1350|26'), (32008, NULL, NULL, NULL, NULL, NULL, '499.9900', NULL, NULL, NULL, 1350, 11, '1350|11'), (32009, NULL, NULL, '6', NULL, NULL, NULL, NULL, NULL, NULL, 1350, 22, '1350|22'), (32010, NULL, 'default', NULL, 0, NULL, NULL, NULL, NULL, NULL, 1350, 28, 'default|1350|28'), (32011, 'en', NULL, 'The Samsung Galaxy S8 is a premium smartphone with an Infinity Display, offering a stunning visual experience.', NULL, NULL, NULL, NULL, NULL, NULL, 1350, 9, 'en|1350|9'), (32012, 'en', NULL, 'The Samsung Galaxy S8 is a premium smartphone with an Infinity Display, offering a stunning visual experience.', NULL, NULL, NULL, NULL, NULL, NULL, 1350, 10, 'en|1350|10'), (32013, 'en', NULL, 'Samsung Galaxy S8', NULL, NULL, NULL, NULL, NULL, NULL, 1350, 2, 'en|1350|2'), (32014, 'en', NULL, 'samsung-galaxy-s8-lxco', NULL, NULL, NULL, NULL, NULL, NULL, 1350, 3, 'en|1350|3'), (32015, NULL, NULL, NULL, 0, NULL, NULL, NULL, NULL, NULL, 1351, 5, '1351|5'), (32016, NULL, NULL, NULL, 0, NULL, NULL, NULL, NULL, NULL, 1351, 6, '1351|6'), (32017, NULL, NULL, NULL, 1, NULL, NULL, NULL, NULL, NULL, 1351, 7, '1351|7'), (32018, NULL, 'default', NULL, 1, NULL, NULL, NULL, NULL, NULL, 1351, 8, 'default|1351|8'), (32019, NULL, NULL, NULL, 0, NULL, NULL, NULL, NULL, NULL, 1351, 26, '1351|26'), (32020, NULL, NULL, NULL, NULL, NULL, '699.9900', NULL, NULL, NULL, 1351, 11, '1351|11'), (32021, NULL, NULL, '9', NULL, NULL, NULL, NULL, NULL, NULL, 1351, 22, '1351|22'), (32022, NULL, 'default', NULL, 0, NULL, NULL, NULL, NULL, NULL, 1351, 28, 'default|1351|28'), (32023, 'en', NULL, 'The Samsung Galaxy S10 is a flagship device featuring a dynamic AMOLED display, versatile camera system, and powerful performance.', NULL, NULL, NULL, NULL, NULL, NULL, 1351, 9, 'en|1351|9'), (32024, 'en', NULL, 'The Samsung Galaxy S10 is a flagship device featuring a dynamic AMOLED display, versatile camera system, and powerful performance.', NULL, NULL, NULL, NULL, NULL, NULL, 1351, 10, 'en|1351|10'), (32025, 'en', NULL, 'Samsung Galaxy S10', NULL, NULL, NULL, NULL, NULL, NULL, 1351, 2, 'en|1351|2'), (32026, 'en', NULL, 'samsung-galaxy-s10-yyk4', NULL, NULL, NULL, NULL, NULL, NULL, 1351, 3, 'en|1351|3'), (32027, NULL, NULL, NULL, 0, NULL, NULL, NULL, NULL, NULL, 1352, 5, '1352|5'), (32028, NULL, NULL, NULL, 0, NULL, NULL, NULL, NULL, NULL, 1352, 6, '1352|6'), (32029, NULL, NULL, NULL, 1, NULL, NULL, NULL, NULL, NULL, 1352, 7, '1352|7'), (32030, NULL, 'default', NULL, 1, NULL, NULL, NULL, NULL, NULL, 1352, 8, 'default|1352|8'), (32031, NULL, NULL, NULL, 0, NULL, NULL, NULL, NULL, NULL, 1352, 26, '1352|26'), (32032, NULL, NULL, NULL, NULL, NULL, '249.9900', NULL, NULL, NULL, 1352, 11, '1352|11'), (32033, NULL, NULL, '4', NULL, NULL, NULL, NULL, NULL, NULL, 1352, 22, '1352|22'), (32034, NULL, 'default', NULL, 0, NULL, NULL, NULL, NULL, NULL, 1352, 28, 'default|1352|28'), (32035, 'en', NULL, 'The Vivo S1 is a stylish and mid-range smartphone offering a blend of design and performance.', NULL, NULL, NULL, NULL, NULL, NULL, 1352, 9, 'en|1352|9');
INSERT INTO `product_attribute_values` VALUES (32036, 'en', NULL, 'The Vivo S1 is a stylish and mid-range smartphone offering a blend of design and performance.', NULL, NULL, NULL, NULL, NULL, NULL, 1352, 10, 'en|1352|10'), (32037, 'en', NULL, 'Vivo S1', NULL, NULL, NULL, NULL, NULL, NULL, 1352, 2, 'en|1352|2'), (32038, 'en', NULL, 'vivo-s1-jpgd', NULL, NULL, NULL, NULL, NULL, NULL, 1352, 3, 'en|1352|3'), (32039, NULL, NULL, NULL, 0, NULL, NULL, NULL, NULL, NULL, 1353, 5, '1353|5'), (32040, NULL, NULL, NULL, 0, NULL, NULL, NULL, NULL, NULL, 1353, 6, '1353|6'), (32041, NULL, NULL, NULL, 1, NULL, NULL, NULL, NULL, NULL, 1353, 7, '1353|7'), (32042, NULL, 'default', NULL, 1, NULL, NULL, NULL, NULL, NULL, 1353, 8, 'default|1353|8'), (32043, NULL, NULL, NULL, 0, NULL, NULL, NULL, NULL, NULL, 1353, 26, '1353|26'), (32044, NULL, NULL, NULL, NULL, NULL, '299.9900', NULL, NULL, NULL, 1353, 11, '1353|11'), (32045, NULL, NULL, '4', NULL, NULL, NULL, NULL, NULL, NULL, 1353, 22, '1353|22'), (32046, NULL, 'default', NULL, 0, NULL, NULL, NULL, NULL, NULL, 1353, 28, 'default|1353|28'), (32047, 'en', NULL, 'The Vivo V9 is a smartphone known for its sleek design and emphasis on capturing high-quality selfies.', NULL, NULL, NULL, NULL, NULL, NULL, 1353, 9, 'en|1353|9'), (32048, 'en', NULL, 'The Vivo V9 is a smartphone known for its sleek design and emphasis on capturing high-quality selfies.', NULL, NULL, NULL, NULL, NULL, NULL, 1353, 10, 'en|1353|10'), (32049, 'en', NULL, 'Vivo V9', NULL, NULL, NULL, NULL, NULL, NULL, 1353, 2, 'en|1353|2'), (32050, 'en', NULL, 'vivo-v9-w8rj', NULL, NULL, NULL, NULL, NULL, NULL, 1353, 3, 'en|1353|3'), (32051, NULL, NULL, NULL, 0, NULL, NULL, NULL, NULL, NULL, 1354, 5, '1354|5'), (32052, NULL, NULL, NULL, 0, NULL, NULL, NULL, NULL, NULL, 1354, 6, '1354|6'), (32053, NULL, NULL, NULL, 1, NULL, NULL, NULL, NULL, NULL, 1354, 7, '1354|7'), (32054, NULL, 'default', NULL, 1, NULL, NULL, NULL, NULL, NULL, 1354, 8, 'default|1354|8'), (32055, NULL, NULL, NULL, 0, NULL, NULL, NULL, NULL, NULL, 1354, 26, '1354|26'), (32056, NULL, NULL, NULL, NULL, NULL, '499.9900', NULL, NULL, NULL, 1354, 11, '1354|11'), (32057, NULL, NULL, '10', NULL, NULL, NULL, NULL, NULL, NULL, 1354, 22, '1354|22'), (32058, NULL, 'default', NULL, 0, NULL, NULL, NULL, NULL, NULL, 1354, 28, 'default|1354|28'), (32059, 'en', NULL, 'The Vivo X21 is a premium smartphone with a focus on cutting-edge technology.', NULL, NULL, NULL, NULL, NULL, NULL, 1354, 9, 'en|1354|9'), (32060, 'en', NULL, 'The Vivo X21 is a premium smartphone with a focus on cutting-edge technology.', NULL, NULL, NULL, NULL, NULL, NULL, 1354, 10, 'en|1354|10'), (32061, 'en', NULL, 'Vivo X21', NULL, NULL, NULL, NULL, NULL, NULL, 1354, 2, 'en|1354|2'), (32062, 'en', NULL, 'vivo-x21-rotg', NULL, NULL, NULL, NULL, NULL, NULL, 1354, 3, 'en|1354|3'), (32063, NULL, NULL, NULL, 0, NULL, NULL, NULL, NULL, NULL, 1355, 5, '1355|5'), (32064, NULL, NULL, NULL, 0, NULL, NULL, NULL, NULL, NULL, 1355, 6, '1355|6'), (32065, NULL, NULL, NULL, 1, NULL, NULL, NULL, NULL, NULL, 1355, 7, '1355|7'), (32066, NULL, 'default', NULL, 1, NULL, NULL, NULL, NULL, NULL, 1355, 8, 'default|1355|8'), (32067, NULL, NULL, NULL, 0, NULL, NULL, NULL, NULL, NULL, 1355, 26, '1355|26'), (32068, NULL, NULL, NULL, NULL, NULL, '49.9900', NULL, NULL, NULL, 1355, 11, '1355|11'), (32069, NULL, NULL, '1', NULL, NULL, NULL, NULL, NULL, NULL, 1355, 22, '1355|22'), (32070, NULL, 'default', NULL, 0, NULL, NULL, NULL, NULL, NULL, 1355, 28, 'default|1355|28'), (32071, 'en', NULL, 'True wireless earbuds with active noise cancellation and high quality sound.', NULL, NULL, NULL, NULL, NULL, NULL, 1355, 9, 'en|1355|9'), (32072, 'en', NULL, 'True wireless earbuds with active noise cancellation and high quality sound.', NULL, NULL, NULL, NULL, NULL, NULL, 1355, 10, 'en|1355|10'), (32073, 'en', NULL, 'Joyroom JR-T03S TWS Earbuds', NULL, NULL, NULL, NULL, NULL, NULL, 1355, 2, 'en|1355|2'), (32074, 'en', NULL, 'joyroom-jr-t03s-tws-earbuds-pyko', NULL, NULL, NULL, NULL, NULL, NULL, 1355, 3, 'en|1355|3'), (32075, NULL, NULL, NULL, 0, NULL, NULL, NULL, NULL, NULL, 1356, 5, '1356|5'), (32076, NULL, NULL, NULL, 0, NULL, NULL, NULL, NULL, NULL, 1356, 6, '1356|6'), (32077, NULL, NULL, NULL, 1, NULL, NULL, NULL, NULL, NULL, 1356, 7, '1356|7'), (32078, NULL, 'default', NULL, 1, NULL, NULL, NULL, NULL, NULL, 1356, 8, 'default|1356|8'), (32079, NULL, NULL, NULL, 0, NULL, NULL, NULL, NULL, NULL, 1356, 26, '1356|26'), (32080, NULL, NULL, NULL, NULL, NULL, '19.9900', NULL, NULL, NULL, 1356, 11, '1356|11'), (32081, NULL, NULL, '1', NULL, NULL, NULL, NULL, NULL, NULL, 1356, 22, '1356|22'), (32082, NULL, 'default', NULL, 0, NULL, NULL, NULL, NULL, NULL, 1356, 28, 'default|1356|28'), (32083, 'en', NULL, 'Compact 20W fast charger with PD support.', NULL, NULL, NULL, NULL, NULL, NULL, 1356, 9, 'en|1356|9'), (32084, 'en', NULL, 'Compact 20W fast charger with PD support.', NULL, NULL, NULL, NULL, NULL, NULL, 1356, 10, 'en|1356|10'), (32085, 'en', NULL, 'Joyroom 20W Fast Charger', NULL, NULL, NULL, NULL, NULL, NULL, 1356, 2, 'en|1356|2'), (32086, 'en', NULL, 'joyroom-20w-fast-charger-yivn', NULL, NULL, NULL, NULL, NULL, NULL, 1356, 3, 'en|1356|3'), (32087, NULL, NULL, NULL, 0, NULL, NULL, NULL, NULL, NULL, 1357, 5, '1357|5'), (32088, NULL, NULL, NULL, 0, NULL, NULL, NULL, NULL, NULL, 1357, 6, '1357|6'), (32089, NULL, NULL, NULL, 1, NULL, NULL, NULL, NULL, NULL, 1357, 7, '1357|7'), (32090, NULL, 'default', NULL, 1, NULL, NULL, NULL, NULL, NULL, 1357, 8, 'default|1357|8'), (32091, NULL, NULL, NULL, 0, NULL, NULL, NULL, NULL, NULL, 1357, 26, '1357|26'), (32092, NULL, NULL, NULL, NULL, NULL, '25.9900', NULL, NULL, NULL, 1357, 11, '1357|11'), (32093, NULL, NULL, '2', NULL, NULL, NULL, NULL, NULL, NULL, 1357, 22, '1357|22'), (32094, NULL, 'default', NULL, 0, NULL, NULL, NULL, NULL, NULL, 1357, 28, 'default|1357|28'), (32095, 'en', NULL, 'One of the smallest and lightest 10000mAh portable chargers.', NULL, NULL, NULL, NULL, NULL, NULL, 1357, 9, 'en|1357|9'), (32096, 'en', NULL, 'One of the smallest and lightest 10000mAh portable chargers.', NULL, NULL, NULL, NULL, NULL, NULL, 1357, 10, 'en|1357|10'), (32097, 'en', NULL, 'Anker PowerCore 10000', NULL, NULL, NULL, NULL, NULL, NULL, 1357, 2, 'en|1357|2'), (32098, 'en', NULL, 'anker-powercore-10000-63vx', NULL, NULL, NULL, NULL, NULL, NULL, 1357, 3, 'en|1357|3'), (32099, NULL, NULL, NULL, 0, NULL, NULL, NULL, NULL, NULL, 1358, 5, '1358|5'), (32100, NULL, NULL, NULL, 0, NULL, NULL, NULL, NULL, NULL, 1358, 6, '1358|6'), (32101, NULL, NULL, NULL, 1, NULL, NULL, NULL, NULL, NULL, 1358, 7, '1358|7'), (32102, NULL, 'default', NULL, 1, NULL, NULL, NULL, NULL, NULL, 1358, 8, 'default|1358|8'), (32103, NULL, NULL, NULL, 0, NULL, NULL, NULL, NULL, NULL, 1358, 26, '1358|26'), (32104, NULL, NULL, NULL, NULL, NULL, '59.9900', NULL, NULL, NULL, 1358, 11, '1358|11'), (32105, NULL, NULL, '3', NULL, NULL, NULL, NULL, NULL, NULL, 1358, 22, '1358|22'), (32106, NULL, 'default', NULL, 0, NULL, NULL, NULL, NULL, NULL, 1358, 28, 'default|1358|28'), (32107, 'en', NULL, 'Hybrid Active Noise Cancelling Headphones.', NULL, NULL, NULL, NULL, NULL, NULL, 1358, 9, 'en|1358|9'), (32108, 'en', NULL, 'Hybrid Active Noise Cancelling Headphones.', NULL, NULL, NULL, NULL, NULL, NULL, 1358, 10, 'en|1358|10'), (32109, 'en', NULL, 'Anker Soundcore Life Q20', NULL, NULL, NULL, NULL, NULL, NULL, 1358, 2, 'en|1358|2'), (32110, 'en', NULL, 'anker-soundcore-life-q20-wfn1', NULL, NULL, NULL, NULL, NULL, NULL, 1358, 3, 'en|1358|3');


-- Structure for table `product_bundle_option_products`
DROP TABLE IF EXISTS `product_bundle_option_products`;
CREATE TABLE `product_bundle_option_products` (
  `id` int unsigned NOT NULL AUTO_INCREMENT,
  `product_id` int unsigned NOT NULL,
  `product_bundle_option_id` int unsigned NOT NULL,
  `qty` int NOT NULL DEFAULT '0',
  `is_user_defined` tinyint(1) NOT NULL DEFAULT '1',
  `is_default` tinyint(1) NOT NULL DEFAULT '0',
  `sort_order` int NOT NULL DEFAULT '0',
  PRIMARY KEY (`id`),
  UNIQUE KEY `bundle_option_products_product_id_bundle_option_id_unique` (`product_id`,`product_bundle_option_id`),
  KEY `product_bundle_option_id_foreign` (`product_bundle_option_id`),
  CONSTRAINT `product_bundle_option_id_foreign` FOREIGN KEY (`product_bundle_option_id`) REFERENCES `product_bundle_options` (`id`) ON DELETE CASCADE,
  CONSTRAINT `product_bundle_option_products_product_id_foreign` FOREIGN KEY (`product_id`) REFERENCES `products` (`id`) ON DELETE CASCADE
) ENGINE=InnoDB AUTO_INCREMENT=221 DEFAULT CHARSET=utf8mb4 COLLATE=utf8mb4_unicode_ci;

-- Data for table `product_bundle_option_products`


-- Structure for table `product_bundle_option_translations`
DROP TABLE IF EXISTS `product_bundle_option_translations`;
CREATE TABLE `product_bundle_option_translations` (
  `id` int unsigned NOT NULL AUTO_INCREMENT,
  `locale` varchar(255) COLLATE utf8mb4_unicode_ci NOT NULL,
  `label` varchar(255) COLLATE utf8mb4_unicode_ci DEFAULT NULL,
  `product_bundle_option_id` int unsigned NOT NULL,
  PRIMARY KEY (`id`),
  UNIQUE KEY `product_bundle_option_translations_option_id_locale_unique` (`product_bundle_option_id`,`locale`),
  UNIQUE KEY `bundle_option_translations_locale_label_bundle_option_id_unique` (`locale`,`label`,`product_bundle_option_id`),
  CONSTRAINT `product_bundle_option_translations_option_id_foreign` FOREIGN KEY (`product_bundle_option_id`) REFERENCES `product_bundle_options` (`id`) ON DELETE CASCADE
) ENGINE=InnoDB AUTO_INCREMENT=221 DEFAULT CHARSET=utf8mb4 COLLATE=utf8mb4_unicode_ci;

-- Data for table `product_bundle_option_translations`


-- Structure for table `product_bundle_options`
DROP TABLE IF EXISTS `product_bundle_options`;
CREATE TABLE `product_bundle_options` (
  `id` int unsigned NOT NULL AUTO_INCREMENT,
  `product_id` int unsigned NOT NULL,
  `type` varchar(255) COLLATE utf8mb4_unicode_ci NOT NULL,
  `is_required` tinyint(1) NOT NULL DEFAULT '1',
  `sort_order` int NOT NULL DEFAULT '0',
  PRIMARY KEY (`id`),
  KEY `product_bundle_options_product_id_foreign` (`product_id`),
  CONSTRAINT `product_bundle_options_product_id_foreign` FOREIGN KEY (`product_id`) REFERENCES `products` (`id`) ON DELETE CASCADE
) ENGINE=InnoDB AUTO_INCREMENT=221 DEFAULT CHARSET=utf8mb4 COLLATE=utf8mb4_unicode_ci;

-- Data for table `product_bundle_options`


-- Structure for table `product_categories`
DROP TABLE IF EXISTS `product_categories`;
CREATE TABLE `product_categories` (
  `product_id` int unsigned NOT NULL,
  `category_id` int unsigned NOT NULL,
  UNIQUE KEY `product_categories_product_id_category_id_unique` (`product_id`,`category_id`),
  KEY `product_categories_category_id_foreign` (`category_id`),
  CONSTRAINT `product_categories_category_id_foreign` FOREIGN KEY (`category_id`) REFERENCES `categories` (`id`) ON DELETE CASCADE,
  CONSTRAINT `product_categories_product_id_foreign` FOREIGN KEY (`product_id`) REFERENCES `products` (`id`) ON DELETE CASCADE
) ENGINE=InnoDB DEFAULT CHARSET=utf8mb4 COLLATE=utf8mb4_unicode_ci;

-- Data for table `product_categories`
INSERT INTO `product_categories` VALUES (1340, 1), (1341, 1), (1342, 1), (1343, 1), (1344, 1), (1345, 1), (1346, 1), (1347, 1), (1348, 1), (1349, 1), (1350, 1), (1351, 1), (1352, 1), (1353, 1), (1354, 1), (1355, 1), (1356, 1), (1357, 1), (1358, 1), (2, 2), (43, 2), (1, 5), (2, 5), (43, 5);


-- Structure for table `product_channels`
DROP TABLE IF EXISTS `product_channels`;
CREATE TABLE `product_channels` (
  `product_id` int unsigned NOT NULL,
  `channel_id` int unsigned NOT NULL,
  UNIQUE KEY `product_channels_product_id_channel_id_unique` (`product_id`,`channel_id`),
  KEY `product_channels_channel_id_foreign` (`channel_id`),
  CONSTRAINT `product_channels_channel_id_foreign` FOREIGN KEY (`channel_id`) REFERENCES `channels` (`id`) ON DELETE CASCADE,
  CONSTRAINT `product_channels_product_id_foreign` FOREIGN KEY (`product_id`) REFERENCES `products` (`id`) ON DELETE CASCADE
) ENGINE=InnoDB DEFAULT CHARSET=utf8mb4 COLLATE=utf8mb4_unicode_ci;

-- Data for table `product_channels`
INSERT INTO `product_channels` VALUES (1, 1), (2, 1), (3, 1), (4, 1), (5, 1), (6, 1), (7, 1), (8, 1), (9, 1), (10, 1), (11, 1), (12, 1), (13, 1), (14, 1), (15, 1), (16, 1), (17, 1), (18, 1), (19, 1), (20, 1), (21, 1), (22, 1), (23, 1), (24, 1), (25, 1), (26, 1), (27, 1), (28, 1), (29, 1), (30, 1), (31, 1), (32, 1), (33, 1), (34, 1), (35, 1), (36, 1), (37, 1), (38, 1), (39, 1), (40, 1), (41, 1), (42, 1), (43, 1), (44, 1), (45, 1), (46, 1), (47, 1), (48, 1), (49, 1), (50, 1), (51, 1), (52, 1), (53, 1), (1339, 1), (1340, 1), (1341, 1), (1342, 1), (1343, 1), (1344, 1), (1345, 1), (1346, 1), (1347, 1), (1348, 1), (1349, 1), (1350, 1), (1351, 1), (1352, 1), (1353, 1), (1354, 1), (1355, 1), (1356, 1), (1357, 1), (1358, 1);


-- Structure for table `product_cross_sells`
DROP TABLE IF EXISTS `product_cross_sells`;
CREATE TABLE `product_cross_sells` (
  `parent_id` int unsigned NOT NULL,
  `child_id` int unsigned NOT NULL,
  UNIQUE KEY `product_cross_sells_parent_id_child_id_unique` (`parent_id`,`child_id`),
  KEY `product_cross_sells_child_id_foreign` (`child_id`),
  CONSTRAINT `product_cross_sells_child_id_foreign` FOREIGN KEY (`child_id`) REFERENCES `products` (`id`) ON DELETE CASCADE,
  CONSTRAINT `product_cross_sells_parent_id_foreign` FOREIGN KEY (`parent_id`) REFERENCES `products` (`id`) ON DELETE CASCADE
) ENGINE=InnoDB DEFAULT CHARSET=utf8mb4 COLLATE=utf8mb4_unicode_ci;

-- Data for table `product_cross_sells`


-- Structure for table `product_customer_group_prices`
DROP TABLE IF EXISTS `product_customer_group_prices`;
CREATE TABLE `product_customer_group_prices` (
  `id` bigint unsigned NOT NULL AUTO_INCREMENT,
  `qty` int NOT NULL DEFAULT '0',
  `value_type` varchar(255) COLLATE utf8mb4_unicode_ci NOT NULL,
  `value` decimal(12,4) NOT NULL DEFAULT '0.0000',
  `product_id` int unsigned NOT NULL,
  `customer_group_id` int unsigned DEFAULT NULL,
  `created_at` timestamp NULL DEFAULT NULL,
  `updated_at` timestamp NULL DEFAULT NULL,
  `unique_id` varchar(255) COLLATE utf8mb4_unicode_ci DEFAULT NULL,
  PRIMARY KEY (`id`),
  UNIQUE KEY `product_customer_group_prices_unique_id_unique` (`unique_id`),
  KEY `product_customer_group_prices_product_id_foreign` (`product_id`),
  KEY `product_customer_group_prices_customer_group_id_foreign` (`customer_group_id`),
  CONSTRAINT `product_customer_group_prices_customer_group_id_foreign` FOREIGN KEY (`customer_group_id`) REFERENCES `customer_groups` (`id`) ON DELETE CASCADE,
  CONSTRAINT `product_customer_group_prices_product_id_foreign` FOREIGN KEY (`product_id`) REFERENCES `products` (`id`) ON DELETE CASCADE
) ENGINE=InnoDB AUTO_INCREMENT=141 DEFAULT CHARSET=utf8mb4 COLLATE=utf8mb4_unicode_ci;

-- Data for table `product_customer_group_prices`


-- Structure for table `product_customizable_option_prices`
DROP TABLE IF EXISTS `product_customizable_option_prices`;
CREATE TABLE `product_customizable_option_prices` (
  `id` int unsigned NOT NULL AUTO_INCREMENT,
  `label` text COLLATE utf8mb4_unicode_ci,
  `price` decimal(12,4) NOT NULL DEFAULT '0.0000',
  `product_customizable_option_id` int unsigned NOT NULL,
  `sort_order` int NOT NULL DEFAULT '0',
  PRIMARY KEY (`id`),
  KEY `pcop_product_customizable_option_id_foreign` (`product_customizable_option_id`),
  CONSTRAINT `pcop_product_customizable_option_id_foreign` FOREIGN KEY (`product_customizable_option_id`) REFERENCES `product_customizable_options` (`id`) ON DELETE CASCADE
) ENGINE=InnoDB DEFAULT CHARSET=utf8mb4 COLLATE=utf8mb4_unicode_ci;

-- Data for table `product_customizable_option_prices`


-- Structure for table `product_customizable_option_translations`
DROP TABLE IF EXISTS `product_customizable_option_translations`;
CREATE TABLE `product_customizable_option_translations` (
  `id` int unsigned NOT NULL AUTO_INCREMENT,
  `locale` varchar(255) COLLATE utf8mb4_unicode_ci NOT NULL,
  `label` text COLLATE utf8mb4_unicode_ci,
  `product_customizable_option_id` int unsigned NOT NULL,
  PRIMARY KEY (`id`),
  UNIQUE KEY `product_customizable_option_id_locale_unique` (`product_customizable_option_id`,`locale`),
  CONSTRAINT `pcot_product_customizable_option_id_foreign` FOREIGN KEY (`product_customizable_option_id`) REFERENCES `product_customizable_options` (`id`) ON DELETE CASCADE
) ENGINE=InnoDB DEFAULT CHARSET=utf8mb4 COLLATE=utf8mb4_unicode_ci;

-- Data for table `product_customizable_option_translations`


-- Structure for table `product_customizable_options`
DROP TABLE IF EXISTS `product_customizable_options`;
CREATE TABLE `product_customizable_options` (
  `id` int unsigned NOT NULL AUTO_INCREMENT,
  `product_id` int unsigned NOT NULL,
  `type` varchar(255) COLLATE utf8mb4_unicode_ci NOT NULL,
  `is_required` tinyint(1) NOT NULL DEFAULT '1',
  `max_characters` text COLLATE utf8mb4_unicode_ci,
  `supported_file_extensions` text COLLATE utf8mb4_unicode_ci,
  `sort_order` int NOT NULL DEFAULT '0',
  PRIMARY KEY (`id`),
  KEY `product_customizable_options_product_id_foreign` (`product_id`),
  CONSTRAINT `product_customizable_options_product_id_foreign` FOREIGN KEY (`product_id`) REFERENCES `products` (`id`) ON DELETE CASCADE
) ENGINE=InnoDB DEFAULT CHARSET=utf8mb4 COLLATE=utf8mb4_unicode_ci;

-- Data for table `product_customizable_options`


-- Structure for table `product_downloadable_link_translations`
DROP TABLE IF EXISTS `product_downloadable_link_translations`;
CREATE TABLE `product_downloadable_link_translations` (
  `id` int unsigned NOT NULL AUTO_INCREMENT,
  `product_downloadable_link_id` int unsigned NOT NULL,
  `locale` varchar(255) COLLATE utf8mb4_unicode_ci NOT NULL,
  `title` text COLLATE utf8mb4_unicode_ci,
  PRIMARY KEY (`id`),
  KEY `link_translations_link_id_foreign` (`product_downloadable_link_id`),
  CONSTRAINT `link_translations_link_id_foreign` FOREIGN KEY (`product_downloadable_link_id`) REFERENCES `product_downloadable_links` (`id`) ON DELETE CASCADE
) ENGINE=InnoDB AUTO_INCREMENT=66 DEFAULT CHARSET=utf8mb4 COLLATE=utf8mb4_unicode_ci;

-- Data for table `product_downloadable_link_translations`


-- Structure for table `product_downloadable_links`
DROP TABLE IF EXISTS `product_downloadable_links`;
CREATE TABLE `product_downloadable_links` (
  `id` int unsigned NOT NULL AUTO_INCREMENT,
  `product_id` int unsigned NOT NULL,
  `url` varchar(255) COLLATE utf8mb4_unicode_ci DEFAULT NULL,
  `file` varchar(255) COLLATE utf8mb4_unicode_ci DEFAULT NULL,
  `file_name` varchar(255) COLLATE utf8mb4_unicode_ci DEFAULT NULL,
  `type` varchar(255) COLLATE utf8mb4_unicode_ci NOT NULL,
  `price` decimal(12,4) NOT NULL DEFAULT '0.0000',
  `sample_url` varchar(255) COLLATE utf8mb4_unicode_ci DEFAULT NULL,
  `sample_file` varchar(255) COLLATE utf8mb4_unicode_ci DEFAULT NULL,
  `sample_file_name` varchar(255) COLLATE utf8mb4_unicode_ci DEFAULT NULL,
  `sample_type` varchar(255) COLLATE utf8mb4_unicode_ci DEFAULT NULL,
  `downloads` int NOT NULL DEFAULT '0',
  `sort_order` int DEFAULT NULL,
  `created_at` timestamp NULL DEFAULT NULL,
  `updated_at` timestamp NULL DEFAULT NULL,
  PRIMARY KEY (`id`),
  KEY `product_downloadable_links_product_id_foreign` (`product_id`),
  CONSTRAINT `product_downloadable_links_product_id_foreign` FOREIGN KEY (`product_id`) REFERENCES `products` (`id`) ON DELETE CASCADE
) ENGINE=InnoDB AUTO_INCREMENT=66 DEFAULT CHARSET=utf8mb4 COLLATE=utf8mb4_unicode_ci;

-- Data for table `product_downloadable_links`


-- Structure for table `product_downloadable_sample_translations`
DROP TABLE IF EXISTS `product_downloadable_sample_translations`;
CREATE TABLE `product_downloadable_sample_translations` (
  `id` int unsigned NOT NULL AUTO_INCREMENT,
  `product_downloadable_sample_id` int unsigned NOT NULL,
  `locale` varchar(255) COLLATE utf8mb4_unicode_ci NOT NULL,
  `title` text COLLATE utf8mb4_unicode_ci,
  PRIMARY KEY (`id`),
  KEY `sample_translations_sample_id_foreign` (`product_downloadable_sample_id`),
  CONSTRAINT `sample_translations_sample_id_foreign` FOREIGN KEY (`product_downloadable_sample_id`) REFERENCES `product_downloadable_samples` (`id`) ON DELETE CASCADE
) ENGINE=InnoDB AUTO_INCREMENT=3 DEFAULT CHARSET=utf8mb4 COLLATE=utf8mb4_unicode_ci;

-- Data for table `product_downloadable_sample_translations`


-- Structure for table `product_downloadable_samples`
DROP TABLE IF EXISTS `product_downloadable_samples`;
CREATE TABLE `product_downloadable_samples` (
  `id` int unsigned NOT NULL AUTO_INCREMENT,
  `product_id` int unsigned NOT NULL,
  `url` varchar(255) COLLATE utf8mb4_unicode_ci DEFAULT NULL,
  `file` varchar(255) COLLATE utf8mb4_unicode_ci DEFAULT NULL,
  `file_name` varchar(255) COLLATE utf8mb4_unicode_ci DEFAULT NULL,
  `type` varchar(255) COLLATE utf8mb4_unicode_ci NOT NULL,
  `sort_order` int DEFAULT NULL,
  `created_at` timestamp NULL DEFAULT NULL,
  `updated_at` timestamp NULL DEFAULT NULL,
  PRIMARY KEY (`id`),
  KEY `product_downloadable_samples_product_id_foreign` (`product_id`),
  CONSTRAINT `product_downloadable_samples_product_id_foreign` FOREIGN KEY (`product_id`) REFERENCES `products` (`id`) ON DELETE CASCADE
) ENGINE=InnoDB AUTO_INCREMENT=3 DEFAULT CHARSET=utf8mb4 COLLATE=utf8mb4_unicode_ci;

-- Data for table `product_downloadable_samples`


-- Structure for table `product_flat`
DROP TABLE IF EXISTS `product_flat`;
CREATE TABLE `product_flat` (
  `id` int unsigned NOT NULL AUTO_INCREMENT,
  `sku` varchar(255) COLLATE utf8mb4_unicode_ci NOT NULL,
  `type` varchar(255) COLLATE utf8mb4_unicode_ci DEFAULT NULL,
  `product_number` varchar(255) COLLATE utf8mb4_unicode_ci DEFAULT NULL,
  `name` varchar(255) COLLATE utf8mb4_unicode_ci DEFAULT NULL,
  `short_description` text COLLATE utf8mb4_unicode_ci,
  `description` text COLLATE utf8mb4_unicode_ci,
  `url_key` varchar(255) COLLATE utf8mb4_unicode_ci DEFAULT NULL,
  `new` tinyint(1) DEFAULT NULL,
  `featured` tinyint(1) DEFAULT NULL,
  `status` tinyint(1) DEFAULT NULL,
  `meta_title` text COLLATE utf8mb4_unicode_ci,
  `meta_keywords` text COLLATE utf8mb4_unicode_ci,
  `meta_description` text COLLATE utf8mb4_unicode_ci,
  `price` decimal(12,4) DEFAULT NULL,
  `special_price` decimal(12,4) DEFAULT NULL,
  `special_price_from` date DEFAULT NULL,
  `special_price_to` date DEFAULT NULL,
  `weight` decimal(12,4) DEFAULT NULL,
  `created_at` datetime DEFAULT NULL,
  `locale` varchar(255) COLLATE utf8mb4_unicode_ci DEFAULT NULL,
  `channel` varchar(255) COLLATE utf8mb4_unicode_ci DEFAULT NULL,
  `attribute_family_id` int unsigned DEFAULT NULL,
  `product_id` int unsigned NOT NULL,
  `updated_at` datetime DEFAULT NULL,
  `parent_id` int unsigned DEFAULT NULL,
  `visible_individually` tinyint(1) DEFAULT NULL,
  PRIMARY KEY (`id`),
  UNIQUE KEY `product_flat_unique_index` (`product_id`,`channel`,`locale`),
  KEY `product_flat_attribute_family_id_foreign` (`attribute_family_id`),
  KEY `product_flat_parent_id_foreign` (`parent_id`),
  CONSTRAINT `product_flat_attribute_family_id_foreign` FOREIGN KEY (`attribute_family_id`) REFERENCES `attribute_families` (`id`) ON DELETE RESTRICT,
  CONSTRAINT `product_flat_parent_id_foreign` FOREIGN KEY (`parent_id`) REFERENCES `product_flat` (`id`) ON DELETE CASCADE,
  CONSTRAINT `product_flat_product_id_foreign` FOREIGN KEY (`product_id`) REFERENCES `products` (`id`) ON DELETE CASCADE
) ENGINE=InnoDB AUTO_INCREMENT=1339 DEFAULT CHARSET=utf8mb4 COLLATE=utf8mb4_unicode_ci;

-- Data for table `product_flat`
INSERT INTO `product_flat` VALUES (1, 'SP-001', 'simple', '', 'كڤرات PITAKA', '<div class="xdj266r x14z9mp xat24cr x1lziwak x1vvkbs x126k92a">
<div dir="auto">كڤرات PITAKA لـ iPhone 17 Pro Max <span class="html-span xexx8yu xyri2b x18d9i69 x1c1uobl x1hl2dhg x16tdsg8 x1vvkbs x3nfvp2 x1j61x8r x1fcty0u xdj266r xat24cr xm2jcoa x1mpyi22 xxymvpz xlup9mm x1kky2od"><img class="xz74otr x15mokao x1ga7v0g x16uus16 xbiv7yw" src="https://static.xx.fbcdn.net/images/emoji.php/v9/tf4/1/16/2728.png" alt="✨" width="16" height="16"></span></div>
</div>
<div class="x14z9mp xat24cr x1lziwak x1vvkbs xtlvy1s x126k92a">
<div dir="auto">&bull; خامة أراميد فايبر أصلية</div>
<div dir="auto">&bull; خفيف جدًا &ndash; سُمك شبه معدوم</div>
<div dir="auto">&bull; حماية مع الحفاظ على شكل الموبايل</div>
<div dir="auto">&bull; تصميم أنيق يليق بالـ Pro Max</div>
</div>
<div class="x14z9mp xat24cr x1lziwak x1vvkbs xtlvy1s x126k92a">
<div dir="auto">اختار كڤر يكمّل فخامة موبايلك <span class="html-span xexx8yu xyri2b x18d9i69 x1c1uobl x1hl2dhg x16tdsg8 x1vvkbs x3nfvp2 x1j61x8r x1fcty0u xdj266r xat24cr xm2jcoa x1mpyi22 xxymvpz xlup9mm x1kky2od"><img class="xz74otr x15mokao x1ga7v0g x16uus16 xbiv7yw" src="https://static.xx.fbcdn.net/images/emoji.php/v9/t50/1/16/1f525.png" alt="🔥" width="16" height="16"></span><span class="html-span xexx8yu xyri2b x18d9i69 x1c1uobl x1hl2dhg x16tdsg8 x1vvkbs x3nfvp2 x1j61x8r x1fcty0u xdj266r xat24cr xm2jcoa x1mpyi22 xxymvpz xlup9mm x1kky2od"><img class="xz74otr x15mokao x1ga7v0g x16uus16 xbiv7yw" src="https://static.xx.fbcdn.net/images/emoji.php/v9/t57/1/16/1f4f1.png" alt="📱" width="16" height="16"></span></div>
</div>', '<div class="xdj266r x14z9mp xat24cr x1lziwak x1vvkbs x126k92a">
<div dir="auto">كڤرات PITAKA لـ iPhone 17 Pro Max <span class="html-span xexx8yu xyri2b x18d9i69 x1c1uobl x1hl2dhg x16tdsg8 x1vvkbs x3nfvp2 x1j61x8r x1fcty0u xdj266r xat24cr xm2jcoa x1mpyi22 xxymvpz xlup9mm x1kky2od"><img class="xz74otr x15mokao x1ga7v0g x16uus16 xbiv7yw" src="https://static.xx.fbcdn.net/images/emoji.php/v9/tf4/1/16/2728.png" alt="✨" width="16" height="16"></span></div>
</div>
<div class="x14z9mp xat24cr x1lziwak x1vvkbs xtlvy1s x126k92a">
<div dir="auto">&bull; خامة أراميد فايبر أصلية</div>
<div dir="auto">&bull; خفيف جدًا &ndash; سُمك شبه معدوم</div>
<div dir="auto">&bull; حماية مع الحفاظ على شكل الموبايل</div>
<div dir="auto">&bull; تصميم أنيق يليق بالـ Pro Max</div>
</div>
<div class="x14z9mp xat24cr x1lziwak x1vvkbs xtlvy1s x126k92a">
<div dir="auto">اختار كڤر يكمّل فخامة موبايلك <span class="html-span xexx8yu xyri2b x18d9i69 x1c1uobl x1hl2dhg x16tdsg8 x1vvkbs x3nfvp2 x1j61x8r x1fcty0u xdj266r xat24cr xm2jcoa x1mpyi22 xxymvpz xlup9mm x1kky2od"><img class="xz74otr x15mokao x1ga7v0g x16uus16 xbiv7yw" src="https://static.xx.fbcdn.net/images/emoji.php/v9/t50/1/16/1f525.png" alt="🔥" width="16" height="16"></span><span class="html-span xexx8yu xyri2b x18d9i69 x1c1uobl x1hl2dhg x16tdsg8 x1vvkbs x3nfvp2 x1j61x8r x1fcty0u xdj266r xat24cr xm2jcoa x1mpyi22 xxymvpz xlup9mm x1kky2od"><img class="xz74otr x15mokao x1ga7v0g x16uus16 xbiv7yw" src="https://static.xx.fbcdn.net/images/emoji.php/v9/t57/1/16/1f4f1.png" alt="📱" width="16" height="16"></span></div>
</div>', 'كڤرات-pitaka', 1, 1, 1, '', '', '', '200.0000', NULL, NULL, NULL, '55.0000', '2026-01-02 15:22:23', 'ar', 'default', 2, 1, '2026-06-21 17:24:07', NULL, 1), (2, 'SP-002', 'configurable', '', 'PITAKA', '<div class="xdj266r x14z9mp xat24cr x1lziwak x1vvkbs x126k92a">
<div dir="auto">كڤرات PITAKA لـ iPhone 17 Pro Max <span class="html-span xexx8yu xyri2b x18d9i69 x1c1uobl x1hl2dhg x16tdsg8 x1vvkbs x3nfvp2 x1j61x8r x1fcty0u xdj266r xat24cr xm2jcoa x1mpyi22 xxymvpz xlup9mm x1kky2od"><img class="xz74otr x15mokao x1ga7v0g x16uus16 xbiv7yw" src="https://static.xx.fbcdn.net/images/emoji.php/v9/tf4/1/16/2728.png" alt="✨" width="16" height="16"></span></div>
</div>
<div class="x14z9mp xat24cr x1lziwak x1vvkbs xtlvy1s x126k92a">
<div dir="auto">&bull; خامة أراميد فايبر أصلية</div>
<div dir="auto">&bull; خفيف جدًا &ndash; سُمك شبه معدوم</div>
<div dir="auto">&bull; حماية مع الحفاظ على شكل الموبايل</div>
<div dir="auto">&bull; تصميم أنيق يليق بالـ Pro Max</div>
</div>
<div class="x14z9mp xat24cr x1lziwak x1vvkbs xtlvy1s x126k92a">
<div dir="auto">اختار كڤر يكمّل فخامة موبايلك <span class="html-span xexx8yu xyri2b x18d9i69 x1c1uobl x1hl2dhg x16tdsg8 x1vvkbs x3nfvp2 x1j61x8r x1fcty0u xdj266r xat24cr xm2jcoa x1mpyi22 xxymvpz xlup9mm x1kky2od"><img class="xz74otr x15mokao x1ga7v0g x16uus16 xbiv7yw" src="https://static.xx.fbcdn.net/images/emoji.php/v9/t50/1/16/1f525.png" alt="🔥" width="16" height="16"></span><span class="html-span xexx8yu xyri2b x18d9i69 x1c1uobl x1hl2dhg x16tdsg8 x1vvkbs x3nfvp2 x1j61x8r x1fcty0u xdj266r xat24cr xm2jcoa x1mpyi22 xxymvpz xlup9mm x1kky2od"><img class="xz74otr x15mokao x1ga7v0g x16uus16 xbiv7yw" src="https://static.xx.fbcdn.net/images/emoji.php/v9/t57/1/16/1f4f1.png" alt="📱" width="16" height="16"></span></div>
</div>', '<div class="xdj266r x14z9mp xat24cr x1lziwak x1vvkbs x126k92a">
<div dir="auto">كڤرات PITAKA لـ iPhone 17 Pro Max <span class="html-span xexx8yu xyri2b x18d9i69 x1c1uobl x1hl2dhg x16tdsg8 x1vvkbs x3nfvp2 x1j61x8r x1fcty0u xdj266r xat24cr xm2jcoa x1mpyi22 xxymvpz xlup9mm x1kky2od"><img class="xz74otr x15mokao x1ga7v0g x16uus16 xbiv7yw" src="https://static.xx.fbcdn.net/images/emoji.php/v9/tf4/1/16/2728.png" alt="✨" width="16" height="16"></span></div>
</div>
<div class="x14z9mp xat24cr x1lziwak x1vvkbs xtlvy1s x126k92a">
<div dir="auto">&bull; خامة أراميد فايبر أصلية</div>
<div dir="auto">&bull; خفيف جدًا &ndash; سُمك شبه معدوم</div>
<div dir="auto">&bull; حماية مع الحفاظ على شكل الموبايل</div>
<div dir="auto">&bull; تصميم أنيق يليق بالـ Pro Max</div>
</div>
<div class="x14z9mp xat24cr x1lziwak x1vvkbs xtlvy1s x126k92a">
<div dir="auto">اختار كڤر يكمّل فخامة موبايلك <span class="html-span xexx8yu xyri2b x18d9i69 x1c1uobl x1hl2dhg x16tdsg8 x1vvkbs x3nfvp2 x1j61x8r x1fcty0u xdj266r xat24cr xm2jcoa x1mpyi22 xxymvpz xlup9mm x1kky2od"><img class="xz74otr x15mokao x1ga7v0g x16uus16 xbiv7yw" src="https://static.xx.fbcdn.net/images/emoji.php/v9/t50/1/16/1f525.png" alt="🔥" width="16" height="16"></span><span class="html-span xexx8yu xyri2b x18d9i69 x1c1uobl x1hl2dhg x16tdsg8 x1vvkbs x3nfvp2 x1j61x8r x1fcty0u xdj266r xat24cr xm2jcoa x1mpyi22 xxymvpz xlup9mm x1kky2od"><img class="xz74otr x15mokao x1ga7v0g x16uus16 xbiv7yw" src="https://static.xx.fbcdn.net/images/emoji.php/v9/t57/1/16/1f4f1.png" alt="📱" width="16" height="16"></span></div>
</div>', 'pitaka', 1, 1, 1, '', '', '', NULL, NULL, NULL, NULL, NULL, '2026-01-02 15:49:07', 'ar', 'default', 2, 2, '2026-01-02 15:53:34', NULL, 1), (3, 'SP-002-variant-1-6-13', 'simple', NULL, 'Variant 1 6 13', 'SP-002-variant-1-6-13', 'SP-002-variant-1-6-13', 'SP-002-variant-1-6-13', NULL, NULL, 1, NULL, NULL, NULL, '300.0000', NULL, NULL, NULL, '0.0000', '2026-01-02 15:49:07', 'ar', 'default', 2, 3, '2026-01-07 15:10:29', NULL, NULL), (4, 'SP-002-variant-2-6-13', 'simple', NULL, 'Variant 2 6 13', 'SP-002-variant-2-6-13', 'SP-002-variant-2-6-13', 'SP-002-variant-2-6-13', NULL, NULL, 1, NULL, NULL, NULL, '300.0000', NULL, NULL, NULL, '0.0000', '2026-01-02 15:49:07', 'ar', 'default', 2, 4, '2026-01-07 15:10:29', NULL, NULL), (5, 'SP-002-variant-3-6-13', 'simple', NULL, 'Variant 3 6 13', 'SP-002-variant-3-6-13', 'SP-002-variant-3-6-13', 'SP-002-variant-3-6-13', NULL, NULL, 1, NULL, NULL, NULL, '300.0000', NULL, NULL, NULL, '0.0000', '2026-01-02 15:49:07', 'ar', 'default', 2, 5, '2026-01-07 15:10:29', NULL, NULL), (6, 'SP-002-variant-4-6-13', 'simple', NULL, 'Variant 4 6 13', 'SP-002-variant-4-6-13', 'SP-002-variant-4-6-13', 'SP-002-variant-4-6-13', NULL, NULL, 1, NULL, NULL, NULL, '300.0000', NULL, NULL, NULL, '0.0000', '2026-01-02 15:49:07', 'ar', 'default', 2, 6, '2026-01-07 15:10:29', NULL, NULL), (7, 'SP-002-variant-5-6-13', 'simple', NULL, 'Variant 5 6 13', 'SP-002-variant-5-6-13', 'SP-002-variant-5-6-13', 'SP-002-variant-5-6-13', NULL, NULL, 1, NULL, NULL, NULL, '300.0000', NULL, NULL, NULL, '0.0000', '2026-01-02 15:49:07', 'ar', 'default', 2, 7, '2026-01-07 15:10:29', NULL, NULL), (8, 'SP-002-variant-1-7-13', 'simple', NULL, 'Variant 1 7 13', 'SP-002-variant-1-7-13', 'SP-002-variant-1-7-13', 'SP-002-variant-1-7-13', NULL, NULL, 1, NULL, NULL, NULL, '300.0000', NULL, NULL, NULL, '0.0000', '2026-01-02 15:49:07', 'ar', 'default', 2, 8, '2026-01-07 15:10:29', NULL, NULL), (9, 'SP-002-variant-1-8-13', 'simple', NULL, 'Variant 1 8 13', 'SP-002-variant-1-8-13', 'SP-002-variant-1-8-13', 'SP-002-variant-1-8-13', NULL, NULL, 1, NULL, NULL, NULL, '300.0000', NULL, NULL, NULL, '0.0000', '2026-01-02 15:49:07', 'ar', 'default', 2, 9, '2026-01-07 15:10:29', NULL, NULL), (10, 'SP-002-variant-1-9-13', 'simple', NULL, 'Variant 1 9 13', 'SP-002-variant-1-9-13', 'SP-002-variant-1-9-13', 'SP-002-variant-1-9-13', NULL, NULL, 1, NULL, NULL, NULL, '300.0000', NULL, NULL, NULL, '0.0000', '2026-01-02 15:49:07', 'ar', 'default', 2, 10, '2026-01-07 15:10:29', NULL, NULL), (11, 'SP-002-variant-2-7-13', 'simple', NULL, 'Variant 2 7 13', 'SP-002-variant-2-7-13', 'SP-002-variant-2-7-13', 'SP-002-variant-2-7-13', NULL, NULL, 1, NULL, NULL, NULL, '300.0000', NULL, NULL, NULL, '0.0000', '2026-01-02 15:49:07', 'ar', 'default', 2, 11, '2026-01-07 15:10:29', NULL, NULL), (12, 'SP-002-variant-2-8-13', 'simple', NULL, 'Variant 2 8 13', 'SP-002-variant-2-8-13', 'SP-002-variant-2-8-13', 'SP-002-variant-2-8-13', NULL, NULL, 1, NULL, NULL, NULL, '300.0000', NULL, NULL, NULL, '0.0000', '2026-01-02 15:49:07', 'ar', 'default', 2, 12, '2026-01-07 15:10:29', NULL, NULL), (13, 'SP-002-variant-2-9-13', 'simple', NULL, 'Variant 2 9 13', 'SP-002-variant-2-9-13', 'SP-002-variant-2-9-13', 'SP-002-variant-2-9-13', NULL, NULL, 1, NULL, NULL, NULL, '300.0000', NULL, NULL, NULL, '0.0000', '2026-01-02 15:49:07', 'ar', 'default', 2, 13, '2026-01-07 15:10:29', NULL, NULL), (14, 'SP-002-variant-3-7-13', 'simple', NULL, 'Variant 3 7 13', 'SP-002-variant-3-7-13', 'SP-002-variant-3-7-13', 'SP-002-variant-3-7-13', NULL, NULL, 1, NULL, NULL, NULL, '300.0000', NULL, NULL, NULL, '0.0000', '2026-01-02 15:49:07', 'ar', 'default', 2, 14, '2026-01-07 15:10:29', NULL, NULL), (15, 'SP-002-variant-3-8-13', 'simple', NULL, 'Variant 3 8 13', 'SP-002-variant-3-8-13', 'SP-002-variant-3-8-13', 'SP-002-variant-3-8-13', NULL, NULL, 1, NULL, NULL, NULL, '300.0000', NULL, NULL, NULL, '0.0000', '2026-01-02 15:49:07', 'ar', 'default', 2, 15, '2026-01-07 15:10:29', NULL, NULL), (16, 'SP-002-variant-3-9-13', 'simple', NULL, 'Variant 3 9 13', 'SP-002-variant-3-9-13', 'SP-002-variant-3-9-13', 'SP-002-variant-3-9-13', NULL, NULL, 1, NULL, NULL, NULL, '300.0000', NULL, NULL, NULL, '0.0000', '2026-01-02 15:49:07', 'ar', 'default', 2, 16, '2026-01-07 15:10:29', NULL, NULL), (17, 'SP-002-variant-4-7-13', 'simple', NULL, 'Variant 4 7 13', 'SP-002-variant-4-7-13', 'SP-002-variant-4-7-13', 'SP-002-variant-4-7-13', NULL, NULL, 1, NULL, NULL, NULL, '300.0000', NULL, NULL, NULL, '0.0000', '2026-01-02 15:49:07', 'ar', 'default', 2, 17, '2026-01-07 15:10:29', NULL, NULL), (18, 'SP-002-variant-4-8-13', 'simple', NULL, 'Variant 4 8 13', 'SP-002-variant-4-8-13', 'SP-002-variant-4-8-13', 'SP-002-variant-4-8-13', NULL, NULL, 1, NULL, NULL, NULL, '300.0000', NULL, NULL, NULL, '0.0000', '2026-01-02 15:49:07', 'ar', 'default', 2, 18, '2026-01-07 15:10:29', NULL, NULL), (19, 'SP-002-variant-4-9-13', 'simple', NULL, 'Variant 4 9 13', 'SP-002-variant-4-9-13', 'SP-002-variant-4-9-13', 'SP-002-variant-4-9-13', NULL, NULL, 1, NULL, NULL, NULL, '300.0000', NULL, NULL, NULL, '0.0000', '2026-01-02 15:49:07', 'ar', 'default', 2, 19, '2026-01-07 15:10:29', NULL, NULL), (20, 'SP-002-variant-5-7-13', 'simple', NULL, 'Variant 5 7 13', 'SP-002-variant-5-7-13', 'SP-002-variant-5-7-13', 'SP-002-variant-5-7-13', NULL, NULL, 1, NULL, NULL, NULL, '300.0000', NULL, NULL, NULL, '0.0000', '2026-01-02 15:49:07', 'ar', 'default', 2, 20, '2026-01-07 15:10:29', NULL, NULL), (21, 'SP-002-variant-5-8-13', 'simple', NULL, 'Variant 5 8 13', 'SP-002-variant-5-8-13', 'SP-002-variant-5-8-13', 'SP-002-variant-5-8-13', NULL, NULL, 1, NULL, NULL, NULL, '300.0000', NULL, NULL, NULL, '0.0000', '2026-01-02 15:49:07', 'ar', 'default', 2, 21, '2026-01-07 15:10:29', NULL, NULL), (22, 'SP-002-variant-5-9-13', 'simple', NULL, 'Variant 5 9 13', 'SP-002-variant-5-9-13', 'SP-002-variant-5-9-13', 'SP-002-variant-5-9-13', NULL, NULL, 1, NULL, NULL, NULL, '300.0000', NULL, NULL, NULL, '0.0000', '2026-01-02 15:49:07', 'ar', 'default', 2, 22, '2026-01-07 15:10:29', NULL, NULL), (23, 'SP-002-variant-1-6-14', 'simple', NULL, 'Variant 1 6 14', 'SP-002-variant-1-6-14', 'SP-002-variant-1-6-14', 'SP-002-variant-1-6-14', NULL, NULL, 1, NULL, NULL, NULL, '300.0000', NULL, NULL, NULL, '0.0000', '2026-01-02 15:49:07', 'ar', 'default', 2, 23, '2026-01-07 15:10:29', NULL, NULL), (24, 'SP-002-variant-2-6-14', 'simple', NULL, 'Variant 2 6 14', 'SP-002-variant-2-6-14', 'SP-002-variant-2-6-14', 'SP-002-variant-2-6-14', NULL, NULL, 1, NULL, NULL, NULL, '300.0000', NULL, NULL, NULL, '0.0000', '2026-01-02 15:49:07', 'ar', 'default', 2, 24, '2026-01-07 15:10:29', NULL, NULL), (25, 'SP-002-variant-3-6-14', 'simple', NULL, 'Variant 3 6 14', 'SP-002-variant-3-6-14', 'SP-002-variant-3-6-14', 'SP-002-variant-3-6-14', NULL, NULL, 1, NULL, NULL, NULL, '300.0000', NULL, NULL, NULL, '0.0000', '2026-01-02 15:49:07', 'ar', 'default', 2, 25, '2026-01-07 15:10:29', NULL, NULL), (26, 'SP-002-variant-4-6-14', 'simple', NULL, 'Variant 4 6 14', 'SP-002-variant-4-6-14', 'SP-002-variant-4-6-14', 'SP-002-variant-4-6-14', NULL, NULL, 1, NULL, NULL, NULL, '300.0000', NULL, NULL, NULL, '0.0000', '2026-01-02 15:49:07', 'ar', 'default', 2, 26, '2026-01-07 15:10:29', NULL, NULL), (27, 'SP-002-variant-5-6-14', 'simple', NULL, 'Variant 5 6 14', 'SP-002-variant-5-6-14', 'SP-002-variant-5-6-14', 'SP-002-variant-5-6-14', NULL, NULL, 1, NULL, NULL, NULL, '300.0000', NULL, NULL, NULL, '0.0000', '2026-01-02 15:49:07', 'ar', 'default', 2, 27, '2026-01-07 15:10:29', NULL, NULL), (28, 'SP-002-variant-1-7-14', 'simple', NULL, 'Variant 1 7 14', 'SP-002-variant-1-7-14', 'SP-002-variant-1-7-14', 'SP-002-variant-1-7-14', NULL, NULL, 1, NULL, NULL, NULL, '300.0000', NULL, NULL, NULL, '0.0000', '2026-01-02 15:49:07', 'ar', 'default', 2, 28, '2026-01-07 15:10:29', NULL, NULL), (29, 'SP-002-variant-1-8-14', 'simple', NULL, 'Variant 1 8 14', 'SP-002-variant-1-8-14', 'SP-002-variant-1-8-14', 'SP-002-variant-1-8-14', NULL, NULL, 1, NULL, NULL, NULL, '300.0000', NULL, NULL, NULL, '0.0000', '2026-01-02 15:49:07', 'ar', 'default', 2, 29, '2026-01-07 15:10:29', NULL, NULL), (30, 'SP-002-variant-1-9-14', 'simple', NULL, 'Variant 1 9 14', 'SP-002-variant-1-9-14', 'SP-002-variant-1-9-14', 'SP-002-variant-1-9-14', NULL, NULL, 1, NULL, NULL, NULL, '300.0000', NULL, NULL, NULL, '0.0000', '2026-01-02 15:49:07', 'ar', 'default', 2, 30, '2026-01-07 15:10:29', NULL, NULL), (31, 'SP-002-variant-2-7-14', 'simple', NULL, 'Variant 2 7 14', 'SP-002-variant-2-7-14', 'SP-002-variant-2-7-14', 'SP-002-variant-2-7-14', NULL, NULL, 1, NULL, NULL, NULL, '300.0000', NULL, NULL, NULL, '0.0000', '2026-01-02 15:49:08', 'ar', 'default', 2, 31, '2026-01-07 15:10:29', NULL, NULL), (32, 'SP-002-variant-2-8-14', 'simple', NULL, 'Variant 2 8 14', 'SP-002-variant-2-8-14', 'SP-002-variant-2-8-14', 'SP-002-variant-2-8-14', NULL, NULL, 1, NULL, NULL, NULL, '300.0000', NULL, NULL, NULL, '0.0000', '2026-01-02 15:49:08', 'ar', 'default', 2, 32, '2026-01-07 15:10:29', NULL, NULL), (33, 'SP-002-variant-2-9-14', 'simple', NULL, 'Variant 2 9 14', 'SP-002-variant-2-9-14', 'SP-002-variant-2-9-14', 'SP-002-variant-2-9-14', NULL, NULL, 1, NULL, NULL, NULL, '300.0000', NULL, NULL, NULL, '0.0000', '2026-01-02 15:49:08', 'ar', 'default', 2, 33, '2026-01-07 15:10:29', NULL, NULL), (34, 'SP-002-variant-3-7-14', 'simple', NULL, 'Variant 3 7 14', 'SP-002-variant-3-7-14', 'SP-002-variant-3-7-14', 'SP-002-variant-3-7-14', NULL, NULL, 1, NULL, NULL, NULL, '300.0000', NULL, NULL, NULL, '0.0000', '2026-01-02 15:49:08', 'ar', 'default', 2, 34, '2026-01-07 15:10:29', NULL, NULL), (35, 'SP-002-variant-3-8-14', 'simple', NULL, 'Variant 3 8 14', 'SP-002-variant-3-8-14', 'SP-002-variant-3-8-14', 'SP-002-variant-3-8-14', NULL, NULL, 1, NULL, NULL, NULL, '300.0000', NULL, NULL, NULL, '0.0000', '2026-01-02 15:49:08', 'ar', 'default', 2, 35, '2026-01-07 15:10:29', NULL, NULL), (36, 'SP-002-variant-3-9-14', 'simple', NULL, 'Variant 3 9 14', 'SP-002-variant-3-9-14', 'SP-002-variant-3-9-14', 'SP-002-variant-3-9-14', NULL, NULL, 1, NULL, NULL, NULL, '300.0000', NULL, NULL, NULL, '0.0000', '2026-01-02 15:49:08', 'ar', 'default', 2, 36, '2026-01-07 15:10:29', NULL, NULL), (37, 'SP-002-variant-4-7-14', 'simple', NULL, 'Variant 4 7 14', 'SP-002-variant-4-7-14', 'SP-002-variant-4-7-14', 'SP-002-variant-4-7-14', NULL, NULL, 1, NULL, NULL, NULL, '300.0000', NULL, NULL, NULL, '0.0000', '2026-01-02 15:49:08', 'ar', 'default', 2, 37, '2026-01-07 15:10:29', NULL, NULL), (38, 'SP-002-variant-4-8-14', 'simple', NULL, 'Variant 4 8 14', 'SP-002-variant-4-8-14', 'SP-002-variant-4-8-14', 'SP-002-variant-4-8-14', NULL, NULL, 1, NULL, NULL, NULL, '300.0000', NULL, NULL, NULL, '0.0000', '2026-01-02 15:49:08', 'ar', 'default', 2, 38, '2026-01-07 15:10:29', NULL, NULL), (39, 'SP-002-variant-4-9-14', 'simple', NULL, 'Variant 4 9 14', 'SP-002-variant-4-9-14', 'SP-002-variant-4-9-14', 'SP-002-variant-4-9-14', NULL, NULL, 1, NULL, NULL, NULL, '300.0000', NULL, NULL, NULL, '0.0000', '2026-01-02 15:49:08', 'ar', 'default', 2, 39, '2026-01-07 15:10:29', NULL, NULL), (40, 'SP-002-variant-5-7-14', 'simple', NULL, 'Variant 5 7 14', 'SP-002-variant-5-7-14', 'SP-002-variant-5-7-14', 'SP-002-variant-5-7-14', NULL, NULL, 1, NULL, NULL, NULL, '300.0000', NULL, NULL, NULL, '0.0000', '2026-01-02 15:49:08', 'ar', 'default', 2, 40, '2026-01-07 15:10:29', NULL, NULL), (41, 'SP-002-variant-5-8-14', 'simple', NULL, 'Variant 5 8 14', 'SP-002-variant-5-8-14', 'SP-002-variant-5-8-14', 'SP-002-variant-5-8-14', NULL, NULL, 1, NULL, NULL, NULL, '300.0000', NULL, NULL, NULL, '0.0000', '2026-01-02 15:49:08', 'ar', 'default', 2, 41, '2026-01-07 15:10:29', NULL, NULL), (42, 'SP-002-variant-5-9-14', 'simple', NULL, 'Variant 5 9 14', 'SP-002-variant-5-9-14', 'SP-002-variant-5-9-14', 'SP-002-variant-5-9-14', NULL, NULL, 1, NULL, NULL, NULL, '300.0000', NULL, NULL, NULL, '0.0000', '2026-01-02 15:49:08', 'ar', 'default', 2, 42, '2026-01-07 15:10:29', NULL, NULL), (43, 'SP-003', 'configurable', '', 'جراب سيليكون', '<h1 class="a-size-large a-spacing-none"><span id="productTitle" class="a-size-large product-title-word-break">جراب سيليكون ناعم بطبقة مزدوجة مع بطانة من المايكروفايبر لموبايل آبل آيفون 11 من موبايل ماجيك، لون أسود، مقاس 6.1 بوصة</span></h1>', '<h1 class="a-size-large a-spacing-none"><span id="productTitle" class="a-size-large product-title-word-break">جراب سيليكون ناعم بطبقة مزدوجة مع بطانة من المايكروفايبر لموبايل آبل آيفون 11 من موبايل ماجيك، لون أسود، مقاس 6.1 بوصة</span></h1>', 'جراب-سيليكون', 1, 1, 1, '', '', '', NULL, NULL, NULL, NULL, NULL, '2026-01-09 18:01:52', 'ar', 'default', 2, 43, '2026-01-09 18:54:32', NULL, 1), (44, 'SP-003-variant-1-13', 'simple', NULL, 'Variant 1 13', 'SP-003-variant-1-13', 'SP-003-variant-1-13', 'SP-003-variant-1-13', NULL, NULL, 1, NULL, NULL, NULL, '150.0000', NULL, NULL, NULL, '0.0000', '2026-01-09 18:01:52', 'ar', 'default', 2, 44, '2026-01-09 19:01:17', NULL, NULL), (45, 'SP-003-variant-2-13', 'simple', NULL, 'Variant 2 13', 'SP-003-variant-2-13', 'SP-003-variant-2-13', 'SP-003-variant-2-13', NULL, NULL, 1, NULL, NULL, NULL, '150.0000', NULL, NULL, NULL, '0.0000', '2026-01-09 18:01:52', 'ar', 'default', 2, 45, '2026-01-09 19:01:17', NULL, NULL), (46, 'SP-003-variant-3-13', 'simple', NULL, 'Variant 3 13', 'SP-003-variant-3-13', 'SP-003-variant-3-13', 'SP-003-variant-3-13', NULL, NULL, 1, NULL, NULL, NULL, '150.0000', NULL, NULL, NULL, '0.0000', '2026-01-09 18:01:52', 'ar', 'default', 2, 46, '2026-01-09 19:01:17', NULL, NULL), (47, 'SP-003-variant-4-13', 'simple', NULL, 'Variant 4 13', 'SP-003-variant-4-13', 'SP-003-variant-4-13', 'SP-003-variant-4-13', NULL, NULL, 1, NULL, NULL, NULL, '150.0000', NULL, NULL, NULL, '0.0000', '2026-01-09 18:01:52', 'ar', 'default', 2, 47, '2026-01-09 19:01:17', NULL, NULL), (48, 'SP-003-variant-5-13', 'simple', NULL, 'Variant 5 13', 'SP-003-variant-5-13', 'SP-003-variant-5-13', 'SP-003-variant-5-13', NULL, NULL, 1, NULL, NULL, NULL, '150.0000', NULL, NULL, NULL, '0.0000', '2026-01-09 18:01:52', 'ar', 'default', 2, 48, '2026-01-09 19:01:17', NULL, NULL), (49, 'SP-003-variant-1-14', 'simple', NULL, 'Variant 1 14', 'SP-003-variant-1-14', 'SP-003-variant-1-14', 'SP-003-variant-1-14', NULL, NULL, 1, NULL, NULL, NULL, '150.0000', NULL, NULL, NULL, '0.0000', '2026-01-09 18:01:52', 'ar', 'default', 2, 49, '2026-01-09 19:01:17', NULL, NULL), (50, 'SP-003-variant-2-14', 'simple', NULL, 'Variant 2 14', 'SP-003-variant-2-14', 'SP-003-variant-2-14', 'SP-003-variant-2-14', NULL, NULL, 1, NULL, NULL, NULL, '150.0000', NULL, NULL, NULL, '0.0000', '2026-01-09 18:01:52', 'ar', 'default', 2, 50, '2026-01-09 19:01:17', NULL, NULL), (51, 'SP-003-variant-3-14', 'simple', NULL, 'Variant 3 14', 'SP-003-variant-3-14', 'SP-003-variant-3-14', 'SP-003-variant-3-14', NULL, NULL, 1, NULL, NULL, NULL, '150.0000', NULL, NULL, NULL, '0.0000', '2026-01-09 18:01:52', 'ar', 'default', 2, 51, '2026-01-09 19:01:17', NULL, NULL), (52, 'SP-003-variant-4-14', 'simple', NULL, 'Variant 4 14', 'SP-003-variant-4-14', 'SP-003-variant-4-14', 'SP-003-variant-4-14', NULL, NULL, 1, NULL, NULL, NULL, '150.0000', NULL, NULL, NULL, '0.0000', '2026-01-09 18:01:52', 'ar', 'default', 2, 52, '2026-01-09 19:01:17', NULL, NULL), (53, 'SP-003-variant-5-14', 'simple', NULL, 'Variant 5 14', 'SP-003-variant-5-14', 'SP-003-variant-5-14', 'SP-003-variant-5-14', NULL, NULL, 1, NULL, NULL, NULL, '150.0000', NULL, NULL, NULL, '0.0000', '2026-01-09 18:01:52', 'ar', 'default', 2, 53, '2026-01-09 19:01:17', NULL, NULL);


-- Structure for table `product_grouped_products`
DROP TABLE IF EXISTS `product_grouped_products`;
CREATE TABLE `product_grouped_products` (
  `id` int unsigned NOT NULL AUTO_INCREMENT,
  `product_id` int unsigned NOT NULL,
  `associated_product_id` int unsigned NOT NULL,
  `qty` int NOT NULL DEFAULT '0',
  `sort_order` int NOT NULL DEFAULT '0',
  PRIMARY KEY (`id`),
  UNIQUE KEY `grouped_products_product_id_associated_product_id_unique` (`product_id`,`associated_product_id`),
  KEY `product_grouped_products_associated_product_id_foreign` (`associated_product_id`),
  CONSTRAINT `product_grouped_products_associated_product_id_foreign` FOREIGN KEY (`associated_product_id`) REFERENCES `products` (`id`) ON DELETE CASCADE,
  CONSTRAINT `product_grouped_products_product_id_foreign` FOREIGN KEY (`product_id`) REFERENCES `products` (`id`) ON DELETE CASCADE
) ENGINE=InnoDB AUTO_INCREMENT=229 DEFAULT CHARSET=utf8mb4 COLLATE=utf8mb4_unicode_ci;

-- Data for table `product_grouped_products`


-- Structure for table `product_images`
DROP TABLE IF EXISTS `product_images`;
CREATE TABLE `product_images` (
  `id` int unsigned NOT NULL AUTO_INCREMENT,
  `type` varchar(255) COLLATE utf8mb4_unicode_ci DEFAULT NULL,
  `path` varchar(255) COLLATE utf8mb4_unicode_ci NOT NULL,
  `product_id` int unsigned NOT NULL,
  `position` int unsigned NOT NULL DEFAULT '0',
  PRIMARY KEY (`id`),
  KEY `product_images_product_id_foreign` (`product_id`),
  CONSTRAINT `product_images_product_id_foreign` FOREIGN KEY (`product_id`) REFERENCES `products` (`id`) ON DELETE CASCADE
) ENGINE=InnoDB AUTO_INCREMENT=76 DEFAULT CHARSET=utf8mb4 COLLATE=utf8mb4_unicode_ci;

-- Data for table `product_images`
INSERT INTO `product_images` VALUES (2, 'images', 'product/2/63l8b2ibk2SMoOQiA8Z0oXQF0QEzeWT4qBPA3Ug8.webp', 2, 1), (3, 'images', 'product/2/1fHfVhk9rTmSwWryRJJcREtiF1cMQAdBDVj4XNXS.webp', 2, 2), (4, 'images', 'product/2/k2UZ3fKKfYD42OvbnsCNprRwQARhfaNyeMEny69u.webp', 2, 3), (5, 'images', 'product/3/aeTpljVtoQERfBW46unGS3487galQFUcNzgnzrMy.webp', 3, 1), (6, 'images', 'product/8/HOMdL1nig7yj7PkA3TQbj4m4Tz80YWC0fOHCVmXf.webp', 8, 1), (7, 'images', 'product/9/AMimh9scXJAvqtVh0qOB4QqmyD3P9zhVy7kUw9pi.webp', 9, 1), (8, 'images', 'product/10/CJ5L5Dk2jxEGwTB0dJSTSRz8zulzN9N6XaZsSetc.webp', 10, 1), (9, 'images', 'product/23/cZZpxwmSqnJWXH7HtcDtfIB7rsB0TloFz6RinXJI.webp', 23, 1), (10, 'images', 'product/28/uPZRuP4tsbE17l7kvTsEhn5kbtJMqZVQKGtPW6eY.webp', 28, 1), (11, 'images', 'product/29/gjv6jVzwe5nF3uG1HSDi69JkR2kdMO5I7BqUrrUV.webp', 29, 1), (12, 'images', 'product/30/dN0hhTzwvRV7kdZoKuqMxLZzWuU5J98i7qlVUNv0.webp', 30, 1), (13, 'images', 'product/44/EgdoxzGB7VaekmKwm3FufAftFHyg2svklVkfalYc.webp', 44, 1), (14, 'images', 'product/49/CbGEztv4kUeHqG9gyL44nmqmQdhNMEOKpTmheItH.webp', 49, 1), (15, 'images', 'product/45/tVCXXSveASJ9untwRPwBCfSrwN3yKjaNvQXDKgP9.webp', 45, 1), (16, 'images', 'product/46/x3RQuwf7jLmksGLMcm6RmkzXbpYR1xRdiHOu448u.webp', 46, 1), (17, 'images', 'product/47/xzT5zk4XWRiQOPf5zyIGeHSDlk2c3Yh1X9ZjJ5FE.webp', 47, 1), (18, 'images', 'product/48/uVhIoKdX4DpsdGD5G2xAWstltNANCZ1AXOiKnZuU.webp', 48, 1), (19, 'images', 'product/50/1uRsbfqhmZ2Bb93Nuj5UPpQwNMwJOeGEDHyqRDrH.webp', 50, 1), (20, 'images', 'product/51/KZ0qigkpEtj9oY9TyBufAoSWACtq6G8grlfPKbJO.webp', 51, 1), (21, 'images', 'product/52/qdODR8JqFkUdnzPEbEdayjz64dpgmtLUQrClY1my.webp', 52, 1), (22, 'images', 'product/53/Q89AJH0uYxG3CJrM0BRKC7vly75mW2B04L1scsgk.webp', 53, 1), (24, 'images', 'product/43/wZ0PpOGnTlmrxNMp0sGPnO4BMrNWgrBFImQbUGrl.webp', 43, 1), (25, 'image', 'product/1340/6a303e86d2e15.webp', 1340, 1), (26, 'image', 'product/1340/6a303e87b39e3.webp', 1340, 2), (27, 'image', 'product/1340/6a303e8896370.webp', 1340, 3), (28, 'image', 'product/1341/6a303e89072a4.webp', 1341, 1), (29, 'image', 'product/1341/6a303e8a41dba.webp', 1341, 2), (30, 'image', 'product/1341/6a303e8b1d599.webp', 1341, 3), (31, 'image', 'product/1342/6a303e8b7e7d5.webp', 1342, 1), (32, 'image', 'product/1342/6a303e8c7591c.webp', 1342, 2), (33, 'image', 'product/1342/6a303e8d58683.webp', 1342, 3), (34, 'image', 'product/1343/6a303e8db8b70.webp', 1343, 1), (35, 'image', 'product/1343/6a303e8ea4e43.webp', 1343, 2), (36, 'image', 'product/1343/6a303e8f8698e.webp', 1343, 3), (37, 'image', 'product/1344/6a303e902a680.webp', 1344, 1), (38, 'image', 'product/1344/6a303e90d047d.webp', 1344, 2), (39, 'image', 'product/1344/6a303e91b3beb.webp', 1344, 3), (40, 'image', 'product/1345/6a303e92bdce2.webp', 1345, 1), (41, 'image', 'product/1345/6a303e93b7187.webp', 1345, 2), (42, 'image', 'product/1345/6a303e94a13af.webp', 1345, 3), (43, 'image', 'product/1345/6a303e959832e.webp', 1345, 4), (44, 'image', 'product/1346/6a303e9609a06.webp', 1346, 1), (45, 'image', 'product/1346/6a303e96d9a0e.webp', 1346, 2), (46, 'image', 'product/1346/6a303e97d242a.webp', 1346, 3), (47, 'image', 'product/1347/6a303e984324e.webp', 1347, 1), (48, 'image', 'product/1347/6a303e99a7944.webp', 1347, 2), (49, 'image', 'product/1347/6a303e9a8518d.webp', 1347, 3), (50, 'image', 'product/1348/6a303e9ae76f9.webp', 1348, 1), (51, 'image', 'product/1348/6a303e9c3397c.webp', 1348, 2), (52, 'image', 'product/1348/6a303e9d94f6a.webp', 1348, 3), (53, 'image', 'product/1349/6a303e9df1c62.webp', 1349, 1), (54, 'image', 'product/1349/6a303e9f150aa.webp', 1349, 2), (55, 'image', 'product/1349/6a303e9ff245a.webp', 1349, 3), (56, 'image', 'product/1350/6a303ea065292.webp', 1350, 1), (57, 'image', 'product/1350/6a303ea14a8e2.webp', 1350, 2), (58, 'image', 'product/1350/6a303ea22e5ef.webp', 1350, 3), (59, 'image', 'product/1351/6a303ea297c59.webp', 1351, 1), (60, 'image', 'product/1351/6a303ea37ad37.webp', 1351, 2), (61, 'image', 'product/1351/6a303ea464928.webp', 1351, 3), (62, 'image', 'product/1352/6a303ea4c812e.webp', 1352, 1), (63, 'image', 'product/1352/6a303ea5a5769.webp', 1352, 2), (64, 'image', 'product/1352/6a303ea69a09e.webp', 1352, 3), (65, 'image', 'product/1353/6a303ea7064da.webp', 1353, 1), (66, 'image', 'product/1353/6a303ea88ed9e.webp', 1353, 2), (67, 'image', 'product/1353/6a303ea984bc8.webp', 1353, 3), (68, 'image', 'product/1354/6a303eaa14c51.webp', 1354, 1), (69, 'image', 'product/1354/6a303eaaea9b3.webp', 1354, 2), (70, 'image', 'product/1354/6a303eabd811c.webp', 1354, 3), (71, 'image', 'product/1355/6a303eac71a49.webp', 1355, 1), (72, 'image', 'product/1356/6a303ead1ba73.webp', 1356, 1), (73, 'image', 'product/1357/6a303ead8f234.webp', 1357, 1), (74, 'image', 'product/1358/6a303eae0cff5.webp', 1358, 1), (75, 'images', 'product/1/gFyYgUi0YYqpE2GYFL5tjm9GtgmqVZ2HsxcPeEii.webp', 1, 1);


-- Structure for table `product_inventories`
DROP TABLE IF EXISTS `product_inventories`;
CREATE TABLE `product_inventories` (
  `id` int unsigned NOT NULL AUTO_INCREMENT,
  `qty` int NOT NULL DEFAULT '0',
  `product_id` int unsigned NOT NULL,
  `vendor_id` int NOT NULL DEFAULT '0',
  `inventory_source_id` int unsigned NOT NULL,
  PRIMARY KEY (`id`),
  UNIQUE KEY `product_source_vendor_index_unique` (`product_id`,`inventory_source_id`,`vendor_id`),
  KEY `product_inventories_inventory_source_id_foreign` (`inventory_source_id`),
  CONSTRAINT `product_inventories_inventory_source_id_foreign` FOREIGN KEY (`inventory_source_id`) REFERENCES `inventory_sources` (`id`) ON DELETE CASCADE,
  CONSTRAINT `product_inventories_product_id_foreign` FOREIGN KEY (`product_id`) REFERENCES `products` (`id`) ON DELETE CASCADE
) ENGINE=InnoDB AUTO_INCREMENT=1114 DEFAULT CHARSET=utf8mb4 COLLATE=utf8mb4_unicode_ci;

-- Data for table `product_inventories`
INSERT INTO `product_inventories` VALUES (1, 0, 1, 0, 1), (2, 10, 3, 0, 1), (3, 9, 4, 0, 1), (4, 10, 5, 0, 1), (5, 10, 6, 0, 1), (6, 10, 7, 0, 1), (7, 9, 8, 0, 1), (8, 10, 9, 0, 1), (9, 10, 10, 0, 1), (10, 10, 11, 0, 1), (11, 10, 12, 0, 1), (12, 10, 13, 0, 1), (13, 10, 14, 0, 1), (14, 10, 15, 0, 1), (15, 10, 16, 0, 1), (16, 10, 17, 0, 1), (17, 10, 18, 0, 1), (18, 10, 19, 0, 1), (19, 10, 20, 0, 1), (20, 10, 21, 0, 1), (21, 10, 22, 0, 1), (22, 10, 23, 0, 1), (23, 10, 24, 0, 1), (24, 10, 25, 0, 1), (25, 10, 26, 0, 1), (26, 10, 27, 0, 1), (27, 10, 28, 0, 1), (28, 10, 29, 0, 1), (29, 10, 30, 0, 1), (30, 9, 31, 0, 1), (31, 10, 32, 0, 1), (32, 10, 33, 0, 1), (33, 10, 34, 0, 1), (34, 10, 35, 0, 1), (35, 10, 36, 0, 1), (36, 10, 37, 0, 1), (37, 10, 38, 0, 1), (38, 10, 39, 0, 1), (39, 10, 40, 0, 1), (40, 10, 41, 0, 1), (41, 10, 42, 0, 1), (42, 10, 44, 0, 1), (43, 10, 45, 0, 1), (44, 10, 46, 0, 1), (45, 10, 47, 0, 1), (46, 10, 48, 0, 1), (47, 10, 49, 0, 1), (48, 10, 50, 0, 1), (49, 10, 51, 0, 1), (50, 10, 52, 0, 1), (51, 10, 53, 0, 1), (1095, 100, 1340, 0, 1), (1096, 100, 1341, 0, 1), (1097, 100, 1342, 0, 1), (1098, 100, 1343, 0, 1), (1099, 100, 1344, 0, 1), (1100, 100, 1345, 0, 1), (1101, 100, 1346, 0, 1), (1102, 100, 1347, 0, 1), (1103, 100, 1348, 0, 1), (1104, 100, 1349, 0, 1), (1105, 100, 1350, 0, 1), (1106, 100, 1351, 0, 1), (1107, 100, 1352, 0, 1), (1108, 100, 1353, 0, 1), (1109, 100, 1354, 0, 1), (1110, 100, 1355, 0, 1), (1111, 100, 1356, 0, 1), (1112, 100, 1357, 0, 1), (1113, 100, 1358, 0, 1);


-- Structure for table `product_inventory_indices`
DROP TABLE IF EXISTS `product_inventory_indices`;
CREATE TABLE `product_inventory_indices` (
  `id` int unsigned NOT NULL AUTO_INCREMENT,
  `qty` int NOT NULL DEFAULT '0',
  `product_id` int unsigned NOT NULL,
  `channel_id` int unsigned NOT NULL,
  `created_at` timestamp NULL DEFAULT NULL,
  `updated_at` timestamp NULL DEFAULT NULL,
  PRIMARY KEY (`id`),
  UNIQUE KEY `product_inventory_indices_product_id_channel_id_unique` (`product_id`,`channel_id`),
  KEY `product_inventory_indices_channel_id_foreign` (`channel_id`),
  CONSTRAINT `product_inventory_indices_channel_id_foreign` FOREIGN KEY (`channel_id`) REFERENCES `channels` (`id`) ON DELETE CASCADE,
  CONSTRAINT `product_inventory_indices_product_id_foreign` FOREIGN KEY (`product_id`) REFERENCES `products` (`id`) ON DELETE CASCADE
) ENGINE=InnoDB AUTO_INCREMENT=1333 DEFAULT CHARSET=utf8mb4 COLLATE=utf8mb4_unicode_ci;

-- Data for table `product_inventory_indices`
INSERT INTO `product_inventory_indices` VALUES (1, 0, 1, 1, NULL, NULL), (2, 10, 3, 1, NULL, NULL), (3, 9, 4, 1, NULL, '2026-01-02 20:02:32'), (4, 10, 5, 1, NULL, NULL), (5, 10, 6, 1, NULL, NULL), (6, 10, 7, 1, NULL, NULL), (7, 9, 8, 1, NULL, '2026-01-02 20:33:13'), (8, 10, 9, 1, NULL, NULL), (9, 10, 10, 1, NULL, NULL), (10, 10, 11, 1, NULL, NULL), (11, 10, 12, 1, NULL, NULL), (12, 10, 13, 1, NULL, NULL), (13, 10, 14, 1, NULL, NULL), (14, 10, 15, 1, NULL, NULL), (15, 10, 16, 1, NULL, NULL), (16, 10, 17, 1, NULL, NULL), (17, 10, 18, 1, NULL, NULL), (18, 10, 19, 1, NULL, NULL), (19, 10, 20, 1, NULL, NULL), (20, 10, 21, 1, NULL, NULL), (21, 10, 22, 1, NULL, NULL), (22, 10, 23, 1, NULL, NULL), (23, 10, 24, 1, NULL, NULL), (24, 10, 25, 1, NULL, NULL), (25, 10, 26, 1, NULL, NULL), (26, 10, 27, 1, NULL, NULL), (27, 10, 28, 1, NULL, NULL), (28, 10, 29, 1, NULL, NULL), (29, 10, 30, 1, NULL, NULL), (30, 9, 31, 1, NULL, '2026-01-02 17:36:11'), (31, 10, 32, 1, NULL, NULL), (32, 10, 33, 1, NULL, NULL), (33, 10, 34, 1, NULL, NULL), (34, 10, 35, 1, NULL, NULL), (35, 10, 36, 1, NULL, NULL), (36, 10, 37, 1, NULL, NULL), (37, 10, 38, 1, NULL, NULL), (38, 10, 39, 1, NULL, NULL), (39, 10, 40, 1, NULL, NULL), (40, 10, 41, 1, NULL, NULL), (41, 10, 42, 1, NULL, NULL), (42, 0, 2, 1, NULL, NULL), (43, 10, 44, 1, NULL, '2026-01-09 18:57:27'), (44, 10, 45, 1, NULL, '2026-01-09 18:57:27'), (45, 10, 46, 1, NULL, '2026-01-09 18:57:27'), (46, 10, 47, 1, NULL, '2026-01-09 18:57:27'), (47, 10, 48, 1, NULL, '2026-01-09 18:57:27'), (48, 10, 49, 1, NULL, '2026-01-09 18:57:27'), (49, 10, 50, 1, NULL, '2026-01-09 18:57:27'), (50, 10, 51, 1, NULL, '2026-01-09 18:57:27'), (51, 10, 52, 1, NULL, '2026-01-09 18:57:27'), (52, 10, 53, 1, NULL, '2026-01-09 18:57:27'), (53, 0, 43, 1, NULL, NULL);


-- Structure for table `product_ordered_inventories`
DROP TABLE IF EXISTS `product_ordered_inventories`;
CREATE TABLE `product_ordered_inventories` (
  `id` int unsigned NOT NULL AUTO_INCREMENT,
  `qty` int NOT NULL DEFAULT '0',
  `product_id` int unsigned NOT NULL,
  `channel_id` int unsigned NOT NULL,
  PRIMARY KEY (`id`),
  UNIQUE KEY `product_ordered_inventories_product_id_channel_id_unique` (`product_id`,`channel_id`),
  KEY `product_ordered_inventories_channel_id_foreign` (`channel_id`),
  CONSTRAINT `product_ordered_inventories_channel_id_foreign` FOREIGN KEY (`channel_id`) REFERENCES `channels` (`id`) ON DELETE CASCADE,
  CONSTRAINT `product_ordered_inventories_product_id_foreign` FOREIGN KEY (`product_id`) REFERENCES `products` (`id`) ON DELETE CASCADE
) ENGINE=InnoDB AUTO_INCREMENT=28 DEFAULT CHARSET=utf8mb4 COLLATE=utf8mb4_unicode_ci;

-- Data for table `product_ordered_inventories`
INSERT INTO `product_ordered_inventories` VALUES (3, 0, 31, 1), (4, 0, 4, 1), (5, 0, 8, 1), (6, 0, 3, 1);


-- Structure for table `product_price_indices`
DROP TABLE IF EXISTS `product_price_indices`;
CREATE TABLE `product_price_indices` (
  `id` int unsigned NOT NULL AUTO_INCREMENT,
  `product_id` int unsigned NOT NULL,
  `customer_group_id` int unsigned DEFAULT NULL,
  `channel_id` int unsigned NOT NULL DEFAULT '1',
  `min_price` decimal(12,4) NOT NULL DEFAULT '0.0000',
  `regular_min_price` decimal(12,4) NOT NULL DEFAULT '0.0000',
  `max_price` decimal(12,4) NOT NULL DEFAULT '0.0000',
  `regular_max_price` decimal(12,4) NOT NULL DEFAULT '0.0000',
  `created_at` timestamp NULL DEFAULT NULL,
  `updated_at` timestamp NULL DEFAULT NULL,
  PRIMARY KEY (`id`),
  UNIQUE KEY `price_indices_product_id_customer_group_id_channel_id_unique` (`product_id`,`customer_group_id`,`channel_id`),
  KEY `product_price_indices_customer_group_id_foreign` (`customer_group_id`),
  KEY `product_price_indices_channel_id_foreign` (`channel_id`),
  CONSTRAINT `product_price_indices_channel_id_foreign` FOREIGN KEY (`channel_id`) REFERENCES `channels` (`id`) ON DELETE CASCADE,
  CONSTRAINT `product_price_indices_customer_group_id_foreign` FOREIGN KEY (`customer_group_id`) REFERENCES `customer_groups` (`id`) ON DELETE CASCADE,
  CONSTRAINT `product_price_indices_product_id_foreign` FOREIGN KEY (`product_id`) REFERENCES `products` (`id`) ON DELETE CASCADE
) ENGINE=InnoDB AUTO_INCREMENT=3997 DEFAULT CHARSET=utf8mb4 COLLATE=utf8mb4_unicode_ci;

-- Data for table `product_price_indices`
INSERT INTO `product_price_indices` VALUES (1, 1, 1, 1, '200.0000', '200.0000', '200.0000', '200.0000', NULL, NULL), (2, 1, 2, 1, '200.0000', '200.0000', '200.0000', '200.0000', NULL, NULL), (3, 1, 3, 1, '200.0000', '200.0000', '200.0000', '200.0000', NULL, NULL), (4, 3, 1, 1, '300.0000', '300.0000', '300.0000', '300.0000', NULL, NULL), (5, 3, 2, 1, '300.0000', '300.0000', '300.0000', '300.0000', NULL, NULL), (6, 3, 3, 1, '300.0000', '300.0000', '300.0000', '300.0000', NULL, NULL), (7, 4, 1, 1, '300.0000', '300.0000', '300.0000', '300.0000', NULL, NULL), (8, 4, 2, 1, '300.0000', '300.0000', '300.0000', '300.0000', NULL, NULL), (9, 4, 3, 1, '300.0000', '300.0000', '300.0000', '300.0000', NULL, NULL), (10, 5, 1, 1, '300.0000', '300.0000', '300.0000', '300.0000', NULL, NULL), (11, 5, 2, 1, '300.0000', '300.0000', '300.0000', '300.0000', NULL, NULL), (12, 5, 3, 1, '300.0000', '300.0000', '300.0000', '300.0000', NULL, NULL), (13, 6, 1, 1, '300.0000', '300.0000', '300.0000', '300.0000', NULL, NULL), (14, 6, 2, 1, '300.0000', '300.0000', '300.0000', '300.0000', NULL, NULL), (15, 6, 3, 1, '300.0000', '300.0000', '300.0000', '300.0000', NULL, NULL), (16, 7, 1, 1, '300.0000', '300.0000', '300.0000', '300.0000', NULL, NULL), (17, 7, 2, 1, '300.0000', '300.0000', '300.0000', '300.0000', NULL, NULL), (18, 7, 3, 1, '300.0000', '300.0000', '300.0000', '300.0000', NULL, NULL), (19, 8, 1, 1, '300.0000', '300.0000', '300.0000', '300.0000', NULL, NULL), (20, 8, 2, 1, '300.0000', '300.0000', '300.0000', '300.0000', NULL, NULL), (21, 8, 3, 1, '300.0000', '300.0000', '300.0000', '300.0000', NULL, NULL), (22, 9, 1, 1, '300.0000', '300.0000', '300.0000', '300.0000', NULL, NULL), (23, 9, 2, 1, '300.0000', '300.0000', '300.0000', '300.0000', NULL, NULL), (24, 9, 3, 1, '300.0000', '300.0000', '300.0000', '300.0000', NULL, NULL), (25, 10, 1, 1, '300.0000', '300.0000', '300.0000', '300.0000', NULL, NULL), (26, 10, 2, 1, '300.0000', '300.0000', '300.0000', '300.0000', NULL, NULL), (27, 10, 3, 1, '300.0000', '300.0000', '300.0000', '300.0000', NULL, NULL), (28, 11, 1, 1, '300.0000', '300.0000', '300.0000', '300.0000', NULL, NULL), (29, 11, 2, 1, '300.0000', '300.0000', '300.0000', '300.0000', NULL, NULL), (30, 11, 3, 1, '300.0000', '300.0000', '300.0000', '300.0000', NULL, NULL), (31, 12, 1, 1, '300.0000', '300.0000', '300.0000', '300.0000', NULL, NULL), (32, 12, 2, 1, '300.0000', '300.0000', '300.0000', '300.0000', NULL, NULL), (33, 12, 3, 1, '300.0000', '300.0000', '300.0000', '300.0000', NULL, NULL), (34, 13, 1, 1, '300.0000', '300.0000', '300.0000', '300.0000', NULL, NULL), (35, 13, 2, 1, '300.0000', '300.0000', '300.0000', '300.0000', NULL, NULL), (36, 13, 3, 1, '300.0000', '300.0000', '300.0000', '300.0000', NULL, NULL), (37, 14, 1, 1, '300.0000', '300.0000', '300.0000', '300.0000', NULL, NULL), (38, 14, 2, 1, '300.0000', '300.0000', '300.0000', '300.0000', NULL, NULL), (39, 14, 3, 1, '300.0000', '300.0000', '300.0000', '300.0000', NULL, NULL), (40, 15, 1, 1, '300.0000', '300.0000', '300.0000', '300.0000', NULL, NULL), (41, 15, 2, 1, '300.0000', '300.0000', '300.0000', '300.0000', NULL, NULL), (42, 15, 3, 1, '300.0000', '300.0000', '300.0000', '300.0000', NULL, NULL), (43, 16, 1, 1, '300.0000', '300.0000', '300.0000', '300.0000', NULL, NULL), (44, 16, 2, 1, '300.0000', '300.0000', '300.0000', '300.0000', NULL, NULL), (45, 16, 3, 1, '300.0000', '300.0000', '300.0000', '300.0000', NULL, NULL), (46, 17, 1, 1, '300.0000', '300.0000', '300.0000', '300.0000', NULL, NULL), (47, 17, 2, 1, '300.0000', '300.0000', '300.0000', '300.0000', NULL, NULL), (48, 17, 3, 1, '300.0000', '300.0000', '300.0000', '300.0000', NULL, NULL), (49, 18, 1, 1, '300.0000', '300.0000', '300.0000', '300.0000', NULL, NULL), (50, 18, 2, 1, '300.0000', '300.0000', '300.0000', '300.0000', NULL, NULL), (51, 18, 3, 1, '300.0000', '300.0000', '300.0000', '300.0000', NULL, NULL), (52, 19, 1, 1, '300.0000', '300.0000', '300.0000', '300.0000', NULL, NULL), (53, 19, 2, 1, '300.0000', '300.0000', '300.0000', '300.0000', NULL, NULL), (54, 19, 3, 1, '300.0000', '300.0000', '300.0000', '300.0000', NULL, NULL), (55, 20, 1, 1, '300.0000', '300.0000', '300.0000', '300.0000', NULL, NULL), (56, 20, 2, 1, '300.0000', '300.0000', '300.0000', '300.0000', NULL, NULL), (57, 20, 3, 1, '300.0000', '300.0000', '300.0000', '300.0000', NULL, NULL), (58, 21, 1, 1, '300.0000', '300.0000', '300.0000', '300.0000', NULL, NULL), (59, 21, 2, 1, '300.0000', '300.0000', '300.0000', '300.0000', NULL, NULL), (60, 21, 3, 1, '300.0000', '300.0000', '300.0000', '300.0000', NULL, NULL), (61, 22, 1, 1, '300.0000', '300.0000', '300.0000', '300.0000', NULL, NULL), (62, 22, 2, 1, '300.0000', '300.0000', '300.0000', '300.0000', NULL, NULL), (63, 22, 3, 1, '300.0000', '300.0000', '300.0000', '300.0000', NULL, NULL), (64, 23, 1, 1, '300.0000', '300.0000', '300.0000', '300.0000', NULL, NULL), (65, 23, 2, 1, '300.0000', '300.0000', '300.0000', '300.0000', NULL, NULL), (66, 23, 3, 1, '300.0000', '300.0000', '300.0000', '300.0000', NULL, NULL), (67, 24, 1, 1, '300.0000', '300.0000', '300.0000', '300.0000', NULL, NULL), (68, 24, 2, 1, '300.0000', '300.0000', '300.0000', '300.0000', NULL, NULL), (69, 24, 3, 1, '300.0000', '300.0000', '300.0000', '300.0000', NULL, NULL), (70, 25, 1, 1, '300.0000', '300.0000', '300.0000', '300.0000', NULL, NULL), (71, 25, 2, 1, '300.0000', '300.0000', '300.0000', '300.0000', NULL, NULL), (72, 25, 3, 1, '300.0000', '300.0000', '300.0000', '300.0000', NULL, NULL), (73, 26, 1, 1, '300.0000', '300.0000', '300.0000', '300.0000', NULL, NULL), (74, 26, 2, 1, '300.0000', '300.0000', '300.0000', '300.0000', NULL, NULL), (75, 26, 3, 1, '300.0000', '300.0000', '300.0000', '300.0000', NULL, NULL), (76, 27, 1, 1, '300.0000', '300.0000', '300.0000', '300.0000', NULL, NULL), (77, 27, 2, 1, '300.0000', '300.0000', '300.0000', '300.0000', NULL, NULL), (78, 27, 3, 1, '300.0000', '300.0000', '300.0000', '300.0000', NULL, NULL), (79, 28, 1, 1, '300.0000', '300.0000', '300.0000', '300.0000', NULL, NULL), (80, 28, 2, 1, '300.0000', '300.0000', '300.0000', '300.0000', NULL, NULL), (81, 28, 3, 1, '300.0000', '300.0000', '300.0000', '300.0000', NULL, NULL), (82, 29, 1, 1, '300.0000', '300.0000', '300.0000', '300.0000', NULL, NULL), (83, 29, 2, 1, '300.0000', '300.0000', '300.0000', '300.0000', NULL, NULL), (84, 29, 3, 1, '300.0000', '300.0000', '300.0000', '300.0000', NULL, NULL), (85, 30, 1, 1, '300.0000', '300.0000', '300.0000', '300.0000', NULL, NULL), (86, 30, 2, 1, '300.0000', '300.0000', '300.0000', '300.0000', NULL, NULL), (87, 30, 3, 1, '300.0000', '300.0000', '300.0000', '300.0000', NULL, NULL), (88, 31, 1, 1, '300.0000', '300.0000', '300.0000', '300.0000', NULL, NULL), (89, 31, 2, 1, '300.0000', '300.0000', '300.0000', '300.0000', NULL, NULL), (90, 31, 3, 1, '300.0000', '300.0000', '300.0000', '300.0000', NULL, NULL), (91, 32, 1, 1, '300.0000', '300.0000', '300.0000', '300.0000', NULL, NULL), (92, 32, 2, 1, '300.0000', '300.0000', '300.0000', '300.0000', NULL, NULL), (93, 32, 3, 1, '300.0000', '300.0000', '300.0000', '300.0000', NULL, NULL), (94, 33, 1, 1, '300.0000', '300.0000', '300.0000', '300.0000', NULL, NULL), (95, 33, 2, 1, '300.0000', '300.0000', '300.0000', '300.0000', NULL, NULL), (96, 33, 3, 1, '300.0000', '300.0000', '300.0000', '300.0000', NULL, NULL), (97, 34, 1, 1, '300.0000', '300.0000', '300.0000', '300.0000', NULL, NULL), (98, 34, 2, 1, '300.0000', '300.0000', '300.0000', '300.0000', NULL, NULL), (99, 34, 3, 1, '300.0000', '300.0000', '300.0000', '300.0000', NULL, NULL), (100, 35, 1, 1, '300.0000', '300.0000', '300.0000', '300.0000', NULL, NULL);
INSERT INTO `product_price_indices` VALUES (101, 35, 2, 1, '300.0000', '300.0000', '300.0000', '300.0000', NULL, NULL), (102, 35, 3, 1, '300.0000', '300.0000', '300.0000', '300.0000', NULL, NULL), (103, 36, 1, 1, '300.0000', '300.0000', '300.0000', '300.0000', NULL, NULL), (104, 36, 2, 1, '300.0000', '300.0000', '300.0000', '300.0000', NULL, NULL), (105, 36, 3, 1, '300.0000', '300.0000', '300.0000', '300.0000', NULL, NULL), (106, 37, 1, 1, '300.0000', '300.0000', '300.0000', '300.0000', NULL, NULL), (107, 37, 2, 1, '300.0000', '300.0000', '300.0000', '300.0000', NULL, NULL), (108, 37, 3, 1, '300.0000', '300.0000', '300.0000', '300.0000', NULL, NULL), (109, 38, 1, 1, '300.0000', '300.0000', '300.0000', '300.0000', NULL, NULL), (110, 38, 2, 1, '300.0000', '300.0000', '300.0000', '300.0000', NULL, NULL), (111, 38, 3, 1, '300.0000', '300.0000', '300.0000', '300.0000', NULL, NULL), (112, 39, 1, 1, '300.0000', '300.0000', '300.0000', '300.0000', NULL, NULL), (113, 39, 2, 1, '300.0000', '300.0000', '300.0000', '300.0000', NULL, NULL), (114, 39, 3, 1, '300.0000', '300.0000', '300.0000', '300.0000', NULL, NULL), (115, 40, 1, 1, '300.0000', '300.0000', '300.0000', '300.0000', NULL, NULL), (116, 40, 2, 1, '300.0000', '300.0000', '300.0000', '300.0000', NULL, NULL), (117, 40, 3, 1, '300.0000', '300.0000', '300.0000', '300.0000', NULL, NULL), (118, 41, 1, 1, '300.0000', '300.0000', '300.0000', '300.0000', NULL, NULL), (119, 41, 2, 1, '300.0000', '300.0000', '300.0000', '300.0000', NULL, NULL), (120, 41, 3, 1, '300.0000', '300.0000', '300.0000', '300.0000', NULL, NULL), (121, 42, 1, 1, '300.0000', '300.0000', '300.0000', '300.0000', NULL, NULL), (122, 42, 2, 1, '300.0000', '300.0000', '300.0000', '300.0000', NULL, NULL), (123, 42, 3, 1, '300.0000', '300.0000', '300.0000', '300.0000', NULL, NULL), (124, 2, 1, 1, '300.0000', '300.0000', '300.0000', '300.0000', NULL, NULL), (125, 2, 2, 1, '300.0000', '300.0000', '300.0000', '300.0000', NULL, NULL), (126, 2, 3, 1, '300.0000', '300.0000', '300.0000', '300.0000', NULL, NULL), (127, 44, 1, 1, '150.0000', '150.0000', '150.0000', '150.0000', NULL, NULL), (128, 44, 2, 1, '150.0000', '150.0000', '150.0000', '150.0000', NULL, NULL), (129, 44, 3, 1, '150.0000', '150.0000', '150.0000', '150.0000', NULL, NULL), (130, 45, 1, 1, '150.0000', '150.0000', '150.0000', '150.0000', NULL, NULL), (131, 45, 2, 1, '150.0000', '150.0000', '150.0000', '150.0000', NULL, NULL), (132, 45, 3, 1, '150.0000', '150.0000', '150.0000', '150.0000', NULL, NULL), (133, 46, 1, 1, '150.0000', '150.0000', '150.0000', '150.0000', NULL, NULL), (134, 46, 2, 1, '150.0000', '150.0000', '150.0000', '150.0000', NULL, NULL), (135, 46, 3, 1, '150.0000', '150.0000', '150.0000', '150.0000', NULL, NULL), (136, 47, 1, 1, '150.0000', '150.0000', '150.0000', '150.0000', NULL, NULL), (137, 47, 2, 1, '150.0000', '150.0000', '150.0000', '150.0000', NULL, NULL), (138, 47, 3, 1, '150.0000', '150.0000', '150.0000', '150.0000', NULL, NULL), (139, 48, 1, 1, '150.0000', '150.0000', '150.0000', '150.0000', NULL, NULL), (140, 48, 2, 1, '150.0000', '150.0000', '150.0000', '150.0000', NULL, NULL), (141, 48, 3, 1, '150.0000', '150.0000', '150.0000', '150.0000', NULL, NULL), (142, 49, 1, 1, '150.0000', '150.0000', '150.0000', '150.0000', NULL, NULL), (143, 49, 2, 1, '150.0000', '150.0000', '150.0000', '150.0000', NULL, NULL), (144, 49, 3, 1, '150.0000', '150.0000', '150.0000', '150.0000', NULL, NULL), (145, 50, 1, 1, '150.0000', '150.0000', '150.0000', '150.0000', NULL, NULL), (146, 50, 2, 1, '150.0000', '150.0000', '150.0000', '150.0000', NULL, NULL), (147, 50, 3, 1, '150.0000', '150.0000', '150.0000', '150.0000', NULL, NULL), (148, 51, 1, 1, '150.0000', '150.0000', '150.0000', '150.0000', NULL, NULL), (149, 51, 2, 1, '150.0000', '150.0000', '150.0000', '150.0000', NULL, NULL), (150, 51, 3, 1, '150.0000', '150.0000', '150.0000', '150.0000', NULL, NULL), (151, 52, 1, 1, '150.0000', '150.0000', '150.0000', '150.0000', NULL, NULL), (152, 52, 2, 1, '150.0000', '150.0000', '150.0000', '150.0000', NULL, NULL), (153, 52, 3, 1, '150.0000', '150.0000', '150.0000', '150.0000', NULL, NULL), (154, 53, 1, 1, '150.0000', '150.0000', '150.0000', '150.0000', NULL, NULL), (155, 53, 2, 1, '150.0000', '150.0000', '150.0000', '150.0000', NULL, NULL), (156, 53, 3, 1, '150.0000', '150.0000', '150.0000', '150.0000', NULL, NULL), (157, 43, 1, 1, '150.0000', '150.0000', '150.0000', '150.0000', NULL, '2026-01-09 18:57:27'), (158, 43, 2, 1, '150.0000', '150.0000', '150.0000', '150.0000', NULL, '2026-01-09 18:57:27'), (159, 43, 3, 1, '150.0000', '150.0000', '150.0000', '150.0000', NULL, '2026-01-09 18:57:27');


-- Structure for table `product_relations`
DROP TABLE IF EXISTS `product_relations`;
CREATE TABLE `product_relations` (
  `parent_id` int unsigned NOT NULL,
  `child_id` int unsigned NOT NULL,
  UNIQUE KEY `product_relations_parent_id_child_id_unique` (`parent_id`,`child_id`),
  KEY `product_relations_child_id_foreign` (`child_id`),
  CONSTRAINT `product_relations_child_id_foreign` FOREIGN KEY (`child_id`) REFERENCES `products` (`id`) ON DELETE CASCADE,
  CONSTRAINT `product_relations_parent_id_foreign` FOREIGN KEY (`parent_id`) REFERENCES `products` (`id`) ON DELETE CASCADE
) ENGINE=InnoDB DEFAULT CHARSET=utf8mb4 COLLATE=utf8mb4_unicode_ci;

-- Data for table `product_relations`


-- Structure for table `product_review_attachments`
DROP TABLE IF EXISTS `product_review_attachments`;
CREATE TABLE `product_review_attachments` (
  `id` int unsigned NOT NULL AUTO_INCREMENT,
  `review_id` int unsigned NOT NULL,
  `type` varchar(255) COLLATE utf8mb4_unicode_ci NOT NULL DEFAULT 'image',
  `mime_type` varchar(255) COLLATE utf8mb4_unicode_ci DEFAULT NULL,
  `path` varchar(255) COLLATE utf8mb4_unicode_ci NOT NULL,
  PRIMARY KEY (`id`),
  KEY `product_review_images_review_id_foreign` (`review_id`),
  CONSTRAINT `product_review_images_review_id_foreign` FOREIGN KEY (`review_id`) REFERENCES `product_reviews` (`id`) ON DELETE CASCADE
) ENGINE=InnoDB AUTO_INCREMENT=10 DEFAULT CHARSET=utf8mb4 COLLATE=utf8mb4_unicode_ci;

-- Data for table `product_review_attachments`


-- Structure for table `product_reviews`
DROP TABLE IF EXISTS `product_reviews`;
CREATE TABLE `product_reviews` (
  `id` int unsigned NOT NULL AUTO_INCREMENT,
  `name` varchar(255) COLLATE utf8mb4_unicode_ci NOT NULL DEFAULT '',
  `title` varchar(255) COLLATE utf8mb4_unicode_ci NOT NULL,
  `rating` int NOT NULL,
  `comment` text COLLATE utf8mb4_unicode_ci,
  `status` varchar(255) COLLATE utf8mb4_unicode_ci NOT NULL,
  `product_id` int unsigned NOT NULL,
  `customer_id` int DEFAULT NULL,
  `created_at` timestamp NULL DEFAULT NULL,
  `updated_at` timestamp NULL DEFAULT NULL,
  PRIMARY KEY (`id`),
  KEY `product_reviews_product_id_foreign` (`product_id`),
  CONSTRAINT `product_reviews_product_id_foreign` FOREIGN KEY (`product_id`) REFERENCES `products` (`id`) ON DELETE CASCADE
) ENGINE=InnoDB AUTO_INCREMENT=18 DEFAULT CHARSET=utf8mb4 COLLATE=utf8mb4_unicode_ci;

-- Data for table `product_reviews`
INSERT INTO `product_reviews` VALUES (1, 'Ahmed Ali', 'ممتاز جدا', 5, 'أنصح بيه جدااااااااا', 'pending', 2, 3, '2026-01-02 17:22:07', '2026-01-02 17:22:07');


-- Structure for table `product_super_attributes`
DROP TABLE IF EXISTS `product_super_attributes`;
CREATE TABLE `product_super_attributes` (
  `product_id` int unsigned NOT NULL,
  `attribute_id` int unsigned NOT NULL,
  UNIQUE KEY `product_super_attributes_product_id_attribute_id_unique` (`product_id`,`attribute_id`),
  KEY `product_super_attributes_attribute_id_foreign` (`attribute_id`),
  CONSTRAINT `product_super_attributes_attribute_id_foreign` FOREIGN KEY (`attribute_id`) REFERENCES `attributes` (`id`) ON DELETE RESTRICT,
  CONSTRAINT `product_super_attributes_product_id_foreign` FOREIGN KEY (`product_id`) REFERENCES `products` (`id`) ON DELETE CASCADE
) ENGINE=InnoDB DEFAULT CHARSET=utf8mb4 COLLATE=utf8mb4_unicode_ci;

-- Data for table `product_super_attributes`
INSERT INTO `product_super_attributes` VALUES (2, 23), (43, 23), (2, 24), (2, 30), (43, 30);


-- Structure for table `product_up_sells`
DROP TABLE IF EXISTS `product_up_sells`;
CREATE TABLE `product_up_sells` (
  `parent_id` int unsigned NOT NULL,
  `child_id` int unsigned NOT NULL,
  UNIQUE KEY `product_up_sells_parent_id_child_id_unique` (`parent_id`,`child_id`),
  KEY `product_up_sells_child_id_foreign` (`child_id`),
  CONSTRAINT `product_up_sells_child_id_foreign` FOREIGN KEY (`child_id`) REFERENCES `products` (`id`) ON DELETE CASCADE,
  CONSTRAINT `product_up_sells_parent_id_foreign` FOREIGN KEY (`parent_id`) REFERENCES `products` (`id`) ON DELETE CASCADE
) ENGINE=InnoDB DEFAULT CHARSET=utf8mb4 COLLATE=utf8mb4_unicode_ci;

-- Data for table `product_up_sells`


-- Structure for table `product_videos`
DROP TABLE IF EXISTS `product_videos`;
CREATE TABLE `product_videos` (
  `id` int unsigned NOT NULL AUTO_INCREMENT,
  `product_id` int unsigned NOT NULL,
  `type` varchar(255) COLLATE utf8mb4_unicode_ci DEFAULT NULL,
  `path` varchar(255) COLLATE utf8mb4_unicode_ci NOT NULL,
  `position` int unsigned NOT NULL DEFAULT '0',
  PRIMARY KEY (`id`),
  KEY `product_videos_product_id_foreign` (`product_id`),
  CONSTRAINT `product_videos_product_id_foreign` FOREIGN KEY (`product_id`) REFERENCES `products` (`id`) ON DELETE CASCADE
) ENGINE=InnoDB DEFAULT CHARSET=utf8mb4 COLLATE=utf8mb4_unicode_ci;

-- Data for table `product_videos`


-- Structure for table `products`
DROP TABLE IF EXISTS `products`;
CREATE TABLE `products` (
  `id` int unsigned NOT NULL AUTO_INCREMENT,
  `sku` varchar(255) COLLATE utf8mb4_unicode_ci NOT NULL,
  `type` varchar(255) COLLATE utf8mb4_unicode_ci NOT NULL,
  `parent_id` int unsigned DEFAULT NULL,
  `attribute_family_id` int unsigned DEFAULT NULL,
  `additional` json DEFAULT NULL,
  `created_at` timestamp NULL DEFAULT NULL,
  `updated_at` timestamp NULL DEFAULT NULL,
  PRIMARY KEY (`id`),
  UNIQUE KEY `products_sku_unique` (`sku`),
  KEY `products_attribute_family_id_foreign` (`attribute_family_id`),
  KEY `products_parent_id_foreign` (`parent_id`),
  CONSTRAINT `products_attribute_family_id_foreign` FOREIGN KEY (`attribute_family_id`) REFERENCES `attribute_families` (`id`) ON DELETE RESTRICT,
  CONSTRAINT `products_parent_id_foreign` FOREIGN KEY (`parent_id`) REFERENCES `products` (`id`) ON DELETE CASCADE
) ENGINE=InnoDB AUTO_INCREMENT=1359 DEFAULT CHARSET=utf8mb4 COLLATE=utf8mb4_unicode_ci;

-- Data for table `products`
INSERT INTO `products` VALUES (1, 'SP-001', 'simple', NULL, 2, NULL, '2026-01-02 15:22:23', '2026-01-02 15:22:23'), (2, 'SP-002', 'configurable', NULL, 2, NULL, '2026-01-02 15:49:06', '2026-01-02 15:49:06'), (3, 'SP-002-variant-1-6-13', 'simple', 2, 2, NULL, '2026-01-02 15:49:06', '2026-01-02 15:49:06'), (4, 'SP-002-variant-2-6-13', 'simple', 2, 2, NULL, '2026-01-02 15:49:06', '2026-01-02 15:49:06'), (5, 'SP-002-variant-3-6-13', 'simple', 2, 2, NULL, '2026-01-02 15:49:06', '2026-01-02 15:49:06'), (6, 'SP-002-variant-4-6-13', 'simple', 2, 2, NULL, '2026-01-02 15:49:06', '2026-01-02 15:49:06'), (7, 'SP-002-variant-5-6-13', 'simple', 2, 2, NULL, '2026-01-02 15:49:06', '2026-01-02 15:49:06'), (8, 'SP-002-variant-1-7-13', 'simple', 2, 2, NULL, '2026-01-02 15:49:06', '2026-01-02 15:49:06'), (9, 'SP-002-variant-1-8-13', 'simple', 2, 2, NULL, '2026-01-02 15:49:06', '2026-01-02 15:49:06'), (10, 'SP-002-variant-1-9-13', 'simple', 2, 2, NULL, '2026-01-02 15:49:06', '2026-01-02 15:49:06'), (11, 'SP-002-variant-2-7-13', 'simple', 2, 2, NULL, '2026-01-02 15:49:06', '2026-01-02 15:49:06'), (12, 'SP-002-variant-2-8-13', 'simple', 2, 2, NULL, '2026-01-02 15:49:06', '2026-01-02 15:49:06'), (13, 'SP-002-variant-2-9-13', 'simple', 2, 2, NULL, '2026-01-02 15:49:06', '2026-01-02 15:49:06'), (14, 'SP-002-variant-3-7-13', 'simple', 2, 2, NULL, '2026-01-02 15:49:06', '2026-01-02 15:49:06'), (15, 'SP-002-variant-3-8-13', 'simple', 2, 2, NULL, '2026-01-02 15:49:06', '2026-01-02 15:49:06'), (16, 'SP-002-variant-3-9-13', 'simple', 2, 2, NULL, '2026-01-02 15:49:06', '2026-01-02 15:49:06'), (17, 'SP-002-variant-4-7-13', 'simple', 2, 2, NULL, '2026-01-02 15:49:06', '2026-01-02 15:49:06'), (18, 'SP-002-variant-4-8-13', 'simple', 2, 2, NULL, '2026-01-02 15:49:06', '2026-01-02 15:49:06'), (19, 'SP-002-variant-4-9-13', 'simple', 2, 2, NULL, '2026-01-02 15:49:06', '2026-01-02 15:49:06'), (20, 'SP-002-variant-5-7-13', 'simple', 2, 2, NULL, '2026-01-02 15:49:06', '2026-01-02 15:49:06'), (21, 'SP-002-variant-5-8-13', 'simple', 2, 2, NULL, '2026-01-02 15:49:06', '2026-01-02 15:49:06'), (22, 'SP-002-variant-5-9-13', 'simple', 2, 2, NULL, '2026-01-02 15:49:06', '2026-01-02 15:49:06'), (23, 'SP-002-variant-1-6-14', 'simple', 2, 2, NULL, '2026-01-02 15:49:06', '2026-01-02 15:49:06'), (24, 'SP-002-variant-2-6-14', 'simple', 2, 2, NULL, '2026-01-02 15:49:06', '2026-01-02 15:49:06'), (25, 'SP-002-variant-3-6-14', 'simple', 2, 2, NULL, '2026-01-02 15:49:06', '2026-01-02 15:49:06'), (26, 'SP-002-variant-4-6-14', 'simple', 2, 2, NULL, '2026-01-02 15:49:06', '2026-01-02 15:49:06'), (27, 'SP-002-variant-5-6-14', 'simple', 2, 2, NULL, '2026-01-02 15:49:07', '2026-01-02 15:49:07'), (28, 'SP-002-variant-1-7-14', 'simple', 2, 2, NULL, '2026-01-02 15:49:07', '2026-01-02 15:49:07'), (29, 'SP-002-variant-1-8-14', 'simple', 2, 2, NULL, '2026-01-02 15:49:07', '2026-01-02 15:49:07'), (30, 'SP-002-variant-1-9-14', 'simple', 2, 2, NULL, '2026-01-02 15:49:07', '2026-01-02 15:49:07'), (31, 'SP-002-variant-2-7-14', 'simple', 2, 2, NULL, '2026-01-02 15:49:07', '2026-01-02 15:49:07'), (32, 'SP-002-variant-2-8-14', 'simple', 2, 2, NULL, '2026-01-02 15:49:07', '2026-01-02 15:49:07'), (33, 'SP-002-variant-2-9-14', 'simple', 2, 2, NULL, '2026-01-02 15:49:07', '2026-01-02 15:49:07'), (34, 'SP-002-variant-3-7-14', 'simple', 2, 2, NULL, '2026-01-02 15:49:07', '2026-01-02 15:49:07'), (35, 'SP-002-variant-3-8-14', 'simple', 2, 2, NULL, '2026-01-02 15:49:07', '2026-01-02 15:49:07'), (36, 'SP-002-variant-3-9-14', 'simple', 2, 2, NULL, '2026-01-02 15:49:07', '2026-01-02 15:49:07'), (37, 'SP-002-variant-4-7-14', 'simple', 2, 2, NULL, '2026-01-02 15:49:07', '2026-01-02 15:49:07'), (38, 'SP-002-variant-4-8-14', 'simple', 2, 2, NULL, '2026-01-02 15:49:07', '2026-01-02 15:49:07'), (39, 'SP-002-variant-4-9-14', 'simple', 2, 2, NULL, '2026-01-02 15:49:07', '2026-01-02 15:49:07'), (40, 'SP-002-variant-5-7-14', 'simple', 2, 2, NULL, '2026-01-02 15:49:07', '2026-01-02 15:49:07'), (41, 'SP-002-variant-5-8-14', 'simple', 2, 2, NULL, '2026-01-02 15:49:07', '2026-01-02 15:49:07'), (42, 'SP-002-variant-5-9-14', 'simple', 2, 2, NULL, '2026-01-02 15:49:07', '2026-01-02 15:49:07'), (43, 'SP-003', 'configurable', NULL, 2, NULL, '2026-01-09 18:01:52', '2026-01-09 18:01:52'), (44, 'SP-003-variant-1-13', 'simple', 43, 2, NULL, '2026-01-09 18:01:52', '2026-01-09 18:01:52'), (45, 'SP-003-variant-2-13', 'simple', 43, 2, NULL, '2026-01-09 18:01:52', '2026-01-09 18:01:52'), (46, 'SP-003-variant-3-13', 'simple', 43, 2, NULL, '2026-01-09 18:01:52', '2026-01-09 18:01:52'), (47, 'SP-003-variant-4-13', 'simple', 43, 2, NULL, '2026-01-09 18:01:52', '2026-01-09 18:01:52'), (48, 'SP-003-variant-5-13', 'simple', 43, 2, NULL, '2026-01-09 18:01:52', '2026-01-09 18:01:52'), (49, 'SP-003-variant-1-14', 'simple', 43, 2, NULL, '2026-01-09 18:01:52', '2026-01-09 18:01:52'), (50, 'SP-003-variant-2-14', 'simple', 43, 2, NULL, '2026-01-09 18:01:52', '2026-01-09 18:01:52'), (51, 'SP-003-variant-3-14', 'simple', 43, 2, NULL, '2026-01-09 18:01:52', '2026-01-09 18:01:52'), (52, 'SP-003-variant-4-14', 'simple', 43, 2, NULL, '2026-01-09 18:01:52', '2026-01-09 18:01:52'), (53, 'SP-003-variant-5-14', 'simple', 43, 2, NULL, '2026-01-09 18:01:52', '2026-01-09 18:01:52'), (1339, 'SMA-APP-IPH-121', 'simple', NULL, 1, NULL, '2026-06-15 21:02:34', '2026-06-15 21:02:34'), (1340, 'SMA-APP-IPH-122', 'simple', NULL, 1, NULL, '2026-06-15 21:03:50', '2026-06-15 21:03:50'), (1341, 'SMA-APP-IPH-123', 'simple', NULL, 1, NULL, '2026-06-15 21:03:52', '2026-06-15 21:03:52'), (1342, 'SMA-APP-IPH-124', 'simple', NULL, 1, NULL, '2026-06-15 21:03:55', '2026-06-15 21:03:55'), (1343, 'SMA-OPP-OPP-125', 'simple', NULL, 1, NULL, '2026-06-15 21:03:57', '2026-06-15 21:03:57'), (1344, 'SMA-OPP-OPP-126', 'simple', NULL, 1, NULL, '2026-06-15 21:03:59', '2026-06-15 21:03:59'), (1345, 'SMA-OPP-OPP-127', 'simple', NULL, 1, NULL, '2026-06-15 21:04:02', '2026-06-15 21:04:02'), (1346, 'SMA-REA-REA-128', 'simple', NULL, 1, NULL, '2026-06-15 21:04:05', '2026-06-15 21:04:05'), (1347, 'SMA-REA-REA-129', 'simple', NULL, 1, NULL, '2026-06-15 21:04:07', '2026-06-15 21:04:07'), (1348, 'SMA-REA-REA-130', 'simple', NULL, 1, NULL, '2026-06-15 21:04:10', '2026-06-15 21:04:10'), (1349, 'SMA-SAM-SAM-131', 'simple', NULL, 1, NULL, '2026-06-15 21:04:13', '2026-06-15 21:04:13'), (1350, 'SMA-SAM-SAM-132', 'simple', NULL, 1, NULL, '2026-06-15 21:04:16', '2026-06-15 21:04:16'), (1351, 'SMA-SAM-SAM-133', 'simple', NULL, 1, NULL, '2026-06-15 21:04:18', '2026-06-15 21:04:18'), (1352, 'SMA-VIV-VIV-134', 'simple', NULL, 1, NULL, '2026-06-15 21:04:20', '2026-06-15 21:04:20'), (1353, 'SMA-VIV-VIV-135', 'simple', NULL, 1, NULL, '2026-06-15 21:04:22', '2026-06-15 21:04:22'), (1354, 'SMA-VIV-VIV-136', 'simple', NULL, 1, NULL, '2026-06-15 21:04:25', '2026-06-15 21:04:25'), (1355, 'JR-T03S', 'simple', NULL, 1, NULL, '2026-06-15 21:04:27', '2026-06-15 21:04:27'), (1356, 'JR-FC20', 'simple', NULL, 1, NULL, '2026-06-15 21:04:28', '2026-06-15 21:04:28'), (1357, 'AK-A1263011', 'simple', NULL, 1, NULL, '2026-06-15 21:04:29', '2026-06-15 21:04:29'), (1358, 'AK-A3025011', 'simple', NULL, 1, NULL, '2026-06-15 21:04:29', '2026-06-15 21:04:29');


-- Structure for table `refund_items`
DROP TABLE IF EXISTS `refund_items`;
CREATE TABLE `refund_items` (
  `id` int unsigned NOT NULL AUTO_INCREMENT,
  `parent_id` int unsigned DEFAULT NULL,
  `name` varchar(255) COLLATE utf8mb4_unicode_ci DEFAULT NULL,
  `description` varchar(255) COLLATE utf8mb4_unicode_ci DEFAULT NULL,
  `sku` varchar(255) COLLATE utf8mb4_unicode_ci DEFAULT NULL,
  `qty` int DEFAULT NULL,
  `price` decimal(12,4) NOT NULL DEFAULT '0.0000',
  `base_price` decimal(12,4) NOT NULL DEFAULT '0.0000',
  `total` decimal(12,4) NOT NULL DEFAULT '0.0000',
  `base_total` decimal(12,4) NOT NULL DEFAULT '0.0000',
  `tax_amount` decimal(12,4) DEFAULT '0.0000',
  `base_tax_amount` decimal(12,4) DEFAULT '0.0000',
  `discount_percent` decimal(12,4) DEFAULT '0.0000',
  `discount_amount` decimal(12,4) DEFAULT '0.0000',
  `base_discount_amount` decimal(12,4) DEFAULT '0.0000',
  `price_incl_tax` decimal(12,4) NOT NULL DEFAULT '0.0000',
  `base_price_incl_tax` decimal(12,4) NOT NULL DEFAULT '0.0000',
  `total_incl_tax` decimal(12,4) NOT NULL DEFAULT '0.0000',
  `base_total_incl_tax` decimal(12,4) NOT NULL DEFAULT '0.0000',
  `product_id` int unsigned DEFAULT NULL,
  `product_type` varchar(255) COLLATE utf8mb4_unicode_ci DEFAULT NULL,
  `order_item_id` int unsigned DEFAULT NULL,
  `refund_id` int unsigned DEFAULT NULL,
  `additional` json DEFAULT NULL,
  `created_at` timestamp NULL DEFAULT NULL,
  `updated_at` timestamp NULL DEFAULT NULL,
  PRIMARY KEY (`id`),
  KEY `refund_items_parent_id_foreign` (`parent_id`),
  KEY `refund_items_order_item_id_foreign` (`order_item_id`),
  KEY `refund_items_refund_id_foreign` (`refund_id`),
  CONSTRAINT `refund_items_order_item_id_foreign` FOREIGN KEY (`order_item_id`) REFERENCES `order_items` (`id`) ON DELETE CASCADE,
  CONSTRAINT `refund_items_parent_id_foreign` FOREIGN KEY (`parent_id`) REFERENCES `refund_items` (`id`) ON DELETE CASCADE,
  CONSTRAINT `refund_items_refund_id_foreign` FOREIGN KEY (`refund_id`) REFERENCES `refunds` (`id`) ON DELETE CASCADE
) ENGINE=InnoDB AUTO_INCREMENT=3 DEFAULT CHARSET=utf8mb4 COLLATE=utf8mb4_unicode_ci;

-- Data for table `refund_items`


-- Structure for table `refunds`
DROP TABLE IF EXISTS `refunds`;
CREATE TABLE `refunds` (
  `id` int unsigned NOT NULL AUTO_INCREMENT,
  `increment_id` varchar(255) COLLATE utf8mb4_unicode_ci DEFAULT NULL,
  `state` varchar(255) COLLATE utf8mb4_unicode_ci DEFAULT NULL,
  `email_sent` tinyint(1) NOT NULL DEFAULT '0',
  `total_qty` int DEFAULT NULL,
  `base_currency_code` varchar(255) COLLATE utf8mb4_unicode_ci DEFAULT NULL,
  `channel_currency_code` varchar(255) COLLATE utf8mb4_unicode_ci DEFAULT NULL,
  `order_currency_code` varchar(255) COLLATE utf8mb4_unicode_ci DEFAULT NULL,
  `adjustment_refund` decimal(12,4) DEFAULT '0.0000',
  `base_adjustment_refund` decimal(12,4) DEFAULT '0.0000',
  `adjustment_fee` decimal(12,4) DEFAULT '0.0000',
  `base_adjustment_fee` decimal(12,4) DEFAULT '0.0000',
  `sub_total` decimal(12,4) DEFAULT '0.0000',
  `base_sub_total` decimal(12,4) DEFAULT '0.0000',
  `grand_total` decimal(12,4) DEFAULT '0.0000',
  `base_grand_total` decimal(12,4) DEFAULT '0.0000',
  `shipping_amount` decimal(12,4) DEFAULT '0.0000',
  `base_shipping_amount` decimal(12,4) DEFAULT '0.0000',
  `tax_amount` decimal(12,4) DEFAULT '0.0000',
  `base_tax_amount` decimal(12,4) DEFAULT '0.0000',
  `discount_percent` decimal(12,4) DEFAULT '0.0000',
  `discount_amount` decimal(12,4) DEFAULT '0.0000',
  `base_discount_amount` decimal(12,4) DEFAULT '0.0000',
  `shipping_tax_amount` decimal(12,4) NOT NULL DEFAULT '0.0000',
  `base_shipping_tax_amount` decimal(12,4) NOT NULL DEFAULT '0.0000',
  `sub_total_incl_tax` decimal(12,4) NOT NULL DEFAULT '0.0000',
  `base_sub_total_incl_tax` decimal(12,4) NOT NULL DEFAULT '0.0000',
  `shipping_amount_incl_tax` decimal(12,4) NOT NULL DEFAULT '0.0000',
  `base_shipping_amount_incl_tax` decimal(12,4) NOT NULL DEFAULT '0.0000',
  `order_id` int unsigned DEFAULT NULL,
  `created_at` timestamp NULL DEFAULT NULL,
  `updated_at` timestamp NULL DEFAULT NULL,
  PRIMARY KEY (`id`),
  KEY `refunds_order_id_foreign` (`order_id`),
  CONSTRAINT `refunds_order_id_foreign` FOREIGN KEY (`order_id`) REFERENCES `orders` (`id`) ON DELETE CASCADE
) ENGINE=InnoDB AUTO_INCREMENT=4 DEFAULT CHARSET=utf8mb4 COLLATE=utf8mb4_unicode_ci;

-- Data for table `refunds`


-- Structure for table `roles`
DROP TABLE IF EXISTS `roles`;
CREATE TABLE `roles` (
  `id` int unsigned NOT NULL AUTO_INCREMENT,
  `name` varchar(255) COLLATE utf8mb4_unicode_ci NOT NULL,
  `description` varchar(255) COLLATE utf8mb4_unicode_ci DEFAULT NULL,
  `permission_type` varchar(255) COLLATE utf8mb4_unicode_ci NOT NULL,
  `permissions` json DEFAULT NULL,
  `created_at` timestamp NULL DEFAULT NULL,
  `updated_at` timestamp NULL DEFAULT NULL,
  PRIMARY KEY (`id`)
) ENGINE=InnoDB AUTO_INCREMENT=7 DEFAULT CHARSET=utf8mb4 COLLATE=utf8mb4_unicode_ci;

-- Data for table `roles`
INSERT INTO `roles` VALUES (1, 'مدير', 'سيكون لدى مستخدمي هذا الدور وصولًا كاملاً', 'all', NULL, NULL, NULL);


-- Structure for table `search_synonyms`
DROP TABLE IF EXISTS `search_synonyms`;
CREATE TABLE `search_synonyms` (
  `id` int unsigned NOT NULL AUTO_INCREMENT,
  `name` varchar(255) COLLATE utf8mb4_unicode_ci NOT NULL,
  `terms` text COLLATE utf8mb4_unicode_ci NOT NULL,
  `created_at` timestamp NULL DEFAULT NULL,
  `updated_at` timestamp NULL DEFAULT NULL,
  PRIMARY KEY (`id`)
) ENGINE=InnoDB AUTO_INCREMENT=7 DEFAULT CHARSET=utf8mb4 COLLATE=utf8mb4_unicode_ci;

-- Data for table `search_synonyms`


-- Structure for table `search_terms`
DROP TABLE IF EXISTS `search_terms`;
CREATE TABLE `search_terms` (
  `id` int unsigned NOT NULL AUTO_INCREMENT,
  `term` varchar(255) COLLATE utf8mb4_unicode_ci NOT NULL,
  `results` int NOT NULL DEFAULT '0',
  `uses` int NOT NULL DEFAULT '0',
  `redirect_url` varchar(255) COLLATE utf8mb4_unicode_ci DEFAULT NULL,
  `display_in_suggested_terms` tinyint(1) NOT NULL DEFAULT '0',
  `locale` varchar(255) COLLATE utf8mb4_unicode_ci NOT NULL,
  `channel_id` int unsigned NOT NULL,
  `created_at` timestamp NULL DEFAULT NULL,
  `updated_at` timestamp NULL DEFAULT NULL,
  PRIMARY KEY (`id`),
  KEY `search_terms_channel_id_foreign` (`channel_id`),
  CONSTRAINT `search_terms_channel_id_foreign` FOREIGN KEY (`channel_id`) REFERENCES `channels` (`id`) ON DELETE CASCADE
) ENGINE=InnoDB AUTO_INCREMENT=13 DEFAULT CHARSET=utf8mb4 COLLATE=utf8mb4_unicode_ci;

-- Data for table `search_terms`
INSERT INTO `search_terms` VALUES (1, 'PITAKA', 2, 5, NULL, 0, 'ar', 1, '2026-01-06 14:42:40', '2026-06-16 00:11:37'), (2, 'watch', 0, 1, NULL, 0, 'ar', 1, '2026-01-06 14:49:13', '2026-01-06 14:49:13'), (3, 'a', 2, 1, NULL, 0, 'ar', 1, '2026-01-06 14:54:57', '2026-01-06 14:54:57'), (4, 'color', 0, 1, NULL, 0, 'ar', 1, '2026-01-06 15:26:32', '2026-01-06 15:26:32');


-- Structure for table `shipment_items`
DROP TABLE IF EXISTS `shipment_items`;
CREATE TABLE `shipment_items` (
  `id` int unsigned NOT NULL AUTO_INCREMENT,
  `name` varchar(255) COLLATE utf8mb4_unicode_ci DEFAULT NULL,
  `description` varchar(255) COLLATE utf8mb4_unicode_ci DEFAULT NULL,
  `sku` varchar(255) COLLATE utf8mb4_unicode_ci DEFAULT NULL,
  `qty` int DEFAULT NULL,
  `weight` decimal(12,4) DEFAULT NULL,
  `price` decimal(12,4) DEFAULT '0.0000',
  `base_price` decimal(12,4) DEFAULT '0.0000',
  `total` decimal(12,4) DEFAULT '0.0000',
  `base_total` decimal(12,4) DEFAULT '0.0000',
  `price_incl_tax` decimal(12,4) NOT NULL DEFAULT '0.0000',
  `base_price_incl_tax` decimal(12,4) NOT NULL DEFAULT '0.0000',
  `product_id` int unsigned DEFAULT NULL,
  `product_type` varchar(255) COLLATE utf8mb4_unicode_ci DEFAULT NULL,
  `order_item_id` int unsigned DEFAULT NULL,
  `shipment_id` int unsigned NOT NULL,
  `additional` json DEFAULT NULL,
  `created_at` timestamp NULL DEFAULT NULL,
  `updated_at` timestamp NULL DEFAULT NULL,
  PRIMARY KEY (`id`),
  KEY `shipment_items_shipment_id_foreign` (`shipment_id`),
  CONSTRAINT `shipment_items_shipment_id_foreign` FOREIGN KEY (`shipment_id`) REFERENCES `shipments` (`id`) ON DELETE CASCADE
) ENGINE=InnoDB AUTO_INCREMENT=6 DEFAULT CHARSET=utf8mb4 COLLATE=utf8mb4_unicode_ci;

-- Data for table `shipment_items`
INSERT INTO `shipment_items` VALUES (1, 'PITAKA', NULL, 'SP-002-variant-2-7-14', 1, '0.0000', '300.0000', '300.0000', '300.0000', '300.0000', '300.0000', '300.0000', 2, 'Webkul\\Product\\Models\\Product', 5, 1, '{"attributes":{"color":{"attribute_name":"اللون","option_id":2,"option_label":"أخضر"},"iphone_1716":{"attribute_name":"موديل الأيفون","option_id":14,"option_label":"ايفون 16"},"size":{"attribute_name":"الحجم","option_id":7,"option_label":"وسط"}},"cart_id":2,"is_buy_now":"0","locale":"ar","product_id":"2","quantity":1,"selected_configurable_option":"31","super_attribute":{"23":"2","24":"7","30":"14"}}', '2026-01-02 17:36:11', '2026-01-02 17:36:11'), (2, 'PITAKA', NULL, 'SP-002-variant-2-6-13', 1, '0.0000', '300.0000', '300.0000', '300.0000', '300.0000', '300.0000', '300.0000', 2, 'Webkul\\Product\\Models\\Product', 7, 2, '{"attributes":{"color":{"attribute_name":"اللون","option_id":2,"option_label":"أخضر"},"iphone_1716":{"attribute_name":"موديل الأيفون","option_id":13,"option_label":"ايفون 17"},"size":{"attribute_name":"الحجم","option_id":6,"option_label":"صغير"}},"cart_id":4,"is_buy_now":"0","locale":"ar","product_id":"2","quantity":1,"selected_configurable_option":"4","super_attribute":{"23":"2","24":"6","30":"13"}}', '2026-01-02 20:02:32', '2026-01-02 20:02:32'), (3, 'PITAKA', NULL, 'SP-002-variant-1-7-13', 1, '0.0000', '300.0000', '300.0000', '300.0000', '300.0000', '300.0000', '300.0000', 2, 'Webkul\\Product\\Models\\Product', 9, 3, '{"attributes":{"color":{"attribute_name":"اللون","option_id":1,"option_label":"أحمر"},"iphone_1716":{"attribute_name":"موديل الأيفون","option_id":13,"option_label":"ايفون 17"},"size":{"attribute_name":"الحجم","option_id":7,"option_label":"وسط"}},"cart_id":5,"is_buy_now":"0","locale":"ar","product_id":"2","quantity":1,"selected_configurable_option":"8","super_attribute":{"23":"1","24":"7","30":"13"}}', '2026-01-02 20:33:13', '2026-01-02 20:33:13');


-- Structure for table `shipments`
DROP TABLE IF EXISTS `shipments`;
CREATE TABLE `shipments` (
  `id` int unsigned NOT NULL AUTO_INCREMENT,
  `status` varchar(255) COLLATE utf8mb4_unicode_ci DEFAULT NULL,
  `total_qty` int DEFAULT NULL,
  `total_weight` decimal(12,4) DEFAULT NULL,
  `carrier_code` varchar(255) COLLATE utf8mb4_unicode_ci DEFAULT NULL,
  `carrier_title` varchar(255) COLLATE utf8mb4_unicode_ci DEFAULT NULL,
  `track_number` text COLLATE utf8mb4_unicode_ci,
  `email_sent` tinyint(1) NOT NULL DEFAULT '0',
  `customer_id` int unsigned DEFAULT NULL,
  `customer_type` varchar(255) COLLATE utf8mb4_unicode_ci DEFAULT NULL,
  `order_id` int unsigned NOT NULL,
  `order_address_id` int unsigned DEFAULT NULL,
  `inventory_source_id` int unsigned DEFAULT NULL,
  `inventory_source_name` varchar(255) COLLATE utf8mb4_unicode_ci DEFAULT NULL,
  `created_at` timestamp NULL DEFAULT NULL,
  `updated_at` timestamp NULL DEFAULT NULL,
  PRIMARY KEY (`id`),
  KEY `shipments_order_id_foreign` (`order_id`),
  KEY `shipments_inventory_source_id_foreign` (`inventory_source_id`),
  CONSTRAINT `shipments_inventory_source_id_foreign` FOREIGN KEY (`inventory_source_id`) REFERENCES `inventory_sources` (`id`) ON DELETE SET NULL,
  CONSTRAINT `shipments_order_id_foreign` FOREIGN KEY (`order_id`) REFERENCES `orders` (`id`) ON DELETE CASCADE
) ENGINE=InnoDB AUTO_INCREMENT=7 DEFAULT CHARSET=utf8mb4 COLLATE=utf8mb4_unicode_ci;

-- Data for table `shipments`
INSERT INTO `shipments` VALUES (1, NULL, 1, '0.0000', NULL, 'بوسطة', '5050', 1, 3, 'Webkul\\Customer\\Models\\Customer', 3, 11, 1, 'افتراضي', '2026-01-02 17:36:11', '2026-01-02 20:33:16'), (2, NULL, 1, '0.0000', NULL, 'بوسطة', '6666', 1, 3, 'Webkul\\Customer\\Models\\Customer', 4, 15, 1, 'افتراضي', '2026-01-02 20:02:32', '2026-01-02 20:33:16'), (3, NULL, 1, '0.0000', NULL, '', '', 1, 3, 'Webkul\\Customer\\Models\\Customer', 5, 19, 1, 'افتراضي', '2026-01-02 20:33:13', '2026-01-02 20:33:16');


-- Structure for table `sitemaps`
DROP TABLE IF EXISTS `sitemaps`;
CREATE TABLE `sitemaps` (
  `id` int unsigned NOT NULL AUTO_INCREMENT,
  `file_name` varchar(255) COLLATE utf8mb4_unicode_ci NOT NULL,
  `path` varchar(255) COLLATE utf8mb4_unicode_ci NOT NULL,
  `additional` json DEFAULT NULL,
  `generated_at` datetime DEFAULT NULL,
  `created_at` timestamp NULL DEFAULT NULL,
  `updated_at` timestamp NULL DEFAULT NULL,
  PRIMARY KEY (`id`)
) ENGINE=InnoDB AUTO_INCREMENT=5 DEFAULT CHARSET=utf8mb4 COLLATE=utf8mb4_unicode_ci;

-- Data for table `sitemaps`


-- Structure for table `subscribers_list`
DROP TABLE IF EXISTS `subscribers_list`;
CREATE TABLE `subscribers_list` (
  `id` int unsigned NOT NULL AUTO_INCREMENT,
  `email` varchar(255) COLLATE utf8mb4_unicode_ci NOT NULL,
  `is_subscribed` tinyint(1) NOT NULL DEFAULT '0',
  `token` varchar(255) COLLATE utf8mb4_unicode_ci DEFAULT NULL,
  `customer_id` int unsigned DEFAULT NULL,
  `channel_id` int unsigned NOT NULL,
  `created_at` timestamp NULL DEFAULT NULL,
  `updated_at` timestamp NULL DEFAULT NULL,
  PRIMARY KEY (`id`),
  KEY `subscribers_list_customer_id_foreign` (`customer_id`),
  KEY `subscribers_list_channel_id_foreign` (`channel_id`),
  CONSTRAINT `subscribers_list_channel_id_foreign` FOREIGN KEY (`channel_id`) REFERENCES `channels` (`id`) ON DELETE CASCADE,
  CONSTRAINT `subscribers_list_customer_id_foreign` FOREIGN KEY (`customer_id`) REFERENCES `customers` (`id`) ON DELETE SET NULL
) ENGINE=InnoDB AUTO_INCREMENT=9 DEFAULT CHARSET=utf8mb4 COLLATE=utf8mb4_unicode_ci;

-- Data for table `subscribers_list`


-- Structure for table `tax_categories`
DROP TABLE IF EXISTS `tax_categories`;
CREATE TABLE `tax_categories` (
  `id` int unsigned NOT NULL AUTO_INCREMENT,
  `code` varchar(255) COLLATE utf8mb4_unicode_ci NOT NULL,
  `name` varchar(255) COLLATE utf8mb4_unicode_ci NOT NULL,
  `description` longtext COLLATE utf8mb4_unicode_ci NOT NULL,
  `created_at` timestamp NULL DEFAULT NULL,
  `updated_at` timestamp NULL DEFAULT NULL,
  PRIMARY KEY (`id`),
  UNIQUE KEY `tax_categories_code_unique` (`code`)
) ENGINE=InnoDB AUTO_INCREMENT=18 DEFAULT CHARSET=utf8mb4 COLLATE=utf8mb4_unicode_ci;

-- Data for table `tax_categories`


-- Structure for table `tax_categories_tax_rates`
DROP TABLE IF EXISTS `tax_categories_tax_rates`;
CREATE TABLE `tax_categories_tax_rates` (
  `id` int unsigned NOT NULL AUTO_INCREMENT,
  `tax_category_id` int unsigned NOT NULL,
  `tax_rate_id` int unsigned NOT NULL,
  `created_at` timestamp NULL DEFAULT NULL,
  `updated_at` timestamp NULL DEFAULT NULL,
  PRIMARY KEY (`id`),
  UNIQUE KEY `tax_map_index_unique` (`tax_category_id`,`tax_rate_id`),
  KEY `tax_categories_tax_rates_tax_rate_id_foreign` (`tax_rate_id`),
  CONSTRAINT `tax_categories_tax_rates_tax_category_id_foreign` FOREIGN KEY (`tax_category_id`) REFERENCES `tax_categories` (`id`) ON DELETE CASCADE,
  CONSTRAINT `tax_categories_tax_rates_tax_rate_id_foreign` FOREIGN KEY (`tax_rate_id`) REFERENCES `tax_rates` (`id`) ON DELETE CASCADE
) ENGINE=InnoDB AUTO_INCREMENT=17 DEFAULT CHARSET=utf8mb4 COLLATE=utf8mb4_unicode_ci;

-- Data for table `tax_categories_tax_rates`


-- Structure for table `tax_rates`
DROP TABLE IF EXISTS `tax_rates`;
CREATE TABLE `tax_rates` (
  `id` int unsigned NOT NULL AUTO_INCREMENT,
  `identifier` varchar(255) COLLATE utf8mb4_unicode_ci NOT NULL,
  `is_zip` tinyint(1) NOT NULL DEFAULT '0',
  `zip_code` varchar(255) COLLATE utf8mb4_unicode_ci DEFAULT NULL,
  `zip_from` varchar(255) COLLATE utf8mb4_unicode_ci DEFAULT NULL,
  `zip_to` varchar(255) COLLATE utf8mb4_unicode_ci DEFAULT NULL,
  `state` varchar(255) COLLATE utf8mb4_unicode_ci NOT NULL,
  `country` varchar(255) COLLATE utf8mb4_unicode_ci NOT NULL,
  `tax_rate` decimal(12,4) NOT NULL,
  `created_at` timestamp NULL DEFAULT NULL,
  `updated_at` timestamp NULL DEFAULT NULL,
  PRIMARY KEY (`id`),
  UNIQUE KEY `tax_rates_identifier_unique` (`identifier`)
) ENGINE=InnoDB AUTO_INCREMENT=22 DEFAULT CHARSET=utf8mb4 COLLATE=utf8mb4_unicode_ci;

-- Data for table `tax_rates`


-- Structure for table `theme_customization_translations`
DROP TABLE IF EXISTS `theme_customization_translations`;
CREATE TABLE `theme_customization_translations` (
  `id` int unsigned NOT NULL AUTO_INCREMENT,
  `theme_customization_id` int unsigned NOT NULL,
  `locale` varchar(255) COLLATE utf8mb4_unicode_ci NOT NULL,
  `options` json NOT NULL,
  PRIMARY KEY (`id`),
  KEY `theme_customization_id_foreign` (`theme_customization_id`),
  CONSTRAINT `theme_customization_id_foreign` FOREIGN KEY (`theme_customization_id`) REFERENCES `theme_customizations` (`id`) ON DELETE CASCADE
) ENGINE=InnoDB AUTO_INCREMENT=20 DEFAULT CHARSET=utf8mb4 COLLATE=utf8mb4_unicode_ci;

-- Data for table `theme_customization_translations`
INSERT INTO `theme_customization_translations` VALUES (1, 1, 'ar', '{"images":[{"image":"storage/theme/1/sTzrMJD2ISX3LXqZgjdvF6oNj7BhpVhYfd6Fg9L4.webp","link":"","title":"Salem Store"},{"image":"storage/theme/1/Kgt6MKyA3IeBgRIBgeMqo6JgynJeMokg4xMODoqP.webp","link":"","title":"Salem Store"},{"image":"storage/theme/1/IfW78fHjUmCVK7n4xgjS9jhXOqdKNQy2ZABISGE7.webp","link":"","title":"joyroom"},{"image":"storage/theme/1/fwXttEcwuZIiBLSmUgwoRmyZW67Ms9a4lOsCbIvb.webp","link":"","title":"anker"},{"image":"https://sstore.ams3.digitaloceanspaces.com/theme/1/vMb5LO7EGxMmXPnAvwdhL1hswFrHrx8GcvL1cEA1.webp","link":"","title":"anker"}]}'), (2, 2, 'ar', '{"css":".home-offer h1 {display: block;font-weight: 500;text-align: center;font-size: 22px;font-family: DM Serif Display;background-color: #E8EDFE;padding-top: 20px;padding-bottom: 20px;}@media (max-width:768px){.home-offer h1 {font-size:18px;padding-top: 10px;padding-bottom: 10px;}@media (max-width:525px) {.home-offer h1 {font-size:14px;padding-top: 6px;padding-bottom: 6px;}}","html":"<div class=\"home-offer\">\r\n     <h1>احصل على خصم يصل إلى 40% على طلبك الأول. تسوق الآن</h1>\r\n\r\n</div>"}'), (3, 3, 'ar', '{"filters":{"limit":30,"parent_id":1,"sort":"asc"}}'), (4, 4, 'ar', '{"filters":{"limit":12,"new":1,"sort":"name-asc"},"title":"منتجات جديدة"}'), (5, 5, 'ar', '{"css":".top-collection-container {overflow: hidden;}.top-collection-header {padding-left: 15px;padding-right: 15px;text-align: center;font-size: 70px;line-height: 90px;color: #060C3B;margin-top: 80px;}.top-collection-header h2 {max-width: 595px;margin-left: auto;margin-right: auto;font-family: DM Serif Display;}.top-collection-grid {display: flex;flex-wrap: wrap;gap: 32px;justify-content: center;margin-top: 60px;width: 100%;margin-right: auto;margin-left: auto;padding-right: 90px;padding-left: 90px;}.top-collection-card {position: relative;background: #f9fafb;overflow:hidden;border-radius:20px;}.top-collection-card img {border-radius: 16px;max-width: 100%;text-indent:-9999px;transition: transform 300ms ease;transform: scale(1);}.top-collection-card:hover img {transform: scale(1.05);transition: all 300ms ease;}.top-collection-card h3 {color: #060C3B;font-size: 30px;font-family: DM Serif Display;transform: translateX(-50%);width: max-content;left: 50%;bottom: 30px;position: absolute;margin: 0;font-weight: inherit;}@media not all and (min-width: 525px) {.top-collection-header {margin-top: 28px;font-size: 20px;line-height: 1.5;}.top-collection-grid {gap: 10px}}@media not all and (min-width: 768px) {.top-collection-header {margin-top: 30px;font-size: 28px;line-height: 3;}.top-collection-header h2 {line-height:2; margin-bottom:20px;} .top-collection-grid {gap: 14px}} @media not all and (min-width: 1024px) {.top-collection-grid {padding-left: 30px;padding-right: 30px;}}@media (max-width: 768px) {.top-collection-grid { row-gap:15px; column-gap:0px;justify-content: space-between;margin-top: 0px;} .top-collection-card{width:48%} .top-collection-card img {width:100%;} .top-collection-card h3 {font-size:24px; bottom: 16px;}}@media (max-width:520px) { .top-collection-grid{padding-left: 15px;padding-right: 15px;} .top-collection-card h3 {font-size:18px; bottom: 10px;}}","html":"<div class=\"top-collection-container\"><div class=\"top-collection-header\"><h2>اللعبة مع إضافاتنا الجديدة!</h2></div><div class=\"top-collection-grid container\"><div class=\"top-collection-card\"><img src=\"\" data-src=\"storage/theme/5/sboPBWDmyBx58MVIFbewWVIDpoIDQ8VRQ1PVekjf.webp\" class=\"lazy\" width=\"396\" height=\"396\" alt=\"اللعبة مع إضافاتنا الجديدة!\"><h3>مجموعاتنا</h3></div><div class=\"top-collection-card\"><img src=\"\" data-src=\"storage/theme/5/Eud58MYtVHKRMV4gUqZobmQBNWParbamAO4E4wQB.webp\" class=\"lazy\" width=\"396\" height=\"396\" alt=\"اللعبة مع إضافاتنا الجديدة!\"><h3>مجموعاتنا</h3></div><div class=\"top-collection-card\"><img src=\"\" data-src=\"storage/theme/5/quHPJssbMWEqPoHa0a7XDVUtfY0l8ciNSrAP0Lqr.webp\" class=\"lazy\" width=\"396\" height=\"396\" alt=\"اللعبة مع إضافاتنا الجديدة!\"><h3>مجموعاتنا</h3></div><div class=\"top-collection-card\"><img src=\"\" data-src=\"storage/theme/5/b6NVbGAcjMuJfEVqd3fBnyM7506bh7gxvt6lUtzc.webp\" class=\"lazy\" width=\"396\" height=\"396\" alt=\"اللعبة مع إضافاتنا الجديدة!\"><h3>مجموعاتنا</h3></div><div class=\"top-collection-card\"><img src=\"\" data-src=\"storage/theme/5/OHNYSikCZCV03BZQItHgmJmZdeV6Nmp8fryiIOFK.webp\" class=\"lazy\" width=\"396\" height=\"396\" alt=\"اللعبة مع إضافاتنا الجديدة!\"><h3>مجموعاتنا</h3></div><div class=\"top-collection-card\"><img src=\"\" data-src=\"storage/theme/5/a0GhT9d5tCR9GxZJNOAuejarZrdT07rWnxdix03s.webp\" class=\"lazy\" width=\"396\" height=\"396\" alt=\"اللعبة مع إضافاتنا الجديدة!\"><h3>مجموعاتنا</h3></div></div></div>"}'), (6, 6, 'ar', '{"css":".section-gap{margin-top:80px}.direction-ltr{direction:ltr}.direction-rtl{direction:rtl}.inline-col-wrapper{display:grid;grid-template-columns:auto 1fr;grid-gap:60px;align-items:center}.inline-col-wrapper .inline-col-image-wrapper{overflow:hidden}.inline-col-wrapper .inline-col-image-wrapper img{max-width:100%;height:auto;border-radius:16px;text-indent:-9999px}.inline-col-wrapper .inline-col-content-wrapper{display:flex;flex-wrap:wrap;gap:20px;max-width:464px}.inline-col-wrapper .inline-col-content-wrapper .inline-col-title{max-width:442px;font-size:60px;font-weight:400;color:#060c3b;line-height:70px;font-family:DM Serif Display;margin:0}.inline-col-wrapper .inline-col-content-wrapper .inline-col-description{margin:0;font-size:18px;color:#6e6e6e;font-family:Poppins}@media (max-width:991px){.inline-col-wrapper{grid-template-columns:1fr;grid-gap:16px}.inline-col-wrapper .inline-col-content-wrapper{gap:10px}} @media (max-width:768px){.inline-col-wrapper .inline-col-image-wrapper img {width:100%;} .inline-col-wrapper .inline-col-content-wrapper .inline-col-title{font-size:28px !important;line-height:normal !important}} @media (max-width:525px){.inline-col-wrapper .inline-col-content-wrapper .inline-col-title{font-size:20px !important;} .inline-col-description{font-size:16px} .inline-col-wrapper{grid-gap:10px}}","html":"<div class=\"section-gap bold-collections container\"> <div class=\"inline-col-wrapper\"> <div class=\"inline-col-image-wrapper\"> <img src=\"\" data-src=\"storage/theme/6/Qn6NAFpxHfjbmsVKZX8L4Du9seh5n5gryhe8QsTh.webp\" class=\"lazy\" width=\"632\" height=\"510\" alt=\"استعد لمجموعاتنا البارزة الجديدة!\"> </div> <div class=\"inline-col-content-wrapper\"> <h2 class=\"inline-col-title\"> استعد لمجموعاتنا البارزة الجديدة! </h2> <p class=\"inline-col-description\">نقدم لك مجموعاتنا البارزة الجديدة! قم بتحسين أناقتك مع تصاميم جريئة وعبارات حيوية. استكشف أنماطًا بارزة وألوانًا جريئة تعيد تعريف خزانتك. استعد لاعتناق الاستثنائية!</p> <button class=\"primary-button max-md:rounded-lg max-md:px-4 max-md:py-2.5 max-md:text-sm\">عرض المجموعات</button> </div> </div> </div>"}'), (7, 7, 'ar', '{"filters":{"featured":1,"limit":12,"sort":"name-desc"},"title":"منتجات مميزة"}'), (8, 8, 'ar', '{"css":".section-game {\r\n    overflow: hidden;\r\n}\r\n.section-title, .section-title h2 {\r\n    font-weight:900;\r\n    font-family:DM Serif Display\r\n}\r\n.section-title {\r\n    margin-top:60px;\r\n    padding-left:15px;\r\n    padding-right:15px;\r\n  margin-bottom:30px;\r\n    text-align:center;\r\n    line-height:90px\r\n}\r\n.section-title h2 {\r\n    font-size:50px;\r\n    color:#060c3b;\r\n    max-width:595px;\r\n    margin:auto\r\n}\r\n.collection-card-wrapper {\r\n    display:flex;\r\n    flex-wrap:wrap;\r\n    justify-content:center;\r\n    gap:30px\r\n}\r\n.collection-card-wrapper .single-collection-card {\r\n    position:relative\r\n}\r\n.collection-card-wrapper .single-collection-card img {\r\n    border-radius:16px;\r\n    background-color:#f5f5f5;\r\n    max-width:100%;\r\n    height:auto;\r\n    text-indent:-9999px\r\n}\r\n.collection-card-wrapper .single-collection-card .overlay-text {\r\n    font-size:50px;\r\n    font-weight:400;\r\n    max-width:234px;\r\n    font-style:italic;\r\n    color:#060c3b;\r\n    font-family:DM Serif Display;\r\n    position:absolute;\r\n    bottom:30px;\r\n    left:30px;\r\n    margin:0\r\n}\r\n@media (max-width:1024px) {\r\n    .section-title {\r\n        padding:0 30px\r\n    }\r\n}\r\n@media (max-width:991px) {\r\n    .collection-card-wrapper {\r\n        flex-wrap:wrap\r\n    }\r\n}\r\n@media (max-width:768px) {\r\n    .collection-card-wrapper .single-collection-card .overlay-text {\r\n        font-size:32px;\r\n        bottom:20px\r\n    }\r\n    .section-title {\r\n        margin-top:32px\r\n    }\r\n    .section-title h2 {\r\n        font-size:28px;\r\n        line-height:normal\r\n    }\r\n}\r\n@media (max-width:525px) {\r\n    .collection-card-wrapper .single-collection-card .overlay-text {\r\n        font-size:18px;\r\n        bottom:10px\r\n    }\r\n    .section-title {\r\n        margin-top:28px\r\n    }\r\n    .section-title h2 {\r\n        font-size:20px;\r\n    }\r\n    .collection-card-wrapper {\r\n        gap:10px;\r\n        15px;\r\n        row-gap:15px;\r\n        column-gap:0px;\r\n        justify-content: space-between;\r\n        margin-top: 15px;\r\n    }\r\n    .collection-card-wrapper .single-collection-card {\r\n        width:48%;\r\n    }\r\n}","html":"<div class=\"section-game\">\r\n    <div class=\"section-title\">\r\n         <h2>اللعبة مع إضافاتنا الجديدة!</h2>\r\n\r\n    </div>\r\n    <div class=\"section-gap container\">\r\n        <div class=\"collection-card-wrapper\">\r\n            <div class=\"single-collection-card\">\r\n                <img src=\"\" data-src=\"storage/theme/8/MAPaChMjL0TdHzcqT9mc2LJPWdROc7v3yRCbP1M3.webp\" class=\"lazy\" width=\"615\" height=\"600\" alt=\"اللعبة مع إضافاتنا الجديدة!\">\r\n            </div>\r\n            <div class=\"single-collection-card\">\r\n                <img src=\"\" data-src=\"storage/theme/8/dpMtaboeqSlAv8im5GQ8VXOmoNefM0OdPA2LxAmd.webp\" class=\"lazy\" width=\"615\" height=\"600\" alt=\"اللعبة مع إضافاتنا الجديدة!\">\r\n            </div>\r\n        </div>\r\n    </div>\r\n</div>"}'), (9, 9, 'ar', '{"filters":{"limit":12,"sort":"name-desc"},"title":"جميع المنتجات"}'), (10, 10, 'ar', '{"css":".section-gap{margin-top:80px}.direction-ltr{direction:ltr}.direction-rtl{direction:rtl}.inline-col-wrapper{display:grid;grid-template-columns:auto 1fr;grid-gap:60px;align-items:center}.inline-col-wrapper .inline-col-image-wrapper{overflow:hidden}.inline-col-wrapper .inline-col-image-wrapper img{max-width:100%;height:auto;border-radius:16px;text-indent:-9999px}.inline-col-wrapper .inline-col-content-wrapper{display:flex;flex-wrap:wrap;gap:20px;max-width:464px}.inline-col-wrapper .inline-col-content-wrapper .inline-col-title{max-width:442px;font-size:60px;font-weight:400;color:#060c3b;line-height:70px;font-family:DM Serif Display;margin:0}.inline-col-wrapper .inline-col-content-wrapper .inline-col-description{margin:0;font-size:18px;color:#6e6e6e;font-family:Poppins}@media (max-width:991px){.inline-col-wrapper{grid-template-columns:1fr;grid-gap:16px}.inline-col-wrapper .inline-col-content-wrapper{gap:10px}}@media (max-width:768px) {.inline-col-wrapper .inline-col-image-wrapper img {max-width:100%;}.inline-col-wrapper .inline-col-content-wrapper{max-width:100%;justify-content:center; text-align:center} .section-gap{padding:0 30px; gap:20px;margin-top:24px} .bold-collections{margin-top:32px;}} @media (max-width:525px){.inline-col-wrapper .inline-col-content-wrapper{gap:10px} .inline-col-wrapper .inline-col-content-wrapper .inline-col-title{font-size:20px;line-height:normal} .section-gap{padding:0 15px; gap:15px;margin-top:10px} .bold-collections{margin-top:28px;}  .inline-col-description{font-size:16px !important} .inline-col-wrapper{grid-gap:15px}","html":"<div class=\"section-gap bold-collections container\"> <div class=\"inline-col-wrapper direction-rtl\"> <div class=\"inline-col-image-wrapper\"> <img src=\"\" data-src=\"storage/theme/10/aQmamfDmAFDo5eylpNHFsX9ANFppoTDEVU6HRkmE.webp\" class=\"lazy\" width=\"632\" height=\"510\" alt=\"استعد لمجموعاتنا البارزة الجديدة!\"> </div> <div class=\"inline-col-content-wrapper direction-ltr\"> <h2 class=\"inline-col-title\"> استعد لمجموعاتنا البارزة الجديدة! </h2> <p class=\"inline-col-description\">نقدم لك مجموعاتنا البارزة الجديدة! قم بتحسين أناقتك مع تصاميم جريئة وعبارات حيوية. استكشف أنماطًا بارزة وألوانًا جريئة تعيد تعريف خزانتك. استعد لاعتناق الاستثنائية!</p> <button class=\"primary-button max-md:rounded-lg max-md:px-4 max-md:py-2.5 max-md:text-sm\">عرض المجموعات</button> </div> </div> </div>"}'), (11, 11, 'ar', '{"column_1":[{"sort_order":1,"title":"معلومات عنا","url":"https://salem-store.test/page/about-us"},{"sort_order":2,"title":"اتصل بنا","url":"https://salem-store.test/contact-us"},{"sort_order":3,"title":"خدمة العملاء","url":"https://salem-store.test/page/customer-service"},{"sort_order":4,"title":"ما الجديد","url":"https://salem-store.test/page/whats-new"},{"sort_order":5,"title":"شروط الاستخدام","url":"https://salem-store.test/page/terms-of-use"},{"sort_order":6,"title":"الشروط والأحكام","url":"https://salem-store.test/page/terms-conditions"}],"column_2":[{"sort_order":1,"title":"سياسة الخصوصية","url":"https://salem-store.test/page/privacy-policy"},{"sort_order":2,"title":"سياسة الدفع","url":"https://salem-store.test/page/payment-policy"},{"sort_order":3,"title":"سياسة الشحن","url":"https://salem-store.test/page/shipping-policy"},{"sort_order":4,"title":"سياسة الاسترداد","url":"https://salem-store.test/page/refund-policy"},{"sort_order":5,"title":"سياسة الإرجاع","url":"https://salem-store.test/page/return-policy"}]}'), (12, 12, 'ar', '{"services":[{"description":"استمتع بالشحن المجاني على جميع الطلبات","service_icon":"icon-truck","title":"الشحن المجاني"},{"description":"استبدال المنتج بسهولة متاح!","service_icon":"icon-product","title":"استبدال المنتج"},{"description":"توفر EMI بدون تكلفة على جميع بطاقات الائتمان الرئيسية","service_icon":"icon-dollar-sign","title":"توفر EMI"},{"description":"دعم مخصص على مدار الساعة عبر الدردشة والبريد الإلكتروني","service_icon":"icon-support","title":"الدعم على مدار الساعة"}]}'), (13, 3, 'en', '{"filters":{"limit":30,"sort":"desc"}}'), (14, 12, 'en', '{"services":[{"description":"Helllllo","service_icon":"car","title":"Hello Service"}]}'), (15, 1, 'en', '{"images":[{"image":"storage/theme/1/Thf0HiOqTQW0N87xqNS8jx40r9b4SsOm6KDqpV0P.webp","link":"https://salem-store.test","title":"Hello Service"}]}'), (17, 18, 'ar', '{"brand_color":"#24bdff","brand_name":"عائلة","brand_subtitle":"Anker","filters":{"limit":"10","parent_id":"118","sort":"asc"}}'), (18, 19, 'en', '{"brand_color":"#1e1e1e","brand_name":"عائلة","brand_subtitle":"Joyroom","filters":{"limit":"10","parent_id":"144","sort":"asc"}}'), (19, 19, 'ar', '{"brand_color":"#1e1e1e","brand_name":"عائلة","brand_subtitle":"Joyroom","filters":{"limit":"10","parent_id":"144","sort":"asc"}}');


-- Structure for table `theme_customizations`
DROP TABLE IF EXISTS `theme_customizations`;
CREATE TABLE `theme_customizations` (
  `id` int unsigned NOT NULL AUTO_INCREMENT,
  `theme_code` varchar(255) COLLATE utf8mb4_unicode_ci DEFAULT 'default',
  `type` varchar(255) COLLATE utf8mb4_unicode_ci NOT NULL,
  `name` varchar(255) COLLATE utf8mb4_unicode_ci NOT NULL,
  `sort_order` int NOT NULL,
  `status` tinyint(1) NOT NULL DEFAULT '0',
  `channel_id` int unsigned NOT NULL,
  `created_at` timestamp NULL DEFAULT NULL,
  `updated_at` timestamp NULL DEFAULT NULL,
  PRIMARY KEY (`id`),
  KEY `theme_customizations_channel_id_foreign` (`channel_id`),
  CONSTRAINT `theme_customizations_channel_id_foreign` FOREIGN KEY (`channel_id`) REFERENCES `channels` (`id`) ON DELETE CASCADE
) ENGINE=InnoDB AUTO_INCREMENT=20 DEFAULT CHARSET=utf8mb4 COLLATE=utf8mb4_unicode_ci;

-- Data for table `theme_customizations`
INSERT INTO `theme_customizations` VALUES (1, 'default', 'image_carousel', 'عرض الصور', 1, 1, 1, '2025-12-27 00:06:11', '2026-06-21 16:01:52'), (2, 'default', 'static_content', 'معلومات العرض', 2, 1, 1, '2025-12-27 00:06:11', '2026-01-01 23:15:30'), (3, 'default', 'category_carousel', 'تصنيفات المجموعات', 3, 1, 1, '2025-12-27 00:06:11', '2025-12-27 01:23:00'), (4, 'default', 'product_carousel', 'منتجات جديدة', 4, 1, 1, '2025-12-27 00:06:11', '2025-12-27 00:06:11'), (5, 'default', 'static_content', 'أفضل المجموعات', 5, 0, 1, '2025-12-27 00:06:11', '2026-02-08 15:45:50'), (6, 'default', 'static_content', 'مجموعات بارزة', 6, 0, 1, '2025-12-27 00:06:11', '2026-02-08 15:44:12'), (7, 'default', 'product_carousel', 'مجموعات مميزة', 7, 1, 1, '2025-12-27 00:06:11', '2025-12-27 00:06:11'), (8, 'default', 'static_content', 'حاوية اللعبة', 8, 1, 1, '2025-12-27 00:06:11', '2026-06-15 20:43:58'), (9, 'default', 'product_carousel', 'جميع المنتجات', 9, 1, 1, '2025-12-27 00:06:11', '2025-12-27 00:06:11'), (10, 'default', 'static_content', 'مجموعات بارزة', 10, 0, 1, '2025-12-27 00:06:11', '2026-02-08 15:44:54'), (11, 'default', 'footer_links', 'روابط الذيل', 11, 1, 1, '2025-12-27 00:06:11', '2025-12-27 01:18:40'), (12, 'default', 'services_content', 'محتوى الخدمات', 12, 1, 1, '2025-12-27 00:06:11', '2025-12-27 01:25:19'), (18, 'default', 'brand_showcase', 'Anker Showcase', 5, 1, 1, '2026-06-09 22:57:24', '2026-06-15 11:33:03'), (19, 'default', 'brand_showcase', 'Joyroom Showcase', 8, 1, 1, '2026-06-15 11:26:24', '2026-06-15 11:34:30');


-- Structure for table `url_rewrites`
DROP TABLE IF EXISTS `url_rewrites`;
CREATE TABLE `url_rewrites` (
  `id` int unsigned NOT NULL AUTO_INCREMENT,
  `entity_type` varchar(255) COLLATE utf8mb4_unicode_ci NOT NULL,
  `request_path` varchar(255) COLLATE utf8mb4_unicode_ci NOT NULL,
  `target_path` varchar(255) COLLATE utf8mb4_unicode_ci NOT NULL,
  `redirect_type` varchar(255) COLLATE utf8mb4_unicode_ci DEFAULT NULL,
  `locale` varchar(255) COLLATE utf8mb4_unicode_ci NOT NULL,
  `created_at` timestamp NULL DEFAULT NULL,
  `updated_at` timestamp NULL DEFAULT NULL,
  PRIMARY KEY (`id`)
) ENGINE=InnoDB AUTO_INCREMENT=8 DEFAULT CHARSET=utf8mb4 COLLATE=utf8mb4_unicode_ci;

-- Data for table `url_rewrites`
INSERT INTO `url_rewrites` VALUES (7, 'category', 'anker', 'انكر', '301', 'ar', '2026-06-11 13:30:38', '2026-06-11 13:30:38');


-- Structure for table `users`
DROP TABLE IF EXISTS `users`;
CREATE TABLE `users` (
  `id` int unsigned NOT NULL AUTO_INCREMENT,
  `name` varchar(255) COLLATE utf8mb4_unicode_ci NOT NULL,
  `email` varchar(255) COLLATE utf8mb4_unicode_ci NOT NULL,
  `password` varchar(255) COLLATE utf8mb4_unicode_ci NOT NULL,
  `remember_token` varchar(100) COLLATE utf8mb4_unicode_ci DEFAULT NULL,
  `created_at` timestamp NULL DEFAULT NULL,
  `updated_at` timestamp NULL DEFAULT NULL,
  PRIMARY KEY (`id`),
  UNIQUE KEY `users_email_unique` (`email`)
) ENGINE=InnoDB DEFAULT CHARSET=utf8mb4 COLLATE=utf8mb4_unicode_ci;

-- Data for table `users`


-- Structure for table `visits`
DROP TABLE IF EXISTS `visits`;
CREATE TABLE `visits` (
  `id` bigint unsigned NOT NULL AUTO_INCREMENT,
  `method` varchar(255) COLLATE utf8mb4_unicode_ci DEFAULT NULL,
  `request` mediumtext COLLATE utf8mb4_unicode_ci,
  `url` mediumtext COLLATE utf8mb4_unicode_ci,
  `referer` mediumtext COLLATE utf8mb4_unicode_ci,
  `languages` text COLLATE utf8mb4_unicode_ci,
  `useragent` text COLLATE utf8mb4_unicode_ci,
  `headers` text COLLATE utf8mb4_unicode_ci,
  `device` text COLLATE utf8mb4_unicode_ci,
  `platform` text COLLATE utf8mb4_unicode_ci,
  `browser` text COLLATE utf8mb4_unicode_ci,
  `ip` varchar(45) COLLATE utf8mb4_unicode_ci DEFAULT NULL,
  `visitable_type` varchar(255) COLLATE utf8mb4_unicode_ci DEFAULT NULL,
  `visitable_id` bigint unsigned DEFAULT NULL,
  `visitor_type` varchar(255) COLLATE utf8mb4_unicode_ci DEFAULT NULL,
  `visitor_id` bigint unsigned DEFAULT NULL,
  `channel_id` int unsigned DEFAULT NULL,
  `created_at` timestamp NULL DEFAULT NULL,
  `updated_at` timestamp NULL DEFAULT NULL,
  PRIMARY KEY (`id`),
  KEY `visits_visitable_type_visitable_id_index` (`visitable_type`,`visitable_id`),
  KEY `visits_visitor_type_visitor_id_index` (`visitor_type`,`visitor_id`),
  KEY `visits_channel_id_foreign` (`channel_id`),
  CONSTRAINT `visits_channel_id_foreign` FOREIGN KEY (`channel_id`) REFERENCES `channels` (`id`) ON DELETE CASCADE
) ENGINE=InnoDB AUTO_INCREMENT=295 DEFAULT CHARSET=utf8mb4 COLLATE=utf8mb4_unicode_ci;

-- Data for table `visits`
INSERT INTO `visits` VALUES (1, 'GET', '[]', 'https://salem-store.test', NULL, '[]', 'Mozilla/5.0 (Windows NT 10.0; Win64; x64) AppleWebKit/537.36 (KHTML, like Gecko) Chrome/143.0.0.0 Safari/537.36', '{"priority":["u=0, i"],"accept-language":["en-GB,en-US;q=0.9,en;q=0.8"],"accept-encoding":["gzip, deflate, br, zstd"],"sec-fetch-dest":["document"],"sec-fetch-user":["?1"],"sec-fetch-mode":["navigate"],"sec-fetch-site":["none"],"accept":["text\\/html,application\\/xhtml+xml,application\\/xml;q=0.9,image\\/avif,image\\/webp,image\\/apng,*\\/*;q=0.8,application\\/signed-exchange;v=b3;q=0.7"],"user-agent":["Mozilla\\/5.0 (Windows NT 10.0; Win64; x64) AppleWebKit\\/537.36 (KHTML, like Gecko) Chrome\\/143.0.0.0 Safari\\/537.36"],"upgrade-insecure-requests":["1"],"sec-ch-ua-platform":["\\"Windows\\""],"sec-ch-ua-mobile":["?0"],"sec-ch-ua":["\\"Google Chrome\\";v=\\"143\\", \\"Chromium\\";v=\\"143\\", \\"Not A(Brand\\";v=\\"24\\""],"cache-control":["max-age=0"],"host":["salem-store.test"]}', '', 'Windows', 'Chrome', '127.0.0.1', NULL, NULL, NULL, NULL, 1, '2025-12-27 00:07:37', '2025-12-27 00:07:37'), (2, 'GET', '[]', 'https://salem-store.test/%D8%A7%D9%84%D8%B1%D8%AC%D8%A7%D9%84', 'https://salem-store.test/', '[]', 'Mozilla/5.0 (Windows NT 10.0; Win64; x64) AppleWebKit/537.36 (KHTML, like Gecko) Chrome/143.0.0.0 Safari/537.36', '{"cookie":["XSRF-TOKEN=eyJpdiI6IkVJaHNRcDBMWXhxTnBIeGRKLzRjM0E9PSIsInZhbHVlIjoiNDIxaC81Y3VVd2hPNTc1SGNja1ZwYWVUVTE0dERHcXpHaEx4NWRuNWNWMkM3QmcwMTh2RFNYNTFOWWQ5Z3FMYk9xTnJmUkdyMFNJbDAvcGFlWmk1OUNScGh1ZjV3Sng1emFnMlJtTmZrVGI0ZjdZZDNOcTZOSk8zbUp3bVQwNHciLCJtYWMiOiI5MjkwNGZiYWNlZmJiNDFjMGI0ZDgzNDVlZjFmZWFlNDAyZjI2OGZmY2UxMmYyYWZhN2ZhNjMzMjg2ZWRmZjMyIiwidGFnIjoiIn0%3D; salemstore_session=eyJpdiI6IlNTYkhUVFFEdm0xQkJXZ3d5TXd1dEE9PSIsInZhbHVlIjoidjZNS1VWak9VdHVTRzZKQVVJZm5tdFNsbGtFYnpnU1ErVjJZaXFFN0Y1OUZtdjVFT3U0TE5malQrZUorV2tiRkNhcWlHSlBJV01ZbytaT0VuUW9uWTNxQytpNnAyQzRpcnpScUNKenkwNjlaY0xSRk5PaUtTZFJ2RzgxMVY1bEwiLCJtYWMiOiI1MTI5MDUzNDVhNmYwMzhkNDNmNmZlYjE0NTcyMmFmMzM4ZmJiMTZiNjNiYThlNjE3MWI0OGRjOGNkYjZiOGFhIiwidGFnIjoiIn0%3D"],"priority":["u=0, i"],"accept-language":["en-GB,en-US;q=0.9,en;q=0.8"],"accept-encoding":["gzip, deflate, br, zstd"],"referer":["https:\\/\\/salem-store.test\\/"],"sec-fetch-dest":["document"],"sec-fetch-mode":["navigate"],"sec-fetch-site":["same-origin"],"accept":["text\\/html,application\\/xhtml+xml,application\\/xml;q=0.9,image\\/avif,image\\/webp,image\\/apng,*\\/*;q=0.8,application\\/signed-exchange;v=b3;q=0.7"],"sec-speculation-tags":["null"],"sec-purpose":["prefetch;prerender"],"user-agent":["Mozilla\\/5.0 (Windows NT 10.0; Win64; x64) AppleWebKit\\/537.36 (KHTML, like Gecko) Chrome\\/143.0.0.0 Safari\\/537.36"],"upgrade-insecure-requests":["1"],"sec-ch-ua-platform":["\\"Windows\\""],"sec-ch-ua-mobile":["?0"],"sec-ch-ua":["\\"Google Chrome\\";v=\\"143\\", \\"Chromium\\";v=\\"143\\", \\"Not A(Brand\\";v=\\"24\\""],"host":["salem-store.test"]}', '', 'Windows', 'Chrome', '127.0.0.1', 'Webkul\\Category\\Models\\Category', 2, NULL, NULL, 1, '2025-12-27 00:07:55', '2025-12-27 00:07:55'), (3, 'GET', '[]', 'https://salem-store.test/%D9%85%D9%84%D8%A7%D8%A8%D8%B3-%D8%A7%D9%84%D8%B4%D8%AA%D8%A7%D8%A1', 'https://salem-store.test/', '[]', 'Mozilla/5.0 (Windows NT 10.0; Win64; x64) AppleWebKit/537.36 (KHTML, like Gecko) Chrome/143.0.0.0 Safari/537.36', '{"cookie":["XSRF-TOKEN=eyJpdiI6IkVJaHNRcDBMWXhxTnBIeGRKLzRjM0E9PSIsInZhbHVlIjoiNDIxaC81Y3VVd2hPNTc1SGNja1ZwYWVUVTE0dERHcXpHaEx4NWRuNWNWMkM3QmcwMTh2RFNYNTFOWWQ5Z3FMYk9xTnJmUkdyMFNJbDAvcGFlWmk1OUNScGh1ZjV3Sng1emFnMlJtTmZrVGI0ZjdZZDNOcTZOSk8zbUp3bVQwNHciLCJtYWMiOiI5MjkwNGZiYWNlZmJiNDFjMGI0ZDgzNDVlZjFmZWFlNDAyZjI2OGZmY2UxMmYyYWZhN2ZhNjMzMjg2ZWRmZjMyIiwidGFnIjoiIn0%3D; salemstore_session=eyJpdiI6IlNTYkhUVFFEdm0xQkJXZ3d5TXd1dEE9PSIsInZhbHVlIjoidjZNS1VWak9VdHVTRzZKQVVJZm5tdFNsbGtFYnpnU1ErVjJZaXFFN0Y1OUZtdjVFT3U0TE5malQrZUorV2tiRkNhcWlHSlBJV01ZbytaT0VuUW9uWTNxQytpNnAyQzRpcnpScUNKenkwNjlaY0xSRk5PaUtTZFJ2RzgxMVY1bEwiLCJtYWMiOiI1MTI5MDUzNDVhNmYwMzhkNDNmNmZlYjE0NTcyMmFmMzM4ZmJiMTZiNjNiYThlNjE3MWI0OGRjOGNkYjZiOGFhIiwidGFnIjoiIn0%3D"],"priority":["u=0, i"],"accept-language":["en-GB,en-US;q=0.9,en;q=0.8"],"accept-encoding":["gzip, deflate, br, zstd"],"referer":["https:\\/\\/salem-store.test\\/"],"sec-fetch-dest":["document"],"sec-fetch-user":["?1"],"sec-fetch-mode":["navigate"],"sec-fetch-site":["same-origin"],"accept":["text\\/html,application\\/xhtml+xml,application\\/xml;q=0.9,image\\/avif,image\\/webp,image\\/apng,*\\/*;q=0.8,application\\/signed-exchange;v=b3;q=0.7"],"user-agent":["Mozilla\\/5.0 (Windows NT 10.0; Win64; x64) AppleWebKit\\/537.36 (KHTML, like Gecko) Chrome\\/143.0.0.0 Safari\\/537.36"],"upgrade-insecure-requests":["1"],"sec-ch-ua-platform":["\\"Windows\\""],"sec-ch-ua-mobile":["?0"],"sec-ch-ua":["\\"Google Chrome\\";v=\\"143\\", \\"Chromium\\";v=\\"143\\", \\"Not A(Brand\\";v=\\"24\\""],"host":["salem-store.test"]}', '', 'Windows', 'Chrome', '127.0.0.1', 'Webkul\\Category\\Models\\Category', 3, NULL, NULL, 1, '2025-12-27 00:07:55', '2025-12-27 00:07:55'), (4, 'GET', '[]', 'https://salem-store.test/arctic-cozy-knit-unisex-beanie', 'https://salem-store.test/%D9%85%D9%84%D8%A7%D8%A8%D8%B3-%D8%A7%D9%84%D8%B4%D8%AA%D8%A7%D8%A1', '[]', 'Mozilla/5.0 (Windows NT 10.0; Win64; x64) AppleWebKit/537.36 (KHTML, like Gecko) Chrome/143.0.0.0 Safari/537.36', '{"cookie":["dark_mode=0; XSRF-TOKEN=eyJpdiI6ImZiYTJ5TDZrOGpER2J3TGlpZW1FVnc9PSIsInZhbHVlIjoiQUxnZEtQVXpwcmJnQjFSVGc2ZjZDenRJdS9JOEw1N2YrcStiVTJmRi8ySEZwTWVxNHAzenpaNmxOcXI4YUV0bDFENzNUdjVJaXovK2NiblNUNTZQTGpvZjNIL1BqL0g4elRqdkg5ckVKellGRTYveHRtU0FJTDFuUmVqTEtMcmgiLCJtYWMiOiIzYzM2ZWQwYTdjODdmZjhmMTU1Mzg5ODQ3ZGM4YWQ3YmQyYTMzMzgxZDYzNTU4M2JkZTkxMThhOWE4NGM1NTVjIiwidGFnIjoiIn0%3D; salemstore_session=eyJpdiI6IlVpUUVQQW9TeVpLZ1FaS0NvMnVrYkE9PSIsInZhbHVlIjoicURra0psU2hIMys0aEV2T2lmSkxLejJCRHRYNFpIUUdMVjZJd2UxKy9nYVU1ejF4RUxjOU53TXJNc3BBYThZdmxHbEhVZ2EwWG9xWUYyclN4RjBSdXJwZXlUSHFscXg1K1hka1RQakVKaUxJMklkV1lZcnB5ZUFuQ0RZZ0txejQiLCJtYWMiOiIzNmM1NzRkNDQ2Zjg5MThmOGUyYWFmYWIzOGNjM2ZiYjE1YmMwMzFjZTU3ZjA2N2RjM2E5OWM0MmJlOGRiNjU3IiwidGFnIjoiIn0%3D"],"priority":["u=0, i"],"accept-language":["en-GB,en-US;q=0.9,en;q=0.8"],"accept-encoding":["gzip, deflate, br, zstd"],"referer":["https:\\/\\/salem-store.test\\/%D9%85%D9%84%D8%A7%D8%A8%D8%B3-%D8%A7%D9%84%D8%B4%D8%AA%D8%A7%D8%A1"],"sec-fetch-dest":["document"],"sec-fetch-mode":["navigate"],"sec-fetch-site":["same-origin"],"accept":["text\\/html,application\\/xhtml+xml,application\\/xml;q=0.9,image\\/avif,image\\/webp,image\\/apng,*\\/*;q=0.8,application\\/signed-exchange;v=b3;q=0.7"],"sec-speculation-tags":["null"],"sec-purpose":["prefetch;prerender"],"user-agent":["Mozilla\\/5.0 (Windows NT 10.0; Win64; x64) AppleWebKit\\/537.36 (KHTML, like Gecko) Chrome\\/143.0.0.0 Safari\\/537.36"],"upgrade-insecure-requests":["1"],"sec-ch-ua-platform":["\\"Windows\\""],"sec-ch-ua-mobile":["?0"],"sec-ch-ua":["\\"Google Chrome\\";v=\\"143\\", \\"Chromium\\";v=\\"143\\", \\"Not A(Brand\\";v=\\"24\\""],"cache-control":["no-cache"],"pragma":["no-cache"],"host":["salem-store.test"]}', '', 'Windows', 'Chrome', '127.0.0.1', 'Webkul\\Product\\Models\\Product', 1, NULL, NULL, 1, '2025-12-27 01:28:05', '2025-12-27 01:28:05'), (5, 'GET', '[]', 'https://salem-store.test/arctic-touchscreen-winter-gloves', 'https://salem-store.test/arctic-cozy-knit-unisex-beanie', '[]', 'Mozilla/5.0 (Windows NT 10.0; Win64; x64) AppleWebKit/537.36 (KHTML, like Gecko) Chrome/143.0.0.0 Safari/537.36', '{"cookie":["dark_mode=0; XSRF-TOKEN=eyJpdiI6ImNWZVRBN085WE9Db2FPSjhBckgwMFE9PSIsInZhbHVlIjoiUUhodkhzTjBpV0YwVVo2NUhNUFlSYlRKYnhrQjVXVlEwbmN5WW9YbFEyR0RUY1JqM2dSbk5HcHpIWE8zVVJVa08xeTFqWHNXa3VyaTJhNllUVldyb00yZDg5V1JMQkh6U3M2eGZVTjhTVlFad3dZZlo0TmVVUFFDTHM1ZWJHcWoiLCJtYWMiOiJjN2IzYjA0NDllMzg5YTUxZmY0ZTFiYjIwYmEyNmI1ZmI1ZGU4YTM4YWY4ZDk1MGUyNjE5NzExZTMxOTYwN2Q2IiwidGFnIjoiIn0%3D; salemstore_session=eyJpdiI6InY2TzV4dVFGKzcwVnNIVzVvZitUaHc9PSIsInZhbHVlIjoiWjJheVd4ODRoTmMzVm1VUEs1SzF4dDJPeTlsSit3TFl6Tmp2RDBkMEJzcGI4Ym56RmFQMlhLb2l0YU9udGVQc29JdjFsdldqWGxGSEkzSCtaT2xRWk1NUzNUQjdPWkpIRTZ3ZEkwNHJRYVZaMmRaOEk0NHZLREhxcllqZFI5cVAiLCJtYWMiOiI2YjcxMzE1YzI5YjY1MTAxOGMyNTU3NWYyNGY2NmQ2NTg1ZDUxM2RhM2Q3ZTJkNzA1OGRhYjg1MzE1YzhkMWQ1IiwidGFnIjoiIn0%3D"],"priority":["u=0, i"],"accept-language":["en-GB,en-US;q=0.9,en;q=0.8"],"accept-encoding":["gzip, deflate, br, zstd"],"referer":["https:\\/\\/salem-store.test\\/arctic-cozy-knit-unisex-beanie"],"sec-fetch-dest":["document"],"sec-fetch-mode":["navigate"],"sec-fetch-site":["same-origin"],"accept":["text\\/html,application\\/xhtml+xml,application\\/xml;q=0.9,image\\/avif,image\\/webp,image\\/apng,*\\/*;q=0.8,application\\/signed-exchange;v=b3;q=0.7"],"sec-speculation-tags":["null"],"sec-purpose":["prefetch;prerender"],"user-agent":["Mozilla\\/5.0 (Windows NT 10.0; Win64; x64) AppleWebKit\\/537.36 (KHTML, like Gecko) Chrome\\/143.0.0.0 Safari\\/537.36"],"upgrade-insecure-requests":["1"],"sec-ch-ua-platform":["\\"Windows\\""],"sec-ch-ua-mobile":["?0"],"sec-ch-ua":["\\"Google Chrome\\";v=\\"143\\", \\"Chromium\\";v=\\"143\\", \\"Not A(Brand\\";v=\\"24\\""],"cache-control":["no-cache"],"pragma":["no-cache"],"host":["salem-store.test"]}', '', 'Windows', 'Chrome', '127.0.0.1', 'Webkul\\Product\\Models\\Product', 3, NULL, NULL, 1, '2025-12-27 01:29:43', '2025-12-27 01:29:43'), (6, 'GET', '{"herd":"preview"}', 'https://salem-store.test', NULL, '[]', 'Mozilla/5.0 (Windows NT 10.0; Win64; x64) AppleWebKit/537.36 (KHTML, like Gecko) Herd/1.24.0 Chrome/120.0.6099.291 Electron/28.2.5 Safari/537.36', '{"accept-language":["en-US"],"accept-encoding":["gzip, deflate, br"],"sec-fetch-dest":["iframe"],"sec-fetch-user":["?1"],"sec-fetch-mode":["navigate"],"sec-fetch-site":["cross-site"],"accept":["text\\/html,application\\/xhtml+xml,application\\/xml;q=0.9,image\\/avif,image\\/webp,image\\/apng,*\\/*;q=0.8,application\\/signed-exchange;v=b3;q=0.7"],"user-agent":["Mozilla\\/5.0 (Windows NT 10.0; Win64; x64) AppleWebKit\\/537.36 (KHTML, like Gecko) Herd\\/1.24.0 Chrome\\/120.0.6099.291 Electron\\/28.2.5 Safari\\/537.36"],"upgrade-insecure-requests":["1"],"host":["salem-store.test"]}', '', 'Windows', 'Chrome', '127.0.0.1', NULL, NULL, NULL, NULL, 1, '2025-12-28 11:51:01', '2025-12-28 11:51:01'), (7, 'GET', '[]', 'https://salem-store.test', 'https://salem-store.test/checkout/cart', '[]', 'Mozilla/5.0 (Windows NT 10.0; Win64; x64) AppleWebKit/537.36 (KHTML, like Gecko) Chrome/143.0.0.0 Safari/537.36', '{"cookie":["dark_mode=0; XSRF-TOKEN=eyJpdiI6InN6amFjQTJGV2s3UEpsOUtZdEM2alE9PSIsInZhbHVlIjoiLy9LYzdidW1zemxvRlZRd3Y0eGdxVnVHTlVaL2xUOXNmWHlOMFh4dkRFQnNBTE5BVVAwRjdTbS8wUncvQVFreWNuZGVzVkJScDVMTG9vdUFQZll6UTEvdTJCVVVZRGhPTXJkWHJWcUtuS1hwM2FKNHgwZU94YkVLOWd4dVR0cWsiLCJtYWMiOiJhOGFkMmVjNzNmMTIxYmUxYmU3MmM5MDU2MTFmYzEzNmQ4MjAwMzYwYzg4MjMzN2ZmMTZkY2IzYzU4MDUwMmEyIiwidGFnIjoiIn0%3D; salemstore_session=eyJpdiI6Ik94cjZjaFlHZHF6MXJ0TENKcUkyQVE9PSIsInZhbHVlIjoiR1U3eGFEblFZdTlPaUlGY3J2UUl0aDB4cWtKd2srUmJNMUs1VDk5VFFoRGprczdDSC9WMmdSY1JVU01OM0VTdnZ0WS9uM2VKeXZRUzc2K1Q3TkFhL1dOV0ovMDhiTTlKb2N1dHdsandnaXdKMm81NEFWWUg4UGRLczR6NDhZOXIiLCJtYWMiOiIyMzk3YzkwYTk2MWVhYzY2OTMwMzk2OGRmOTgxNmI2ZTljZmU0Mzk5YWI0NmEyNTM2MWRkY2Y1Njc5ZTZjZDQyIiwidGFnIjoiIn0%3D"],"priority":["u=0, i"],"accept-language":["en-GB,en-US;q=0.9,en;q=0.8"],"accept-encoding":["gzip, deflate, br, zstd"],"referer":["https:\\/\\/salem-store.test\\/checkout\\/cart"],"sec-fetch-dest":["document"],"sec-fetch-user":["?1"],"sec-fetch-mode":["navigate"],"sec-fetch-site":["same-origin"],"accept":["text\\/html,application\\/xhtml+xml,application\\/xml;q=0.9,image\\/avif,image\\/webp,image\\/apng,*\\/*;q=0.8,application\\/signed-exchange;v=b3;q=0.7"],"user-agent":["Mozilla\\/5.0 (Windows NT 10.0; Win64; x64) AppleWebKit\\/537.36 (KHTML, like Gecko) Chrome\\/143.0.0.0 Safari\\/537.36"],"upgrade-insecure-requests":["1"],"sec-ch-ua-platform":["\\"Windows\\""],"sec-ch-ua-mobile":["?0"],"sec-ch-ua":["\\"Google Chrome\\";v=\\"143\\", \\"Chromium\\";v=\\"143\\", \\"Not A(Brand\\";v=\\"24\\""],"cache-control":["no-cache"],"pragma":["no-cache"],"host":["salem-store.test"]}', '', 'Windows', 'Chrome', '127.0.0.1', NULL, NULL, NULL, NULL, 1, '2026-01-01 20:02:05', '2026-01-01 20:02:05'), (8, 'GET', '[]', 'https://salem-store.test/%D8%A7%D9%84%D8%B1%D8%AC%D8%A7%D9%84', 'https://salem-store.test/', '[]', 'Mozilla/5.0 (Windows NT 10.0; Win64; x64) AppleWebKit/537.36 (KHTML, like Gecko) Chrome/143.0.0.0 Safari/537.36', '{"cookie":["dark_mode=0; salemstore_session=eyJpdiI6Ijh4cmZpeklveXN5TjhXTHE1VFg0WGc9PSIsInZhbHVlIjoid0luUXFHZUtxcjJNYk1ZckJIcytYdWs1WVV3RWdlYkZHU3dQRGR6dUdQQkNVWm5KMDB3Y2J4ZVlpYjFEeFREL3lKdjFodGN2RFhLd1pTNzlUQVoxQ3BKVGdBZ3ZSeEYrVHFzTS90RmVvMWZXNUZoeXhHYW10Um9JcVczOUdXOVgiLCJtYWMiOiI1ZWEyYTBmMTZkNWFmM2ZkOGIxZGQ0MDU3ZjViMjE5YTVhNjdjOGFmMWZiNDljMTYxMTI3MmFmMDU1ODY1YjU4IiwidGFnIjoiIn0%3D; XSRF-TOKEN=eyJpdiI6ImxadnVxWG1hNjcveXpmcFhGYzg1ZVE9PSIsInZhbHVlIjoidEJZNmJRcEZPNUFHWm1JRUZaNUUyakhjaXhtOUExbFl1VzM5eUdFYXJwdVEyRmZiMXRiVm05bzVrdUdhcHp6TU1tdnU1LzlmamVZY0NndkRDbXY5QjVaNnhyYmRRalFJRTFiYVVVVmZyYllWZGFRM1hCZ29hQVVYc1ZDc0x5QUUiLCJtYWMiOiI0NzY4Mjc5NGJhMzZiMDAyMGU3ZTljOTI2Y2UyZWVkODg1NTVkMWI1NGQ0ZWNjMWQ3ODM1OThhZjY5NDdiYTk1IiwidGFnIjoiIn0%3D; salem_store_session=eyJpdiI6IlN5cXJKays3ZnhCTHg4c1I4cTk3L2c9PSIsInZhbHVlIjoiWnBOZFZTVitnTk5MazU2bGJoblU4dTkwU2VoT25rR1l2bjNNWXgydFdibXFTYTJTbUFhZFg0bHVNYlZ0c2hBTUZ2RWh0UFBKNUIwTFdubld4MEY4VkVpOUlLNU14Rk90b3BWVVZmcU1nNmtiZVdqczNVWEY4R0xMc2g2cjJXVTMiLCJtYWMiOiJkYmJiOWY2OTg1MWVkN2JkYTk0MThhMzk5NTQ5MjAyNTJiNGQ1NDA1Y2QxZTY2NDkwYWZjNzdkYTM5ZGM2MjAyIiwidGFnIjoiIn0%3D"],"priority":["u=0, i"],"accept-language":["en-GB,en-US;q=0.9,en;q=0.8"],"accept-encoding":["gzip, deflate, br, zstd"],"referer":["https:\\/\\/salem-store.test\\/"],"sec-fetch-dest":["document"],"sec-fetch-mode":["navigate"],"sec-fetch-site":["same-origin"],"accept":["text\\/html,application\\/xhtml+xml,application\\/xml;q=0.9,image\\/avif,image\\/webp,image\\/apng,*\\/*;q=0.8,application\\/signed-exchange;v=b3;q=0.7"],"sec-speculation-tags":["null"],"sec-purpose":["prefetch;prerender"],"user-agent":["Mozilla\\/5.0 (Windows NT 10.0; Win64; x64) AppleWebKit\\/537.36 (KHTML, like Gecko) Chrome\\/143.0.0.0 Safari\\/537.36"],"upgrade-insecure-requests":["1"],"sec-ch-ua-platform":["\\"Windows\\""],"sec-ch-ua-mobile":["?0"],"sec-ch-ua":["\\"Google Chrome\\";v=\\"143\\", \\"Chromium\\";v=\\"143\\", \\"Not A(Brand\\";v=\\"24\\""],"host":["salem-store.test"]}', '', 'Windows', 'Chrome', '127.0.0.1', 'Webkul\\Category\\Models\\Category', 2, NULL, NULL, 1, '2026-01-01 20:59:25', '2026-01-01 20:59:25'), (9, 'GET', '[]', 'https://salem-store.test/%D9%85%D9%84%D8%A7%D8%A8%D8%B3-%D8%A7%D9%84%D8%B4%D8%AA%D8%A7%D8%A1', 'https://salem-store.test/', '[]', 'Mozilla/5.0 (Windows NT 10.0; Win64; x64) AppleWebKit/537.36 (KHTML, like Gecko) Chrome/143.0.0.0 Safari/537.36', '{"cookie":["dark_mode=0; salemstore_session=eyJpdiI6Ijh4cmZpeklveXN5TjhXTHE1VFg0WGc9PSIsInZhbHVlIjoid0luUXFHZUtxcjJNYk1ZckJIcytYdWs1WVV3RWdlYkZHU3dQRGR6dUdQQkNVWm5KMDB3Y2J4ZVlpYjFEeFREL3lKdjFodGN2RFhLd1pTNzlUQVoxQ3BKVGdBZ3ZSeEYrVHFzTS90RmVvMWZXNUZoeXhHYW10Um9JcVczOUdXOVgiLCJtYWMiOiI1ZWEyYTBmMTZkNWFmM2ZkOGIxZGQ0MDU3ZjViMjE5YTVhNjdjOGFmMWZiNDljMTYxMTI3MmFmMDU1ODY1YjU4IiwidGFnIjoiIn0%3D; XSRF-TOKEN=eyJpdiI6Ii94SHNGTGRhSmJzb1dCV0dFeTlCblE9PSIsInZhbHVlIjoiSGptbU9Ta2M0S0hjSjlzdzY4eXhEMkRENkxqT1YvZ3FVSCt6cXg3YzRVTm8zdnJiVEI2c0Z3VURJU2p6WWhyR2dMQUJaNVB0OWxkSnNkNlhETlZkUWJ3L3hPcHRRd2U5Wm5kN0NZZzI5cnlyR1JUdHNPeVdBd1ZzOGpZTkRTMGoiLCJtYWMiOiI4MWQ1NWI5MGZkMzdiZWY5MTdiZDg0MWVmMTk2ZGE5ZjEwYjI5M2QyNjEwYWIwMTZlMGVlN2JkMTQ0NjIxMTZlIiwidGFnIjoiIn0%3D; salem_store_session=eyJpdiI6Ikl0V2VDVTE2Ym4vNk9GejBTR2xTemc9PSIsInZhbHVlIjoiV2o0R2ZNcDNoTmNzK1RFQ1N2RDZWNmdoOWgzRWN2MHp0Ukl3S0xDcSs0SUFyWkVrTXBlOEYrOFBSa2NxR1hUNnJJdlEvajdRK1VQS3VuMUQ3RDNVTnpmdzlYMUNhaXZlcTByK2tmUmpyejA4djRlVlV3MS9VM0lOM0Z6c3ZSNFkiLCJtYWMiOiIwYTkzODE2ZTg1YmM2YzdmZGI3OTMwMWE3YmY4MGVmNWUyZTRhMzc5MjI0ZmMxZjJiMjg4NmQwZWRlN2ZjODI1IiwidGFnIjoiIn0%3D"],"priority":["u=0, i"],"accept-language":["en-GB,en-US;q=0.9,en;q=0.8"],"accept-encoding":["gzip, deflate, br, zstd"],"referer":["https:\\/\\/salem-store.test\\/"],"sec-fetch-dest":["document"],"sec-fetch-mode":["navigate"],"sec-fetch-site":["same-origin"],"accept":["text\\/html,application\\/xhtml+xml,application\\/xml;q=0.9,image\\/avif,image\\/webp,image\\/apng,*\\/*;q=0.8,application\\/signed-exchange;v=b3;q=0.7"],"sec-speculation-tags":["null"],"sec-purpose":["prefetch;prerender"],"user-agent":["Mozilla\\/5.0 (Windows NT 10.0; Win64; x64) AppleWebKit\\/537.36 (KHTML, like Gecko) Chrome\\/143.0.0.0 Safari\\/537.36"],"upgrade-insecure-requests":["1"],"sec-ch-ua-platform":["\\"Windows\\""],"sec-ch-ua-mobile":["?0"],"sec-ch-ua":["\\"Google Chrome\\";v=\\"143\\", \\"Chromium\\";v=\\"143\\", \\"Not A(Brand\\";v=\\"24\\""],"host":["salem-store.test"]}', '', 'Windows', 'Chrome', '127.0.0.1', 'Webkul\\Category\\Models\\Category', 3, NULL, NULL, 1, '2026-01-01 20:59:26', '2026-01-01 20:59:26'), (10, 'GET', '[]', 'https://salem-store.test/arctic-cozy-knit-unisex-beanie', 'https://salem-store.test/%D8%A7%D9%84%D8%B1%D8%AC%D8%A7%D9%84', '[]', 'Mozilla/5.0 (Windows NT 10.0; Win64; x64) AppleWebKit/537.36 (KHTML, like Gecko) Chrome/143.0.0.0 Safari/537.36', '{"cookie":["dark_mode=0; XSRF-TOKEN=eyJpdiI6IitmSFZTSGZpSG1jTjRSTytoMGJlVHc9PSIsInZhbHVlIjoiNmc4Z0tsNkhtY1NDajVLdTZUbTM5dldrd25tZDVpU1lIR1N2MUladkM0NzFVeXVaQ0VyQnJRTStGWVk1bUh3bVhvN0tjVUV0c3pUcXFQQUVqNDhHV0x4ZCtidGRXcElpTzh0Szlna003c28rWWpOVUZmenArMSs5ZVVFejU0NFciLCJtYWMiOiIxNGIzZTZjNjZjN2YzODRjNjJhMjJlZTE3ZGEzYzY4YTQ2MTQ4MGMyNjE0ODExOTAwZTBiMjMxMjIxMTgzNDE3IiwidGFnIjoiIn0%3D; salem_store_session=eyJpdiI6IitLQWVzZG1PNm94aXQ3NW8wd3M5TFE9PSIsInZhbHVlIjoiZi9sMSs0RXozd1ZZZjRwS25zSnV1TndHemFGUVhZbm1DOVpiNlJSeGtqM2dLYUtRbzZFdXhCUHVSRWt1N2tKdWJaSkJhR1hYaUFyNXRDeFBVVkppUTVwak11d3pKOURjVFNQcjNGQ05NSWdtT0MyT013NzloRHo1aW9BeC9JaXUiLCJtYWMiOiJkN2E4Y2M1MDMyY2YyZDYxYWViMmNmMDMyYjMwOGRlOTcyZjc4ZjQ2YzE4ZDgzN2FiYWEyZTc0ZGY0OWU5MTFkIiwidGFnIjoiIn0%3D"],"priority":["u=0, i"],"accept-language":["en-GB,en-US;q=0.9,en;q=0.8"],"accept-encoding":["gzip, deflate, br, zstd"],"referer":["https:\\/\\/salem-store.test\\/%D8%A7%D9%84%D8%B1%D8%AC%D8%A7%D9%84"],"sec-fetch-dest":["document"],"sec-fetch-mode":["navigate"],"sec-fetch-site":["same-origin"],"accept":["text\\/html,application\\/xhtml+xml,application\\/xml;q=0.9,image\\/avif,image\\/webp,image\\/apng,*\\/*;q=0.8,application\\/signed-exchange;v=b3;q=0.7"],"sec-speculation-tags":["null"],"sec-purpose":["prefetch;prerender"],"user-agent":["Mozilla\\/5.0 (Windows NT 10.0; Win64; x64) AppleWebKit\\/537.36 (KHTML, like Gecko) Chrome\\/143.0.0.0 Safari\\/537.36"],"upgrade-insecure-requests":["1"],"sec-ch-ua-platform":["\\"Windows\\""],"sec-ch-ua-mobile":["?0"],"sec-ch-ua":["\\"Google Chrome\\";v=\\"143\\", \\"Chromium\\";v=\\"143\\", \\"Not A(Brand\\";v=\\"24\\""],"cache-control":["no-cache"],"pragma":["no-cache"],"host":["salem-store.test"]}', '', 'Windows', 'Chrome', '127.0.0.1', 'Webkul\\Product\\Models\\Product', 1, NULL, NULL, 1, '2026-01-01 23:16:18', '2026-01-01 23:16:18'), (11, 'GET', '[]', 'https://salem-store.test', 'https://salem-store.test/arctic-cozy-knit-unisex-beanie', '[]', 'Mozilla/5.0 (Windows NT 10.0; Win64; x64) AppleWebKit/537.36 (KHTML, like Gecko) Chrome/143.0.0.0 Safari/537.36', '{"cookie":["dark_mode=0; XSRF-TOKEN=eyJpdiI6Imh4dzNkOEFYcHQyTDl4TzJrN1ZoZ2c9PSIsInZhbHVlIjoicHhZYUsvbDExOG5xRm8rWlA5cSt1QzZKSmFyd2dHYnJHTWJiQnVmTWNwZExBWHlkSnlsd1NEMFJ6S2hGRmxBNjZid2cxVU1vT0o4SCtBQ2Jqa0M4SURGb1RCTEk1ZFdUSnE4Ylg5S0E2RzA4MytuOUFhNHRUaTN0enk2NTEyYUUiLCJtYWMiOiJmMjJkMGIyYmYyN2FhMjNmYmFlNzBiYmE5YTI0NzkzZTk5ODMxNjEzMmQ3ZmNhNzgzY2U1ZDI2NWIyNzQ2Njk5IiwidGFnIjoiIn0%3D; salem_store_session=eyJpdiI6Imx0dENyZ3dqMmM1VlpmVmRSM0U2emc9PSIsInZhbHVlIjoiM3ovNEliem5DZlBUTm9UbjhUU2VrWk52Z3Vod1diUjlGeVdmYU5hUldnOXF3VDI3NlRnbWJKNC9lcXdmblJIZVA2VHNhNk5FUDlYVk01NWlEWWlLRVJtSlZseVowZzEwSDJpZUFibkdnY0F4WVpEc2hUcVltS3UwZUhpQ0lyRy8iLCJtYWMiOiI5NWU3ODQ2ZjEyMDkxMzkxZmQxNzg2NTI4OGRiOTdlYjhiMDljNzFmYzE4ZTYxMTgyNDBkOWY1NzEzZGNhMTRmIiwidGFnIjoiIn0%3D"],"priority":["u=0, i"],"accept-language":["en-GB,en-US;q=0.9,en;q=0.8"],"accept-encoding":["gzip, deflate, br, zstd"],"referer":["https:\\/\\/salem-store.test\\/arctic-cozy-knit-unisex-beanie"],"sec-fetch-dest":["document"],"sec-fetch-user":["?1"],"sec-fetch-mode":["navigate"],"sec-fetch-site":["same-origin"],"accept":["text\\/html,application\\/xhtml+xml,application\\/xml;q=0.9,image\\/avif,image\\/webp,image\\/apng,*\\/*;q=0.8,application\\/signed-exchange;v=b3;q=0.7"],"user-agent":["Mozilla\\/5.0 (Windows NT 10.0; Win64; x64) AppleWebKit\\/537.36 (KHTML, like Gecko) Chrome\\/143.0.0.0 Safari\\/537.36"],"upgrade-insecure-requests":["1"],"sec-ch-ua-platform":["\\"Windows\\""],"sec-ch-ua-mobile":["?0"],"sec-ch-ua":["\\"Google Chrome\\";v=\\"143\\", \\"Chromium\\";v=\\"143\\", \\"Not A(Brand\\";v=\\"24\\""],"cache-control":["no-cache"],"pragma":["no-cache"],"host":["salem-store.test"]}', '', 'Windows', 'Chrome', '127.0.0.1', NULL, NULL, NULL, NULL, 1, '2026-01-02 00:13:24', '2026-01-02 00:13:24'), (12, 'GET', '[]', 'https://salem-store.test/%D8%A7%D9%84%D8%B1%D8%AC%D8%A7%D9%84', 'https://salem-store.test/', '[]', 'Mozilla/5.0 (Windows NT 10.0; Win64; x64) AppleWebKit/537.36 (KHTML, like Gecko) Chrome/143.0.0.0 Safari/537.36', '{"cookie":["dark_mode=0; XSRF-TOKEN=eyJpdiI6IklYK1lhVWpuRXpqajN3RjFXTkVEK3c9PSIsInZhbHVlIjoiMUhSRENIMXRWR0VuM3BGdEFiRTlpYkIwWE9CTWtjOFpXRkdQc3BoeDFnSXN1MU1CdnRtckxLakg1ejFXenFqWHUycnRxWlNoRDlyUElleHFIZ3VFelVwTXM0b1dCVWM0ZFNwRW0vRklmZU1OQlJkNWp2d2RKMFRmK2Jaamh0L2wiLCJtYWMiOiI4Y2NiM2U5Njk5ZGNkM2NkNTkxYWE0MzQ4MTVmNDhhM2RlN2U1NmYzNDM1ZmYxYjM3NDIyMzA1ZjRkZDhmMGJiIiwidGFnIjoiIn0%3D; salem_store_session=eyJpdiI6ImNIMjJodnpHaWo1S21DaXJ3aHh1ZkE9PSIsInZhbHVlIjoiV2F5OHhDOUs1WkZtaXZVdHJFemtKODdMb05TbDd4N25OVkNzVzJWMXFOR1JPVEdKQWh1WWtDckw3RGl2cjBHc2lkM0JCdHBoRk9VRTFQRnFVeW83NU5Nd0pLTkRzbk5idmM1dStBbXBPdWg0RnJ5Q1NBeDNHR3QydWhDRStQaFYiLCJtYWMiOiI3NDZkNDAxYWVhZmE1NzBkYTBlYmJjYTYzMTA5MTg5MjVlZGZmMjVkZjkxYmY4OWVlNGFmNDQ0YWZlY2U1NWY3IiwidGFnIjoiIn0%3D"],"priority":["u=0, i"],"accept-language":["en-GB,en-US;q=0.9,en;q=0.8"],"accept-encoding":["gzip, deflate, br, zstd"],"referer":["https:\\/\\/salem-store.test\\/"],"sec-fetch-dest":["document"],"sec-fetch-mode":["navigate"],"sec-fetch-site":["same-origin"],"accept":["text\\/html,application\\/xhtml+xml,application\\/xml;q=0.9,image\\/avif,image\\/webp,image\\/apng,*\\/*;q=0.8,application\\/signed-exchange;v=b3;q=0.7"],"sec-speculation-tags":["null"],"sec-purpose":["prefetch;prerender"],"user-agent":["Mozilla\\/5.0 (Windows NT 10.0; Win64; x64) AppleWebKit\\/537.36 (KHTML, like Gecko) Chrome\\/143.0.0.0 Safari\\/537.36"],"upgrade-insecure-requests":["1"],"sec-ch-ua-platform":["\\"Windows\\""],"sec-ch-ua-mobile":["?0"],"sec-ch-ua":["\\"Google Chrome\\";v=\\"143\\", \\"Chromium\\";v=\\"143\\", \\"Not A(Brand\\";v=\\"24\\""],"cache-control":["no-cache"],"pragma":["no-cache"],"host":["salem-store.test"]}', '', 'Windows', 'Chrome', '127.0.0.1', 'Webkul\\Category\\Models\\Category', 2, NULL, NULL, 1, '2026-01-02 00:13:38', '2026-01-02 00:13:38'), (13, 'GET', '[]', 'https://salem-store.test/%D9%85%D9%84%D8%A7%D8%A8%D8%B3-%D8%A7%D9%84%D8%B4%D8%AA%D8%A7%D8%A1', 'https://salem-store.test/', '[]', 'Mozilla/5.0 (Windows NT 10.0; Win64; x64) AppleWebKit/537.36 (KHTML, like Gecko) Chrome/143.0.0.0 Safari/537.36', '{"cookie":["dark_mode=0; XSRF-TOKEN=eyJpdiI6IlFnM1VKd2FwWFl2L096aXVxR2s1Vnc9PSIsInZhbHVlIjoiNG1qVHZqajBKaGFZaWdHWGZ4a2gvMnE4VkVua0kxODdhZUdmb21RRis2Z2xJa1doYk5yd0dueS9kY1dCVldIaGlOaUUxMFZNM3ZodEVDTjZsRy80cTJwNEdtb3EvREVtbk03VWhYbG1iMU9ybjIzNCtGSjVyTk9PdzFaT3l1T04iLCJtYWMiOiI3N2I3OTE1NmNjOTRkOTBlMWY1YzAxNmYyYzlkYmY5MGQ2ZmU2MTAxZjUyZjY0ZDY5MmUzYWZjODI0NjNmZjM3IiwidGFnIjoiIn0%3D; salem_store_session=eyJpdiI6ImY5QUVnSUdwMzM5N24xWS9nckJGd0E9PSIsInZhbHVlIjoiSytVZE5yY0VZeHQyL3kyWkVmb0lpL3E3M0hnd1RPNFRXRnoyREJZZStUbjBFby9BR2IwdXRHcEh1N2lZdkRJQ0xZYWF3WVJFYXhDaHJ0bUExdlRXcUNQUDBOV1l3M25oVUpvdGN6dTRtQ1F5QTZhSHQ2eTg3a3hYQ1YxV21ZMXQiLCJtYWMiOiJjOWViMWIzMTVkNzdmZjgwMDQwNWRkMjIxMGU4OWYwOWUxYTcxNWUxYTM2ZTEzNzhmMmY4NjUwYThhYmQ1OGUwIiwidGFnIjoiIn0%3D"],"priority":["u=0, i"],"accept-language":["en-GB,en-US;q=0.9,en;q=0.8"],"accept-encoding":["gzip, deflate, br, zstd"],"referer":["https:\\/\\/salem-store.test\\/"],"sec-fetch-dest":["document"],"sec-fetch-mode":["navigate"],"sec-fetch-site":["same-origin"],"accept":["text\\/html,application\\/xhtml+xml,application\\/xml;q=0.9,image\\/avif,image\\/webp,image\\/apng,*\\/*;q=0.8,application\\/signed-exchange;v=b3;q=0.7"],"sec-speculation-tags":["null"],"sec-purpose":["prefetch;prerender"],"user-agent":["Mozilla\\/5.0 (Windows NT 10.0; Win64; x64) AppleWebKit\\/537.36 (KHTML, like Gecko) Chrome\\/143.0.0.0 Safari\\/537.36"],"upgrade-insecure-requests":["1"],"sec-ch-ua-platform":["\\"Windows\\""],"sec-ch-ua-mobile":["?0"],"sec-ch-ua":["\\"Google Chrome\\";v=\\"143\\", \\"Chromium\\";v=\\"143\\", \\"Not A(Brand\\";v=\\"24\\""],"cache-control":["no-cache"],"pragma":["no-cache"],"host":["salem-store.test"]}', '', 'Windows', 'Chrome', '127.0.0.1', 'Webkul\\Category\\Models\\Category', 3, NULL, NULL, 1, '2026-01-02 00:13:39', '2026-01-02 00:13:39'), (14, 'GET', '[]', 'https://salem-store.test/%D8%A7%D9%84%D9%87%D9%88%D8%A7%D8%AA%D9%81-%D8%A7%D9%84%D9%85%D8%AD%D9%85%D9%88%D9%84%D8%A9', 'https://salem-store.test/', '[]', 'Mozilla/5.0 (Windows NT 10.0; Win64; x64) AppleWebKit/537.36 (KHTML, like Gecko) Chrome/143.0.0.0 Safari/537.36', '{"cookie":["dark_mode=0; XSRF-TOKEN=eyJpdiI6Ik1nNFA3MU02dmI3T2RaR1NkYjNYeFE9PSIsInZhbHVlIjoicFdya1RZSFZBWmtPbThwWk1EcG51eW5jTlNYV1gvUDIyNGozSGliZjZmbDhQcXdmMld0SXZsWWp5U01tTzI1czc4ZDk0UFB4NVVUQXZPUlhNdEZxdk8yWWNQMENpR1FOb0RYWkZ2RE9ud0tMZHBkbHNJT3ExT2cxeURqaCtxbHUiLCJtYWMiOiJmODUzODU2ZWVkMGNkMzllOWM5NWRlMGNjODMwM2JhYzRjMzVhNzVhOGEzODc3OWQwMTU5ZWFjOGVlZjY4YzRiIiwidGFnIjoiIn0%3D; salem_store_session=eyJpdiI6InJWQThZTEJuRmpoQ1UwYTdVVWdQcUE9PSIsInZhbHVlIjoiaE53RktnOWE1eTJhWTNiZ2NxWEllT2N6RENXVWpVbFB4WkM3bnc3blJkVEVXbHF0b2xhQ0hEM3UxZlhTNDlFYnF4ZEMwbkZMcHJENURwRUdPQk42a3Fud1NWN3pUZ3BxVjlmeFN4TTZadnc0NkFwcjdPVmI4cElVNGIvdHdCWGwiLCJtYWMiOiIxMmMyOTI2NTk2ODFmZmYyMWMwNDFiMTc4NDdmMjI4YjVjZTk2YjgxZGE1YjMyNzVkMzQzNDY5MjM5NTFjYTA4IiwidGFnIjoiIn0%3D"],"priority":["u=0, i"],"accept-language":["en-GB,en-US;q=0.9,en;q=0.8"],"accept-encoding":["gzip, deflate, br, zstd"],"referer":["https:\\/\\/salem-store.test\\/"],"sec-fetch-dest":["document"],"sec-fetch-mode":["navigate"],"sec-fetch-site":["same-origin"],"accept":["text\\/html,application\\/xhtml+xml,application\\/xml;q=0.9,image\\/avif,image\\/webp,image\\/apng,*\\/*;q=0.8,application\\/signed-exchange;v=b3;q=0.7"],"sec-speculation-tags":["null"],"sec-purpose":["prefetch;prerender"],"user-agent":["Mozilla\\/5.0 (Windows NT 10.0; Win64; x64) AppleWebKit\\/537.36 (KHTML, like Gecko) Chrome\\/143.0.0.0 Safari\\/537.36"],"upgrade-insecure-requests":["1"],"sec-ch-ua-platform":["\\"Windows\\""],"sec-ch-ua-mobile":["?0"],"sec-ch-ua":["\\"Google Chrome\\";v=\\"143\\", \\"Chromium\\";v=\\"143\\", \\"Not A(Brand\\";v=\\"24\\""],"cache-control":["no-cache"],"pragma":["no-cache"],"host":["salem-store.test"]}', '', 'Windows', 'Chrome', '127.0.0.1', 'Webkul\\Category\\Models\\Category', 2, NULL, NULL, 1, '2026-01-02 00:42:48', '2026-01-02 00:42:48'), (15, 'GET', '[]', 'https://salem-store.test/%D8%A7%D9%84%D9%87%D9%88%D8%A7%D8%AA%D9%81-%D8%A7%D9%84%D8%B0%D9%83%D9%8A%D8%A9', 'https://salem-store.test/', '[]', 'Mozilla/5.0 (Windows NT 10.0; Win64; x64) AppleWebKit/537.36 (KHTML, like Gecko) Chrome/143.0.0.0 Safari/537.36', '{"cookie":["dark_mode=0; XSRF-TOKEN=eyJpdiI6ImdlU0xybmx0SWNJdnpqdms1Y2RtSlE9PSIsInZhbHVlIjoidFFDblp4Uk5OY2JqUUhiYUQrOWtoKzhwM1R5ZVVPeGcrVktTNTVYK3k4VHgxakdaS2VSR1JqTFhCa1NRNUFva2VzOGZaS0hMMXpJSGF3VXJKMlU1NTlDR2VXNlc2b0dKSWNMZVJVYjlzT0tSR3pQdyswWXo0TExUY1VNTGdkVGsiLCJtYWMiOiJjZDRlN2E5NzUxYmM4Mjg3YjYzOWJiZmM1MWNhN2ZiNTQyYTVkZDE3OTMyYTdjZGY4YjNlOWE5ZTNiYjBlMTBmIiwidGFnIjoiIn0%3D; salem_store_session=eyJpdiI6Im56bnhUOWhEVzNybjdZVlVDSTZWRWc9PSIsInZhbHVlIjoiWk12UW9KNDA2TTFhZ0lGek00YnpWdXd1eUtlZDJROGlnZS9PakRoNWRkZTAxaDR6NUtPNTVJWXFYYjhlRElBNmh6eW5EOEZIZURWMjh5eUd5OHk1d0s5SzBNNlA2dHJEVzhQa3Y0cFhwMVBtdDh4RTJhV0FZeVVXZDZKMTJkYzYiLCJtYWMiOiIyNzU0Yzg1NmVlZmFiNjJiYjU1NjA0MDZjYzdiNzZmYTg2YjE5MGY3OTY5OWQyMzgzYzk1YTAyMzE4NmNhOGVmIiwidGFnIjoiIn0%3D"],"priority":["u=0, i"],"accept-language":["en-GB,en-US;q=0.9,en;q=0.8"],"accept-encoding":["gzip, deflate, br, zstd"],"referer":["https:\\/\\/salem-store.test\\/"],"sec-fetch-dest":["document"],"sec-fetch-mode":["navigate"],"sec-fetch-site":["same-origin"],"accept":["text\\/html,application\\/xhtml+xml,application\\/xml;q=0.9,image\\/avif,image\\/webp,image\\/apng,*\\/*;q=0.8,application\\/signed-exchange;v=b3;q=0.7"],"sec-speculation-tags":["null"],"sec-purpose":["prefetch;prerender"],"user-agent":["Mozilla\\/5.0 (Windows NT 10.0; Win64; x64) AppleWebKit\\/537.36 (KHTML, like Gecko) Chrome\\/143.0.0.0 Safari\\/537.36"],"upgrade-insecure-requests":["1"],"sec-ch-ua-platform":["\\"Windows\\""],"sec-ch-ua-mobile":["?0"],"sec-ch-ua":["\\"Google Chrome\\";v=\\"143\\", \\"Chromium\\";v=\\"143\\", \\"Not A(Brand\\";v=\\"24\\""],"cache-control":["no-cache"],"pragma":["no-cache"],"host":["salem-store.test"]}', '', 'Windows', 'Chrome', '127.0.0.1', 'Webkul\\Category\\Models\\Category', 3, NULL, NULL, 1, '2026-01-02 00:42:49', '2026-01-02 00:42:49'), (16, 'GET', '[]', 'https://salem-store.test/%D8%A7%D9%84%D9%87%D9%88%D8%A7%D8%AA%D9%81-%D8%A7%D9%84%D8%A7%D8%B3%D8%A7%D8%B3%D9%8A%D8%A9', 'https://salem-store.test/', '[]', 'Mozilla/5.0 (Windows NT 10.0; Win64; x64) AppleWebKit/537.36 (KHTML, like Gecko) Chrome/143.0.0.0 Safari/537.36', '{"cookie":["dark_mode=0; XSRF-TOKEN=eyJpdiI6InNaYXgwakUrekJERTk0emxhWk9oakE9PSIsInZhbHVlIjoiZUFUSVNpTFFMd3QrUWFlU2lpLzk2N2tMQXFoa1VYUVRGQlA5ZmdyZ09idk9OMGp3ZStFRTFnS3N5S0FQaWdCbnorWitGb01PQ0tzV1RkZnpqd29jNjY0cTdtVWVrZjlzSkpEK0lCbUd1VWhwWVFLdVRJaEp5cUswbGpCcjJTeEoiLCJtYWMiOiIxMDkxMWZlYTU2OTJmZGE5OTM0NzBhN2Q5MTFlZjAwZDY3YzEyYzU1ODcyY2VkMTkwNDdiNTg2YjYzMDBiNGJkIiwidGFnIjoiIn0%3D; salem_store_session=eyJpdiI6IlMrR0JIclhuMGM0SURIMDYwemNKYVE9PSIsInZhbHVlIjoiU001dkJHY0xlU1JhNkpOQU1FdzhYcGp4eWZ2cmJFanplL21mVjdWN25qc3ZuaU1JNjU2ZTFMUWp0a04wRHV6T0hsaFVLUjd5TlFGeVJlcXBoZkJSbmJZRUpSM3pLZHMxVXFYMHkzU21KSldXZDZab0REWkJnbExWalFtc29GaS8iLCJtYWMiOiJmNTc5YWIzNjk0NDMzMDBmZDk0OTgxZTU2NmM4NmEyZmFkZTU4MTVkYmU1NjM5OTdjNThlMWE4MzcwZTQ2MWE2IiwidGFnIjoiIn0%3D"],"priority":["u=0, i"],"accept-language":["en-GB,en-US;q=0.9,en;q=0.8"],"accept-encoding":["gzip, deflate, br, zstd"],"referer":["https:\\/\\/salem-store.test\\/"],"sec-fetch-dest":["document"],"sec-fetch-mode":["navigate"],"sec-fetch-site":["same-origin"],"accept":["text\\/html,application\\/xhtml+xml,application\\/xml;q=0.9,image\\/avif,image\\/webp,image\\/apng,*\\/*;q=0.8,application\\/signed-exchange;v=b3;q=0.7"],"sec-speculation-tags":["null"],"sec-purpose":["prefetch;prerender"],"user-agent":["Mozilla\\/5.0 (Windows NT 10.0; Win64; x64) AppleWebKit\\/537.36 (KHTML, like Gecko) Chrome\\/143.0.0.0 Safari\\/537.36"],"upgrade-insecure-requests":["1"],"sec-ch-ua-platform":["\\"Windows\\""],"sec-ch-ua-mobile":["?0"],"sec-ch-ua":["\\"Google Chrome\\";v=\\"143\\", \\"Chromium\\";v=\\"143\\", \\"Not A(Brand\\";v=\\"24\\""],"cache-control":["no-cache"],"pragma":["no-cache"],"host":["salem-store.test"]}', '', 'Windows', 'Chrome', '127.0.0.1', 'Webkul\\Category\\Models\\Category', 4, NULL, NULL, 1, '2026-01-02 00:42:50', '2026-01-02 00:42:50'), (17, 'GET', '[]', 'https://salem-store.test/%D8%A7%D8%BA%D8%B7%D9%8A%D8%A9-%D8%AC%D8%B1%D8%A7%D8%A8%D8%A7%D8%AA-%D8%A7%D9%84%D9%87%D9%88%D8%A7%D8%AA%D9%81', 'https://salem-store.test/', '[]', 'Mozilla/5.0 (Windows NT 10.0; Win64; x64) AppleWebKit/537.36 (KHTML, like Gecko) Chrome/143.0.0.0 Safari/537.36', '{"cookie":["dark_mode=0; XSRF-TOKEN=eyJpdiI6Im5hc1ZidGd2Tmc3c2tnTUN3NXdEbWc9PSIsInZhbHVlIjoiS1RWSlhIaFVUMU5qc0g0SklhdWR4ZnVlanovZHFudm9GYUJiYmU4WUJXMUpKYkluNnJ2dS8ydXczYkdncTJmZng2dXh0c0tQWSs5OFR3c2hJYnlNZDhrM1lLL0RaMFBaTHVSaGpVS0JQV2x0QWtrTlgrMHMvQVlHN0wzeFRiMW8iLCJtYWMiOiI4ODgzN2NhMjdjYzEyMjUzNzI3MGIyOWI1M2YzMTc3MTllZTY2OWJhZGJlMTA1MmZkYjgzMjI4ZmZiZTA2MWFiIiwidGFnIjoiIn0%3D; salem_store_session=eyJpdiI6Im95ZkpNRnB5T05DQWc0b3dkUzE3Nnc9PSIsInZhbHVlIjoic0t6UGp5WllaTlhVUEh0dFZYVzg4QVRlQ05NMEJqeWxVcGhpUUF2K2VjNU9oRVQ0bUY3VzZOWVc3SFRVOXFxaUQvYlZsR1MrZWJlZEhmc3FEaTRsblA4cVdtUkxPbkVCUDNCK3lpSVVCajI1NFpOZFhaSEdsR1JmV3pIL2t4OXUiLCJtYWMiOiI2Y2E2ZGIwNjliNGNjYTMzMzM0NGFkZWE2ZDUxZjZiOTQwNmU0MTYxYmE1Mzg4ODY3MDk5OTBlZmJlMWVhZDIxIiwidGFnIjoiIn0%3D"],"priority":["u=0, i"],"accept-language":["en-GB,en-US;q=0.9,en;q=0.8"],"accept-encoding":["gzip, deflate, br, zstd"],"referer":["https:\\/\\/salem-store.test\\/"],"sec-fetch-dest":["document"],"sec-fetch-mode":["navigate"],"sec-fetch-site":["same-origin"],"accept":["text\\/html,application\\/xhtml+xml,application\\/xml;q=0.9,image\\/avif,image\\/webp,image\\/apng,*\\/*;q=0.8,application\\/signed-exchange;v=b3;q=0.7"],"sec-speculation-tags":["null"],"sec-purpose":["prefetch;prerender"],"user-agent":["Mozilla\\/5.0 (Windows NT 10.0; Win64; x64) AppleWebKit\\/537.36 (KHTML, like Gecko) Chrome\\/143.0.0.0 Safari\\/537.36"],"upgrade-insecure-requests":["1"],"sec-ch-ua-platform":["\\"Windows\\""],"sec-ch-ua-mobile":["?0"],"sec-ch-ua":["\\"Google Chrome\\";v=\\"143\\", \\"Chromium\\";v=\\"143\\", \\"Not A(Brand\\";v=\\"24\\""],"cache-control":["no-cache"],"pragma":["no-cache"],"host":["salem-store.test"]}', '', 'Windows', 'Chrome', '127.0.0.1', 'Webkul\\Category\\Models\\Category', 5, NULL, NULL, 1, '2026-01-02 00:42:51', '2026-01-02 00:42:51'), (18, 'GET', '[]', 'https://salem-store.test/%D8%A8%D8%B7%D8%A7%D8%B1%D9%8A%D8%A7%D8%AA-%D9%85%D8%AD%D9%85%D9%88%D9%84%D8%A9', 'https://salem-store.test/', '[]', 'Mozilla/5.0 (Windows NT 10.0; Win64; x64) AppleWebKit/537.36 (KHTML, like Gecko) Chrome/143.0.0.0 Safari/537.36', '{"cookie":["dark_mode=0; XSRF-TOKEN=eyJpdiI6Im5hc1ZidGd2Tmc3c2tnTUN3NXdEbWc9PSIsInZhbHVlIjoiS1RWSlhIaFVUMU5qc0g0SklhdWR4ZnVlanovZHFudm9GYUJiYmU4WUJXMUpKYkluNnJ2dS8ydXczYkdncTJmZng2dXh0c0tQWSs5OFR3c2hJYnlNZDhrM1lLL0RaMFBaTHVSaGpVS0JQV2x0QWtrTlgrMHMvQVlHN0wzeFRiMW8iLCJtYWMiOiI4ODgzN2NhMjdjYzEyMjUzNzI3MGIyOWI1M2YzMTc3MTllZTY2OWJhZGJlMTA1MmZkYjgzMjI4ZmZiZTA2MWFiIiwidGFnIjoiIn0%3D; salem_store_session=eyJpdiI6Im95ZkpNRnB5T05DQWc0b3dkUzE3Nnc9PSIsInZhbHVlIjoic0t6UGp5WllaTlhVUEh0dFZYVzg4QVRlQ05NMEJqeWxVcGhpUUF2K2VjNU9oRVQ0bUY3VzZOWVc3SFRVOXFxaUQvYlZsR1MrZWJlZEhmc3FEaTRsblA4cVdtUkxPbkVCUDNCK3lpSVVCajI1NFpOZFhaSEdsR1JmV3pIL2t4OXUiLCJtYWMiOiI2Y2E2ZGIwNjliNGNjYTMzMzM0NGFkZWE2ZDUxZjZiOTQwNmU0MTYxYmE1Mzg4ODY3MDk5OTBlZmJlMWVhZDIxIiwidGFnIjoiIn0%3D"],"priority":["u=0, i"],"accept-language":["en-GB,en-US;q=0.9,en;q=0.8"],"accept-encoding":["gzip, deflate, br, zstd"],"referer":["https:\\/\\/salem-store.test\\/"],"sec-fetch-dest":["document"],"sec-fetch-mode":["navigate"],"sec-fetch-site":["same-origin"],"accept":["text\\/html,application\\/xhtml+xml,application\\/xml;q=0.9,image\\/avif,image\\/webp,image\\/apng,*\\/*;q=0.8,application\\/signed-exchange;v=b3;q=0.7"],"sec-speculation-tags":["null"],"sec-purpose":["prefetch;prerender"],"user-agent":["Mozilla\\/5.0 (Windows NT 10.0; Win64; x64) AppleWebKit\\/537.36 (KHTML, like Gecko) Chrome\\/143.0.0.0 Safari\\/537.36"],"upgrade-insecure-requests":["1"],"sec-ch-ua-platform":["\\"Windows\\""],"sec-ch-ua-mobile":["?0"],"sec-ch-ua":["\\"Google Chrome\\";v=\\"143\\", \\"Chromium\\";v=\\"143\\", \\"Not A(Brand\\";v=\\"24\\""],"cache-control":["no-cache"],"pragma":["no-cache"],"host":["salem-store.test"]}', '', 'Windows', 'Chrome', '127.0.0.1', 'Webkul\\Category\\Models\\Category', 8, NULL, NULL, 1, '2026-01-02 00:42:51', '2026-01-02 00:42:51'), (19, 'GET', '[]', 'https://salem-store.test/%D8%A7%D9%84%D8%B4%D9%88%D8%A7%D8%AD%D9%86-%D9%88%D8%A7%D9%84%D9%83%D8%A7%D8%A8%D9%84%D8%A7%D8%AA', 'https://salem-store.test/', '[]', 'Mozilla/5.0 (Windows NT 10.0; Win64; x64) AppleWebKit/537.36 (KHTML, like Gecko) Chrome/143.0.0.0 Safari/537.36', '{"cookie":["dark_mode=0; XSRF-TOKEN=eyJpdiI6Im0yS1RubHh6QndRZ3Zhd2JVVmZqUVE9PSIsInZhbHVlIjoiZENPT1B1Skh4Qk8wN0xlRjJWeTFnd2NaWmhNQUl1ZDZNeEdsUTZwRGpWbFZVM1A5YjB2TVVGb3BoRXMzbGJrTzRwbVFWeG9CenJ0NWFDYVhHSmx2MVJJeE5YeDVadkhIMEhaeHpFc0ozbjAxdlllWW1hTHZaRGJSTVN0VDJ3Zy8iLCJtYWMiOiI0MzI3YjVkOGU0YmUyYmY3MzM1YzA2M2YyMDI5MzNhM2Q0ZDNiMzNhZjAzMjJiZGEwNmMyODc3M2Y0M2YzOTJlIiwidGFnIjoiIn0%3D; salem_store_session=eyJpdiI6InpkUERrbjlvVndTN2JqbUtpTjlGaUE9PSIsInZhbHVlIjoidERyS0c5S05XTnpYTGQyaWNKbmpUaGFDMDhnck1LSFJZaHo1aktSeTMrMUkrM0RTS1NKRkppUGlNK3gzamlrNXZIOXp1U0ZUSW54SWVxUno4OTNISHI1TlJSM2ZuWW5XTTg2ZlJJY1hsOTVhQnBUODY2ZUdQNDE2cVJSR05UdG8iLCJtYWMiOiI0MjMyNzA4ZjcwZWY0ODhmODY3MWFmNzQ1ZDdmMTU3ZGJkMjQ1ZTI1MzVhY2U4MTVmMDA3NDMwMTJlMTIxOGQ5IiwidGFnIjoiIn0%3D"],"priority":["u=0, i"],"accept-language":["en-GB,en-US;q=0.9,en;q=0.8"],"accept-encoding":["gzip, deflate, br, zstd"],"referer":["https:\\/\\/salem-store.test\\/"],"sec-fetch-dest":["document"],"sec-fetch-mode":["navigate"],"sec-fetch-site":["same-origin"],"accept":["text\\/html,application\\/xhtml+xml,application\\/xml;q=0.9,image\\/avif,image\\/webp,image\\/apng,*\\/*;q=0.8,application\\/signed-exchange;v=b3;q=0.7"],"sec-speculation-tags":["null"],"sec-purpose":["prefetch;prerender"],"user-agent":["Mozilla\\/5.0 (Windows NT 10.0; Win64; x64) AppleWebKit\\/537.36 (KHTML, like Gecko) Chrome\\/143.0.0.0 Safari\\/537.36"],"upgrade-insecure-requests":["1"],"sec-ch-ua-platform":["\\"Windows\\""],"sec-ch-ua-mobile":["?0"],"sec-ch-ua":["\\"Google Chrome\\";v=\\"143\\", \\"Chromium\\";v=\\"143\\", \\"Not A(Brand\\";v=\\"24\\""],"cache-control":["no-cache"],"pragma":["no-cache"],"host":["salem-store.test"]}', '', 'Windows', 'Chrome', '127.0.0.1', 'Webkul\\Category\\Models\\Category', 7, NULL, NULL, 1, '2026-01-02 00:42:52', '2026-01-02 00:42:52'), (20, 'GET', '[]', 'https://salem-store.test/%D8%A7%D9%84%D9%83%D9%85%D8%A8%D9%8A%D9%88%D8%AA%D8%B1-%D8%A7%D9%84%D9%85%D9%83%D8%AA%D8%A8%D9%8A', 'https://salem-store.test/', '[]', 'Mozilla/5.0 (Windows NT 10.0; Win64; x64) AppleWebKit/537.36 (KHTML, like Gecko) Chrome/143.0.0.0 Safari/537.36', '{"cookie":["dark_mode=0; XSRF-TOKEN=eyJpdiI6ImxFR3hraFNxdGd5VnVoR1MyUUU0bFE9PSIsInZhbHVlIjoiMG9BMVV6djlzTVk3ZkZUQ25DYVRnM1pGbWJnekJlMDNTYjBTTm52VWxkZjh2ZWdRWUM3RnJxVXNqSkpsT05lVGRVZENZMUhTUG9vc0RSTDBGY0NFeVVoeW05N0ZoY0xsNlA0VzY1dWtmL0xiVGJQYnNyU0lwT0VxcG1xUml6ZnQiLCJtYWMiOiJlNDQ4MTY3Nzg0YzRiYTM0NjA2NzRhNDJmNmNhNDc2M2Q0NTM2NmE1NGMxNjFmNzlhYjZlM2E5ZDQ2MjBkYjU4IiwidGFnIjoiIn0%3D; salem_store_session=eyJpdiI6IjJwRVA5akNLT0taby9oWWVGS0xoTEE9PSIsInZhbHVlIjoiNmI1WUxzME5Yc1JxQytqaitxM0hPU0t3NzBSWXNnU2xVNEtnbTdTSGRYWnAwN3F4MGp6QURMemdVWHc5WXpZL3orYWViNmErbzlHT1UwRTNDQ0dMRVhOR3VleW81S0xHK0lIU09PbXVKcFhiaG1iLzVjWm45bGVPWlNwaWtMQnYiLCJtYWMiOiI3NjRmYTkyYjk5ZjgyNjllNzM3YmZhYzMxYWJmMzNkMzY0ZmU5NzM1YThmN2JkMWFkMmNmMjNjMjcxMDZiNDliIiwidGFnIjoiIn0%3D"],"priority":["u=0, i"],"accept-language":["en-GB,en-US;q=0.9,en;q=0.8"],"accept-encoding":["gzip, deflate, br, zstd"],"referer":["https:\\/\\/salem-store.test\\/"],"sec-fetch-dest":["document"],"sec-fetch-mode":["navigate"],"sec-fetch-site":["same-origin"],"accept":["text\\/html,application\\/xhtml+xml,application\\/xml;q=0.9,image\\/avif,image\\/webp,image\\/apng,*\\/*;q=0.8,application\\/signed-exchange;v=b3;q=0.7"],"sec-speculation-tags":["null"],"sec-purpose":["prefetch;prerender"],"user-agent":["Mozilla\\/5.0 (Windows NT 10.0; Win64; x64) AppleWebKit\\/537.36 (KHTML, like Gecko) Chrome\\/143.0.0.0 Safari\\/537.36"],"upgrade-insecure-requests":["1"],"sec-ch-ua-platform":["\\"Windows\\""],"sec-ch-ua-mobile":["?0"],"sec-ch-ua":["\\"Google Chrome\\";v=\\"143\\", \\"Chromium\\";v=\\"143\\", \\"Not A(Brand\\";v=\\"24\\""],"cache-control":["no-cache"],"pragma":["no-cache"],"host":["salem-store.test"]}', '', 'Windows', 'Chrome', '127.0.0.1', 'Webkul\\Category\\Models\\Category', 10, NULL, NULL, 1, '2026-01-02 00:42:53', '2026-01-02 00:42:53'), (21, 'GET', '[]', 'https://salem-store.test/%D8%A7%D9%84%D9%83%D9%84-%D9%81%D9%8A-%D9%88%D8%A7%D8%AD%D8%AF', 'https://salem-store.test/', '[]', 'Mozilla/5.0 (Windows NT 10.0; Win64; x64) AppleWebKit/537.36 (KHTML, like Gecko) Chrome/143.0.0.0 Safari/537.36', '{"cookie":["dark_mode=0; XSRF-TOKEN=eyJpdiI6InNZaUozd216TldEQ1NpTUU0R1g0UUE9PSIsInZhbHVlIjoiKzdNb1lsRElXeDQvcG9hZ1FDbS9UdWFRZUlLMVdGY28vMUdFSy9OUkVlZ1dOZVlkRWxrZnBMLzBQNnVBSENJSDBsbmMrYWpxMHpORFVIRUh2MlhHMk1kNERsNDFYZ2NnalpGTEQ5VnRvcHJ1UWQyR3l3eTVKWEUxYVpreDljcEQiLCJtYWMiOiJhZDExMWExNWVlNTk1MzhhMjNlOTZiYTNjN2Y0YzMyZTM2MWJlNWE0NDMxOTEzNzFlYTU3MmFkMWZhNGZlNmQyIiwidGFnIjoiIn0%3D; salem_store_session=eyJpdiI6ImZVRnBSTi9jUjhWVSt0bFFzc2xrNlE9PSIsInZhbHVlIjoiWkViQjBSLzhqZDk4WnpaUmhsb01yNXI5dmMrem5hd2RvblhtTnZIeExBckMybkk2T1NkZzd2Q3lnTm1MQXB5dll6dzFOb09CSkZLU1hudmg3bDI0cEg4Z3V1NlB0eGE2cmdkYkp6Qm5YMTE5b200NXBZRWx6WXN3ZUZBajlwL3AiLCJtYWMiOiI2NGJkNmYxMjE2ZGU0MzAwM2YzYmM1NGRkMmQ1ZGE0MDU3MmJlNzE5MmY0NGVmM2U4NDRjOTFlZGUzZWQ4MWQyIiwidGFnIjoiIn0%3D"],"priority":["u=0, i"],"accept-language":["en-GB,en-US;q=0.9,en;q=0.8"],"accept-encoding":["gzip, deflate, br, zstd"],"referer":["https:\\/\\/salem-store.test\\/"],"sec-fetch-dest":["document"],"sec-fetch-mode":["navigate"],"sec-fetch-site":["same-origin"],"accept":["text\\/html,application\\/xhtml+xml,application\\/xml;q=0.9,image\\/avif,image\\/webp,image\\/apng,*\\/*;q=0.8,application\\/signed-exchange;v=b3;q=0.7"],"sec-speculation-tags":["null"],"sec-purpose":["prefetch;prerender"],"user-agent":["Mozilla\\/5.0 (Windows NT 10.0; Win64; x64) AppleWebKit\\/537.36 (KHTML, like Gecko) Chrome\\/143.0.0.0 Safari\\/537.36"],"upgrade-insecure-requests":["1"],"sec-ch-ua-platform":["\\"Windows\\""],"sec-ch-ua-mobile":["?0"],"sec-ch-ua":["\\"Google Chrome\\";v=\\"143\\", \\"Chromium\\";v=\\"143\\", \\"Not A(Brand\\";v=\\"24\\""],"cache-control":["no-cache"],"pragma":["no-cache"],"host":["salem-store.test"]}', '', 'Windows', 'Chrome', '127.0.0.1', 'Webkul\\Category\\Models\\Category', 11, NULL, NULL, 1, '2026-01-02 00:42:53', '2026-01-02 00:42:54'), (22, 'GET', '[]', 'https://salem-store.test/%D8%A7%D9%84%D8%B4%D8%A7%D8%B4%D8%A7%D8%AA', 'https://salem-store.test/', '[]', 'Mozilla/5.0 (Windows NT 10.0; Win64; x64) AppleWebKit/537.36 (KHTML, like Gecko) Chrome/143.0.0.0 Safari/537.36', '{"cookie":["dark_mode=0; XSRF-TOKEN=eyJpdiI6IkY3ZWpQSFJLUmNid3hFaER2RE5xMHc9PSIsInZhbHVlIjoiVEpURHZoLythaDFtcG12bnFCUnNLaWtDalRkam9uWE9yYzd3dnRHbE04b0JhcWkvWVEyUDlvSlpKU2RBR3hlYmZ4TTVCNkpWck05ekFia1F5L3IySGZvZ2NxZE4vT1FLZ2o3N0t1WFhaeWtDdDh4SEFQWXB5NjUwdkFxN29nLzYiLCJtYWMiOiI4ZjZmYTczMWJmOTgxMWU1NWViMWE3MmQ0MjRlYThkZDU3NzFlMDI0YTc0NzJmMzI1Y2Q4ZTg2MjA1NjE2ZmNhIiwidGFnIjoiIn0%3D; salem_store_session=eyJpdiI6IlJ0dnNUVDJjaDQ2V1IxeUVHdnNKeHc9PSIsInZhbHVlIjoiaWdrSDNRL0Z6eThsWWJPREFESE1Nc0k3T0ZjWXBZeERwcFBCZGEzajcxYzFWQzF3QU5NcENRQ3l5cE5KZE9rbHpkN3RiWHJCOFJVOXRNVUR3ZkFRaWtTL21nNmw4RnE1YkVMam8zNlZyVThoTHlsWUU4SjJZOVo2eHArNUhiMGgiLCJtYWMiOiIzMjlkNDBlZTAxOTJhNjhkNzk1MzY2NmVkMTNmMWEwMWNiMmIyM2I5YTgwMzc5ODJiNGY1YjU2NzM5ODA3YzZmIiwidGFnIjoiIn0%3D"],"priority":["u=0, i"],"accept-language":["en-GB,en-US;q=0.9,en;q=0.8"],"accept-encoding":["gzip, deflate, br, zstd"],"referer":["https:\\/\\/salem-store.test\\/"],"sec-fetch-dest":["document"],"sec-fetch-mode":["navigate"],"sec-fetch-site":["same-origin"],"accept":["text\\/html,application\\/xhtml+xml,application\\/xml;q=0.9,image\\/avif,image\\/webp,image\\/apng,*\\/*;q=0.8,application\\/signed-exchange;v=b3;q=0.7"],"sec-speculation-tags":["null"],"sec-purpose":["prefetch;prerender"],"user-agent":["Mozilla\\/5.0 (Windows NT 10.0; Win64; x64) AppleWebKit\\/537.36 (KHTML, like Gecko) Chrome\\/143.0.0.0 Safari\\/537.36"],"upgrade-insecure-requests":["1"],"sec-ch-ua-platform":["\\"Windows\\""],"sec-ch-ua-mobile":["?0"],"sec-ch-ua":["\\"Google Chrome\\";v=\\"143\\", \\"Chromium\\";v=\\"143\\", \\"Not A(Brand\\";v=\\"24\\""],"cache-control":["no-cache"],"pragma":["no-cache"],"host":["salem-store.test"]}', '', 'Windows', 'Chrome', '127.0.0.1', 'Webkul\\Category\\Models\\Category', 12, NULL, NULL, 1, '2026-01-02 00:42:54', '2026-01-02 00:42:54'), (23, 'GET', '[]', 'https://salem-store.test/%D9%85%D9%83%D9%88%D9%86%D8%A7%D8%AA-%D8%A7%D9%84%D9%83%D9%85%D8%A8%D9%8A%D9%88%D8%AA%D8%B1', 'https://salem-store.test/', '[]', 'Mozilla/5.0 (Windows NT 10.0; Win64; x64) AppleWebKit/537.36 (KHTML, like Gecko) Chrome/143.0.0.0 Safari/537.36', '{"cookie":["dark_mode=0; XSRF-TOKEN=eyJpdiI6IkY3ZWpQSFJLUmNid3hFaER2RE5xMHc9PSIsInZhbHVlIjoiVEpURHZoLythaDFtcG12bnFCUnNLaWtDalRkam9uWE9yYzd3dnRHbE04b0JhcWkvWVEyUDlvSlpKU2RBR3hlYmZ4TTVCNkpWck05ekFia1F5L3IySGZvZ2NxZE4vT1FLZ2o3N0t1WFhaeWtDdDh4SEFQWXB5NjUwdkFxN29nLzYiLCJtYWMiOiI4ZjZmYTczMWJmOTgxMWU1NWViMWE3MmQ0MjRlYThkZDU3NzFlMDI0YTc0NzJmMzI1Y2Q4ZTg2MjA1NjE2ZmNhIiwidGFnIjoiIn0%3D; salem_store_session=eyJpdiI6IlJ0dnNUVDJjaDQ2V1IxeUVHdnNKeHc9PSIsInZhbHVlIjoiaWdrSDNRL0Z6eThsWWJPREFESE1Nc0k3T0ZjWXBZeERwcFBCZGEzajcxYzFWQzF3QU5NcENRQ3l5cE5KZE9rbHpkN3RiWHJCOFJVOXRNVUR3ZkFRaWtTL21nNmw4RnE1YkVMam8zNlZyVThoTHlsWUU4SjJZOVo2eHArNUhiMGgiLCJtYWMiOiIzMjlkNDBlZTAxOTJhNjhkNzk1MzY2NmVkMTNmMWEwMWNiMmIyM2I5YTgwMzc5ODJiNGY1YjU2NzM5ODA3YzZmIiwidGFnIjoiIn0%3D"],"priority":["u=0, i"],"accept-language":["en-GB,en-US;q=0.9,en;q=0.8"],"accept-encoding":["gzip, deflate, br, zstd"],"referer":["https:\\/\\/salem-store.test\\/"],"sec-fetch-dest":["document"],"sec-fetch-mode":["navigate"],"sec-fetch-site":["same-origin"],"accept":["text\\/html,application\\/xhtml+xml,application\\/xml;q=0.9,image\\/avif,image\\/webp,image\\/apng,*\\/*;q=0.8,application\\/signed-exchange;v=b3;q=0.7"],"sec-speculation-tags":["null"],"sec-purpose":["prefetch;prerender"],"user-agent":["Mozilla\\/5.0 (Windows NT 10.0; Win64; x64) AppleWebKit\\/537.36 (KHTML, like Gecko) Chrome\\/143.0.0.0 Safari\\/537.36"],"upgrade-insecure-requests":["1"],"sec-ch-ua-platform":["\\"Windows\\""],"sec-ch-ua-mobile":["?0"],"sec-ch-ua":["\\"Google Chrome\\";v=\\"143\\", \\"Chromium\\";v=\\"143\\", \\"Not A(Brand\\";v=\\"24\\""],"cache-control":["no-cache"],"pragma":["no-cache"],"host":["salem-store.test"]}', '', 'Windows', 'Chrome', '127.0.0.1', 'Webkul\\Category\\Models\\Category', 13, NULL, NULL, 1, '2026-01-02 00:42:55', '2026-01-02 00:42:55'), (24, 'GET', '[]', 'https://salem-store.test/%D8%A7%D9%84%D8%B9%D8%A7%D8%A8-%D8%A7%D9%84%D9%83%D9%85%D8%A8%D9%8A%D9%88%D8%AA%D8%B1', 'https://salem-store.test/', '[]', 'Mozilla/5.0 (Windows NT 10.0; Win64; x64) AppleWebKit/537.36 (KHTML, like Gecko) Chrome/143.0.0.0 Safari/537.36', '{"cookie":["dark_mode=0; XSRF-TOKEN=eyJpdiI6IkY3ZWpQSFJLUmNid3hFaER2RE5xMHc9PSIsInZhbHVlIjoiVEpURHZoLythaDFtcG12bnFCUnNLaWtDalRkam9uWE9yYzd3dnRHbE04b0JhcWkvWVEyUDlvSlpKU2RBR3hlYmZ4TTVCNkpWck05ekFia1F5L3IySGZvZ2NxZE4vT1FLZ2o3N0t1WFhaeWtDdDh4SEFQWXB5NjUwdkFxN29nLzYiLCJtYWMiOiI4ZjZmYTczMWJmOTgxMWU1NWViMWE3MmQ0MjRlYThkZDU3NzFlMDI0YTc0NzJmMzI1Y2Q4ZTg2MjA1NjE2ZmNhIiwidGFnIjoiIn0%3D; salem_store_session=eyJpdiI6IlJ0dnNUVDJjaDQ2V1IxeUVHdnNKeHc9PSIsInZhbHVlIjoiaWdrSDNRL0Z6eThsWWJPREFESE1Nc0k3T0ZjWXBZeERwcFBCZGEzajcxYzFWQzF3QU5NcENRQ3l5cE5KZE9rbHpkN3RiWHJCOFJVOXRNVUR3ZkFRaWtTL21nNmw4RnE1YkVMam8zNlZyVThoTHlsWUU4SjJZOVo2eHArNUhiMGgiLCJtYWMiOiIzMjlkNDBlZTAxOTJhNjhkNzk1MzY2NmVkMTNmMWEwMWNiMmIyM2I5YTgwMzc5ODJiNGY1YjU2NzM5ODA3YzZmIiwidGFnIjoiIn0%3D"],"priority":["u=0, i"],"accept-language":["en-GB,en-US;q=0.9,en;q=0.8"],"accept-encoding":["gzip, deflate, br, zstd"],"referer":["https:\\/\\/salem-store.test\\/"],"sec-fetch-dest":["document"],"sec-fetch-mode":["navigate"],"sec-fetch-site":["same-origin"],"accept":["text\\/html,application\\/xhtml+xml,application\\/xml;q=0.9,image\\/avif,image\\/webp,image\\/apng,*\\/*;q=0.8,application\\/signed-exchange;v=b3;q=0.7"],"sec-speculation-tags":["null"],"sec-purpose":["prefetch;prerender"],"user-agent":["Mozilla\\/5.0 (Windows NT 10.0; Win64; x64) AppleWebKit\\/537.36 (KHTML, like Gecko) Chrome\\/143.0.0.0 Safari\\/537.36"],"upgrade-insecure-requests":["1"],"sec-ch-ua-platform":["\\"Windows\\""],"sec-ch-ua-mobile":["?0"],"sec-ch-ua":["\\"Google Chrome\\";v=\\"143\\", \\"Chromium\\";v=\\"143\\", \\"Not A(Brand\\";v=\\"24\\""],"cache-control":["no-cache"],"pragma":["no-cache"],"host":["salem-store.test"]}', '', 'Windows', 'Chrome', '127.0.0.1', 'Webkul\\Category\\Models\\Category', 14, NULL, NULL, 1, '2026-01-02 00:42:55', '2026-01-02 00:42:55'), (25, 'GET', '[]', 'https://salem-store.test/%D8%A7%D9%84%D9%84%D8%A7%D8%A8%D8%AA%D9%88%D8%A8', 'https://salem-store.test/', '[]', 'Mozilla/5.0 (Windows NT 10.0; Win64; x64) AppleWebKit/537.36 (KHTML, like Gecko) Chrome/143.0.0.0 Safari/537.36', '{"cookie":["dark_mode=0; XSRF-TOKEN=eyJpdiI6IkY3ZWpQSFJLUmNid3hFaER2RE5xMHc9PSIsInZhbHVlIjoiVEpURHZoLythaDFtcG12bnFCUnNLaWtDalRkam9uWE9yYzd3dnRHbE04b0JhcWkvWVEyUDlvSlpKU2RBR3hlYmZ4TTVCNkpWck05ekFia1F5L3IySGZvZ2NxZE4vT1FLZ2o3N0t1WFhaeWtDdDh4SEFQWXB5NjUwdkFxN29nLzYiLCJtYWMiOiI4ZjZmYTczMWJmOTgxMWU1NWViMWE3MmQ0MjRlYThkZDU3NzFlMDI0YTc0NzJmMzI1Y2Q4ZTg2MjA1NjE2ZmNhIiwidGFnIjoiIn0%3D; salem_store_session=eyJpdiI6IlJ0dnNUVDJjaDQ2V1IxeUVHdnNKeHc9PSIsInZhbHVlIjoiaWdrSDNRL0Z6eThsWWJPREFESE1Nc0k3T0ZjWXBZeERwcFBCZGEzajcxYzFWQzF3QU5NcENRQ3l5cE5KZE9rbHpkN3RiWHJCOFJVOXRNVUR3ZkFRaWtTL21nNmw4RnE1YkVMam8zNlZyVThoTHlsWUU4SjJZOVo2eHArNUhiMGgiLCJtYWMiOiIzMjlkNDBlZTAxOTJhNjhkNzk1MzY2NmVkMTNmMWEwMWNiMmIyM2I5YTgwMzc5ODJiNGY1YjU2NzM5ODA3YzZmIiwidGFnIjoiIn0%3D"],"priority":["u=0, i"],"accept-language":["en-GB,en-US;q=0.9,en;q=0.8"],"accept-encoding":["gzip, deflate, br, zstd"],"referer":["https:\\/\\/salem-store.test\\/"],"sec-fetch-dest":["document"],"sec-fetch-mode":["navigate"],"sec-fetch-site":["same-origin"],"accept":["text\\/html,application\\/xhtml+xml,application\\/xml;q=0.9,image\\/avif,image\\/webp,image\\/apng,*\\/*;q=0.8,application\\/signed-exchange;v=b3;q=0.7"],"sec-speculation-tags":["null"],"sec-purpose":["prefetch;prerender"],"user-agent":["Mozilla\\/5.0 (Windows NT 10.0; Win64; x64) AppleWebKit\\/537.36 (KHTML, like Gecko) Chrome\\/143.0.0.0 Safari\\/537.36"],"upgrade-insecure-requests":["1"],"sec-ch-ua-platform":["\\"Windows\\""],"sec-ch-ua-mobile":["?0"],"sec-ch-ua":["\\"Google Chrome\\";v=\\"143\\", \\"Chromium\\";v=\\"143\\", \\"Not A(Brand\\";v=\\"24\\""],"cache-control":["no-cache"],"pragma":["no-cache"],"host":["salem-store.test"]}', '', 'Windows', 'Chrome', '127.0.0.1', 'Webkul\\Category\\Models\\Category', 15, NULL, NULL, 1, '2026-01-02 00:42:55', '2026-01-02 00:42:55'), (26, 'GET', '[]', 'https://salem-store.test/%D9%84%D8%A7%D8%A8%D8%AA%D9%88%D8%A8-%D8%A7%D9%84%D8%B9%D8%A7%D8%A8', 'https://salem-store.test/', '[]', 'Mozilla/5.0 (Windows NT 10.0; Win64; x64) AppleWebKit/537.36 (KHTML, like Gecko) Chrome/143.0.0.0 Safari/537.36', '{"cookie":["dark_mode=0; XSRF-TOKEN=eyJpdiI6IkY3ZWpQSFJLUmNid3hFaER2RE5xMHc9PSIsInZhbHVlIjoiVEpURHZoLythaDFtcG12bnFCUnNLaWtDalRkam9uWE9yYzd3dnRHbE04b0JhcWkvWVEyUDlvSlpKU2RBR3hlYmZ4TTVCNkpWck05ekFia1F5L3IySGZvZ2NxZE4vT1FLZ2o3N0t1WFhaeWtDdDh4SEFQWXB5NjUwdkFxN29nLzYiLCJtYWMiOiI4ZjZmYTczMWJmOTgxMWU1NWViMWE3MmQ0MjRlYThkZDU3NzFlMDI0YTc0NzJmMzI1Y2Q4ZTg2MjA1NjE2ZmNhIiwidGFnIjoiIn0%3D; salem_store_session=eyJpdiI6IlJ0dnNUVDJjaDQ2V1IxeUVHdnNKeHc9PSIsInZhbHVlIjoiaWdrSDNRL0Z6eThsWWJPREFESE1Nc0k3T0ZjWXBZeERwcFBCZGEzajcxYzFWQzF3QU5NcENRQ3l5cE5KZE9rbHpkN3RiWHJCOFJVOXRNVUR3ZkFRaWtTL21nNmw4RnE1YkVMam8zNlZyVThoTHlsWUU4SjJZOVo2eHArNUhiMGgiLCJtYWMiOiIzMjlkNDBlZTAxOTJhNjhkNzk1MzY2NmVkMTNmMWEwMWNiMmIyM2I5YTgwMzc5ODJiNGY1YjU2NzM5ODA3YzZmIiwidGFnIjoiIn0%3D"],"priority":["u=0, i"],"accept-language":["en-GB,en-US;q=0.9,en;q=0.8"],"accept-encoding":["gzip, deflate, br, zstd"],"referer":["https:\\/\\/salem-store.test\\/"],"sec-fetch-dest":["document"],"sec-fetch-mode":["navigate"],"sec-fetch-site":["same-origin"],"accept":["text\\/html,application\\/xhtml+xml,application\\/xml;q=0.9,image\\/avif,image\\/webp,image\\/apng,*\\/*;q=0.8,application\\/signed-exchange;v=b3;q=0.7"],"sec-speculation-tags":["null"],"sec-purpose":["prefetch;prerender"],"user-agent":["Mozilla\\/5.0 (Windows NT 10.0; Win64; x64) AppleWebKit\\/537.36 (KHTML, like Gecko) Chrome\\/143.0.0.0 Safari\\/537.36"],"upgrade-insecure-requests":["1"],"sec-ch-ua-platform":["\\"Windows\\""],"sec-ch-ua-mobile":["?0"],"sec-ch-ua":["\\"Google Chrome\\";v=\\"143\\", \\"Chromium\\";v=\\"143\\", \\"Not A(Brand\\";v=\\"24\\""],"cache-control":["no-cache"],"pragma":["no-cache"],"host":["salem-store.test"]}', '', 'Windows', 'Chrome', '127.0.0.1', 'Webkul\\Category\\Models\\Category', 16, NULL, NULL, 1, '2026-01-02 00:42:56', '2026-01-02 00:42:56'), (27, 'GET', '[]', 'https://salem-store.test/%D8%A7%D9%84%D8%AA%D8%B1%D8%A7%D8%A8%D9%88%D9%83', 'https://salem-store.test/', '[]', 'Mozilla/5.0 (Windows NT 10.0; Win64; x64) AppleWebKit/537.36 (KHTML, like Gecko) Chrome/143.0.0.0 Safari/537.36', '{"cookie":["dark_mode=0; XSRF-TOKEN=eyJpdiI6Ii84TFp4MGNxYnphb21keG03Y3pMNmc9PSIsInZhbHVlIjoiVUx1VWFpK1BnTTBWTFpwbEkvU0YzU01hQzgrT09XUm1xanl5bDlrakZoUVo2b1dJam5jaHF1S1U2WlJmY0xlSS9haVNGZmhnYUpPaDdEREZBa0FVMVlWZDEvRHZFc1ViZENmZW1QaXpUa0VQZ1EyLy91QWZzZC9HMVg0MUlHVnkiLCJtYWMiOiIzYWY3Zjk4OTg2YjE2ZWNhMDlhNGMxMjM2NmFiZmFiODk5MGY0NjM4OGJjMjI1OTgwNDFjMGVmNGJlMmFlM2I4IiwidGFnIjoiIn0%3D; salem_store_session=eyJpdiI6InhJQlplSjd3cXgzUGJTR29PS2hlM1E9PSIsInZhbHVlIjoiZDhIZkpLMGpRb1N3ZXhud1NOdzRyTlR3RVdzVm1TOTdiZEFFN29Ma1RMMkhGM3Jad250ajMxbm84WThYbkFkK2dlb21CRmRUQXRrSVNxYWVpZk5zdTZRVkxGTVFwaENZT3h1bXBKcWczSXFCN0V5QUQ3QTk4YTd4QnV2aVgzaU4iLCJtYWMiOiIyY2NlMzcxZTQxYTI4YjRmYTRmZDA4NzgyNmYzN2EyMmQ3M2VlZjA1NzQ5ZjNmYWQ0MmQ0MjM1NDRkNGUwOTg1IiwidGFnIjoiIn0%3D"],"priority":["u=0, i"],"accept-language":["en-GB,en-US;q=0.9,en;q=0.8"],"accept-encoding":["gzip, deflate, br, zstd"],"referer":["https:\\/\\/salem-store.test\\/"],"sec-fetch-dest":["document"],"sec-fetch-mode":["navigate"],"sec-fetch-site":["same-origin"],"accept":["text\\/html,application\\/xhtml+xml,application\\/xml;q=0.9,image\\/avif,image\\/webp,image\\/apng,*\\/*;q=0.8,application\\/signed-exchange;v=b3;q=0.7"],"sec-speculation-tags":["null"],"sec-purpose":["prefetch;prerender"],"user-agent":["Mozilla\\/5.0 (Windows NT 10.0; Win64; x64) AppleWebKit\\/537.36 (KHTML, like Gecko) Chrome\\/143.0.0.0 Safari\\/537.36"],"upgrade-insecure-requests":["1"],"sec-ch-ua-platform":["\\"Windows\\""],"sec-ch-ua-mobile":["?0"],"sec-ch-ua":["\\"Google Chrome\\";v=\\"143\\", \\"Chromium\\";v=\\"143\\", \\"Not A(Brand\\";v=\\"24\\""],"cache-control":["no-cache"],"pragma":["no-cache"],"host":["salem-store.test"]}', '', 'Windows', 'Chrome', '127.0.0.1', 'Webkul\\Category\\Models\\Category', 18, NULL, NULL, 1, '2026-01-02 00:42:56', '2026-01-02 00:42:57'), (28, 'GET', '[]', 'https://salem-store.test/%D9%83%D8%B1%D9%88%D9%85-%D8%A8%D9%88%D9%83', 'https://salem-store.test/', '[]', 'Mozilla/5.0 (Windows NT 10.0; Win64; x64) AppleWebKit/537.36 (KHTML, like Gecko) Chrome/143.0.0.0 Safari/537.36', '{"cookie":["dark_mode=0; XSRF-TOKEN=eyJpdiI6Ino2a3NWZzhCQ0NGM0ZnSUxiQithc1E9PSIsInZhbHVlIjoiTk9MTzlMNExENldRVTVkb3RqUnBoOWxPZzBjVCtwb3NZVGRrUi9YaVBXbWFCaVBwQWVPdENNUFJRMllyaVByb09hejFEUmJrYW9RWFN6VkNHUUNnODJsRDJRVXNBNm1lMjFWUkRQMkoyMktyZzdjUmlSQm9UMjJxamxMUkFwZXMiLCJtYWMiOiI0NzFkZTNiMGQ4N2I2YmY5ZDBhMGRjNTdlMjUyYjkxMTgyYzUwMDE2NjI5NDU5YTYzYTVjMjgxYjgzYzg0NzcyIiwidGFnIjoiIn0%3D; salem_store_session=eyJpdiI6IkdVc21kbEhRaEZmeFpRampSUUZiRXc9PSIsInZhbHVlIjoiYTREcDV0dUJSOHZvblFvUzNPL1k0U096WkVFdm9taHBRV3JCWlVpQTlvcFY0bWs4ZGc3WmNkRkR2d2h5Nm5XcDZ3WnFJa1FMbWZxUkorc0p5TlZFWTQzUFhPR3dVSktIZmdWdWdxZHdPVmVib2Ric2QrL3IyM0dlS2xEd3p3cjMiLCJtYWMiOiJmMGExMDdiMzNjMWFhNWRjODkzOTBlNTFmYTNiZGYwMWZmMjkzM2VmZTYyM2JlY2RiYzRiN2ExYjE2MjM2NjI5IiwidGFnIjoiIn0%3D"],"priority":["u=0, i"],"accept-language":["en-GB,en-US;q=0.9,en;q=0.8"],"accept-encoding":["gzip, deflate, br, zstd"],"referer":["https:\\/\\/salem-store.test\\/"],"sec-fetch-dest":["document"],"sec-fetch-mode":["navigate"],"sec-fetch-site":["same-origin"],"accept":["text\\/html,application\\/xhtml+xml,application\\/xml;q=0.9,image\\/avif,image\\/webp,image\\/apng,*\\/*;q=0.8,application\\/signed-exchange;v=b3;q=0.7"],"sec-speculation-tags":["null"],"sec-purpose":["prefetch;prerender"],"user-agent":["Mozilla\\/5.0 (Windows NT 10.0; Win64; x64) AppleWebKit\\/537.36 (KHTML, like Gecko) Chrome\\/143.0.0.0 Safari\\/537.36"],"upgrade-insecure-requests":["1"],"sec-ch-ua-platform":["\\"Windows\\""],"sec-ch-ua-mobile":["?0"],"sec-ch-ua":["\\"Google Chrome\\";v=\\"143\\", \\"Chromium\\";v=\\"143\\", \\"Not A(Brand\\";v=\\"24\\""],"cache-control":["no-cache"],"pragma":["no-cache"],"host":["salem-store.test"]}', '', 'Windows', 'Chrome', '127.0.0.1', 'Webkul\\Category\\Models\\Category', 20, NULL, NULL, 1, '2026-01-02 00:42:58', '2026-01-02 00:42:58'), (29, 'GET', '[]', 'https://salem-store.test/%D9%84%D8%A7%D8%A8%D8%AA%D9%88%D8%A8-2-%D9%81%D9%8A-1', 'https://salem-store.test/', '[]', 'Mozilla/5.0 (Windows NT 10.0; Win64; x64) AppleWebKit/537.36 (KHTML, like Gecko) Chrome/143.0.0.0 Safari/537.36', '{"cookie":["dark_mode=0; XSRF-TOKEN=eyJpdiI6IjZKRWJ0Z2E4ODBZNjNVYUlZZlZwcUE9PSIsInZhbHVlIjoiNHZkd1N3ZFpJTDF0MlNNN1l3M3YyZWRKbkZjNFRDOFJPVnF1bXRLa2ZuSi83T1FTNGhqcEVQemxZTmFRZ1pPaXE3NjZCaDlBQU5YVWtxNnBFV0Q5M3BIWS9HNzRwOWN6MVZKc3AxOXprY1FvcklvREpZZFV0c1ZmNitXclhaZjgiLCJtYWMiOiI4ZDMzM2Q2NjQ2NDcwMzNkMzZjMzZhODAyMDNkZTM5NWI2M2I3MjNkNThhMzQxMWM4NDA4MzZlOTYwM2VjZWQ4IiwidGFnIjoiIn0%3D; salem_store_session=eyJpdiI6IkxQMkFmaG1xQU5BVXBnQ3d5MjYySkE9PSIsInZhbHVlIjoieENUeVZkb1RwaDdrb3RvbnQrQWxqVU9vQjdqUHFFR0VSbHljTzRrenQ1bDZOVFpEYVdud0NJbDJoWDhKeitBTDk0aHZOeUJXSG0wcCtSVk5oOG9Ia29CMHE0NnlEUEh0cTY0aHRvTmFrT0dXRFpBNERiMTlRYk14WWlkbUMrczgiLCJtYWMiOiIyODM1NjYwMWZlNGI2ZmNjMTA2YzRjMDJhMzJiNjRmMWUyM2ZjZTkxMWM0OWRkNzFkYTQwMjI4YjM3MTA1ZGI2IiwidGFnIjoiIn0%3D"],"priority":["u=0, i"],"accept-language":["en-GB,en-US;q=0.9,en;q=0.8"],"accept-encoding":["gzip, deflate, br, zstd"],"referer":["https:\\/\\/salem-store.test\\/"],"sec-fetch-dest":["document"],"sec-fetch-mode":["navigate"],"sec-fetch-site":["same-origin"],"accept":["text\\/html,application\\/xhtml+xml,application\\/xml;q=0.9,image\\/avif,image\\/webp,image\\/apng,*\\/*;q=0.8,application\\/signed-exchange;v=b3;q=0.7"],"sec-speculation-tags":["null"],"sec-purpose":["prefetch;prerender"],"user-agent":["Mozilla\\/5.0 (Windows NT 10.0; Win64; x64) AppleWebKit\\/537.36 (KHTML, like Gecko) Chrome\\/143.0.0.0 Safari\\/537.36"],"upgrade-insecure-requests":["1"],"sec-ch-ua-platform":["\\"Windows\\""],"sec-ch-ua-mobile":["?0"],"sec-ch-ua":["\\"Google Chrome\\";v=\\"143\\", \\"Chromium\\";v=\\"143\\", \\"Not A(Brand\\";v=\\"24\\""],"cache-control":["no-cache"],"pragma":["no-cache"],"host":["salem-store.test"]}', '', 'Windows', 'Chrome', '127.0.0.1', 'Webkul\\Category\\Models\\Category', 19, NULL, NULL, 1, '2026-01-02 00:42:58', '2026-01-02 00:42:58'), (30, 'GET', '[]', 'https://salem-store.test/%D8%AD%D9%82%D8%A7%D8%A6%D8%A8-%D8%A7%D9%84%D9%84%D8%A7%D8%A8%D8%AA%D9%88%D8%A8', 'https://salem-store.test/', '[]', 'Mozilla/5.0 (Windows NT 10.0; Win64; x64) AppleWebKit/537.36 (KHTML, like Gecko) Chrome/143.0.0.0 Safari/537.36', '{"cookie":["dark_mode=0; XSRF-TOKEN=eyJpdiI6IjZKRWJ0Z2E4ODBZNjNVYUlZZlZwcUE9PSIsInZhbHVlIjoiNHZkd1N3ZFpJTDF0MlNNN1l3M3YyZWRKbkZjNFRDOFJPVnF1bXRLa2ZuSi83T1FTNGhqcEVQemxZTmFRZ1pPaXE3NjZCaDlBQU5YVWtxNnBFV0Q5M3BIWS9HNzRwOWN6MVZKc3AxOXprY1FvcklvREpZZFV0c1ZmNitXclhaZjgiLCJtYWMiOiI4ZDMzM2Q2NjQ2NDcwMzNkMzZjMzZhODAyMDNkZTM5NWI2M2I3MjNkNThhMzQxMWM4NDA4MzZlOTYwM2VjZWQ4IiwidGFnIjoiIn0%3D; salem_store_session=eyJpdiI6IkxQMkFmaG1xQU5BVXBnQ3d5MjYySkE9PSIsInZhbHVlIjoieENUeVZkb1RwaDdrb3RvbnQrQWxqVU9vQjdqUHFFR0VSbHljTzRrenQ1bDZOVFpEYVdud0NJbDJoWDhKeitBTDk0aHZOeUJXSG0wcCtSVk5oOG9Ia29CMHE0NnlEUEh0cTY0aHRvTmFrT0dXRFpBNERiMTlRYk14WWlkbUMrczgiLCJtYWMiOiIyODM1NjYwMWZlNGI2ZmNjMTA2YzRjMDJhMzJiNjRmMWUyM2ZjZTkxMWM0OWRkNzFkYTQwMjI4YjM3MTA1ZGI2IiwidGFnIjoiIn0%3D"],"priority":["u=0, i"],"accept-language":["en-GB,en-US;q=0.9,en;q=0.8"],"accept-encoding":["gzip, deflate, br, zstd"],"referer":["https:\\/\\/salem-store.test\\/"],"sec-fetch-dest":["document"],"sec-fetch-mode":["navigate"],"sec-fetch-site":["same-origin"],"accept":["text\\/html,application\\/xhtml+xml,application\\/xml;q=0.9,image\\/avif,image\\/webp,image\\/apng,*\\/*;q=0.8,application\\/signed-exchange;v=b3;q=0.7"],"sec-speculation-tags":["null"],"sec-purpose":["prefetch;prerender"],"user-agent":["Mozilla\\/5.0 (Windows NT 10.0; Win64; x64) AppleWebKit\\/537.36 (KHTML, like Gecko) Chrome\\/143.0.0.0 Safari\\/537.36"],"upgrade-insecure-requests":["1"],"sec-ch-ua-platform":["\\"Windows\\""],"sec-ch-ua-mobile":["?0"],"sec-ch-ua":["\\"Google Chrome\\";v=\\"143\\", \\"Chromium\\";v=\\"143\\", \\"Not A(Brand\\";v=\\"24\\""],"cache-control":["no-cache"],"pragma":["no-cache"],"host":["salem-store.test"]}', '', 'Windows', 'Chrome', '127.0.0.1', 'Webkul\\Category\\Models\\Category', 21, NULL, NULL, 1, '2026-01-02 00:42:59', '2026-01-02 00:42:59'), (31, 'GET', '[]', 'https://salem-store.test/%D9%84%D8%A7%D8%A8%D8%AA%D9%88%D8%A8-%D9%84%D9%84%D8%A7%D8%B9%D9%85%D8%A7%D9%84', 'https://salem-store.test/', '[]', 'Mozilla/5.0 (Windows NT 10.0; Win64; x64) AppleWebKit/537.36 (KHTML, like Gecko) Chrome/143.0.0.0 Safari/537.36', '{"cookie":["dark_mode=0; XSRF-TOKEN=eyJpdiI6Imw1YmVSTlZFUDF1aXBxbWNzMHdORUE9PSIsInZhbHVlIjoicm16aVIrTDhmRi9IWndic29JQklBTWVGYmFFUGM0RnB5S25DOU1yNmFQUGNaUHA1U1FoUWxuR0dnN0hWNWdMcHQrcEpLWjBjM2ZQZTlxa0hYVWFpeHN6cVBGVVJQNnJ1WDRLMTgzVUo5ZzhhclZpMzlwWUJXaVJVbU5XalZURzAiLCJtYWMiOiJjNDViNTdmZjliY2Y4ZDhjNTZmMzcyZDUwMzNmYjg5NjJhZjRiMTJlMDRlNGNiMTQ2OGQzODFiZjBjODhjNWM1IiwidGFnIjoiIn0%3D; salem_store_session=eyJpdiI6IlhUY0RaQVEwMkpLbGpPS21lOGJxUWc9PSIsInZhbHVlIjoibk02MEgyLzBESUZWUUVoc0J3eTVoV25lYU5wdmk4emVxVzJDd0x4NWwvZ2hwUDljSjA0UzlkaGpnN25obXdKMXh0N1NOZXJjR3VjS3VoRzQ2d0cvK3N2ZFp5eSs0OGVkK0dvV0JhNHNIUjlKTGZacnQ2S0s3cTdJdVp2SmM5YXoiLCJtYWMiOiI2Mzc2NTdiOTRmMzVlMmFmMjgxMTg2NjBhNjY3NzMwMDYxYTEwNGFlZDU4NzY0ZGNkNGQzYzJlYzg2NDY2ODNmIiwidGFnIjoiIn0%3D"],"priority":["u=0, i"],"accept-language":["en-GB,en-US;q=0.9,en;q=0.8"],"accept-encoding":["gzip, deflate, br, zstd"],"referer":["https:\\/\\/salem-store.test\\/"],"sec-fetch-dest":["document"],"sec-fetch-mode":["navigate"],"sec-fetch-site":["same-origin"],"accept":["text\\/html,application\\/xhtml+xml,application\\/xml;q=0.9,image\\/avif,image\\/webp,image\\/apng,*\\/*;q=0.8,application\\/signed-exchange;v=b3;q=0.7"],"sec-speculation-tags":["null"],"sec-purpose":["prefetch;prerender"],"user-agent":["Mozilla\\/5.0 (Windows NT 10.0; Win64; x64) AppleWebKit\\/537.36 (KHTML, like Gecko) Chrome\\/143.0.0.0 Safari\\/537.36"],"upgrade-insecure-requests":["1"],"sec-ch-ua-platform":["\\"Windows\\""],"sec-ch-ua-mobile":["?0"],"sec-ch-ua":["\\"Google Chrome\\";v=\\"143\\", \\"Chromium\\";v=\\"143\\", \\"Not A(Brand\\";v=\\"24\\""],"cache-control":["no-cache"],"pragma":["no-cache"],"host":["salem-store.test"]}', '', 'Windows', 'Chrome', '127.0.0.1', 'Webkul\\Category\\Models\\Category', 17, NULL, NULL, 1, '2026-01-02 00:43:00', '2026-01-02 00:43:00'), (32, 'GET', '[]', 'https://salem-store.test/%D8%A7%D9%83%D8%B3%D8%B3%D9%88%D8%A7%D8%B1%D8%A7%D8%AA', 'https://salem-store.test/', '[]', 'Mozilla/5.0 (Windows NT 10.0; Win64; x64) AppleWebKit/537.36 (KHTML, like Gecko) Chrome/143.0.0.0 Safari/537.36', '{"cookie":["dark_mode=0; XSRF-TOKEN=eyJpdiI6Imw1YmVSTlZFUDF1aXBxbWNzMHdORUE9PSIsInZhbHVlIjoicm16aVIrTDhmRi9IWndic29JQklBTWVGYmFFUGM0RnB5S25DOU1yNmFQUGNaUHA1U1FoUWxuR0dnN0hWNWdMcHQrcEpLWjBjM2ZQZTlxa0hYVWFpeHN6cVBGVVJQNnJ1WDRLMTgzVUo5ZzhhclZpMzlwWUJXaVJVbU5XalZURzAiLCJtYWMiOiJjNDViNTdmZjliY2Y4ZDhjNTZmMzcyZDUwMzNmYjg5NjJhZjRiMTJlMDRlNGNiMTQ2OGQzODFiZjBjODhjNWM1IiwidGFnIjoiIn0%3D; salem_store_session=eyJpdiI6IlhUY0RaQVEwMkpLbGpPS21lOGJxUWc9PSIsInZhbHVlIjoibk02MEgyLzBESUZWUUVoc0J3eTVoV25lYU5wdmk4emVxVzJDd0x4NWwvZ2hwUDljSjA0UzlkaGpnN25obXdKMXh0N1NOZXJjR3VjS3VoRzQ2d0cvK3N2ZFp5eSs0OGVkK0dvV0JhNHNIUjlKTGZacnQ2S0s3cTdJdVp2SmM5YXoiLCJtYWMiOiI2Mzc2NTdiOTRmMzVlMmFmMjgxMTg2NjBhNjY3NzMwMDYxYTEwNGFlZDU4NzY0ZGNkNGQzYzJlYzg2NDY2ODNmIiwidGFnIjoiIn0%3D"],"priority":["u=0, i"],"accept-language":["en-GB,en-US;q=0.9,en;q=0.8"],"accept-encoding":["gzip, deflate, br, zstd"],"referer":["https:\\/\\/salem-store.test\\/"],"sec-fetch-dest":["document"],"sec-fetch-mode":["navigate"],"sec-fetch-site":["same-origin"],"accept":["text\\/html,application\\/xhtml+xml,application\\/xml;q=0.9,image\\/avif,image\\/webp,image\\/apng,*\\/*;q=0.8,application\\/signed-exchange;v=b3;q=0.7"],"sec-speculation-tags":["null"],"sec-purpose":["prefetch;prerender"],"user-agent":["Mozilla\\/5.0 (Windows NT 10.0; Win64; x64) AppleWebKit\\/537.36 (KHTML, like Gecko) Chrome\\/143.0.0.0 Safari\\/537.36"],"upgrade-insecure-requests":["1"],"sec-ch-ua-platform":["\\"Windows\\""],"sec-ch-ua-mobile":["?0"],"sec-ch-ua":["\\"Google Chrome\\";v=\\"143\\", \\"Chromium\\";v=\\"143\\", \\"Not A(Brand\\";v=\\"24\\""],"cache-control":["no-cache"],"pragma":["no-cache"],"host":["salem-store.test"]}', '', 'Windows', 'Chrome', '127.0.0.1', 'Webkul\\Category\\Models\\Category', 22, NULL, NULL, 1, '2026-01-02 00:43:01', '2026-01-02 00:43:01'), (33, 'GET', '[]', 'https://salem-store.test/%D9%84%D9%88%D8%AD%D8%A7%D8%AA-%D8%A7%D9%84%D9%85%D9%81%D8%A7%D8%AA%D9%8A%D8%AD', 'https://salem-store.test/', '[]', 'Mozilla/5.0 (Windows NT 10.0; Win64; x64) AppleWebKit/537.36 (KHTML, like Gecko) Chrome/143.0.0.0 Safari/537.36', '{"cookie":["dark_mode=0; XSRF-TOKEN=eyJpdiI6Imw1YmVSTlZFUDF1aXBxbWNzMHdORUE9PSIsInZhbHVlIjoicm16aVIrTDhmRi9IWndic29JQklBTWVGYmFFUGM0RnB5S25DOU1yNmFQUGNaUHA1U1FoUWxuR0dnN0hWNWdMcHQrcEpLWjBjM2ZQZTlxa0hYVWFpeHN6cVBGVVJQNnJ1WDRLMTgzVUo5ZzhhclZpMzlwWUJXaVJVbU5XalZURzAiLCJtYWMiOiJjNDViNTdmZjliY2Y4ZDhjNTZmMzcyZDUwMzNmYjg5NjJhZjRiMTJlMDRlNGNiMTQ2OGQzODFiZjBjODhjNWM1IiwidGFnIjoiIn0%3D; salem_store_session=eyJpdiI6IlhUY0RaQVEwMkpLbGpPS21lOGJxUWc9PSIsInZhbHVlIjoibk02MEgyLzBESUZWUUVoc0J3eTVoV25lYU5wdmk4emVxVzJDd0x4NWwvZ2hwUDljSjA0UzlkaGpnN25obXdKMXh0N1NOZXJjR3VjS3VoRzQ2d0cvK3N2ZFp5eSs0OGVkK0dvV0JhNHNIUjlKTGZacnQ2S0s3cTdJdVp2SmM5YXoiLCJtYWMiOiI2Mzc2NTdiOTRmMzVlMmFmMjgxMTg2NjBhNjY3NzMwMDYxYTEwNGFlZDU4NzY0ZGNkNGQzYzJlYzg2NDY2ODNmIiwidGFnIjoiIn0%3D"],"priority":["u=0, i"],"accept-language":["en-GB,en-US;q=0.9,en;q=0.8"],"accept-encoding":["gzip, deflate, br, zstd"],"referer":["https:\\/\\/salem-store.test\\/"],"sec-fetch-dest":["document"],"sec-fetch-mode":["navigate"],"sec-fetch-site":["same-origin"],"accept":["text\\/html,application\\/xhtml+xml,application\\/xml;q=0.9,image\\/avif,image\\/webp,image\\/apng,*\\/*;q=0.8,application\\/signed-exchange;v=b3;q=0.7"],"sec-speculation-tags":["null"],"sec-purpose":["prefetch;prerender"],"user-agent":["Mozilla\\/5.0 (Windows NT 10.0; Win64; x64) AppleWebKit\\/537.36 (KHTML, like Gecko) Chrome\\/143.0.0.0 Safari\\/537.36"],"upgrade-insecure-requests":["1"],"sec-ch-ua-platform":["\\"Windows\\""],"sec-ch-ua-mobile":["?0"],"sec-ch-ua":["\\"Google Chrome\\";v=\\"143\\", \\"Chromium\\";v=\\"143\\", \\"Not A(Brand\\";v=\\"24\\""],"cache-control":["no-cache"],"pragma":["no-cache"],"host":["salem-store.test"]}', '', 'Windows', 'Chrome', '127.0.0.1', 'Webkul\\Category\\Models\\Category', 23, NULL, NULL, 1, '2026-01-02 00:43:01', '2026-01-02 00:43:01'), (34, 'GET', '[]', 'https://salem-store.test/%D8%A7%D9%84%D8%B3%D9%85%D8%A7%D8%B9%D8%A7%D8%AA', 'https://salem-store.test/', '[]', 'Mozilla/5.0 (Windows NT 10.0; Win64; x64) AppleWebKit/537.36 (KHTML, like Gecko) Chrome/143.0.0.0 Safari/537.36', '{"cookie":["dark_mode=0; XSRF-TOKEN=eyJpdiI6Imw1YmVSTlZFUDF1aXBxbWNzMHdORUE9PSIsInZhbHVlIjoicm16aVIrTDhmRi9IWndic29JQklBTWVGYmFFUGM0RnB5S25DOU1yNmFQUGNaUHA1U1FoUWxuR0dnN0hWNWdMcHQrcEpLWjBjM2ZQZTlxa0hYVWFpeHN6cVBGVVJQNnJ1WDRLMTgzVUo5ZzhhclZpMzlwWUJXaVJVbU5XalZURzAiLCJtYWMiOiJjNDViNTdmZjliY2Y4ZDhjNTZmMzcyZDUwMzNmYjg5NjJhZjRiMTJlMDRlNGNiMTQ2OGQzODFiZjBjODhjNWM1IiwidGFnIjoiIn0%3D; salem_store_session=eyJpdiI6IlhUY0RaQVEwMkpLbGpPS21lOGJxUWc9PSIsInZhbHVlIjoibk02MEgyLzBESUZWUUVoc0J3eTVoV25lYU5wdmk4emVxVzJDd0x4NWwvZ2hwUDljSjA0UzlkaGpnN25obXdKMXh0N1NOZXJjR3VjS3VoRzQ2d0cvK3N2ZFp5eSs0OGVkK0dvV0JhNHNIUjlKTGZacnQ2S0s3cTdJdVp2SmM5YXoiLCJtYWMiOiI2Mzc2NTdiOTRmMzVlMmFmMjgxMTg2NjBhNjY3NzMwMDYxYTEwNGFlZDU4NzY0ZGNkNGQzYzJlYzg2NDY2ODNmIiwidGFnIjoiIn0%3D"],"priority":["u=0, i"],"accept-language":["en-GB,en-US;q=0.9,en;q=0.8"],"accept-encoding":["gzip, deflate, br, zstd"],"referer":["https:\\/\\/salem-store.test\\/"],"sec-fetch-dest":["document"],"sec-fetch-mode":["navigate"],"sec-fetch-site":["same-origin"],"accept":["text\\/html,application\\/xhtml+xml,application\\/xml;q=0.9,image\\/avif,image\\/webp,image\\/apng,*\\/*;q=0.8,application\\/signed-exchange;v=b3;q=0.7"],"sec-speculation-tags":["null"],"sec-purpose":["prefetch;prerender"],"user-agent":["Mozilla\\/5.0 (Windows NT 10.0; Win64; x64) AppleWebKit\\/537.36 (KHTML, like Gecko) Chrome\\/143.0.0.0 Safari\\/537.36"],"upgrade-insecure-requests":["1"],"sec-ch-ua-platform":["\\"Windows\\""],"sec-ch-ua-mobile":["?0"],"sec-ch-ua":["\\"Google Chrome\\";v=\\"143\\", \\"Chromium\\";v=\\"143\\", \\"Not A(Brand\\";v=\\"24\\""],"cache-control":["no-cache"],"pragma":["no-cache"],"host":["salem-store.test"]}', '', 'Windows', 'Chrome', '127.0.0.1', 'Webkul\\Category\\Models\\Category', 25, NULL, NULL, 1, '2026-01-02 00:43:01', '2026-01-02 00:43:01'), (35, 'GET', '[]', 'https://salem-store.test/%D9%83%D8%A7%D9%85%D9%8A%D8%B1%D8%A7%D8%AA-%D8%A7%D9%84%D9%88%D9%8A%D8%A8', 'https://salem-store.test/', '[]', 'Mozilla/5.0 (Windows NT 10.0; Win64; x64) AppleWebKit/537.36 (KHTML, like Gecko) Chrome/143.0.0.0 Safari/537.36', '{"cookie":["dark_mode=0; XSRF-TOKEN=eyJpdiI6ImNLcXdvYy9QdDdyalE3TXM1VVFkREE9PSIsInZhbHVlIjoiOStWZDFsMkxhMkJ5V2Jsc1Z6RG9sU1gzdUc0VUExK0tWeGVwYllUQmtTU3h3c0tVWC9DeXhieGhHMWErbm9HaFE2bzV1SjFuTUZ5NVErcXR1K2psQUgwWm5UNHZ4Z2Q4a0wrS0JuWk1BelFsUW04a3JPTGRNQndoZ3owUVQ2aEciLCJtYWMiOiJjZWQyZmFiNDFjZGNjOWNiZTE3MWRmYmQ4YzYyMzNhZTRlY2U1MmZhODBkMWM3OGZkZDQzYjAyYTMzZjVkYzY5IiwidGFnIjoiIn0%3D; salem_store_session=eyJpdiI6InV6VXNIY0h5aThnb3VoaUlqTmM0Y1E9PSIsInZhbHVlIjoib3pEMityYnJsOUIxdDhzRDNObWlOT2dWeDk3WmFZcFpwak1yRlZkNlZvZlFJeGN3VWliTzM4S2cxSXZEdXVhOFY5TDIrVndnMXVwNnQxeUEwTWtUWGExZWJiWlMwRnFKMWJISW91NTFuYjh0WWFZaTFiQ3paSHNvRHhCWC84MGkiLCJtYWMiOiJhODhiMjY3ZDUxODA4MzY4N2RmODM3N2NhZmQwZjM0ZjkyODU1NmRhZmNlMzVmOThkZGMzZjNiNDY0NzNkYzVjIiwidGFnIjoiIn0%3D"],"priority":["u=0, i"],"accept-language":["en-GB,en-US;q=0.9,en;q=0.8"],"accept-encoding":["gzip, deflate, br, zstd"],"referer":["https:\\/\\/salem-store.test\\/"],"sec-fetch-dest":["document"],"sec-fetch-mode":["navigate"],"sec-fetch-site":["same-origin"],"accept":["text\\/html,application\\/xhtml+xml,application\\/xml;q=0.9,image\\/avif,image\\/webp,image\\/apng,*\\/*;q=0.8,application\\/signed-exchange;v=b3;q=0.7"],"sec-speculation-tags":["null"],"sec-purpose":["prefetch;prerender"],"user-agent":["Mozilla\\/5.0 (Windows NT 10.0; Win64; x64) AppleWebKit\\/537.36 (KHTML, like Gecko) Chrome\\/143.0.0.0 Safari\\/537.36"],"upgrade-insecure-requests":["1"],"sec-ch-ua-platform":["\\"Windows\\""],"sec-ch-ua-mobile":["?0"],"sec-ch-ua":["\\"Google Chrome\\";v=\\"143\\", \\"Chromium\\";v=\\"143\\", \\"Not A(Brand\\";v=\\"24\\""],"cache-control":["no-cache"],"pragma":["no-cache"],"host":["salem-store.test"]}', '', 'Windows', 'Chrome', '127.0.0.1', 'Webkul\\Category\\Models\\Category', 27, NULL, NULL, 1, '2026-01-02 00:43:02', '2026-01-02 00:43:02'), (36, 'GET', '[]', 'https://salem-store.test/%D8%A7%D9%84%D8%AA%D8%AE%D8%B2%D9%8A%D9%86-%D8%A7%D9%84%D8%AE%D8%A7%D8%B1%D8%AC%D9%8A', 'https://salem-store.test/', '[]', 'Mozilla/5.0 (Windows NT 10.0; Win64; x64) AppleWebKit/537.36 (KHTML, like Gecko) Chrome/143.0.0.0 Safari/537.36', '{"cookie":["dark_mode=0; XSRF-TOKEN=eyJpdiI6Ik5jMHdySHJERm1kdUNXdUNYQ0djT1E9PSIsInZhbHVlIjoiNm1Vb3JRbElkclNmUys4VENXaEVvUUVGdVdGaktueHIyMGRlR2lsdzVBWTlmMFFLMUczVGUwTTlRSU92RkdqY0xSUitRYzR4S0crLzhGMG8rUnpYWWhOeFcrSUg3dUZ1TWJjVVZtMmY1UWJ3M3hjQVlzOXZFNE5HRGlzcHZlSjMiLCJtYWMiOiJmYmMzMmEzYmFiNDIyYTk1YWI5MGJlMDE5OTk5ZmMxYmFhZTBjNTIzM2E5NWEyM2ViZDQ0Y2YxZmNhNzk3ODhkIiwidGFnIjoiIn0%3D; salem_store_session=eyJpdiI6ImIzSGhGMFhsTFBpVHgrVFNHZ0JTMUE9PSIsInZhbHVlIjoiYzd1a3hDV1JwTjd2VzNDd1RKUmhKV1FaNFZhWW5FalEwUmthME85OUFRS0k2RVJiVU5mdVBMaDVyaEFwTGdEN0ZJODNkaW9TeENRME94UFhSRlFxR3VlWWhLaG52RlEyMVk0c0QwWkFDdTAxUUxCNXZMSXEyRXFBSlJwZW9mSXQiLCJtYWMiOiIxNTRlMjEyYTEzMDgxZTg3YTUwZDNiYTk3YTdlMTNjYzgxZGJlZjcxMTJlODJhMjA2OThmNzA3YTc1YTE2Njc5IiwidGFnIjoiIn0%3D"],"priority":["u=0, i"],"accept-language":["en-GB,en-US;q=0.9,en;q=0.8"],"accept-encoding":["gzip, deflate, br, zstd"],"referer":["https:\\/\\/salem-store.test\\/"],"sec-fetch-dest":["document"],"sec-fetch-mode":["navigate"],"sec-fetch-site":["same-origin"],"accept":["text\\/html,application\\/xhtml+xml,application\\/xml;q=0.9,image\\/avif,image\\/webp,image\\/apng,*\\/*;q=0.8,application\\/signed-exchange;v=b3;q=0.7"],"sec-speculation-tags":["null"],"sec-purpose":["prefetch;prerender"],"user-agent":["Mozilla\\/5.0 (Windows NT 10.0; Win64; x64) AppleWebKit\\/537.36 (KHTML, like Gecko) Chrome\\/143.0.0.0 Safari\\/537.36"],"upgrade-insecure-requests":["1"],"sec-ch-ua-platform":["\\"Windows\\""],"sec-ch-ua-mobile":["?0"],"sec-ch-ua":["\\"Google Chrome\\";v=\\"143\\", \\"Chromium\\";v=\\"143\\", \\"Not A(Brand\\";v=\\"24\\""],"cache-control":["no-cache"],"pragma":["no-cache"],"host":["salem-store.test"]}', '', 'Windows', 'Chrome', '127.0.0.1', 'Webkul\\Category\\Models\\Category', 29, NULL, NULL, 1, '2026-01-02 00:43:03', '2026-01-02 00:43:03'), (37, 'GET', '[]', 'https://salem-store.test/%D8%A7%D9%84%D9%85%D8%A7%D9%88%D8%B3', 'https://salem-store.test/', '[]', 'Mozilla/5.0 (Windows NT 10.0; Win64; x64) AppleWebKit/537.36 (KHTML, like Gecko) Chrome/143.0.0.0 Safari/537.36', '{"cookie":["dark_mode=0; XSRF-TOKEN=eyJpdiI6InNQMFJYU1FZTDNRSkVIclhkM2VMZnc9PSIsInZhbHVlIjoiQWpmVHlhQWQvV3c2N3EyaWVUNWFSM0tCWVN3NXF4dHRVTWNKOEtKQld5OFJtQUZwSkRlT002Z1YxRmZ6V1B3WDIvbHg0bVJKVGwwUnNsSXBHOFlxUldKbUpoQnE1SDh0L0JMUVJLbU5DNllJS2VsQ0NLZHA1KzRNSjhHTHpkTmkiLCJtYWMiOiJkMTg3ZDMzZjE5MjNlNmVmM2JiNWM2MjIyNzA0MzllMTEyYjAxYTIzM2Y0NjY4OGZkNjFlY2NlNTNjNDhmOTEzIiwidGFnIjoiIn0%3D; salem_store_session=eyJpdiI6IncxM3ZUSnNjZC90SkxlaGYxMS9rd3c9PSIsInZhbHVlIjoiMmRxc1dNMzhMV3dvS3dBYnJKUVBWdngyUTh0YTRSK0tSRU1mcHhRSTJZdXNjUE1oZGpNS1BZc3JzK29VT0tIL2RZdU9TdnJTZUhyNTRHSGVWTE1nOHgvM2ExcU1Rb2puaGYxN2hxc000czkxSHpHUjFMY29aT2RpQVV2Vzk2bloiLCJtYWMiOiIzYjVkMjY3M2JmN2JlNTNlY2E1MDJiYWQ3M2I0NDdmMzM4MWQyMjM2M2QwN2JjMmJmMmM4NWRmOGU5M2UzZTVlIiwidGFnIjoiIn0%3D"],"priority":["u=0, i"],"accept-language":["en-GB,en-US;q=0.9,en;q=0.8"],"accept-encoding":["gzip, deflate, br, zstd"],"referer":["https:\\/\\/salem-store.test\\/"],"sec-fetch-dest":["document"],"sec-fetch-mode":["navigate"],"sec-fetch-site":["same-origin"],"accept":["text\\/html,application\\/xhtml+xml,application\\/xml;q=0.9,image\\/avif,image\\/webp,image\\/apng,*\\/*;q=0.8,application\\/signed-exchange;v=b3;q=0.7"],"sec-speculation-tags":["null"],"sec-purpose":["prefetch;prerender"],"user-agent":["Mozilla\\/5.0 (Windows NT 10.0; Win64; x64) AppleWebKit\\/537.36 (KHTML, like Gecko) Chrome\\/143.0.0.0 Safari\\/537.36"],"upgrade-insecure-requests":["1"],"sec-ch-ua-platform":["\\"Windows\\""],"sec-ch-ua-mobile":["?0"],"sec-ch-ua":["\\"Google Chrome\\";v=\\"143\\", \\"Chromium\\";v=\\"143\\", \\"Not A(Brand\\";v=\\"24\\""],"cache-control":["no-cache"],"pragma":["no-cache"],"host":["salem-store.test"]}', '', 'Windows', 'Chrome', '127.0.0.1', 'Webkul\\Category\\Models\\Category', 24, NULL, NULL, 1, '2026-01-02 00:43:04', '2026-01-02 00:43:04'), (38, 'GET', '[]', 'https://salem-store.test/%D9%85%D9%83%D8%A8%D8%B1%D8%A7%D8%AA-%D8%A7%D9%84%D8%B5%D9%88%D8%AA', 'https://salem-store.test/', '[]', 'Mozilla/5.0 (Windows NT 10.0; Win64; x64) AppleWebKit/537.36 (KHTML, like Gecko) Chrome/143.0.0.0 Safari/537.36', '{"cookie":["dark_mode=0; XSRF-TOKEN=eyJpdiI6IlF0YnpNY3ZYV0VwR29mK2FKMmdNdXc9PSIsInZhbHVlIjoiT1UzckFFQ3Ayc2k0cisxME5uaTRQbUpmaFE0MWxRT2lEN0Z5YmF5bGNHbzBCclkrQW1kV0oyd1VtRnk5b2Q2L3VoSVZBYktaRzBHN08rRzZ4TWZSNnNrd0FLaUVkREhlVnE4Wk1zSVlWUXF5Vmo1aTdBUFlGYlN2Z2JENFdEY0wiLCJtYWMiOiIwMDg4OGE1ZjYyNjgxYmJhYzk2MDE2MzBjOGQ1YTg0ZjdkYjQ3ZmQ1OGRmOTZiZGQ5OGIyOTIxYWJiNWM3MDQxIiwidGFnIjoiIn0%3D; salem_store_session=eyJpdiI6IktkT1JRZlZWN29XalF5TFlXNWE0ZFE9PSIsInZhbHVlIjoicE0zcW9xWnJXeG5sVTlSNGhxb2hSeXhyYzRyL2IrcDZ0aFFTaC9jTzU0VTVjMVgyVXFudk1ZU3dldFlvWnVGSjJlZjIwSW43ZktROXZiYmw2VmZncHlWWlpaZ0xhcWRvWUc4aDFUblVsWWtVYlVOMTBSQlRnWFJDQS9jd0pxdEgiLCJtYWMiOiI1ODU5NzE4ZjM1N2YyOTYwNDNmOGI4YmE3NzFjYzAyOWU5Y2YwM2Q3MTFlNzYyMzU0MTMwMDJkYmUwMTMzYzg2IiwidGFnIjoiIn0%3D"],"priority":["u=0, i"],"accept-language":["en-GB,en-US;q=0.9,en;q=0.8"],"accept-encoding":["gzip, deflate, br, zstd"],"referer":["https:\\/\\/salem-store.test\\/"],"sec-fetch-dest":["document"],"sec-fetch-mode":["navigate"],"sec-fetch-site":["same-origin"],"accept":["text\\/html,application\\/xhtml+xml,application\\/xml;q=0.9,image\\/avif,image\\/webp,image\\/apng,*\\/*;q=0.8,application\\/signed-exchange;v=b3;q=0.7"],"sec-speculation-tags":["null"],"sec-purpose":["prefetch;prerender"],"user-agent":["Mozilla\\/5.0 (Windows NT 10.0; Win64; x64) AppleWebKit\\/537.36 (KHTML, like Gecko) Chrome\\/143.0.0.0 Safari\\/537.36"],"upgrade-insecure-requests":["1"],"sec-ch-ua-platform":["\\"Windows\\""],"sec-ch-ua-mobile":["?0"],"sec-ch-ua":["\\"Google Chrome\\";v=\\"143\\", \\"Chromium\\";v=\\"143\\", \\"Not A(Brand\\";v=\\"24\\""],"cache-control":["no-cache"],"pragma":["no-cache"],"host":["salem-store.test"]}', '', 'Windows', 'Chrome', '127.0.0.1', 'Webkul\\Category\\Models\\Category', 26, NULL, NULL, 1, '2026-01-02 00:43:05', '2026-01-02 00:43:05'), (39, 'GET', '[]', 'https://salem-store.test/%D9%85%D9%88%D8%B2%D8%B9%D8%A7%D8%AA-%D9%85%D8%AD%D9%88%D9%84%D8%A7%D8%AA-usb', 'https://salem-store.test/', '[]', 'Mozilla/5.0 (Windows NT 10.0; Win64; x64) AppleWebKit/537.36 (KHTML, like Gecko) Chrome/143.0.0.0 Safari/537.36', '{"cookie":["dark_mode=0; XSRF-TOKEN=eyJpdiI6ImhyeWlJT1p5ZlNjQjFvNGg1eDR3dnc9PSIsInZhbHVlIjoiMFBqMTZyWEdHOHdDcVl3YmdDUnh4SXlWZUJUT1orU1RuK3pMamtqbCtwSjRZTm5BQWVSaGtOZ2VxNnFOUEkrYmRXRkk4RmdhZGZ4RFVkYnRWekxmSG5aOHFpd3V2UXI0WmM3TGMrNFNlMXRSTkNpVG9qcnFXWnhPYkE1ZUwwSUQiLCJtYWMiOiI3ODVkODFkNTgwNjVhNTQ5MWEwMmM5MDE1ZDkzYzBkODA2N2U1MDA1Y2ZiMDhjYWVjMGEzNGRjYTJhZDVjNDlkIiwidGFnIjoiIn0%3D; salem_store_session=eyJpdiI6IkpNcGJWMTNaeEl2cXVrbFBxN3NBenc9PSIsInZhbHVlIjoiZFBpNmFpWXFmWFVBOUlMY2gyajNENDUzUnplL2daQ291Vk9GeDdTMjRqRWFWQkVsTm5CdFAvUlNiU0Nta3FpYVdPNHRBcjNicmRibC8wMUxBZER4Lzd4L2FsUDNFOVRiVkl5UUZQdUQvUUJxZFl6QmNjVkppWjRHZXpnOHBiaHciLCJtYWMiOiI5OWYxNmU5ODQ5ZGVlMzVlNjE5ZTBkZDUzYWM1NzIwYTUzNDEyNmJhMzgwODc2NTk3YTc4ZDVmNzE1NzgxMjAyIiwidGFnIjoiIn0%3D"],"priority":["u=0, i"],"accept-language":["en-GB,en-US;q=0.9,en;q=0.8"],"accept-encoding":["gzip, deflate, br, zstd"],"referer":["https:\\/\\/salem-store.test\\/"],"sec-fetch-dest":["document"],"sec-fetch-mode":["navigate"],"sec-fetch-site":["same-origin"],"accept":["text\\/html,application\\/xhtml+xml,application\\/xml;q=0.9,image\\/avif,image\\/webp,image\\/apng,*\\/*;q=0.8,application\\/signed-exchange;v=b3;q=0.7"],"sec-speculation-tags":["null"],"sec-purpose":["prefetch;prerender"],"user-agent":["Mozilla\\/5.0 (Windows NT 10.0; Win64; x64) AppleWebKit\\/537.36 (KHTML, like Gecko) Chrome\\/143.0.0.0 Safari\\/537.36"],"upgrade-insecure-requests":["1"],"sec-ch-ua-platform":["\\"Windows\\""],"sec-ch-ua-mobile":["?0"],"sec-ch-ua":["\\"Google Chrome\\";v=\\"143\\", \\"Chromium\\";v=\\"143\\", \\"Not A(Brand\\";v=\\"24\\""],"cache-control":["no-cache"],"pragma":["no-cache"],"host":["salem-store.test"]}', '', 'Windows', 'Chrome', '127.0.0.1', 'Webkul\\Category\\Models\\Category', 28, NULL, NULL, 1, '2026-01-02 00:43:06', '2026-01-02 00:43:06'), (40, 'GET', '[]', 'https://salem-store.test/%D8%A7%D9%84%D9%83%D8%A7%D8%A8%D9%84%D8%A7%D8%AA-%D9%88%D8%A7%D9%84%D9%85%D9%88%D8%B5%D9%84%D8%A7%D8%AA', 'https://salem-store.test/', '[]', 'Mozilla/5.0 (Windows NT 10.0; Win64; x64) AppleWebKit/537.36 (KHTML, like Gecko) Chrome/143.0.0.0 Safari/537.36', '{"cookie":["dark_mode=0; XSRF-TOKEN=eyJpdiI6IlBRdXM2cnlJbU50MCt4c1pqbzdaNWc9PSIsInZhbHVlIjoiTjNwRWd5MDVJQ251UE4vRXhvRmIxUDlvcVQ3UW9SRTNtaEtkUmZQZ040TmlwMkVoa2IrZmQvdnBac3RjbFhXWVRZbUlRcCs4RStXWFdVSHdYcFFBVnFnMWlxNU1mUXRKKzdxbHBBenBKUkJIQ1lOVnJqL2FYcUdqY29CYWErcnoiLCJtYWMiOiJkZGY4ZTc4YjViZDk3YTJkNWQ2NDNhYTg1OTQ4MzM4YzE5M2Q4YWNmMjk5YzU3MDI4YjJmYjUwMTExOGRlNTE3IiwidGFnIjoiIn0%3D; salem_store_session=eyJpdiI6Ik1ldEFhOHo5NEVya3E5RUdHZU5jcXc9PSIsInZhbHVlIjoid01TSWtXNGNhcHphR0luSk05QkZIZmVWSlA1WS9RcG9FQUUxVndUQk9qTUZaTjdpalRINjQ4bWRLVnpXeGd0MXREMGtHeWUwNUN3YXBMZzk0N3F1NVFPU0JTeU5NdE5na0F3NWFrWm5iUjFDMTJRYmREWll3d3RRcVFZMEhtTkUiLCJtYWMiOiI4YTFjMzVjNjUyN2M3ZTkxODBjYjA3MmJlNjBjODM0MDQzNjQ4YzQ3OTM2MjFhMTY3ODM5ZWQ1NzMxYjUyOWU1IiwidGFnIjoiIn0%3D"],"priority":["u=0, i"],"accept-language":["en-GB,en-US;q=0.9,en;q=0.8"],"accept-encoding":["gzip, deflate, br, zstd"],"referer":["https:\\/\\/salem-store.test\\/"],"sec-fetch-dest":["document"],"sec-fetch-mode":["navigate"],"sec-fetch-site":["same-origin"],"accept":["text\\/html,application\\/xhtml+xml,application\\/xml;q=0.9,image\\/avif,image\\/webp,image\\/apng,*\\/*;q=0.8,application\\/signed-exchange;v=b3;q=0.7"],"sec-speculation-tags":["null"],"sec-purpose":["prefetch;prerender"],"user-agent":["Mozilla\\/5.0 (Windows NT 10.0; Win64; x64) AppleWebKit\\/537.36 (KHTML, like Gecko) Chrome\\/143.0.0.0 Safari\\/537.36"],"upgrade-insecure-requests":["1"],"sec-ch-ua-platform":["\\"Windows\\""],"sec-ch-ua-mobile":["?0"],"sec-ch-ua":["\\"Google Chrome\\";v=\\"143\\", \\"Chromium\\";v=\\"143\\", \\"Not A(Brand\\";v=\\"24\\""],"cache-control":["no-cache"],"pragma":["no-cache"],"host":["salem-store.test"]}', '', 'Windows', 'Chrome', '127.0.0.1', 'Webkul\\Category\\Models\\Category', 30, NULL, NULL, 1, '2026-01-02 00:43:07', '2026-01-02 00:43:07'), (41, 'GET', '[]', 'https://salem-store.test/%D8%A7%D8%AC%D9%87%D8%B2%D8%A9-%D8%A7%D9%84%D9%83%D9%85%D8%A8%D9%8A%D9%88%D8%AA%D8%B1', 'https://salem-store.test/', '[]', 'Mozilla/5.0 (Windows NT 10.0; Win64; x64) AppleWebKit/537.36 (KHTML, like Gecko) Chrome/143.0.0.0 Safari/537.36', '{"cookie":["dark_mode=0; XSRF-TOKEN=eyJpdiI6IjZKSHVtaytpVjJKSmFmRnlGTmQ1YWc9PSIsInZhbHVlIjoiYmNDM29meXAxZlA4Qm04RE0zUjJFdEllT2xHbmQ0a1NNZWdpZTNhR2pMR1NZWWN3WW14clB4OFFGdDNBenpLeXVhcHQzbDdyRzhTQ1Q3UHh4VEZsT3QyMTlJT0o0ZG9tbWdRTlZvL3FIMWFTcHVYVTZaUWgwUjRVZjFEeG9yNG0iLCJtYWMiOiI1NWM3YWEzOWYzYWRjNzk5YTMyZTE3YjE1M2UzN2E3MTE4YWRhM2UwNTU4YWE5NzY2Mzc1NjY2ZGZmMGE1MjJkIiwidGFnIjoiIn0%3D; salem_store_session=eyJpdiI6ImhPeloyQ3Vtb0dybnNVRnMwaFlCeEE9PSIsInZhbHVlIjoiQWVBQnNkNXVOeFRZalRxcmlJTHkwL1g5VDhXdTFFV24ybkY0czNib1hUbUNPd0xQQ0dnVXNlTVpaam9QaldMZEhwUG1ESXZEOXE4aThsQlpvWmZ0eC9NL0NGR3JFTFc1eGVncEthd1EvVk5nc2M5T2RhaEV1a0JSVUI3TkdNWUYiLCJtYWMiOiIwNWU4ODMyMjY1Y2Y3ZjI1NDFjNDNjNDM0MGUyYzk3MGRhYjM1MDE4ZmI4ZTJmYjZjNDMwM2FmMDExNzlmNDI0IiwidGFnIjoiIn0%3D"],"priority":["u=0, i"],"accept-language":["en-GB,en-US;q=0.9,en;q=0.8"],"accept-encoding":["gzip, deflate, br, zstd"],"referer":["https:\\/\\/salem-store.test\\/"],"sec-fetch-dest":["document"],"sec-fetch-mode":["navigate"],"sec-fetch-site":["same-origin"],"accept":["text\\/html,application\\/xhtml+xml,application\\/xml;q=0.9,image\\/avif,image\\/webp,image\\/apng,*\\/*;q=0.8,application\\/signed-exchange;v=b3;q=0.7"],"sec-speculation-tags":["null"],"sec-purpose":["prefetch;prerender"],"user-agent":["Mozilla\\/5.0 (Windows NT 10.0; Win64; x64) AppleWebKit\\/537.36 (KHTML, like Gecko) Chrome\\/143.0.0.0 Safari\\/537.36"],"upgrade-insecure-requests":["1"],"sec-ch-ua-platform":["\\"Windows\\""],"sec-ch-ua-mobile":["?0"],"sec-ch-ua":["\\"Google Chrome\\";v=\\"143\\", \\"Chromium\\";v=\\"143\\", \\"Not A(Brand\\";v=\\"24\\""],"cache-control":["no-cache"],"pragma":["no-cache"],"host":["salem-store.test"]}', '', 'Windows', 'Chrome', '127.0.0.1', 'Webkul\\Category\\Models\\Category', 9, NULL, NULL, 1, '2026-01-02 00:43:10', '2026-01-02 00:43:10'), (42, 'GET', '[]', 'https://salem-store.test/%D9%88%D8%A7%D9%82%D9%8A%D8%A7%D8%AA-%D8%A7%D9%84%D8%B4%D8%A7%D8%B4%D8%A9', 'https://salem-store.test/', '[]', 'Mozilla/5.0 (Windows NT 10.0; Win64; x64) AppleWebKit/537.36 (KHTML, like Gecko) Chrome/143.0.0.0 Safari/537.36', '{"cookie":["dark_mode=0; XSRF-TOKEN=eyJpdiI6InhxbGtQaGZXRllyK0pweFhWanN5S1E9PSIsInZhbHVlIjoiYW82Y1Z4dW40bVlrZVlIRjJ4WHptRm9zcE9CMU96Q1pBR3Z5b21qUU55b3NERm1kZjZia3dYakVCTlB1VGhVZXVoMElQbTlCcWV0WWZHWnVCVk9ZaEtzV25vcys2UEhwMy9sZ3BEU3U1Ry9MdThYU3ljNXZNUE9lcC9nQkhrbVIiLCJtYWMiOiIxYWFlZjdmZmFkZDFiMzY3YWE2NTFlZjI3ZmQ1MGI5YTJjNjA0Njg2N2NmOTBkNzliZTNkZGJhNGRmOWQzMDUwIiwidGFnIjoiIn0%3D; salem_store_session=eyJpdiI6IlJoWFV1RDd0R011ZmVZQW0vL29sTkE9PSIsInZhbHVlIjoic2Y4bUJRQTB1NCtZdUlXcUtONjVIVGdmd0IzZDJYNngyeWtUT0NNeXZrQUFiYnVWa1g5Sk13elVnbEF4ZDMrbERPVzEvaExKU1lnVzNJZnRQaCtrdTk0amZEQXgyaEtUT1hlWEF3OWJ4WHlXNzJFZ2RtMXBhNHhWeWRtQ1JHZkQiLCJtYWMiOiI1NjA0M2I5NWUwOWYxM2E2YzUwNWFjOWEyOTI5ZWE0ZTY1NzdmM2ViZTQxYzcxOWY1NjI0ZTVkYWI1YzRlMGJmIiwidGFnIjoiIn0%3D"],"priority":["u=0, i"],"accept-language":["en-GB,en-US;q=0.9,en;q=0.8"],"accept-encoding":["gzip, deflate, br, zstd"],"referer":["https:\\/\\/salem-store.test\\/"],"sec-fetch-dest":["document"],"sec-fetch-mode":["navigate"],"sec-fetch-site":["same-origin"],"accept":["text\\/html,application\\/xhtml+xml,application\\/xml;q=0.9,image\\/avif,image\\/webp,image\\/apng,*\\/*;q=0.8,application\\/signed-exchange;v=b3;q=0.7"],"sec-speculation-tags":["null"],"sec-purpose":["prefetch;prerender"],"user-agent":["Mozilla\\/5.0 (Windows NT 10.0; Win64; x64) AppleWebKit\\/537.36 (KHTML, like Gecko) Chrome\\/143.0.0.0 Safari\\/537.36"],"upgrade-insecure-requests":["1"],"sec-ch-ua-platform":["\\"Windows\\""],"sec-ch-ua-mobile":["?0"],"sec-ch-ua":["\\"Google Chrome\\";v=\\"143\\", \\"Chromium\\";v=\\"143\\", \\"Not A(Brand\\";v=\\"24\\""],"cache-control":["no-cache"],"pragma":["no-cache"],"host":["salem-store.test"]}', '', 'Windows', 'Chrome', '127.0.0.1', 'Webkul\\Category\\Models\\Category', 6, NULL, NULL, 1, '2026-01-02 00:55:48', '2026-01-02 00:55:48'), (43, 'GET', '[]', 'https://salem-store.test/%D9%83%DA%A4%D8%B1%D8%A7%D8%AA-pitaka', 'https://salem-store.test/', '[]', 'Mozilla/5.0 (Windows NT 10.0; Win64; x64) AppleWebKit/537.36 (KHTML, like Gecko) Chrome/143.0.0.0 Safari/537.36', '{"cookie":["dark_mode=0; XSRF-TOKEN=eyJpdiI6ImsxYkJDY0l2cmhOaEhTUGhNTXJVQlE9PSIsInZhbHVlIjoiRjJGd2t3ekF6emVlRXhRUWNFVWJ1ejdydkNYa0wyVHZPZ3hNZ0kzZ2NzTG5oTUVsc3p4UXZ2NzJ0aG5XSExxTldEL2ZDaUE2eGtZTDRyNmltSitCZVNRbnA1eVJPRkQ2aXBGazJ4S21vM25ZRXFmcGlEUlZlUWl1Nlhjb2RzTFYiLCJtYWMiOiIzMzkwZGUzMjM0MGZjZTMzZGMxZmFlOWRhMjQyMzQzNTJjMDBhYzU1NzFjNTdlYzQyOTcyMGM0OWRiNzJmNzAzIiwidGFnIjoiIn0%3D; salem_store_session=eyJpdiI6ImFiTFRQanlaZ245b1hHMHRHMlA1WGc9PSIsInZhbHVlIjoiZkV1UUlHYmdpaXdKQ25ER1ZhbnUwUkxoelBxbzR4MEhsd0hjUG5ublVXWFBacmxWdWxwTU0rNE4vUHloQm5jbzNpejRUUFlsdVdoSzVKMXJoVTlMZHUrWXF3T2FpZlZMeVRDbzQ2Q3ZxTTVrcTlhUTUzV0dUMnRNOGplSm45KzAiLCJtYWMiOiI1MWIwMjE5NzBiY2JjNDYzNjFiMWZhY2FiNTI3NDk1ZTk5NTYyNmVjZDNhNGVjNjE3NGQ0ZjkyZjg2MTZlYTRjIiwidGFnIjoiIn0%3D"],"priority":["u=0, i"],"accept-language":["en-GB,en-US;q=0.9,en;q=0.8"],"accept-encoding":["gzip, deflate, br, zstd"],"referer":["https:\\/\\/salem-store.test\\/"],"sec-fetch-dest":["document"],"sec-fetch-mode":["navigate"],"sec-fetch-site":["same-origin"],"accept":["text\\/html,application\\/xhtml+xml,application\\/xml;q=0.9,image\\/avif,image\\/webp,image\\/apng,*\\/*;q=0.8,application\\/signed-exchange;v=b3;q=0.7"],"sec-speculation-tags":["null"],"sec-purpose":["prefetch;prerender"],"user-agent":["Mozilla\\/5.0 (Windows NT 10.0; Win64; x64) AppleWebKit\\/537.36 (KHTML, like Gecko) Chrome\\/143.0.0.0 Safari\\/537.36"],"upgrade-insecure-requests":["1"],"sec-ch-ua-platform":["\\"Windows\\""],"sec-ch-ua-mobile":["?0"],"sec-ch-ua":["\\"Google Chrome\\";v=\\"143\\", \\"Chromium\\";v=\\"143\\", \\"Not A(Brand\\";v=\\"24\\""],"cache-control":["no-cache"],"pragma":["no-cache"],"host":["salem-store.test"]}', '', 'Windows', 'Chrome', '127.0.0.1', 'Webkul\\Product\\Models\\Product', 1, NULL, NULL, 1, '2026-01-02 15:30:27', '2026-01-02 15:30:27'), (44, 'GET', '[]', 'https://salem-store.test', 'https://salem-store.test/customer/login', '[]', 'Mozilla/5.0 (Windows NT 10.0; Win64; x64) AppleWebKit/537.36 (KHTML, like Gecko) Chrome/143.0.0.0 Safari/537.36', '{"cookie":["dark_mode=0; XSRF-TOKEN=eyJpdiI6IjY4U1dyR2FOTDkrdncrVXFXS1VOYnc9PSIsInZhbHVlIjoiRTZ2c1hVQ2tGS1VlalRMaW5yMnpUNmN3STdheHpkUlRyZWYvSmllcGxPUmN3VDZCMVVhdE9KK1YyOTQvZ2FCUFZMVkllOUlObHpHd1doOU53b0dHZ1VhaGhscEVxSURmSjB5N1RPY1JsMDRPVE1zUXNYanNJZHNXdzNmZncyN1EiLCJtYWMiOiJjNWQzMzlkNTgyOWM3M2E0NzBkZDBjN2FmMTAzNzE3OWZlMjljY2MzNDhkNmU5ZjExYTU5N2I1OTgwZjJhZTQ2IiwidGFnIjoiIn0%3D; salem_store_session=eyJpdiI6Iml3QnIzUDJPUmJFQk1uSzhvNEE3YVE9PSIsInZhbHVlIjoiUHNIVlhRb2ZObFFYWGgvN1JmS0poSFFIYVVFZlBjWjkzRjVpUlFFZzlDRFNkTG42eHdHbldtUVc2SkRJTkJEK2h5UXNiaE40aTErNHdwZlpwMkNIdjdjaW04OFdhNjhrMXJTekFvTFhOVnE4bXlORXNFYVdGY21Kc293azNIbDUiLCJtYWMiOiJmNDBkZDQxYmE4OGUzNmVhN2MxMWQ2NjE5OGQ4Zjg1OTNiOGZjODk4ODY0MzU5YmEwMzRlYjY5YzRlODkzZWIxIiwidGFnIjoiIn0%3D"],"priority":["u=0, i"],"accept-language":["en-GB,en-US;q=0.9,en;q=0.8"],"accept-encoding":["gzip, deflate, br, zstd"],"referer":["https:\\/\\/salem-store.test\\/customer\\/login"],"sec-ch-ua-platform":["\\"Windows\\""],"sec-ch-ua-mobile":["?0"],"sec-ch-ua":["\\"Google Chrome\\";v=\\"143\\", \\"Chromium\\";v=\\"143\\", \\"Not A(Brand\\";v=\\"24\\""],"sec-fetch-dest":["document"],"sec-fetch-user":["?1"],"sec-fetch-mode":["navigate"],"sec-fetch-site":["same-origin"],"accept":["text\\/html,application\\/xhtml+xml,application\\/xml;q=0.9,image\\/avif,image\\/webp,image\\/apng,*\\/*;q=0.8,application\\/signed-exchange;v=b3;q=0.7"],"user-agent":["Mozilla\\/5.0 (Windows NT 10.0; Win64; x64) AppleWebKit\\/537.36 (KHTML, like Gecko) Chrome\\/143.0.0.0 Safari\\/537.36"],"upgrade-insecure-requests":["1"],"cache-control":["no-cache"],"pragma":["no-cache"],"host":["salem-store.test"]}', '', 'Windows', 'Chrome', '127.0.0.1', NULL, NULL, 'Webkul\\Customer\\Models\\Customer', 1, 1, '2026-01-02 15:39:48', '2026-01-02 15:39:48'), (45, 'GET', '[]', 'https://salem-store.test/%D9%83%DA%A4%D8%B1%D8%A7%D8%AA-pitaka', 'https://salem-store.test/', '[]', 'Mozilla/5.0 (Windows NT 10.0; Win64; x64) AppleWebKit/537.36 (KHTML, like Gecko) Chrome/143.0.0.0 Safari/537.36', '{"cookie":["dark_mode=0; XSRF-TOKEN=eyJpdiI6ImZVSjVpUDYvRSs1NXovbTg2K1hBeFE9PSIsInZhbHVlIjoiekR5SlFTSXVqaFRjZXQ5bEZiNjUxTXBiM0F3UGZsOXR6VThGYXdJOVFsV0JOTXNrdWVmRk1TSVVIOVpidHdaVHpySjlCekFxTHlRTUVkSTJ2dkZTVndPODI5RmlDd3VoMWtpYVZHdmxHQ0ljRy9LUVRnLzhqaGhmTkh2aTlucnkiLCJtYWMiOiIzZTY0YmJjNjU0ZjJjOWQ1NWI2YmMwYTliYmM0MWY1NWExOTMzN2M3ZTQ1ZWM3MWM0ODA4MmNlMzJmMjg2YjViIiwidGFnIjoiIn0%3D; salem_store_session=eyJpdiI6IlNmWTRlTCs5QlF5dTArcENWM2J6SkE9PSIsInZhbHVlIjoiN20zdDFjNjFVRHBucFBQTUpWN0k0U0JhZU9rL0RxSG5nckRCay9mTXhHOGV1SjRrNXFqQ2pTakxOVEhzTTlINVlLNWhxQjFhQVJyV05NS3hKRUx3b2VHajRSbEMyT3RmSUttck1nRjhCMjZFN1l4RmE1MU8rVld2eHZzTDVXNi8iLCJtYWMiOiIyODA3Nzc2OTJkMTllZTk0YzNlYmJmMTc1NzFhYTkyMDEyOGIyYTQ0OWVlYTJmYmIyOTJhMzMzZGQ1OTRiOGIyIiwidGFnIjoiIn0%3D"],"priority":["u=0, i"],"accept-language":["en-GB,en-US;q=0.9,en;q=0.8"],"accept-encoding":["gzip, deflate, br, zstd"],"referer":["https:\\/\\/salem-store.test\\/"],"sec-fetch-dest":["document"],"sec-fetch-mode":["navigate"],"sec-fetch-site":["same-origin"],"accept":["text\\/html,application\\/xhtml+xml,application\\/xml;q=0.9,image\\/avif,image\\/webp,image\\/apng,*\\/*;q=0.8,application\\/signed-exchange;v=b3;q=0.7"],"sec-speculation-tags":["null"],"sec-purpose":["prefetch;prerender"],"user-agent":["Mozilla\\/5.0 (Windows NT 10.0; Win64; x64) AppleWebKit\\/537.36 (KHTML, like Gecko) Chrome\\/143.0.0.0 Safari\\/537.36"],"upgrade-insecure-requests":["1"],"sec-ch-ua-platform":["\\"Windows\\""],"sec-ch-ua-mobile":["?0"],"sec-ch-ua":["\\"Google Chrome\\";v=\\"143\\", \\"Chromium\\";v=\\"143\\", \\"Not A(Brand\\";v=\\"24\\""],"cache-control":["no-cache"],"pragma":["no-cache"],"host":["salem-store.test"]}', '', 'Windows', 'Chrome', '127.0.0.1', 'Webkul\\Product\\Models\\Product', 1, 'Webkul\\Customer\\Models\\Customer', 1, 1, '2026-01-02 15:39:56', '2026-01-02 15:39:56'), (46, 'GET', '[]', 'https://salem-store.test/%D8%A7%D8%AC%D9%87%D8%B2%D8%A9-%D8%A7%D9%84%D9%83%D9%85%D8%A8%D9%8A%D9%88%D8%AA%D8%B1', 'https://salem-store.test/customer/account/profile', '[]', 'Mozilla/5.0 (Windows NT 10.0; Win64; x64) AppleWebKit/537.36 (KHTML, like Gecko) Chrome/143.0.0.0 Safari/537.36', '{"cookie":["dark_mode=0; XSRF-TOKEN=eyJpdiI6IjVNcUF1a3dXOHNwMlFsNE5tM1hFVUE9PSIsInZhbHVlIjoidEQ5SkJ2Kys0amtuYjlNMkY5bEU2eTQ3bVcyaXF2emxYUG01OUU0L3ZueWo3eGxGTTEyL0Q5NlRHWHlRZzBtY285d3RHNWNNMUZKMHVrZ2RnMG0wV3lBUUFOM2ZlZkVhaTAvTFhvOURFSnR0RFArUWZLMlBwcmt1b25NZ1R0c0wiLCJtYWMiOiJkMGU0MTk0NTEwMTc5M2FhMTIyMzQ3MGU0NzNmMGNjYThiYmRkNDIyYjc3ZTdmYmU4MWVhZmUzZDczZTg3NjM2IiwidGFnIjoiIn0%3D; salem_store_session=eyJpdiI6IlllWjdvQXhrNTN3UDkyZCtnZUtYbHc9PSIsInZhbHVlIjoiK20ySkdSR3E1cEJsSFAxT21Db3FoRlMzWXFFWi9uS0ZPaUI0K3UvZXU0VGFzSkljRUh4ZGZQd3F3Z0tpY0pqekl5NE00ak0ydklsYlU0ZGwwK0ZRQklUNXY4cmxsZk14dlpQZ0huR2YrYVdlM1duc0xuR25GRTRzR0JhRXZmc0ciLCJtYWMiOiJhZjk0MWI5ZjZmMDIzMmRkZmI4Y2FmYjU4Mzk2MWQyM2Q4YTJjOGNkNjc3NTE5ZDJhNTY0ZTZiNWUyMWMxNjMyIiwidGFnIjoiIn0%3D"],"priority":["u=0, i"],"accept-language":["en-GB,en-US;q=0.9,en;q=0.8"],"accept-encoding":["gzip, deflate, br, zstd"],"referer":["https:\\/\\/salem-store.test\\/customer\\/account\\/profile"],"sec-fetch-dest":["document"],"sec-fetch-mode":["navigate"],"sec-fetch-site":["same-origin"],"accept":["text\\/html,application\\/xhtml+xml,application\\/xml;q=0.9,image\\/avif,image\\/webp,image\\/apng,*\\/*;q=0.8,application\\/signed-exchange;v=b3;q=0.7"],"sec-speculation-tags":["null"],"sec-purpose":["prefetch;prerender"],"user-agent":["Mozilla\\/5.0 (Windows NT 10.0; Win64; x64) AppleWebKit\\/537.36 (KHTML, like Gecko) Chrome\\/143.0.0.0 Safari\\/537.36"],"upgrade-insecure-requests":["1"],"sec-ch-ua-platform":["\\"Windows\\""],"sec-ch-ua-mobile":["?0"],"sec-ch-ua":["\\"Google Chrome\\";v=\\"143\\", \\"Chromium\\";v=\\"143\\", \\"Not A(Brand\\";v=\\"24\\""],"cache-control":["no-cache"],"pragma":["no-cache"],"host":["salem-store.test"]}', '', 'Windows', 'Chrome', '127.0.0.1', 'Webkul\\Category\\Models\\Category', 9, 'Webkul\\Customer\\Models\\Customer', 1, 1, '2026-01-02 15:40:37', '2026-01-02 15:40:37'), (47, 'GET', '[]', 'https://salem-store.test/%D8%A7%D9%84%D9%87%D9%88%D8%A7%D8%AA%D9%81-%D8%A7%D9%84%D9%85%D8%AD%D9%85%D9%88%D9%84%D8%A9', 'https://salem-store.test/customer/account/profile', '[]', 'Mozilla/5.0 (Windows NT 10.0; Win64; x64) AppleWebKit/537.36 (KHTML, like Gecko) Chrome/143.0.0.0 Safari/537.36', '{"cookie":["dark_mode=0; XSRF-TOKEN=eyJpdiI6IjVNcUF1a3dXOHNwMlFsNE5tM1hFVUE9PSIsInZhbHVlIjoidEQ5SkJ2Kys0amtuYjlNMkY5bEU2eTQ3bVcyaXF2emxYUG01OUU0L3ZueWo3eGxGTTEyL0Q5NlRHWHlRZzBtY285d3RHNWNNMUZKMHVrZ2RnMG0wV3lBUUFOM2ZlZkVhaTAvTFhvOURFSnR0RFArUWZLMlBwcmt1b25NZ1R0c0wiLCJtYWMiOiJkMGU0MTk0NTEwMTc5M2FhMTIyMzQ3MGU0NzNmMGNjYThiYmRkNDIyYjc3ZTdmYmU4MWVhZmUzZDczZTg3NjM2IiwidGFnIjoiIn0%3D; salem_store_session=eyJpdiI6IlllWjdvQXhrNTN3UDkyZCtnZUtYbHc9PSIsInZhbHVlIjoiK20ySkdSR3E1cEJsSFAxT21Db3FoRlMzWXFFWi9uS0ZPaUI0K3UvZXU0VGFzSkljRUh4ZGZQd3F3Z0tpY0pqekl5NE00ak0ydklsYlU0ZGwwK0ZRQklUNXY4cmxsZk14dlpQZ0huR2YrYVdlM1duc0xuR25GRTRzR0JhRXZmc0ciLCJtYWMiOiJhZjk0MWI5ZjZmMDIzMmRkZmI4Y2FmYjU4Mzk2MWQyM2Q4YTJjOGNkNjc3NTE5ZDJhNTY0ZTZiNWUyMWMxNjMyIiwidGFnIjoiIn0%3D"],"priority":["u=0, i"],"accept-language":["en-GB,en-US;q=0.9,en;q=0.8"],"accept-encoding":["gzip, deflate, br, zstd"],"referer":["https:\\/\\/salem-store.test\\/customer\\/account\\/profile"],"sec-fetch-dest":["document"],"sec-fetch-mode":["navigate"],"sec-fetch-site":["same-origin"],"accept":["text\\/html,application\\/xhtml+xml,application\\/xml;q=0.9,image\\/avif,image\\/webp,image\\/apng,*\\/*;q=0.8,application\\/signed-exchange;v=b3;q=0.7"],"sec-speculation-tags":["null"],"sec-purpose":["prefetch;prerender"],"user-agent":["Mozilla\\/5.0 (Windows NT 10.0; Win64; x64) AppleWebKit\\/537.36 (KHTML, like Gecko) Chrome\\/143.0.0.0 Safari\\/537.36"],"upgrade-insecure-requests":["1"],"sec-ch-ua-platform":["\\"Windows\\""],"sec-ch-ua-mobile":["?0"],"sec-ch-ua":["\\"Google Chrome\\";v=\\"143\\", \\"Chromium\\";v=\\"143\\", \\"Not A(Brand\\";v=\\"24\\""],"cache-control":["no-cache"],"pragma":["no-cache"],"host":["salem-store.test"]}', '', 'Windows', 'Chrome', '127.0.0.1', 'Webkul\\Category\\Models\\Category', 2, 'Webkul\\Customer\\Models\\Customer', 1, 1, '2026-01-02 15:40:38', '2026-01-02 15:40:38'), (48, 'GET', '[]', 'https://salem-store.test/%D8%A7%D8%BA%D8%B7%D9%8A%D8%A9-%D8%AC%D8%B1%D8%A7%D8%A8%D8%A7%D8%AA-%D8%A7%D9%84%D9%87%D9%88%D8%A7%D8%AA%D9%81', 'https://salem-store.test/customer/account/profile', '[]', 'Mozilla/5.0 (Windows NT 10.0; Win64; x64) AppleWebKit/537.36 (KHTML, like Gecko) Chrome/143.0.0.0 Safari/537.36', '{"cookie":["dark_mode=0; XSRF-TOKEN=eyJpdiI6IjVNcUF1a3dXOHNwMlFsNE5tM1hFVUE9PSIsInZhbHVlIjoidEQ5SkJ2Kys0amtuYjlNMkY5bEU2eTQ3bVcyaXF2emxYUG01OUU0L3ZueWo3eGxGTTEyL0Q5NlRHWHlRZzBtY285d3RHNWNNMUZKMHVrZ2RnMG0wV3lBUUFOM2ZlZkVhaTAvTFhvOURFSnR0RFArUWZLMlBwcmt1b25NZ1R0c0wiLCJtYWMiOiJkMGU0MTk0NTEwMTc5M2FhMTIyMzQ3MGU0NzNmMGNjYThiYmRkNDIyYjc3ZTdmYmU4MWVhZmUzZDczZTg3NjM2IiwidGFnIjoiIn0%3D; salem_store_session=eyJpdiI6IlllWjdvQXhrNTN3UDkyZCtnZUtYbHc9PSIsInZhbHVlIjoiK20ySkdSR3E1cEJsSFAxT21Db3FoRlMzWXFFWi9uS0ZPaUI0K3UvZXU0VGFzSkljRUh4ZGZQd3F3Z0tpY0pqekl5NE00ak0ydklsYlU0ZGwwK0ZRQklUNXY4cmxsZk14dlpQZ0huR2YrYVdlM1duc0xuR25GRTRzR0JhRXZmc0ciLCJtYWMiOiJhZjk0MWI5ZjZmMDIzMmRkZmI4Y2FmYjU4Mzk2MWQyM2Q4YTJjOGNkNjc3NTE5ZDJhNTY0ZTZiNWUyMWMxNjMyIiwidGFnIjoiIn0%3D"],"priority":["u=0, i"],"accept-language":["en-GB,en-US;q=0.9,en;q=0.8"],"accept-encoding":["gzip, deflate, br, zstd"],"referer":["https:\\/\\/salem-store.test\\/customer\\/account\\/profile"],"sec-fetch-dest":["document"],"sec-fetch-mode":["navigate"],"sec-fetch-site":["same-origin"],"accept":["text\\/html,application\\/xhtml+xml,application\\/xml;q=0.9,image\\/avif,image\\/webp,image\\/apng,*\\/*;q=0.8,application\\/signed-exchange;v=b3;q=0.7"],"sec-speculation-tags":["null"],"sec-purpose":["prefetch;prerender"],"user-agent":["Mozilla\\/5.0 (Windows NT 10.0; Win64; x64) AppleWebKit\\/537.36 (KHTML, like Gecko) Chrome\\/143.0.0.0 Safari\\/537.36"],"upgrade-insecure-requests":["1"],"sec-ch-ua-platform":["\\"Windows\\""],"sec-ch-ua-mobile":["?0"],"sec-ch-ua":["\\"Google Chrome\\";v=\\"143\\", \\"Chromium\\";v=\\"143\\", \\"Not A(Brand\\";v=\\"24\\""],"cache-control":["no-cache"],"pragma":["no-cache"],"host":["salem-store.test"]}', '', 'Windows', 'Chrome', '127.0.0.1', 'Webkul\\Category\\Models\\Category', 5, 'Webkul\\Customer\\Models\\Customer', 1, 1, '2026-01-02 15:40:38', '2026-01-02 15:40:38'), (49, 'GET', '[]', 'https://salem-store.test/%D8%A7%D9%84%D8%B4%D9%88%D8%A7%D8%AD%D9%86-%D9%88%D8%A7%D9%84%D9%83%D8%A7%D8%A8%D9%84%D8%A7%D8%AA', 'https://salem-store.test/customer/account/profile', '[]', 'Mozilla/5.0 (Windows NT 10.0; Win64; x64) AppleWebKit/537.36 (KHTML, like Gecko) Chrome/143.0.0.0 Safari/537.36', '{"cookie":["dark_mode=0; XSRF-TOKEN=eyJpdiI6IjBrenN1UGdMZElqazQvR05ucXk2dnc9PSIsInZhbHVlIjoiSVV2SUdiOHovLzY5RFZlYnpJNUlQbGVmZERpZko5YWJuMWVQQlp1VFovUUxsZXUyV3FGOVI3NFFTZWs2d3dXUkw3dEFDVWpnQ3lFQ3orQVF5RnZMeXJwRjlLYTBDd0N2T05tZVo2RzhyS1RSb0NmY2x4SGwrMWxWTER2dHg3NlAiLCJtYWMiOiI0M2Y1YWVjMjlmNWI3Y2UzYjhkMzI4YzQ1YzQ1Y2MxNjdhYmZmZTk3YjFhYjE0ZGZhNjc4MmQxY2Y2YTdhYjhmIiwidGFnIjoiIn0%3D; salem_store_session=eyJpdiI6IlZWcHJQbHdYajVwRGR3Y1JPTXdWNUE9PSIsInZhbHVlIjoibVJwTWM1NDVSQmV0TjJ3MktFR3Q1bU4wYnFpbjVyN3BHR0wvWkhDWXhRU3hTeVJXUU9PdGpvMjFTaWEvU1I1VFI1cGpWOFpVZFdCcW5jMW1jS05TU0xza21YUnk3RmRpcHM5TmZzb1hlUWlpTjdGOTEwSkVIY2Z2c1JaQ0QyQnEiLCJtYWMiOiIwZjI0NjM3MzJkYTc3ZDQzMjJhYjRhNzE1MmJjZmQyN2EzOGNjYTE2MjUyYzIyODlmMTY2YmNhYmQxMWEwNWYxIiwidGFnIjoiIn0%3D"],"priority":["u=0, i"],"accept-language":["en-GB,en-US;q=0.9,en;q=0.8"],"accept-encoding":["gzip, deflate, br, zstd"],"referer":["https:\\/\\/salem-store.test\\/customer\\/account\\/profile"],"sec-fetch-dest":["document"],"sec-fetch-mode":["navigate"],"sec-fetch-site":["same-origin"],"accept":["text\\/html,application\\/xhtml+xml,application\\/xml;q=0.9,image\\/avif,image\\/webp,image\\/apng,*\\/*;q=0.8,application\\/signed-exchange;v=b3;q=0.7"],"sec-speculation-tags":["null"],"sec-purpose":["prefetch;prerender"],"user-agent":["Mozilla\\/5.0 (Windows NT 10.0; Win64; x64) AppleWebKit\\/537.36 (KHTML, like Gecko) Chrome\\/143.0.0.0 Safari\\/537.36"],"upgrade-insecure-requests":["1"],"sec-ch-ua-platform":["\\"Windows\\""],"sec-ch-ua-mobile":["?0"],"sec-ch-ua":["\\"Google Chrome\\";v=\\"143\\", \\"Chromium\\";v=\\"143\\", \\"Not A(Brand\\";v=\\"24\\""],"cache-control":["no-cache"],"pragma":["no-cache"],"host":["salem-store.test"]}', '', 'Windows', 'Chrome', '127.0.0.1', 'Webkul\\Category\\Models\\Category', 7, 'Webkul\\Customer\\Models\\Customer', 1, 1, '2026-01-02 15:40:38', '2026-01-02 15:40:38'), (50, 'GET', '[]', 'https://salem-store.test/pitaka', 'https://salem-store.test/%D8%A7%D9%84%D9%87%D9%88%D8%A7%D8%AA%D9%81-%D8%A7%D9%84%D9%85%D8%AD%D9%85%D9%88%D9%84%D8%A9', '[]', 'Mozilla/5.0 (Windows NT 10.0; Win64; x64) AppleWebKit/537.36 (KHTML, like Gecko) Chrome/143.0.0.0 Safari/537.36', '{"cookie":["dark_mode=0; XSRF-TOKEN=eyJpdiI6IjJFbXVlaWt4RXR4RXk5M0FJWmllYXc9PSIsInZhbHVlIjoialExZTVic1dsVGpUY1dCUm1oSWl1ZkUwUHNHOS9STW9jc0hVaGpzNXdlYmFSUno5Mnd4TmN5dkJSR08wNHdSbWhGZ3lRQnNYcUMvaWZ3cW1iZDIyallRNHdqTDlWazYzNXE0Y1NoQ1k4UmNOZEJ1ckNrV0R5Y3ZwWTYzeW9HTU4iLCJtYWMiOiJmN2YyMTk0NWRmOTQxN2MxYTMxMzU4YjQxNGExNmJjZWU1ZDkyODEwN2FkMmNiMjlkYzk2YjdmMjM3YmFjNTg0IiwidGFnIjoiIn0%3D; salem_store_session=eyJpdiI6IktZSHlNRUF1SVN4YlZJemZyS2JLNUE9PSIsInZhbHVlIjoicmR1eFVQbHRXbStobytmNExQS0xVTU9lanZReUcxOGdnam9NWkcwUXFNcitiNVNqSU41QVZSeElRMUprVmswUnJOY2JZUmJoQjhFM1g2ODV1S1BZcHB0cE9DN01KZTYvcS81ZGdjcmV1cWx3Y3ROZUtmNnliRXJPaUhNaEZOOXgiLCJtYWMiOiI0NWVlODFlYmZiNjdjY2Y1Yjg5OWUxMTIzYTNkMTc3MjNkNjI2MTY2OTg0ZTI3Mjg5ZjE5MTkyYzU0M2VmNjRiIiwidGFnIjoiIn0%3D"],"priority":["u=0, i"],"accept-language":["en-GB,en-US;q=0.9,en;q=0.8"],"accept-encoding":["gzip, deflate, br, zstd"],"referer":["https:\\/\\/salem-store.test\\/%D8%A7%D9%84%D9%87%D9%88%D8%A7%D8%AA%D9%81-%D8%A7%D9%84%D9%85%D8%AD%D9%85%D9%88%D9%84%D8%A9"],"sec-fetch-dest":["document"],"sec-fetch-mode":["navigate"],"sec-fetch-site":["same-origin"],"accept":["text\\/html,application\\/xhtml+xml,application\\/xml;q=0.9,image\\/avif,image\\/webp,image\\/apng,*\\/*;q=0.8,application\\/signed-exchange;v=b3;q=0.7"],"sec-speculation-tags":["null"],"sec-purpose":["prefetch;prerender"],"user-agent":["Mozilla\\/5.0 (Windows NT 10.0; Win64; x64) AppleWebKit\\/537.36 (KHTML, like Gecko) Chrome\\/143.0.0.0 Safari\\/537.36"],"upgrade-insecure-requests":["1"],"sec-ch-ua-platform":["\\"Windows\\""],"sec-ch-ua-mobile":["?0"],"sec-ch-ua":["\\"Google Chrome\\";v=\\"143\\", \\"Chromium\\";v=\\"143\\", \\"Not A(Brand\\";v=\\"24\\""],"cache-control":["no-cache"],"pragma":["no-cache"],"host":["salem-store.test"]}', '', 'Windows', 'Chrome', '127.0.0.1', 'Webkul\\Product\\Models\\Product', 2, 'Webkul\\Customer\\Models\\Customer', 1, 1, '2026-01-02 15:55:04', '2026-01-02 15:55:04'), (51, 'GET', '[]', 'https://salem-store.test', 'https://salem-store.test/customer/login', '[]', 'Mozilla/5.0 (Windows NT 10.0; Win64; x64) AppleWebKit/537.36 (KHTML, like Gecko) Chrome/143.0.0.0 Safari/537.36', '{"cookie":["dark_mode=0; XSRF-TOKEN=eyJpdiI6Ik1tV1phOWY2WEF1ZDUwT3hLZ0FFWVE9PSIsInZhbHVlIjoidTBPSmsweWRIdnJ1QzB3R25xbFJkK1JZMUpOQkpUMmVsRDJQcVA2a3N3akZ1NCtxK1UvTm1ZcU1Bc2tETkdJZFNIUnB1WDhuVUlWK050c04rb2FWNWFxVFJpQ3NFSzlhOHVMQ2ZTYnh1bUc2US9FMTJqOVVxNmhEOXVkOHowb2MiLCJtYWMiOiIzMWY3MzM5ZjE5YmZkNTlhNzM1NmY4M2I0MzVkOTlkZDAwODkxYzYwNmRkMWQ3OWU2YmMwNzg4MjhmYTIyNzEzIiwidGFnIjoiIn0%3D; salem_store_session=eyJpdiI6InptNVI5V0lSTStWNkNWK2haY2YwS1E9PSIsInZhbHVlIjoibnc5NzVYMEhZYVBVcG11ZjBob3p6WnpyOW5uaGxQc0dWVFo4V2lRckFzQWpBR1JPUS9MTjhjeXp1N0l1QVhoSVdSem9ib05wNHJodXE2eEdjaEpWeldyRTZYT0NSakR1bGdqUGF6eVhpRVQxdnNyVjdZOU9xcEh0cG54SFQ1NVMiLCJtYWMiOiI2NDY5MmRmNWNmY2YxMTg5ODMzMWRmNDZiZTNjZDU4NTFhNzU4NzNjZWNmNTJmODA0MDcwZThlZjg5M2I5YjE5IiwidGFnIjoiIn0%3D"],"priority":["u=0, i"],"accept-language":["en-GB,en-US;q=0.9,en;q=0.8"],"accept-encoding":["gzip, deflate, br, zstd"],"referer":["https:\\/\\/salem-store.test\\/customer\\/login"],"sec-ch-ua-platform":["\\"Windows\\""],"sec-ch-ua-mobile":["?0"],"sec-ch-ua":["\\"Google Chrome\\";v=\\"143\\", \\"Chromium\\";v=\\"143\\", \\"Not A(Brand\\";v=\\"24\\""],"sec-fetch-dest":["document"],"sec-fetch-user":["?1"],"sec-fetch-mode":["navigate"],"sec-fetch-site":["same-origin"],"accept":["text\\/html,application\\/xhtml+xml,application\\/xml;q=0.9,image\\/avif,image\\/webp,image\\/apng,*\\/*;q=0.8,application\\/signed-exchange;v=b3;q=0.7"],"user-agent":["Mozilla\\/5.0 (Windows NT 10.0; Win64; x64) AppleWebKit\\/537.36 (KHTML, like Gecko) Chrome\\/143.0.0.0 Safari\\/537.36"],"upgrade-insecure-requests":["1"],"cache-control":["max-age=0"],"host":["salem-store.test"]}', '', 'Windows', 'Chrome', '127.0.0.1', NULL, NULL, 'Webkul\\Customer\\Models\\Customer', 3, 1, '2026-01-02 17:19:52', '2026-01-02 17:19:52'), (52, 'GET', '[]', 'https://salem-store.test/pitaka', 'https://salem-store.test/', '[]', 'Mozilla/5.0 (Windows NT 10.0; Win64; x64) AppleWebKit/537.36 (KHTML, like Gecko) Chrome/143.0.0.0 Safari/537.36', '{"cookie":["dark_mode=0; XSRF-TOKEN=eyJpdiI6IkFxRUVGeCtnc3hlSlJ2UE91WXJrc2c9PSIsInZhbHVlIjoiVXFKUjJOZHBhU0h5NGNkREhTNDJidHI1S0pWT0FDZWZ6WGxaN3dVRjFmSUJaVGtLUkxpVW5CWitxYW1xWEd0SEFnUDZXZWFCWXVHenRuaERIZkRjNDBMYW0wZGtYUHlkdzRzUUxRRjZxMk9nSnJEN0JoNkp5S2Z4aFJSSFdRSVMiLCJtYWMiOiIyMjYyMDQwNTk0NWQ4ZTkzOTZhZTNjZjNlZjU0OWJiOTY1ZTYxNmQ5OTM4MDU3NzU3MDczOTJlY2Y2OTRjYTIzIiwidGFnIjoiIn0%3D; salem_store_session=eyJpdiI6InhwR3c2ZTVOVDMrMytqM0pJVThFVnc9PSIsInZhbHVlIjoibUhjQUJUSDJLL1JNQklNTXplMUtYVHJYNFJxeUFtTFIzRldiR3JiYWpldVV6bXI3ck54MVpBL1NBS0RUVXJlS3RMWEZZVGp4VForMHI1Q1lQVTFrd3JFMnJmcmc2S0lYamx6OFpkeWlYUnNyWGh6V0pCVTBiTmhxb1pZWE4rS0giLCJtYWMiOiI5MDIzYTRjNGY3NDM5ZjVlZGJiMjk1ZTg2MThkOWRmYjFkNmY5MTFlYmJiZTlhMmVjZDVlNWUyYjgyZTdlZDM1IiwidGFnIjoiIn0%3D"],"priority":["u=0, i"],"accept-language":["en-GB,en-US;q=0.9,en;q=0.8"],"accept-encoding":["gzip, deflate, br, zstd"],"referer":["https:\\/\\/salem-store.test\\/"],"sec-fetch-dest":["document"],"sec-fetch-mode":["navigate"],"sec-fetch-site":["same-origin"],"accept":["text\\/html,application\\/xhtml+xml,application\\/xml;q=0.9,image\\/avif,image\\/webp,image\\/apng,*\\/*;q=0.8,application\\/signed-exchange;v=b3;q=0.7"],"sec-speculation-tags":["null"],"sec-purpose":["prefetch;prerender"],"user-agent":["Mozilla\\/5.0 (Windows NT 10.0; Win64; x64) AppleWebKit\\/537.36 (KHTML, like Gecko) Chrome\\/143.0.0.0 Safari\\/537.36"],"upgrade-insecure-requests":["1"],"sec-ch-ua-platform":["\\"Windows\\""],"sec-ch-ua-mobile":["?0"],"sec-ch-ua":["\\"Google Chrome\\";v=\\"143\\", \\"Chromium\\";v=\\"143\\", \\"Not A(Brand\\";v=\\"24\\""],"host":["salem-store.test"]}', '', 'Windows', 'Chrome', '127.0.0.1', 'Webkul\\Product\\Models\\Product', 2, 'Webkul\\Customer\\Models\\Customer', 3, 1, '2026-01-02 17:21:06', '2026-01-02 17:21:06'), (53, 'GET', '[]', 'https://salem-store.test/pitaka', 'https://salem-store.test/', '[]', 'Mozilla/5.0 (Windows NT 10.0; Win64; x64) AppleWebKit/537.36 (KHTML, like Gecko) Chrome/143.0.0.0 Safari/537.36', '{"cookie":["dark_mode=0; XSRF-TOKEN=eyJpdiI6IkJPbk5aTkVmRDQ3aGxYYkl6cHNzeUE9PSIsInZhbHVlIjoicUs2ZFNpcVFldGI2ZjZBZXc2cTZBbGhreWtCVEIrKzRUSC85VytiNDJCVFNaVFM4L0lPWjNOLzZoejFEUXRocGpLNTc1K2Z2MCtmSytqdmd3V0M3aUVXazZnVnQ1Y0lPZ21UOFhmQk0wVDF2VFZzRE94dm1rMzZKU1dWYVNiQXciLCJtYWMiOiJjNTdmNzE1ZTZjYmJkMmMzMWZlYTFmYjY1M2ExMGFlNTIyYWJkZTM3MTMwYzZhYTRjNjhhN2NmYWRmOTNiYjQzIiwidGFnIjoiIn0%3D; salem_store_session=eyJpdiI6IjVmSHBjNnZac1RuK01mZnMxNkRkbWc9PSIsInZhbHVlIjoiRHduWmIydjhCeDA0OVJwSTN3c3RSUW9qMnYwc09FVU5tNkF4VTM5RE5MOUpGWVZOWGRKUHRCQ0UydnhZOEJraXpPTUdRWWU5emdaNitHZ0YrbU9Qcy9xUFhFbUozVXA4ZUVCa2swa2tXMjF1QmplQXBhVk85c1VlOUhNRnBxNWciLCJtYWMiOiI2YTEzYWI5NWJlYThjMTc4ZWJmYjgzMzZlNjQzMDc3YWQ2M2I3YTZjMTJkM2RhOGU3MWRlYTQxN2M0Yjk3NTZkIiwidGFnIjoiIn0%3D"],"priority":["u=0, i"],"accept-language":["en-GB,en-US;q=0.9,en;q=0.8"],"accept-encoding":["gzip, deflate, br, zstd"],"referer":["https:\\/\\/salem-store.test\\/"],"sec-fetch-dest":["document"],"sec-fetch-mode":["navigate"],"sec-fetch-site":["same-origin"],"accept":["text\\/html,application\\/xhtml+xml,application\\/xml;q=0.9,image\\/avif,image\\/webp,image\\/apng,*\\/*;q=0.8,application\\/signed-exchange;v=b3;q=0.7"],"sec-speculation-tags":["null"],"sec-purpose":["prefetch;prerender"],"user-agent":["Mozilla\\/5.0 (Windows NT 10.0; Win64; x64) AppleWebKit\\/537.36 (KHTML, like Gecko) Chrome\\/143.0.0.0 Safari\\/537.36"],"upgrade-insecure-requests":["1"],"sec-ch-ua-platform":["\\"Windows\\""],"sec-ch-ua-mobile":["?0"],"sec-ch-ua":["\\"Google Chrome\\";v=\\"143\\", \\"Chromium\\";v=\\"143\\", \\"Not A(Brand\\";v=\\"24\\""],"host":["salem-store.test"]}', '', 'Windows', 'Chrome', '127.0.0.1', 'Webkul\\Product\\Models\\Product', 2, NULL, NULL, 1, '2026-01-02 19:56:16', '2026-01-02 19:56:16'), (54, 'GET', '[]', 'https://salem-store.test/%D8%A7%D9%84%D9%87%D9%88%D8%A7%D8%AA%D9%81-%D8%A7%D9%84%D9%85%D8%AD%D9%85%D9%88%D9%84%D8%A9', 'https://salem-store.test/', '[]', 'Mozilla/5.0 (Windows NT 10.0; Win64; x64) AppleWebKit/537.36 (KHTML, like Gecko) Chrome/143.0.0.0 Safari/537.36', '{"cookie":["dark_mode=0; XSRF-TOKEN=eyJpdiI6IjUrNXNtNCt2RFJZNFpTM1pJeDdGdXc9PSIsInZhbHVlIjoiT1ZxYTZ1Umd4SlJiQ0E1OXpDRjlxRXYxVmg3bnczTVdqSFRyRE83WWpYUU4yemhzNkVQdmo3bmtuekoxNzYvT0hjUXJTSDQ5c2VaVnppNmNOZDdoNzZyWmZVS2F3bERYU044M2xZTWVwYXUvanRZU0VnUkJQNlVZc0ZXM20vVXUiLCJtYWMiOiJhZGRkZGU4Zjc0NjM2YmU2MmJkNjU1N2IxYjI0Nzg0ZGM2ZDBjMTdlN2M4YTBlMDk5YmE1MDdjMzcwMGRlNGQyIiwidGFnIjoiIn0%3D; salem_store_session=eyJpdiI6ImZtVU5UMnhwVDIwaXVhQnF0TG95Z2c9PSIsInZhbHVlIjoiRUdlUWZsb2pzdUZzUnkzZEhqaDlXTVJqWHlYbDZ5UC9sMHRkNGlwaU1FZkxnN3V1WmR2d3dPdEdFUWJINk1aNjRkclh2SzlQVnNMQ0xoSUlvRnhnVUFHbFVyeUo2TzdkL084TVhVT0RNdGM0VjhRYXd1SFNGV0RZOEVPWTR6Nm0iLCJtYWMiOiI3YjU5NjcyMjA4MGVjNTYwZDFhZTQ2YThhYTU3MWQ3ZmQxMWIzMmMyNGM1NDk0NzRkYjE1ZWIwMGY5YjEzZDU3IiwidGFnIjoiIn0%3D"],"priority":["u=0, i"],"accept-language":["en-GB,en-US;q=0.9,en;q=0.8"],"accept-encoding":["gzip, deflate, br, zstd"],"referer":["https:\\/\\/salem-store.test\\/"],"sec-fetch-dest":["document"],"sec-fetch-mode":["navigate"],"sec-fetch-site":["same-origin"],"accept":["text\\/html,application\\/xhtml+xml,application\\/xml;q=0.9,image\\/avif,image\\/webp,image\\/apng,*\\/*;q=0.8,application\\/signed-exchange;v=b3;q=0.7"],"sec-speculation-tags":["null"],"sec-purpose":["prefetch;prerender"],"user-agent":["Mozilla\\/5.0 (Windows NT 10.0; Win64; x64) AppleWebKit\\/537.36 (KHTML, like Gecko) Chrome\\/143.0.0.0 Safari\\/537.36"],"upgrade-insecure-requests":["1"],"sec-ch-ua-platform":["\\"Windows\\""],"sec-ch-ua-mobile":["?0"],"sec-ch-ua":["\\"Google Chrome\\";v=\\"143\\", \\"Chromium\\";v=\\"143\\", \\"Not A(Brand\\";v=\\"24\\""],"host":["salem-store.test"]}', '', 'Windows', 'Chrome', '127.0.0.1', 'Webkul\\Category\\Models\\Category', 2, 'Webkul\\Customer\\Models\\Customer', 3, 1, '2026-01-02 19:58:58', '2026-01-02 19:58:58'), (55, 'GET', '[]', 'https://salem-store.test/%D9%83%DA%A4%D8%B1%D8%A7%D8%AA-pitaka', 'https://salem-store.test/', '[]', 'Mozilla/5.0 (Windows NT 10.0; Win64; x64) AppleWebKit/537.36 (KHTML, like Gecko) Chrome/143.0.0.0 Safari/537.36', '{"cookie":["dark_mode=0; XSRF-TOKEN=eyJpdiI6ImVlQkdCKzJPVXhLZ1djdFVSOU9tNXc9PSIsInZhbHVlIjoiekF0YzR0TFFjKzdWQmtVUWppcmRkM1F2TUFCclhrajR3dDlyVHdwb0hIa3lLNHh4aFNiT25la1JOZkdkbTFaVjYzSFBDVGFySU1SblVtSVMrT2VwNDhCdUZyUmJ1cjYwMGo5TWx2NG5vUVpqMmpBOFR5MWMyQXFIYWlqY0k3T2oiLCJtYWMiOiI0ZGFkNDkxMzk1MzhkYzJiNjQ3MTAwZTUzMzUzOThjNDVjZjI0ZWI3OGQ2OTkwZWU2MzJlZDk1NzRhZWY1YmE5IiwidGFnIjoiIn0%3D; salem_store_session=eyJpdiI6IktxaWNZRjc4YmxxQzZZRkZ5UTFqWWc9PSIsInZhbHVlIjoiZEI2WDlPUGM5UTMwSExKVVZwTzN0NFMreEdrOXZoZXBlYmRmbnk4OHFvb2NwTWlKbkJFWGU5bG45MGVqVXIzY1gwTmMwekh2NHpmRzdKd255SnZ2aHk3NEZTbFBGYmxzOXhRYXBLazl0SkllZlFaRUdYdUNEdE1wNWpnNDl5VlMiLCJtYWMiOiI5NDU3NjgwNDA5MDE1NmFkMGMyNzc3ZDM1NzcwODcwZmYzZDAyZmRhMjg1MjYyOTYwNjMyZjc2NzFhMzFmOWYyIiwidGFnIjoiIn0%3D"],"priority":["u=0, i"],"accept-language":["en-GB,en-US;q=0.9,en;q=0.8"],"accept-encoding":["gzip, deflate, br, zstd"],"referer":["https:\\/\\/salem-store.test\\/"],"sec-fetch-dest":["document"],"sec-fetch-mode":["navigate"],"sec-fetch-site":["same-origin"],"accept":["text\\/html,application\\/xhtml+xml,application\\/xml;q=0.9,image\\/avif,image\\/webp,image\\/apng,*\\/*;q=0.8,application\\/signed-exchange;v=b3;q=0.7"],"sec-speculation-tags":["null"],"sec-purpose":["prefetch;prerender"],"user-agent":["Mozilla\\/5.0 (Windows NT 10.0; Win64; x64) AppleWebKit\\/537.36 (KHTML, like Gecko) Chrome\\/143.0.0.0 Safari\\/537.36"],"upgrade-insecure-requests":["1"],"sec-ch-ua-platform":["\\"Windows\\""],"sec-ch-ua-mobile":["?0"],"sec-ch-ua":["\\"Google Chrome\\";v=\\"143\\", \\"Chromium\\";v=\\"143\\", \\"Not A(Brand\\";v=\\"24\\""],"host":["salem-store.test"]}', '', 'Windows', 'Chrome', '127.0.0.1', 'Webkul\\Product\\Models\\Product', 1, 'Webkul\\Customer\\Models\\Customer', 3, 1, '2026-01-02 20:05:48', '2026-01-02 20:05:48'), (56, 'GET', '[]', 'https://salem-store.test/%D8%A7%D8%AC%D9%87%D8%B2%D8%A9-%D8%A7%D9%84%D9%83%D9%85%D8%A8%D9%8A%D9%88%D8%AA%D8%B1', 'https://salem-store.test/', '[]', 'Mozilla/5.0 (Windows NT 10.0; Win64; x64) AppleWebKit/537.36 (KHTML, like Gecko) Chrome/143.0.0.0 Safari/537.36', '{"cookie":["dark_mode=0; XSRF-TOKEN=eyJpdiI6IjJMbG0vdllEWEl1Nm1YUXJXTHl6emc9PSIsInZhbHVlIjoiTXJmSjVyT0ZZSzJVSkFvVGVXcTdURzRXZFUvN2pzNlEvTHZ3YW5iMVJHVUlSL3FWV1JKM3N4dlN2YlpvTzdyU3ZSZ3A2M2wxK0JzcTE3c0pHUFhkcElDV24rSDA0bFdtUXVKY25Qc3ltdHlRb3NXb05TemtDL25CeFRKYnhCMnkiLCJtYWMiOiIzMGE5MmQzM2VjZTE4ZGRkMmZkZThjNGM0NDMzYzA3ZjYxZmZlZTgzYjNkZDBhMThjMzE0NzYwNWE2YmEyYWM0IiwidGFnIjoiIn0%3D; salem_store_session=eyJpdiI6IjZYTkRHRHJSeEljWGdWL1gwaXd3WGc9PSIsInZhbHVlIjoicDUybWtxVGNieEJqVGdDZU9sdVliNmlsOGNON3pvRzNxQ2pEejlwVVZWZDNXWHNaSXZWSHYvTFJBYUprUDQ5MWxrK1VJSXhQamMrd2swT2lYUU9sMUlFWHFLWWFDTFpuZjNTTm1FT2dxaksraDdYcjJ3YWJvSURySFdRK1RaZysiLCJtYWMiOiI2MzgyZGJkMWQ0OTlmMjY2OTEzZmVjNTc0ZmZjYTIwZmRlNWQ2MjFmOThmZTU2NzI1NGFkZWU2MWUwNDVjODc3IiwidGFnIjoiIn0%3D"],"priority":["u=0, i"],"accept-language":["en-GB,en-US;q=0.9,en;q=0.8"],"accept-encoding":["gzip, deflate, br, zstd"],"referer":["https:\\/\\/salem-store.test\\/"],"sec-fetch-dest":["document"],"sec-fetch-mode":["navigate"],"sec-fetch-site":["same-origin"],"accept":["text\\/html,application\\/xhtml+xml,application\\/xml;q=0.9,image\\/avif,image\\/webp,image\\/apng,*\\/*;q=0.8,application\\/signed-exchange;v=b3;q=0.7"],"sec-speculation-tags":["null"],"sec-purpose":["prefetch;prerender"],"user-agent":["Mozilla\\/5.0 (Windows NT 10.0; Win64; x64) AppleWebKit\\/537.36 (KHTML, like Gecko) Chrome\\/143.0.0.0 Safari\\/537.36"],"upgrade-insecure-requests":["1"],"sec-ch-ua-platform":["\\"Windows\\""],"sec-ch-ua-mobile":["?0"],"sec-ch-ua":["\\"Google Chrome\\";v=\\"143\\", \\"Chromium\\";v=\\"143\\", \\"Not A(Brand\\";v=\\"24\\""],"host":["salem-store.test"]}', '', 'Windows', 'Chrome', '127.0.0.1', 'Webkul\\Category\\Models\\Category', 9, 'Webkul\\Customer\\Models\\Customer', 3, 1, '2026-01-02 20:06:31', '2026-01-02 20:06:31'), (57, 'GET', '[]', 'https://salem-store.test/%D8%A7%D9%84%D9%84%D8%A7%D8%A8%D8%AA%D9%88%D8%A8', 'https://salem-store.test/', '[]', 'Mozilla/5.0 (Windows NT 10.0; Win64; x64) AppleWebKit/537.36 (KHTML, like Gecko) Chrome/143.0.0.0 Safari/537.36', '{"cookie":["dark_mode=0; XSRF-TOKEN=eyJpdiI6IjJMbG0vdllEWEl1Nm1YUXJXTHl6emc9PSIsInZhbHVlIjoiTXJmSjVyT0ZZSzJVSkFvVGVXcTdURzRXZFUvN2pzNlEvTHZ3YW5iMVJHVUlSL3FWV1JKM3N4dlN2YlpvTzdyU3ZSZ3A2M2wxK0JzcTE3c0pHUFhkcElDV24rSDA0bFdtUXVKY25Qc3ltdHlRb3NXb05TemtDL25CeFRKYnhCMnkiLCJtYWMiOiIzMGE5MmQzM2VjZTE4ZGRkMmZkZThjNGM0NDMzYzA3ZjYxZmZlZTgzYjNkZDBhMThjMzE0NzYwNWE2YmEyYWM0IiwidGFnIjoiIn0%3D; salem_store_session=eyJpdiI6IjZYTkRHRHJSeEljWGdWL1gwaXd3WGc9PSIsInZhbHVlIjoicDUybWtxVGNieEJqVGdDZU9sdVliNmlsOGNON3pvRzNxQ2pEejlwVVZWZDNXWHNaSXZWSHYvTFJBYUprUDQ5MWxrK1VJSXhQamMrd2swT2lYUU9sMUlFWHFLWWFDTFpuZjNTTm1FT2dxaksraDdYcjJ3YWJvSURySFdRK1RaZysiLCJtYWMiOiI2MzgyZGJkMWQ0OTlmMjY2OTEzZmVjNTc0ZmZjYTIwZmRlNWQ2MjFmOThmZTU2NzI1NGFkZWU2MWUwNDVjODc3IiwidGFnIjoiIn0%3D"],"priority":["u=0, i"],"accept-language":["en-GB,en-US;q=0.9,en;q=0.8"],"accept-encoding":["gzip, deflate, br, zstd"],"referer":["https:\\/\\/salem-store.test\\/"],"sec-fetch-dest":["document"],"sec-fetch-mode":["navigate"],"sec-fetch-site":["same-origin"],"accept":["text\\/html,application\\/xhtml+xml,application\\/xml;q=0.9,image\\/avif,image\\/webp,image\\/apng,*\\/*;q=0.8,application\\/signed-exchange;v=b3;q=0.7"],"sec-speculation-tags":["null"],"sec-purpose":["prefetch;prerender"],"user-agent":["Mozilla\\/5.0 (Windows NT 10.0; Win64; x64) AppleWebKit\\/537.36 (KHTML, like Gecko) Chrome\\/143.0.0.0 Safari\\/537.36"],"upgrade-insecure-requests":["1"],"sec-ch-ua-platform":["\\"Windows\\""],"sec-ch-ua-mobile":["?0"],"sec-ch-ua":["\\"Google Chrome\\";v=\\"143\\", \\"Chromium\\";v=\\"143\\", \\"Not A(Brand\\";v=\\"24\\""],"host":["salem-store.test"]}', '', 'Windows', 'Chrome', '127.0.0.1', 'Webkul\\Category\\Models\\Category', 15, 'Webkul\\Customer\\Models\\Customer', 3, 1, '2026-01-02 20:06:32', '2026-01-02 20:06:32'), (58, 'GET', '[]', 'https://salem-store.test/%D8%A7%D9%83%D8%B3%D8%B3%D9%88%D8%A7%D8%B1%D8%A7%D8%AA', 'https://salem-store.test/', '[]', 'Mozilla/5.0 (Windows NT 10.0; Win64; x64) AppleWebKit/537.36 (KHTML, like Gecko) Chrome/143.0.0.0 Safari/537.36', '{"cookie":["dark_mode=0; XSRF-TOKEN=eyJpdiI6IjJMbG0vdllEWEl1Nm1YUXJXTHl6emc9PSIsInZhbHVlIjoiTXJmSjVyT0ZZSzJVSkFvVGVXcTdURzRXZFUvN2pzNlEvTHZ3YW5iMVJHVUlSL3FWV1JKM3N4dlN2YlpvTzdyU3ZSZ3A2M2wxK0JzcTE3c0pHUFhkcElDV24rSDA0bFdtUXVKY25Qc3ltdHlRb3NXb05TemtDL25CeFRKYnhCMnkiLCJtYWMiOiIzMGE5MmQzM2VjZTE4ZGRkMmZkZThjNGM0NDMzYzA3ZjYxZmZlZTgzYjNkZDBhMThjMzE0NzYwNWE2YmEyYWM0IiwidGFnIjoiIn0%3D; salem_store_session=eyJpdiI6IjZYTkRHRHJSeEljWGdWL1gwaXd3WGc9PSIsInZhbHVlIjoicDUybWtxVGNieEJqVGdDZU9sdVliNmlsOGNON3pvRzNxQ2pEejlwVVZWZDNXWHNaSXZWSHYvTFJBYUprUDQ5MWxrK1VJSXhQamMrd2swT2lYUU9sMUlFWHFLWWFDTFpuZjNTTm1FT2dxaksraDdYcjJ3YWJvSURySFdRK1RaZysiLCJtYWMiOiI2MzgyZGJkMWQ0OTlmMjY2OTEzZmVjNTc0ZmZjYTIwZmRlNWQ2MjFmOThmZTU2NzI1NGFkZWU2MWUwNDVjODc3IiwidGFnIjoiIn0%3D"],"priority":["u=0, i"],"accept-language":["en-GB,en-US;q=0.9,en;q=0.8"],"accept-encoding":["gzip, deflate, br, zstd"],"referer":["https:\\/\\/salem-store.test\\/"],"sec-fetch-dest":["document"],"sec-fetch-mode":["navigate"],"sec-fetch-site":["same-origin"],"accept":["text\\/html,application\\/xhtml+xml,application\\/xml;q=0.9,image\\/avif,image\\/webp,image\\/apng,*\\/*;q=0.8,application\\/signed-exchange;v=b3;q=0.7"],"sec-speculation-tags":["null"],"sec-purpose":["prefetch;prerender"],"user-agent":["Mozilla\\/5.0 (Windows NT 10.0; Win64; x64) AppleWebKit\\/537.36 (KHTML, like Gecko) Chrome\\/143.0.0.0 Safari\\/537.36"],"upgrade-insecure-requests":["1"],"sec-ch-ua-platform":["\\"Windows\\""],"sec-ch-ua-mobile":["?0"],"sec-ch-ua":["\\"Google Chrome\\";v=\\"143\\", \\"Chromium\\";v=\\"143\\", \\"Not A(Brand\\";v=\\"24\\""],"host":["salem-store.test"]}', '', 'Windows', 'Chrome', '127.0.0.1', 'Webkul\\Category\\Models\\Category', 22, 'Webkul\\Customer\\Models\\Customer', 3, 1, '2026-01-02 20:06:32', '2026-01-02 20:06:32'), (59, 'GET', '[]', 'https://salem-store.test/%D8%A7%D8%BA%D8%B7%D9%8A%D8%A9-%D8%AC%D8%B1%D8%A7%D8%A8%D8%A7%D8%AA-%D8%A7%D9%84%D9%87%D9%88%D8%A7%D8%AA%D9%81', 'https://salem-store.test/', '[]', 'Mozilla/5.0 (Windows NT 10.0; Win64; x64) AppleWebKit/537.36 (KHTML, like Gecko) Chrome/143.0.0.0 Safari/537.36', '{"cookie":["dark_mode=0; XSRF-TOKEN=eyJpdiI6IkZlVURvUWh2NUY5MWc3NEo4MGNWTmc9PSIsInZhbHVlIjoiemduNjNFQnJWUG5yZkpRNEo0V2dBZ0wwWU45VWovRmxkV2ZZRUNpNFpmSkNOOTdtRDUrOVV0S3F1SHRkbXVSVWlTU2tzNGMyS1NmRlBIZzFRS1I1VVgrUDRNMTQxQUppZFBmZjFTTlFmTWlMK1lwci9aRkh6Mzc0UHNrUUhWZnUiLCJtYWMiOiJmYjViOGQ3ZmU0ZTA5NWYwZDMxMDEyN2U0N2UzZGZiNDA3YmRkMDZmYzA2YjlmNDUxZmRlZDQzMWRlOGUzMDFlIiwidGFnIjoiIn0%3D; salem_store_session=eyJpdiI6IkRYTnV0NWtLRS9BVkJ2R0YzMXRRQUE9PSIsInZhbHVlIjoiV2lPRHJIQXk5WDBGY3VTcnFUMlBiMkNIb3ZUMkRiSjdhQnlQdHRuQjlYOUNuK3MvNkp3YzRmVjVRcnB3MURyMk9rRkRpTklGbzNRa0NNbkdESU5wbXdWdnVzQVZ4K1grK3dGTi91MFNOOW9qSSt2cGZYQ2RqNktWN0xENWdTbFQiLCJtYWMiOiI3MjZlMGNjNGNiYTI0NDgwNzYzZDAyNjgzZmY4ZDliMjQ0ODBmNWY2NWU3NDNiZGVjODE0Zjg4YWQ1MmJjMDAzIiwidGFnIjoiIn0%3D"],"priority":["u=0, i"],"accept-language":["en-GB,en-US;q=0.9,en;q=0.8"],"accept-encoding":["gzip, deflate, br, zstd"],"referer":["https:\\/\\/salem-store.test\\/"],"sec-fetch-dest":["document"],"sec-fetch-user":["?1"],"sec-fetch-mode":["navigate"],"sec-fetch-site":["same-origin"],"accept":["text\\/html,application\\/xhtml+xml,application\\/xml;q=0.9,image\\/avif,image\\/webp,image\\/apng,*\\/*;q=0.8,application\\/signed-exchange;v=b3;q=0.7"],"user-agent":["Mozilla\\/5.0 (Windows NT 10.0; Win64; x64) AppleWebKit\\/537.36 (KHTML, like Gecko) Chrome\\/143.0.0.0 Safari\\/537.36"],"upgrade-insecure-requests":["1"],"sec-ch-ua-platform":["\\"Windows\\""],"sec-ch-ua-mobile":["?0"],"sec-ch-ua":["\\"Google Chrome\\";v=\\"143\\", \\"Chromium\\";v=\\"143\\", \\"Not A(Brand\\";v=\\"24\\""],"host":["salem-store.test"]}', '', 'Windows', 'Chrome', '127.0.0.1', 'Webkul\\Category\\Models\\Category', 5, 'Webkul\\Customer\\Models\\Customer', 3, 1, '2026-01-02 20:06:33', '2026-01-02 20:06:33'), (60, 'GET', '{"herd":"preview"}', 'https://salem-store.test', NULL, '[]', 'Mozilla/5.0 (Windows NT 10.0; Win64; x64) AppleWebKit/537.36 (KHTML, like Gecko) Herd/1.24.0 Chrome/120.0.6099.291 Electron/28.2.5 Safari/537.36', '{"accept-language":["en-US"],"accept-encoding":["gzip, deflate, br"],"sec-fetch-dest":["iframe"],"sec-fetch-user":["?1"],"sec-fetch-mode":["navigate"],"sec-fetch-site":["cross-site"],"accept":["text\\/html,application\\/xhtml+xml,application\\/xml;q=0.9,image\\/avif,image\\/webp,image\\/apng,*\\/*;q=0.8,application\\/signed-exchange;v=b3;q=0.7"],"user-agent":["Mozilla\\/5.0 (Windows NT 10.0; Win64; x64) AppleWebKit\\/537.36 (KHTML, like Gecko) Herd\\/1.24.0 Chrome\\/120.0.6099.291 Electron\\/28.2.5 Safari\\/537.36"],"upgrade-insecure-requests":["1"],"host":["salem-store.test"]}', '', 'Windows', 'Chrome', '127.0.0.1', NULL, NULL, NULL, NULL, 1, '2026-01-05 15:09:23', '2026-01-05 15:09:23'), (61, 'GET', '[]', 'https://salem-store.test', 'https://salem-store.test/customer/login', '[]', 'Mozilla/5.0 (Windows NT 10.0; Win64; x64) AppleWebKit/537.36 (KHTML, like Gecko) Chrome/143.0.0.0 Safari/537.36', '{"cookie":["dark_mode=0; XSRF-TOKEN=eyJpdiI6IkJHbnE4WXZTUGVOTWZPM0V2ZTRTdGc9PSIsInZhbHVlIjoiUE4zVHFLUkpSWFlTYmE3NTY1NFp1dVF5dmxFVDdPZXJDSlJLL3NrY3B3SDBOK0QrWGRuR2RwMlFsZm1yMXVwcjZWZ3g2RHkyd2dhSldKbStvWTlHMVR2QktoMGRENXdvbUNUT1NCTnhVWGIvMGUxWmVTUnYrSk5XRjZVcDZiSk0iLCJtYWMiOiJlZmQ1YjIxOTk0NmNjMjY1YWNhZDUyNDc3NGJiNTI4MDExZmJjODAyZTU2NjViMzQ0NWFjOWVmMmZkMTBmYWI0IiwidGFnIjoiIn0%3D; salem_store_session=eyJpdiI6Imh1UXgrUzhTTGZMUkQwQ0ozQjdyVnc9PSIsInZhbHVlIjoiTVdGQXQ3N1NMTlRRQTduWURnWThtNjFSVm1WU3M2MUZKWXJ6QmxjbWRVUk1uNUdvRHJ4azJsUGR5TTRzSVZwSmlaYkpnejdaWi80YmpFc3YvU2NQVndIZHdRbFMzekVCcDVKbXFTL295UDM5REVVNFIydkxsL2JINzRSNUpOSmwiLCJtYWMiOiJmZWNhMjQyMjBhMDBkOGI1ODVkNmU2ZjNlNmMyOTU2ZDUxODUzYWRiMDdmNWI5MmMyYTIyOTY3ODFjZDkwOTk5IiwidGFnIjoiIn0%3D"],"priority":["u=0, i"],"accept-language":["en-GB,en-US;q=0.9,en;q=0.8"],"accept-encoding":["gzip, deflate, br, zstd"],"referer":["https:\\/\\/salem-store.test\\/customer\\/login"],"sec-ch-ua-platform":["\\"Windows\\""],"sec-ch-ua-mobile":["?0"],"sec-ch-ua":["\\"Google Chrome\\";v=\\"143\\", \\"Chromium\\";v=\\"143\\", \\"Not A(Brand\\";v=\\"24\\""],"sec-fetch-dest":["document"],"sec-fetch-user":["?1"],"sec-fetch-mode":["navigate"],"sec-fetch-site":["same-origin"],"accept":["text\\/html,application\\/xhtml+xml,application\\/xml;q=0.9,image\\/avif,image\\/webp,image\\/apng,*\\/*;q=0.8,application\\/signed-exchange;v=b3;q=0.7"],"user-agent":["Mozilla\\/5.0 (Windows NT 10.0; Win64; x64) AppleWebKit\\/537.36 (KHTML, like Gecko) Chrome\\/143.0.0.0 Safari\\/537.36"],"upgrade-insecure-requests":["1"],"cache-control":["max-age=0"],"host":["salem-store.test"]}', '', 'Windows', 'Chrome', '127.0.0.1', NULL, NULL, 'Webkul\\Customer\\Models\\Customer', 3, 1, '2026-01-05 16:31:50', '2026-01-05 16:31:50'), (62, 'GET', '[]', 'https://salem-store.test/pitaka', 'https://salem-store.test/', '[]', 'Mozilla/5.0 (Windows NT 10.0; Win64; x64) AppleWebKit/537.36 (KHTML, like Gecko) Chrome/143.0.0.0 Safari/537.36', '{"cookie":["dark_mode=0; XSRF-TOKEN=eyJpdiI6IlJNblFzTjJPUVh3R253ZU5pYzFOMFE9PSIsInZhbHVlIjoidnFWb1pPM2JtM0JYUktyUDFLRi9ZRG05dy84TjJsc3BJVWNrbkZ6eGJrME85aW1qOUdacGVRL0drWktEdWlkRDFVTk5qalYzYnQ4UzlITE40QXQrWlR2bmsvRmk2emlBckY0OWhhNDRzcEw2TnQwSU05VG14NE9xTzJ4Rkc1KzUiLCJtYWMiOiJhYjhjYTY2MjM1NGY0YmEzZjcxY2I3ODNlYWJiMzk5ZDBhZjE3MzM2M2I1MmMwYWJmYzk2NjM3NWUxMTI0NjIzIiwidGFnIjoiIn0%3D; salem_store_session=eyJpdiI6InVISVZrejJ1VnVqaFFWcUlSZWoyZEE9PSIsInZhbHVlIjoiVTVScXhxK3JNcUlBWTNJMHJhWGdHT1VGVUlrV01XYmRYZHJjS3cwczd1OWFDbE11SmdCSU5IN1BpVFlRQUVNR2N5b0tFeklTWXNvbWFxS3dPQWV3MkNta0kyY0ZXUUJiKzc5ZCtINWMyZVViRWpaRVJaZENYK3M0RkdPUWFtdGgiLCJtYWMiOiIyMzNjYzg3YWVhYWFmYzAzMmY0MTBiN2YzZDk1ZjQ3NTc0YjQzZmUwYTJlZGJhOWZkMzFlMjg3ZmE4NjIxN2FkIiwidGFnIjoiIn0%3D"],"priority":["u=0, i"],"accept-language":["en-GB,en-US;q=0.9,en;q=0.8"],"accept-encoding":["gzip, deflate, br, zstd"],"referer":["https:\\/\\/salem-store.test\\/"],"sec-fetch-dest":["document"],"sec-fetch-mode":["navigate"],"sec-fetch-site":["same-origin"],"accept":["text\\/html,application\\/xhtml+xml,application\\/xml;q=0.9,image\\/avif,image\\/webp,image\\/apng,*\\/*;q=0.8,application\\/signed-exchange;v=b3;q=0.7"],"sec-speculation-tags":["null"],"sec-purpose":["prefetch;prerender"],"user-agent":["Mozilla\\/5.0 (Windows NT 10.0; Win64; x64) AppleWebKit\\/537.36 (KHTML, like Gecko) Chrome\\/143.0.0.0 Safari\\/537.36"],"upgrade-insecure-requests":["1"],"sec-ch-ua-platform":["\\"Windows\\""],"sec-ch-ua-mobile":["?0"],"sec-ch-ua":["\\"Google Chrome\\";v=\\"143\\", \\"Chromium\\";v=\\"143\\", \\"Not A(Brand\\";v=\\"24\\""],"host":["salem-store.test"]}', '', 'Windows', 'Chrome', '127.0.0.1', 'Webkul\\Product\\Models\\Product', 2, 'Webkul\\Customer\\Models\\Customer', 3, 1, '2026-01-05 16:32:00', '2026-01-05 16:32:00'), (63, 'GET', '[]', 'https://salem-store.test/%D9%83%DA%A4%D8%B1%D8%A7%D8%AA-pitaka', 'https://salem-store.test/', '[]', 'Mozilla/5.0 (Windows NT 10.0; Win64; x64) AppleWebKit/537.36 (KHTML, like Gecko) Chrome/143.0.0.0 Safari/537.36', '{"cookie":["dark_mode=0; XSRF-TOKEN=eyJpdiI6IlV0VlkxZUVYNlIzMURSYmJGYWJZaGc9PSIsInZhbHVlIjoiTFQreHFhUjVaVzl4Mm1YTFBWa1pJMHNJaTNNdzJqYnNhcmNXcXBXa09mb3JPbTRsek1qRExXcmZWZktDUS9qdTZIdDB3azNtTS9qeVlVV0kwQUNGN0tSM2dDSlVQRHdUY29YY3o0NnM2MUlYMVNOUFowNHJ3TEFZbnY3ZmtjTDAiLCJtYWMiOiIyYjAyYWQ4MmYzNWExZTlhNzY0ZTBmMjNhZmRjOTU4ZWVlYzg2OTk0NzY0MmI4MmRkZjIzMDM3YzNmYjkzZTJjIiwidGFnIjoiIn0%3D; salem_store_session=eyJpdiI6IjdPSk5lQzVYaVN6bTEraGhaZGJXeGc9PSIsInZhbHVlIjoiU3lkVGhPNVVXbHJ2VUQ5Mmhjc0c0cVNxbkxGcDI4QzZKY1JFeVNIN2dqVUpjNjFZaXZNWnJhM2UrZUpMSnRVd05SOTVLT3NjRVpRUVdvcUM2Wk41MTl0SjVtZGEreXdQY3ltMWs0cTJhK3pRcGM3T3BLbk1OVFJ2VjZTbDFHTHEiLCJtYWMiOiIwN2E5NTBjN2U1NTNmZGYzYmM3ZTMxNjYyY2FkZDgxNzhlZTVjN2Y1NmE4ZjI4NDhlNDc0ZWNhN2YzOGJjZWZjIiwidGFnIjoiIn0%3D"],"priority":["u=0, i"],"accept-language":["en-GB,en-US;q=0.9,en;q=0.8"],"accept-encoding":["gzip, deflate, br, zstd"],"referer":["https:\\/\\/salem-store.test\\/"],"sec-fetch-dest":["document"],"sec-fetch-mode":["navigate"],"sec-fetch-site":["same-origin"],"accept":["text\\/html,application\\/xhtml+xml,application\\/xml;q=0.9,image\\/avif,image\\/webp,image\\/apng,*\\/*;q=0.8,application\\/signed-exchange;v=b3;q=0.7"],"sec-speculation-tags":["null"],"sec-purpose":["prefetch;prerender"],"user-agent":["Mozilla\\/5.0 (Windows NT 10.0; Win64; x64) AppleWebKit\\/537.36 (KHTML, like Gecko) Chrome\\/143.0.0.0 Safari\\/537.36"],"upgrade-insecure-requests":["1"],"sec-ch-ua-platform":["\\"Windows\\""],"sec-ch-ua-mobile":["?0"],"sec-ch-ua":["\\"Google Chrome\\";v=\\"143\\", \\"Chromium\\";v=\\"143\\", \\"Not A(Brand\\";v=\\"24\\""],"host":["salem-store.test"]}', '', 'Windows', 'Chrome', '127.0.0.1', NULL, NULL, 'Webkul\\Customer\\Models\\Customer', 3, 1, '2026-01-05 16:32:02', '2026-01-05 16:32:02'), (64, 'GET', '[]', 'https://salem-store.test/%D8%A7%D8%AC%D9%87%D8%B2%D8%A9-%D8%A7%D9%84%D9%83%D9%85%D8%A8%D9%8A%D9%88%D8%AA%D8%B1', 'https://salem-store.test/%D9%83%DA%A4%D8%B1%D8%A7%D8%AA-pitaka', '[]', 'Mozilla/5.0 (Windows NT 10.0; Win64; x64) AppleWebKit/537.36 (KHTML, like Gecko) Chrome/143.0.0.0 Safari/537.36', '{"cookie":["dark_mode=0; XSRF-TOKEN=eyJpdiI6Ik53MWxBMTNwdzd4TWZTMGFJWjJzUXc9PSIsInZhbHVlIjoiV2pXcjh0ZXpGT2VWVTBhNWhlRUZTbGpNS01hZ3JYc21TN2QwK3dYU3VtcmJ0VWVjZUV6QmlVSXRaZUt2WnRtWkJXekh4ZUJ1cThZM2ZLMHh2N3A1ZTdONTlVRDdYcFJVZ2Q2U2J6Rmt2bGlLN1JteS8zZXVYTnJmR3h0dXV1QngiLCJtYWMiOiIxYzQ2ZGJlNzgxODQyZmFkM2QxYzkwMzE2YzljMDYwYmEzYjNmZjU2NmViMjcyYjU2MjJhNDU5ZjUyMjVkOWQzIiwidGFnIjoiIn0%3D; salem_store_session=eyJpdiI6Ik9ESitqREs0d2lrYi9zSE9KeE5yQUE9PSIsInZhbHVlIjoiamlDV2JFaFJFNVBRMzR1NXkrSnRJdCsrd1hLWE11VGFPNnlTUnhuWXd5b1VLL29PWUpyTFNPMDFDN1FxTVBDbGx4WmFrWU4vdzhSRzltcTl4MXd1c0xmaXJiK296NDdtOThBQjlIbU84NDB0NmNqREg2L295YTJiM3diQUMzZ1MiLCJtYWMiOiI5MWU1NDNiOWQ1NTdlN2FiZTE0ODNiMjU5ZmU5M2UzZGE2MmRlMTczNjRjMGJlMGI0YzliNTZkMGZjMzFkY2FhIiwidGFnIjoiIn0%3D"],"priority":["u=0, i"],"accept-language":["en-GB,en-US;q=0.9,en;q=0.8"],"accept-encoding":["gzip, deflate, br, zstd"],"referer":["https:\\/\\/salem-store.test\\/%D9%83%DA%A4%D8%B1%D8%A7%D8%AA-pitaka"],"sec-fetch-dest":["document"],"sec-fetch-mode":["navigate"],"sec-fetch-site":["same-origin"],"accept":["text\\/html,application\\/xhtml+xml,application\\/xml;q=0.9,image\\/avif,image\\/webp,image\\/apng,*\\/*;q=0.8,application\\/signed-exchange;v=b3;q=0.7"],"sec-speculation-tags":["null"],"sec-purpose":["prefetch;prerender"],"user-agent":["Mozilla\\/5.0 (Windows NT 10.0; Win64; x64) AppleWebKit\\/537.36 (KHTML, like Gecko) Chrome\\/143.0.0.0 Safari\\/537.36"],"upgrade-insecure-requests":["1"],"sec-ch-ua-platform":["\\"Windows\\""],"sec-ch-ua-mobile":["?0"],"sec-ch-ua":["\\"Google Chrome\\";v=\\"143\\", \\"Chromium\\";v=\\"143\\", \\"Not A(Brand\\";v=\\"24\\""],"host":["salem-store.test"]}', '', 'Windows', 'Chrome', '127.0.0.1', 'Webkul\\Category\\Models\\Category', 9, 'Webkul\\Customer\\Models\\Customer', 3, 1, '2026-01-05 16:32:14', '2026-01-05 16:32:14'), (65, 'GET', '[]', 'https://salem-store.test/%D8%A7%D9%84%D9%87%D9%88%D8%A7%D8%AA%D9%81-%D8%A7%D9%84%D9%85%D8%AD%D9%85%D9%88%D9%84%D8%A9', 'https://salem-store.test/%D9%83%DA%A4%D8%B1%D8%A7%D8%AA-pitaka', '[]', 'Mozilla/5.0 (Windows NT 10.0; Win64; x64) AppleWebKit/537.36 (KHTML, like Gecko) Chrome/143.0.0.0 Safari/537.36', '{"cookie":["dark_mode=0; XSRF-TOKEN=eyJpdiI6InVIeTVROUY0T3k5bzlTTkFjSFF5b2c9PSIsInZhbHVlIjoiVXRXQmxERUlBVWVRK2ZXUU5jN1cydlFnUGpiMEl0aFFGMXA1eFFLODNlNXdvSitGb1JCQ0tBNGtvU21zMDNDblhpSDVUeGdBOGRreU93SnAyaVFoWU1uaFpGNUYwUWVuVVhJOVRiTnJESTVwOC9yNFUxRjRJaTZDRE12RkVTNGEiLCJtYWMiOiIyYmMxMmUxZmRjN2NhZmM1OGNmOGVmYmMwN2ZkNDJkMTg5MGJhNTAwN2EzZDliNTkwOGVjZmQ2NWM5NzVjY2QyIiwidGFnIjoiIn0%3D; salem_store_session=eyJpdiI6InI0NXpHTy8rSnZQYjB5R1pPRUNFQlE9PSIsInZhbHVlIjoibGM0VG5IdmZGSERGbk95dVFHUGdFNk9qNTdjR3BUdVlIaS9jUnZSNkdlakQxSFU5RDZNNmJ0V0NWTmN1elNMTWk2RnBocDRYTmZ3MDNXeG56VFRQL21YOWQrU2k0R1lVbURINjZ6MThIYzVRcE1zU04vUVFaUVZwcWU5R3hXMWkiLCJtYWMiOiJhZGRkNTI0M2VhYjZkOTY4M2UxY2Q2NGYyMDFjODc2NTk1MjgwYTZjMzY4OWQ0ODFkYTIxN2FjZmYwMjQyOTgwIiwidGFnIjoiIn0%3D"],"priority":["u=0, i"],"accept-language":["en-GB,en-US;q=0.9,en;q=0.8"],"accept-encoding":["gzip, deflate, br, zstd"],"referer":["https:\\/\\/salem-store.test\\/%D9%83%DA%A4%D8%B1%D8%A7%D8%AA-pitaka"],"sec-fetch-dest":["document"],"sec-fetch-mode":["navigate"],"sec-fetch-site":["same-origin"],"accept":["text\\/html,application\\/xhtml+xml,application\\/xml;q=0.9,image\\/avif,image\\/webp,image\\/apng,*\\/*;q=0.8,application\\/signed-exchange;v=b3;q=0.7"],"sec-speculation-tags":["null"],"sec-purpose":["prefetch;prerender"],"user-agent":["Mozilla\\/5.0 (Windows NT 10.0; Win64; x64) AppleWebKit\\/537.36 (KHTML, like Gecko) Chrome\\/143.0.0.0 Safari\\/537.36"],"upgrade-insecure-requests":["1"],"sec-ch-ua-platform":["\\"Windows\\""],"sec-ch-ua-mobile":["?0"],"sec-ch-ua":["\\"Google Chrome\\";v=\\"143\\", \\"Chromium\\";v=\\"143\\", \\"Not A(Brand\\";v=\\"24\\""],"host":["salem-store.test"]}', '', 'Windows', 'Chrome', '127.0.0.1', 'Webkul\\Category\\Models\\Category', 2, 'Webkul\\Customer\\Models\\Customer', 3, 1, '2026-01-05 16:32:14', '2026-01-05 16:32:14'), (66, 'GET', '[]', 'https://salem-store.test', 'https://salem-store.test/checkout/onepage/success', '[]', 'Mozilla/5.0 (Windows NT 10.0; Win64; x64) AppleWebKit/537.36 (KHTML, like Gecko) Chrome/143.0.0.0 Safari/537.36', '{"cookie":["dark_mode=0"],"priority":["u=0, i"],"accept-language":["en-GB,en-US;q=0.9,en;q=0.8"],"accept-encoding":["gzip, deflate, br, zstd"],"referer":["https:\\/\\/salem-store.test\\/checkout\\/onepage\\/success"],"sec-fetch-dest":["document"],"sec-fetch-user":["?1"],"sec-fetch-mode":["navigate"],"sec-fetch-site":["same-origin"],"accept":["text\\/html,application\\/xhtml+xml,application\\/xml;q=0.9,image\\/avif,image\\/webp,image\\/apng,*\\/*;q=0.8,application\\/signed-exchange;v=b3;q=0.7"],"user-agent":["Mozilla\\/5.0 (Windows NT 10.0; Win64; x64) AppleWebKit\\/537.36 (KHTML, like Gecko) Chrome\\/143.0.0.0 Safari\\/537.36"],"upgrade-insecure-requests":["1"],"sec-ch-ua-platform":["\\"Windows\\""],"sec-ch-ua-mobile":["?0"],"sec-ch-ua":["\\"Google Chrome\\";v=\\"143\\", \\"Chromium\\";v=\\"143\\", \\"Not A(Brand\\";v=\\"24\\""],"cache-control":["max-age=0"],"host":["salem-store.test"]}', '', 'Windows', 'Chrome', '127.0.0.1', NULL, NULL, NULL, NULL, 1, '2026-01-06 11:44:09', '2026-01-06 11:44:09'), (67, 'GET', '[]', 'https://salem-store.test/%D9%83%DA%A4%D8%B1%D8%A7%D8%AA-pitaka', 'https://salem-store.test/', '[]', 'Mozilla/5.0 (Windows NT 10.0; Win64; x64) AppleWebKit/537.36 (KHTML, like Gecko) Chrome/143.0.0.0 Safari/537.36', '{"cookie":["dark_mode=0; XSRF-TOKEN=eyJpdiI6IkZLcGFCTG1DeDNHZVloM0tZOFkydGc9PSIsInZhbHVlIjoiMlpuSDl4b043eTRzelEvcHNEbjd2WFUvOVpjcjN4MllpVjRxbVFWNjFBUHpGbmtpUHdFajlBRGh0VDFzVjZRaERjT2pVcVM5Q3RpeHVYdStYMzZhS2hiRk51eDZIcHlJTzVETnZNUENEYWd2VjRnb2p3eXRDOEY3TTJySEsvQUoiLCJtYWMiOiI4Mjk4ZTBkZDcxNjNkNGE5ZDRkMTA2MWY4ODg3MjQ3ZmJhNGVkYWI1NWZjNzk2NDI2NzFlZWI4ZGJlNzhlODNkIiwidGFnIjoiIn0%3D; salem_store_session=eyJpdiI6InNGcWlvd1JJVXRWbUh1ZWEzNUtCdFE9PSIsInZhbHVlIjoiWE42NndoQUlaWU9FK214YXFSZnMrTUdreWwzNm5tV3h5K2UzVW5vc2ZKVW5ySUp2NnNPQnpxdzJ1S1kycXlXdHYyUDdORVA2Um9zYUliUi9QQjVEMTJleGE2QnhjYzFvTHN5aThGZXg0UzNEZnBCTjBxZWZPck9TZ3BUN3Q3eFoiLCJtYWMiOiJmNTQzMGEwNDM0OWFkMGZjNTczMzhhNjI5YzY5NmQxMmQzYmE0M2ZiMGNjMzVhMjY1MjE4Yjk2NTk5YzEyMjVjIiwidGFnIjoiIn0%3D"],"priority":["u=0, i"],"accept-language":["en-GB,en-US;q=0.9,en;q=0.8"],"accept-encoding":["gzip, deflate, br, zstd"],"referer":["https:\\/\\/salem-store.test\\/"],"sec-fetch-dest":["document"],"sec-fetch-mode":["navigate"],"sec-fetch-site":["same-origin"],"accept":["text\\/html,application\\/xhtml+xml,application\\/xml;q=0.9,image\\/avif,image\\/webp,image\\/apng,*\\/*;q=0.8,application\\/signed-exchange;v=b3;q=0.7"],"sec-speculation-tags":["null"],"sec-purpose":["prefetch;prerender"],"user-agent":["Mozilla\\/5.0 (Windows NT 10.0; Win64; x64) AppleWebKit\\/537.36 (KHTML, like Gecko) Chrome\\/143.0.0.0 Safari\\/537.36"],"upgrade-insecure-requests":["1"],"sec-ch-ua-platform":["\\"Windows\\""],"sec-ch-ua-mobile":["?0"],"sec-ch-ua":["\\"Google Chrome\\";v=\\"143\\", \\"Chromium\\";v=\\"143\\", \\"Not A(Brand\\";v=\\"24\\""],"host":["salem-store.test"]}', '', 'Windows', 'Chrome', '127.0.0.1', 'Webkul\\Product\\Models\\Product', 1, NULL, NULL, 1, '2026-01-06 12:29:20', '2026-01-06 12:29:20'), (68, 'GET', '[]', 'https://salem-store.test/pitaka', 'https://salem-store.test/', '[]', 'Mozilla/5.0 (Windows NT 10.0; Win64; x64) AppleWebKit/537.36 (KHTML, like Gecko) Chrome/143.0.0.0 Safari/537.36', '{"cookie":["dark_mode=0; XSRF-TOKEN=eyJpdiI6IlR3QWYwVFhNblBodUxrTjRVcExXbFE9PSIsInZhbHVlIjoiS3UxMCsyL0FYT3VlT05OSFBURkZ1RzhpZGZZYjJYSWxCZWxmaUpTaEdHMzloVThodnB1MEhuZTVqblZRUVR5dnJXQ1RZdEVHUjlnYzQzZ01lRWtRMldWNkNJREVVdVZ3Y3JqYjYxTGp4VUg1SGxwRmZhcFIzU3lHVm9oNVhHb0MiLCJtYWMiOiI4YWFjODkwOWNkNmZhMmI2OGUzNGYzNTk3NGY5OTZmYmViZmM1ODBhODg3M2U5Y2MxOWNjMGFmMWQ4MDEwOTBhIiwidGFnIjoiIn0%3D; salem_store_session=eyJpdiI6IjZVbGRNa2JyOGFFd1FNQkZqOVp4M1E9PSIsInZhbHVlIjoiSEtDeUE5cDBHS29zMFJmUTlNREx0dGxzZjRWb0ZzN00rL3A2d2RDM2g1NG5UdnRQQmFmS3gybHcyem41bjdueFBEdjhJeENTRDl1dlpXWndjUkhWZTFHd1BlZS9DaDJjM05oeko4U1A0SHVUUHJWNHczN3QvNWp0MEFSTjJyYVYiLCJtYWMiOiIyMzlkZTNhYzM3MmQ1YzgzZTk3YzQzYTY5NzljYTEyZDdmMmY1ZDk4ZWM1NmQ5NjUwNjQwZTcxNTMyMTcxOTRiIiwidGFnIjoiIn0%3D"],"priority":["u=0, i"],"accept-language":["en-GB,en-US;q=0.9,en;q=0.8"],"accept-encoding":["gzip, deflate, br, zstd"],"referer":["https:\\/\\/salem-store.test\\/"],"sec-fetch-dest":["document"],"sec-fetch-mode":["navigate"],"sec-fetch-site":["same-origin"],"accept":["text\\/html,application\\/xhtml+xml,application\\/xml;q=0.9,image\\/avif,image\\/webp,image\\/apng,*\\/*;q=0.8,application\\/signed-exchange;v=b3;q=0.7"],"sec-speculation-tags":["null"],"sec-purpose":["prefetch;prerender"],"user-agent":["Mozilla\\/5.0 (Windows NT 10.0; Win64; x64) AppleWebKit\\/537.36 (KHTML, like Gecko) Chrome\\/143.0.0.0 Safari\\/537.36"],"upgrade-insecure-requests":["1"],"sec-ch-ua-platform":["\\"Windows\\""],"sec-ch-ua-mobile":["?0"],"sec-ch-ua":["\\"Google Chrome\\";v=\\"143\\", \\"Chromium\\";v=\\"143\\", \\"Not A(Brand\\";v=\\"24\\""],"host":["salem-store.test"]}', '', 'Windows', 'Chrome', '127.0.0.1', 'Webkul\\Product\\Models\\Product', 2, NULL, NULL, 1, '2026-01-06 12:29:27', '2026-01-06 12:29:27'), (69, 'GET', '[]', 'https://salem-store.test', 'https://salem-store.test/checkout/onepage', '[]', 'Mozilla/5.0 (Windows NT 10.0; Win64; x64) AppleWebKit/537.36 (KHTML, like Gecko) Chrome/143.0.0.0 Safari/537.36', '{"cookie":["dark_mode=0; XSRF-TOKEN=eyJpdiI6IjY5L1pSdU9YWEh1UlFRN0lVb1RxNGc9PSIsInZhbHVlIjoiS3Jmdzdkd081UXhzM2twZ2J0OWFSYW53eC9ZbjlSMWhKUkFzYisvUDVKU3NrbEsyRGI2K0RCRnJSQWgxTDZmR3B5N01qWDNNQ2hIQXgvWFhNOWhCRVIrSjYvY3Rzc21abk5IOFZ2bElzaERpRkV6eHJLU2kxYzVJR2tPQSttVjMiLCJtYWMiOiI4MTk4ZDc3NmY0ZTVkYWYyODUzNjA4M2JmOGVkOTNlZDcyNzgyZmFhZjY1MGY2MzJlOTY5MGI0NGE1MTYzZTViIiwidGFnIjoiIn0%3D; salem_store_session=eyJpdiI6IlljRlBhRWNTdDR6SEYzVW1GdzF0dlE9PSIsInZhbHVlIjoiZG1ibC9ySnc0Zi93L3E5SjRuS3dGM0V1RHRTR0U1dTFjdVRqdnZ2bzZVbVJLRUVvQmx1QWM5ZkNPV2Rnc0xYZDRPUXFPT0REeWxTNVlZendmRFVFZFo0elp2K2JHL081THNTZ1UzMnRRMGZpRmFWRHZoRWR4TDZPK2FLTEdVdEYiLCJtYWMiOiI3NmE2NjU2NjNmNjFlM2M1Y2UyMTRiNzRkMTNmNGRlNmYzZGFmYjRiNWQxZTc0MDc0NWE0NmJmMGMyOTEzNjdiIiwidGFnIjoiIn0%3D"],"priority":["u=0, i"],"accept-language":["en-GB,en-US;q=0.9,en;q=0.8"],"accept-encoding":["gzip, deflate, br, zstd"],"referer":["https:\\/\\/salem-store.test\\/checkout\\/onepage"],"sec-fetch-dest":["document"],"sec-fetch-mode":["navigate"],"sec-fetch-site":["same-origin"],"accept":["text\\/html,application\\/xhtml+xml,application\\/xml;q=0.9,image\\/avif,image\\/webp,image\\/apng,*\\/*;q=0.8,application\\/signed-exchange;v=b3;q=0.7"],"sec-speculation-tags":["null"],"sec-purpose":["prefetch;prerender"],"user-agent":["Mozilla\\/5.0 (Windows NT 10.0; Win64; x64) AppleWebKit\\/537.36 (KHTML, like Gecko) Chrome\\/143.0.0.0 Safari\\/537.36"],"upgrade-insecure-requests":["1"],"sec-ch-ua-platform":["\\"Windows\\""],"sec-ch-ua-mobile":["?0"],"sec-ch-ua":["\\"Google Chrome\\";v=\\"143\\", \\"Chromium\\";v=\\"143\\", \\"Not A(Brand\\";v=\\"24\\""],"host":["salem-store.test"]}', '', 'Windows', 'Chrome', '127.0.0.1', NULL, NULL, 'Webkul\\Customer\\Models\\Customer', 3, 1, '2026-01-06 12:35:26', '2026-01-06 12:35:26'), (70, 'GET', '[]', 'https://salem-store.test/pitaka', 'https://salem-store.test/', '[]', 'Mozilla/5.0 (Windows NT 10.0; Win64; x64) AppleWebKit/537.36 (KHTML, like Gecko) Chrome/143.0.0.0 Safari/537.36', '{"cookie":["XSRF-TOKEN=eyJpdiI6IkNnNXh2aDM0MHVmdSttVWFaVFEzMXc9PSIsInZhbHVlIjoiZW40emJOeUVXVytINitWK1JUK25DeE8vOG94N1JjcjlOajlhOUxVT2NrZks1a0tvSVFZaTJVQyt4M3FhZitMeDVJc2FFcm1jdENWT05ObjA4Y0FRL1ZTVElYYnRkeE1FOVNaRDhsSm9TY00zT1RCclFyRnNnQ0wyZFFyV3dteU8iLCJtYWMiOiI4MGNmMGViNTY5NjlhOTg0ZjJkNmIwNTkxOTY2MjQ0ZjRmNDAyZjRlNTRlYmRmMDQ5OTY0NzFjYzgyM2Y5YmNjIiwidGFnIjoiIn0%3D; salem_store_session=eyJpdiI6IlR3alF0cExmU29wNnJDaUhpR1U1R3c9PSIsInZhbHVlIjoiR2JVUVhhT1d0cXNVZUpVdUpiSENsczcvUmxoSUdNbG5ZTUpRQzBoNjZZVVNNTG5jdnJ1OTFlV28rSkxBKy9sMmIzTGFiWGhDZHlFSVl1TkdtRzhLWGtBakZFcllEY1JnL3NxNWFIYkkxeCtVZXhTZ25pUnF6TlVOYXB1djhtdmkiLCJtYWMiOiJmMDY0NzY5NzI4YzQ4NWIzMDAyYjU2NjkxY2UxNWQ5ZjBmYmZlZThiMjYzOTQyMGUxMDQwMTg4NDFhMzI3Nzk4IiwidGFnIjoiIn0%3D"],"priority":["u=0, i"],"accept-language":["en-US,en;q=0.9"],"accept-encoding":["gzip, deflate, br, zstd"],"referer":["https:\\/\\/salem-store.test\\/"],"sec-fetch-dest":["document"],"sec-fetch-user":["?1"],"sec-fetch-mode":["navigate"],"sec-fetch-site":["same-origin"],"accept":["text\\/html,application\\/xhtml+xml,application\\/xml;q=0.9,image\\/avif,image\\/webp,image\\/apng,*\\/*;q=0.8,application\\/signed-exchange;v=b3;q=0.7"],"user-agent":["Mozilla\\/5.0 (Windows NT 10.0; Win64; x64) AppleWebKit\\/537.36 (KHTML, like Gecko) Chrome\\/143.0.0.0 Safari\\/537.36"],"upgrade-insecure-requests":["1"],"sec-ch-ua-platform":["\\"Windows\\""],"sec-ch-ua-mobile":["?0"],"sec-ch-ua":["\\"Google Chrome\\";v=\\"143\\", \\"Chromium\\";v=\\"143\\", \\"Not A(Brand\\";v=\\"24\\""],"host":["salem-store.test"]}', '', 'Windows', 'Chrome', '127.0.0.1', 'Webkul\\Product\\Models\\Product', 2, 'Webkul\\Customer\\Models\\Customer', 3, 1, '2026-01-06 12:50:42', '2026-01-06 12:50:42'), (71, 'GET', '[]', 'https://salem-store.test/%D9%83%DA%A4%D8%B1%D8%A7%D8%AA-pitaka', NULL, '[]', 'Mozilla/5.0 (Windows NT 10.0; Win64; x64) AppleWebKit/537.36 (KHTML, like Gecko) Chrome/143.0.0.0 Safari/537.36', '{"cookie":["XSRF-TOKEN=eyJpdiI6ImsvRTYrcXpZdzN1RFBxRnhPYkFxTGc9PSIsInZhbHVlIjoiTkU1YlUzY2hVcDIyTXVkdUpLY0tTQy9obFNHaTU2UVUzNzVSb1lRZ2VMZk5zeU50TmdwMXV2N3d2d1o2dGFTeHF5bVdXOVR4ZXY1U3hma1I1dmgwMHRpYWRZU0NLeVFRSTUzTTVHMjdIeG1jUnlVd1lwQlgwMjAzNmhXYW5nNEciLCJtYWMiOiI1OTc5MDE1ZWM5MzVjMjMyNmZmNGM2Zjc3MTMyNDc5Zjc3YzRkNjY4ODMyMzdiODBhNjEyYzgwNWQwYjM4ODQ2IiwidGFnIjoiIn0%3D; salem_store_session=eyJpdiI6InhockdpMzQvUjVFVHJ3ZEo3ejR0T1E9PSIsInZhbHVlIjoienhiWTFuWHdndHhKUlFWalJMYzFYSmdJNy8zL3FNVW16UVpoRTUwdkkwZVlGTG45Wmo0Y2lvMVkzaDJJTWZRTGZUNXgreTAwdFVoL2huUjBuc0d2SEdXRmt6TDNaVEZtNW5aUEt0b0U1dzAzL0t0MUhubVZ1SUxMTnp6Y0wvU00iLCJtYWMiOiJlNTNhNzAzNGMzNzYyMmI1MTlmNzIzNTFhYzRiOTY3NjAyZWExYTE1YjZjZDFhZWY2NzRhZTVkM2I2ODk0OGNlIiwidGFnIjoiIn0%3D"],"priority":["u=0, i"],"accept-language":["en-US,en;q=0.9"],"accept-encoding":["gzip, deflate, br, zstd"],"sec-fetch-dest":["document"],"sec-fetch-user":["?1"],"sec-fetch-mode":["navigate"],"sec-fetch-site":["none"],"accept":["text\\/html,application\\/xhtml+xml,application\\/xml;q=0.9,image\\/avif,image\\/webp,image\\/apng,*\\/*;q=0.8,application\\/signed-exchange;v=b3;q=0.7"],"user-agent":["Mozilla\\/5.0 (Windows NT 10.0; Win64; x64) AppleWebKit\\/537.36 (KHTML, like Gecko) Chrome\\/143.0.0.0 Safari\\/537.36"],"upgrade-insecure-requests":["1"],"sec-ch-ua-platform":["\\"Windows\\""],"sec-ch-ua-mobile":["?0"],"sec-ch-ua":["\\"Google Chrome\\";v=\\"143\\", \\"Chromium\\";v=\\"143\\", \\"Not A(Brand\\";v=\\"24\\""],"host":["salem-store.test"]}', '', 'Windows', 'Chrome', '127.0.0.1', 'Webkul\\Product\\Models\\Product', 1, 'Webkul\\Customer\\Models\\Customer', 3, 1, '2026-01-06 14:40:48', '2026-01-06 14:40:48'), (72, 'GET', '[]', 'https://salem-store.test/%D8%A7%D9%84%D9%87%D9%88%D8%A7%D8%AA%D9%81-%D8%A7%D9%84%D9%85%D8%AD%D9%85%D9%88%D9%84%D8%A9', NULL, '[]', 'Mozilla/5.0 (Windows NT 10.0; Win64; x64) AppleWebKit/537.36 (KHTML, like Gecko) Chrome/143.0.0.0 Safari/537.36', '{"cookie":["XSRF-TOKEN=eyJpdiI6Ii9nWWwwMVZZOElIZGZHSDVreU1aUFE9PSIsInZhbHVlIjoiekFkWnd1WHJxdTJVa0xleUdHSjZ1ZldzQkhtTlNmUkJwWW4xOVVCbC9OTFhkZ1BnVURNRGxteUVOWkxtK21WV3lISHIvbnliUTBXTVBLYkQ3TGx4bi9Fcm92RndIK3RpKzMwdWRpOUpOR2llcjl0ZTBtdjdRbVJoRklXYnZnS2wiLCJtYWMiOiIzOGNiYTE5ZGJkYTdkN2UyMDdhYzUwZjExMWM4Y2YyMjA0YWQyYWMwNDgxMTY0ZjgxZjY3ZTEzNGJjYTNmYmY0IiwidGFnIjoiIn0%3D; salem_store_session=eyJpdiI6Im5YSXpiMUNYWmtKSFdxTmphWUJtQkE9PSIsInZhbHVlIjoicTZZY0lKWVN3VzBkRjdFaDU2cmQ1RjBDWm9VRXVPRmtJUkYzYUxldE4xa1ZnWW5GZFRwWUZ2WmhRcTRORWkzRGxHLzhHeWR1RUh4clA4M1VleWh6Z0gzMisvNkpOV1lvWWZnNnZ4RW8wVXYvYVhvOTg4VURjck1wMnpXV3IydmQiLCJtYWMiOiIzNDY4M2I0YWYzZTRlM2RmNGI3ZTUyNzllYWFkZmViYTc4ZWVhOTBmZTlkMWYyZmI2ZjA3NWNhZDU4NzU1Mzk2IiwidGFnIjoiIn0%3D"],"priority":["u=0, i"],"accept-language":["en-US,en;q=0.9"],"accept-encoding":["gzip, deflate, br, zstd"],"sec-fetch-dest":["document"],"sec-fetch-user":["?1"],"sec-fetch-mode":["navigate"],"sec-fetch-site":["none"],"accept":["text\\/html,application\\/xhtml+xml,application\\/xml;q=0.9,image\\/avif,image\\/webp,image\\/apng,*\\/*;q=0.8,application\\/signed-exchange;v=b3;q=0.7"],"user-agent":["Mozilla\\/5.0 (Windows NT 10.0; Win64; x64) AppleWebKit\\/537.36 (KHTML, like Gecko) Chrome\\/143.0.0.0 Safari\\/537.36"],"upgrade-insecure-requests":["1"],"sec-ch-ua-platform":["\\"Windows\\""],"sec-ch-ua-mobile":["?0"],"sec-ch-ua":["\\"Google Chrome\\";v=\\"143\\", \\"Chromium\\";v=\\"143\\", \\"Not A(Brand\\";v=\\"24\\""],"host":["salem-store.test"]}', '', 'Windows', 'Chrome', '127.0.0.1', 'Webkul\\Category\\Models\\Category', 2, 'Webkul\\Customer\\Models\\Customer', 3, 1, '2026-01-06 14:41:16', '2026-01-06 14:41:16'), (73, 'GET', '[]', 'https://salem-store.test/%D8%A7%D9%83%D8%B3%D8%B3%D9%88%D8%A7%D8%B1%D8%A7%D8%AA', NULL, '[]', 'Mozilla/5.0 (Windows NT 10.0; Win64; x64) AppleWebKit/537.36 (KHTML, like Gecko) Chrome/143.0.0.0 Safari/537.36', '{"cookie":["XSRF-TOKEN=eyJpdiI6IlFvMCtSeEhTbmM2UXduSWMyVVJRWWc9PSIsInZhbHVlIjoiMnBDK0dGYmNzZCt2NzNuSkI2cG5JK2g3QlZSczg3Y2VCRlBjcjQxRWlpcWg3TXp0cy9wV2Q5RU1UcmNUOVVtU3lRa2Z1UThtdUVGejBIbWV5OXdJd3EzTkgxU0x5QmdzVStmWnZFUDk1enRDcU5lZWlBK3MxOWUwUHZiZWtRblUiLCJtYWMiOiI2ZDA0ZTdjNjg1ZjA3OTMxZjg5NDZhMGY5ZjI5NjgwYTIzMjQyMTRjZWMzOTU2ZjY5YjU2MjM4MzExMjg5MzkxIiwidGFnIjoiIn0%3D; salem_store_session=eyJpdiI6ImxQRjZ1WEJ5djR5ekkwVm5CZGsxWkE9PSIsInZhbHVlIjoiank5eHlwOG1zZHM4Nyt0cmtQdkpoUndFcVJJOCtTTjNMc1dhUHV3MlJWK0RoMW9xeTcxVlR3TjZxRU00NWNlcDl6N3l1ZWcwVUJtMFprRUNiT3FLVktSTXNmMm03RWljNWYyKzVVcGJMQS8wTDFIRjJjY1BWdFhzUW8xNW9aY3UiLCJtYWMiOiJiMDc4Y2NmZjBjNzhhYmMxYmY5YTNhYTgwYTYwOTUzYmEzNTg2YWI1MGU1NDVjYjQ5ZTJkNDZjZDI3MzVkYjkxIiwidGFnIjoiIn0%3D"],"priority":["u=0, i"],"accept-language":["en-US,en;q=0.9"],"accept-encoding":["gzip, deflate, br, zstd"],"sec-fetch-dest":["document"],"sec-fetch-user":["?1"],"sec-fetch-mode":["navigate"],"sec-fetch-site":["none"],"accept":["text\\/html,application\\/xhtml+xml,application\\/xml;q=0.9,image\\/avif,image\\/webp,image\\/apng,*\\/*;q=0.8,application\\/signed-exchange;v=b3;q=0.7"],"user-agent":["Mozilla\\/5.0 (Windows NT 10.0; Win64; x64) AppleWebKit\\/537.36 (KHTML, like Gecko) Chrome\\/143.0.0.0 Safari\\/537.36"],"upgrade-insecure-requests":["1"],"sec-ch-ua-platform":["\\"Windows\\""],"sec-ch-ua-mobile":["?0"],"sec-ch-ua":["\\"Google Chrome\\";v=\\"143\\", \\"Chromium\\";v=\\"143\\", \\"Not A(Brand\\";v=\\"24\\""],"host":["salem-store.test"]}', '', 'Windows', 'Chrome', '127.0.0.1', 'Webkul\\Category\\Models\\Category', 22, 'Webkul\\Customer\\Models\\Customer', 3, 1, '2026-01-06 14:41:32', '2026-01-06 14:41:32'), (74, 'GET', '[]', 'https://salem-store.test/%D8%A7%D9%84%D9%84%D8%A7%D8%A8%D8%AA%D9%88%D8%A8', NULL, '[]', 'Mozilla/5.0 (Windows NT 10.0; Win64; x64) AppleWebKit/537.36 (KHTML, like Gecko) Chrome/143.0.0.0 Safari/537.36', '{"cookie":["XSRF-TOKEN=eyJpdiI6ImxJMHVDQnUvVk9OdHFvR1ZHcWNxZUE9PSIsInZhbHVlIjoiczlaNngxeHNFTVNxRVZ6NmFON1g3d2owc3d6T2FRKzhTUldFM3VVL1h1VG9YMlFnSktBU3U1SUsvdUZtbWVPWDlVQUhmYWZGTVp2UWVZUnFlZC90TDI2bmxoNGp4UXZiMFJJNENLOTdrUWdlcUFJRjQ3QWNFN3diaFZHL0EwMVkiLCJtYWMiOiIxNTI2YTYwZDAwYjYzNTY3Yjc3NTA3NTY5OTI0ZjFlOGUwZTMyYzJmODlmODRkYWJhOTQxMDA1MmI0OGIzZmYzIiwidGFnIjoiIn0%3D; salem_store_session=eyJpdiI6IktlMzY2ajNaU0UwNmtwOVJHT1ZqUFE9PSIsInZhbHVlIjoiOGVsNW94NUxKeitBYnluMU1PcGRIam5iZ1ZWSVQ2VSt4SnFxQXMyY2hhRC9ldy9tZzhLWjZteXExQ0NzMjl0cWMrMnBYYlVjNnJsUE5lNTlJV2NJNkNkYUZ2dVk0NkFpd1dYa3dhaVU1OFZlMGZvNm5Ddk4wekhHckMwRjlheVgiLCJtYWMiOiI0ODNiZDkzNjg1ZjIwZThlN2YyNDJmYzZmYjMyY2NmNjUzYmQ0NWM1MzJkYjMwMjU4Zjg3OTBiNWNjYWY5MzljIiwidGFnIjoiIn0%3D"],"priority":["u=0, i"],"accept-language":["en-US,en;q=0.9"],"accept-encoding":["gzip, deflate, br, zstd"],"sec-fetch-dest":["document"],"sec-fetch-user":["?1"],"sec-fetch-mode":["navigate"],"sec-fetch-site":["none"],"accept":["text\\/html,application\\/xhtml+xml,application\\/xml;q=0.9,image\\/avif,image\\/webp,image\\/apng,*\\/*;q=0.8,application\\/signed-exchange;v=b3;q=0.7"],"user-agent":["Mozilla\\/5.0 (Windows NT 10.0; Win64; x64) AppleWebKit\\/537.36 (KHTML, like Gecko) Chrome\\/143.0.0.0 Safari\\/537.36"],"upgrade-insecure-requests":["1"],"sec-ch-ua-platform":["\\"Windows\\""],"sec-ch-ua-mobile":["?0"],"sec-ch-ua":["\\"Google Chrome\\";v=\\"143\\", \\"Chromium\\";v=\\"143\\", \\"Not A(Brand\\";v=\\"24\\""],"host":["salem-store.test"]}', '', 'Windows', 'Chrome', '127.0.0.1', 'Webkul\\Category\\Models\\Category', 15, 'Webkul\\Customer\\Models\\Customer', 3, 1, '2026-01-06 14:43:48', '2026-01-06 14:43:48'), (75, 'GET', '[]', 'https://salem-store.test/%D8%A7%D8%AC%D9%87%D8%B2%D8%A9-%D8%A7%D9%84%D9%83%D9%85%D8%A8%D9%8A%D9%88%D8%AA%D8%B1', NULL, '[]', 'Mozilla/5.0 (Windows NT 10.0; Win64; x64) AppleWebKit/537.36 (KHTML, like Gecko) Chrome/143.0.0.0 Safari/537.36', '{"cookie":["XSRF-TOKEN=eyJpdiI6ImZGOTBtQW1TLzlvQVBRQmFtN0JXMkE9PSIsInZhbHVlIjoiR3dtY0VyWnhkSXJqcHRwRFpJRlo1TWk2dDNSNGViRzNlVU5UclFjU1FFM3hjTlRDdUFKbGJ2aTBZVU9XWlIxSXBzSTB0OGo5REUyUnVPU3FKQUJFNFFkaXlCWTlmRllwemVSbFQwcUFRaWJuYzBaelpuTXFqTjRVaURvb2srVXgiLCJtYWMiOiI1Y2Q3YWJlZDA2YWE4ZWQyMzUzZDZmMTIzZmU2NjA5ZTkzMzA1ZmE1MTg3YmU0ZDc2YTQ5ZmQ3NDg2NTM1ZTJjIiwidGFnIjoiIn0%3D; salem_store_session=eyJpdiI6IjRjMGdXRjJndEtyUjJUUThQOW03MHc9PSIsInZhbHVlIjoidmtkcEtteU9YT0RXV2Q5VlMra1h2ODZIejl5VzZlRUtKZm1JUWdsM1ZrdTl3V3RmZ0txRXQ4RVFJaWZoLzVtTUdZcDNQMCtrWU1SVTJKUG9RcDNjSkNwMTNIcVVvaVl0cU1jdWw1eGRvMTBuU3E0bXRuVCttYXhWRlRmcTRFZnQiLCJtYWMiOiIwN2NlMjJkMWQ5YzNmMjc4MWQwZjMyYzYxODBmZGVlMDRjZmFhYTZmN2U0YTRkNWI0ODRhNDE3MzU3ZDQ2NWFiIiwidGFnIjoiIn0%3D"],"priority":["u=0, i"],"accept-language":["en-US,en;q=0.9"],"accept-encoding":["gzip, deflate, br, zstd"],"sec-fetch-dest":["document"],"sec-fetch-user":["?1"],"sec-fetch-mode":["navigate"],"sec-fetch-site":["none"],"accept":["text\\/html,application\\/xhtml+xml,application\\/xml;q=0.9,image\\/avif,image\\/webp,image\\/apng,*\\/*;q=0.8,application\\/signed-exchange;v=b3;q=0.7"],"user-agent":["Mozilla\\/5.0 (Windows NT 10.0; Win64; x64) AppleWebKit\\/537.36 (KHTML, like Gecko) Chrome\\/143.0.0.0 Safari\\/537.36"],"upgrade-insecure-requests":["1"],"sec-ch-ua-platform":["\\"Windows\\""],"sec-ch-ua-mobile":["?0"],"sec-ch-ua":["\\"Google Chrome\\";v=\\"143\\", \\"Chromium\\";v=\\"143\\", \\"Not A(Brand\\";v=\\"24\\""],"host":["salem-store.test"]}', '', 'Windows', 'Chrome', '127.0.0.1', 'Webkul\\Category\\Models\\Category', 9, 'Webkul\\Customer\\Models\\Customer', 3, 1, '2026-01-06 14:46:48', '2026-01-06 14:46:48'), (76, 'GET', '[]', 'https://salem-store.test/sitemap.xml', NULL, '[]', 'Mozilla/5.0 (Windows NT 10.0; Win64; x64) AppleWebKit/537.36 (KHTML, like Gecko) Chrome/143.0.0.0 Safari/537.36', '{"cookie":["XSRF-TOKEN=eyJpdiI6Im51MzF5K1JsZWV2bkExZ2JoRnc1alE9PSIsInZhbHVlIjoiWnZWOUpISCtDem9mMmFibVdBa1BNbUR2djRNK0NkREppV2tCVEVncmdaakl5M0k2OWZzVDJDTzhORUdHeHN0Z21IQ25VK2lCZ2hEV0VrZUJKaGF2b2ZqZEs1NitPbEdMcUtnakxETHEra2ZmWUxYQnVFaEg3QVZhVFNvZFZwMWEiLCJtYWMiOiJmZTVhZjFmZGFmNDA3M2FkNzJlZDRiOGM3MzFlMTQ1ZWE3NzI0YTE3Y2UzOGUyYTQzMDlkYTU0NGUxZWU0OTM1IiwidGFnIjoiIn0%3D; salem_store_session=eyJpdiI6IkpZcFc2N1lhSVdQT002NmtiQmFudnc9PSIsInZhbHVlIjoiMGExTW43MFNqOTJpaW1DVzUybXFZNzJ6RXlDZlRGaVlVUTlNMkIyRzRZVnQ4Z2FKTXgvdFpLbjU1clh1WEx6MU80Ri8yRWplZWJjMEdEaDEraUpPemtDeXp1TlVaK3FsODJPa05EbUNtUjB5UjhiZk5uVGFyaXdyMjBYcndyOFkiLCJtYWMiOiJjYWJhMTc2ZTQ1MWM5MWViYWVmNDQ3MjMxZDM4Yjk5NDc4N2EwZjZlMjMyODVlMzcwNzQ4Y2IyYjk4YzQ1MWM0IiwidGFnIjoiIn0%3D"],"priority":["u=0, i"],"accept-language":["en-US,en;q=0.9"],"accept-encoding":["gzip, deflate, br, zstd"],"sec-fetch-dest":["document"],"sec-fetch-user":["?1"],"sec-fetch-mode":["navigate"],"sec-fetch-site":["none"],"accept":["text\\/html,application\\/xhtml+xml,application\\/xml;q=0.9,image\\/avif,image\\/webp,image\\/apng,*\\/*;q=0.8,application\\/signed-exchange;v=b3;q=0.7"],"user-agent":["Mozilla\\/5.0 (Windows NT 10.0; Win64; x64) AppleWebKit\\/537.36 (KHTML, like Gecko) Chrome\\/143.0.0.0 Safari\\/537.36"],"upgrade-insecure-requests":["1"],"sec-ch-ua-platform":["\\"Windows\\""],"sec-ch-ua-mobile":["?0"],"sec-ch-ua":["\\"Google Chrome\\";v=\\"143\\", \\"Chromium\\";v=\\"143\\", \\"Not A(Brand\\";v=\\"24\\""],"host":["salem-store.test"]}', '', 'Windows', 'Chrome', '127.0.0.1', NULL, NULL, 'Webkul\\Customer\\Models\\Customer', 3, 1, '2026-01-06 14:54:31', '2026-01-06 14:54:31'), (77, 'GET', '[]', 'https://salem-store.test/pitaka', 'https://salem-store.test/', '[]', 'Mozilla/5.0 (Windows NT 10.0; Win64; x64) AppleWebKit/537.36 (KHTML, like Gecko) Chrome/143.0.0.0 Safari/537.36', '{"cookie":["dark_mode=0"],"priority":["u=0, i"],"accept-language":["en-GB,en-US;q=0.9,en;q=0.8"],"accept-encoding":["gzip, deflate, br, zstd"],"referer":["https:\\/\\/salem-store.test\\/"],"sec-fetch-dest":["document"],"sec-fetch-mode":["navigate"],"sec-fetch-site":["same-origin"],"accept":["text\\/html,application\\/xhtml+xml,application\\/xml;q=0.9,image\\/avif,image\\/webp,image\\/apng,*\\/*;q=0.8,application\\/signed-exchange;v=b3;q=0.7"],"sec-speculation-tags":["null"],"sec-purpose":["prefetch;prerender"],"user-agent":["Mozilla\\/5.0 (Windows NT 10.0; Win64; x64) AppleWebKit\\/537.36 (KHTML, like Gecko) Chrome\\/143.0.0.0 Safari\\/537.36"],"upgrade-insecure-requests":["1"],"sec-ch-ua-platform":["\\"Windows\\""],"sec-ch-ua-mobile":["?0"],"sec-ch-ua":["\\"Google Chrome\\";v=\\"143\\", \\"Chromium\\";v=\\"143\\", \\"Not A(Brand\\";v=\\"24\\""],"host":["salem-store.test"]}', '', 'Windows', 'Chrome', '127.0.0.1', 'Webkul\\Product\\Models\\Product', 2, NULL, NULL, 1, '2026-01-07 14:04:54', '2026-01-07 14:04:54'), (78, 'GET', '[]', 'https://salem-store.test', NULL, '[]', 'Mozilla/5.0 (Windows NT 10.0; Win64; x64) AppleWebKit/537.36 (KHTML, like Gecko) Chrome/143.0.0.0 Safari/537.36', '{"cookie":["XSRF-TOKEN=eyJpdiI6Ik5BTVA1L3Q4d3hMT0pSempoZ2taUkE9PSIsInZhbHVlIjoiWXBGNFdkbGZtOFRhOFhXWnpydi9jVDRkeG1McS84Tkl0dDBUZ05rS3dQWkRFVmRlUlZqMFVQbWhBZUJDVU5wYzlWZXEyRkxqVUtjMEtxTmxGNjZweDhhUUtROHBOUGpzbnBlaFhPOElNbFhwOTM4cjdOZHRMeUVNRXhVVGZFaXYiLCJtYWMiOiJhMDM5NDM5YWY5YWI0YmVjZGI1NTdiYzFiNzFkODNiOWM1ZDBlNDEwMGZlNTUzY2FiNTZmN2I2MmEwOTVkNzc0IiwidGFnIjoiIn0%3D; salem_store_session=eyJpdiI6IlBUdGZTUnordmZObU9idEY0UVdPaVE9PSIsInZhbHVlIjoidFRNV3lZT2IrUnJWNCtkZDQvaGRyS0V4OVJSb2dqWkgwQUxhSURnQjBCVUdpQ2ExNWlBQlFBVDNLRTd3dHljM0d5YmppVEpaMm9XaGJOaFhWMmtWSUVJcndER0RvM2E5c0JjSU9JS2REMHZybXFVeXd5dmdxLzJLK3YzcVJ4c24iLCJtYWMiOiI4MmFhMzQzYjkwNjdlMTkxYzRhYmUyZjg4Yjk2NThiZjQzYmEwMzQ4NmU0YjU0ZjljYmYwOGEzZjc4NDQ3Yjc1IiwidGFnIjoiIn0%3D"],"priority":["u=0, i"],"accept-language":["en-US,en;q=0.9"],"accept-encoding":["gzip, deflate, br, zstd"],"sec-ch-ua-platform":["\\"Windows\\""],"sec-ch-ua-mobile":["?0"],"sec-ch-ua":["\\"Google Chrome\\";v=\\"143\\", \\"Chromium\\";v=\\"143\\", \\"Not A(Brand\\";v=\\"24\\""],"sec-fetch-dest":["document"],"sec-fetch-user":["?1"],"sec-fetch-mode":["navigate"],"sec-fetch-site":["none"],"accept":["text\\/html,application\\/xhtml+xml,application\\/xml;q=0.9,image\\/avif,image\\/webp,image\\/apng,*\\/*;q=0.8,application\\/signed-exchange;v=b3;q=0.7"],"user-agent":["Mozilla\\/5.0 (Windows NT 10.0; Win64; x64) AppleWebKit\\/537.36 (KHTML, like Gecko) Chrome\\/143.0.0.0 Safari\\/537.36"],"upgrade-insecure-requests":["1"],"host":["salem-store.test"]}', '', 'Windows', 'Chrome', '127.0.0.1', NULL, NULL, NULL, NULL, 1, '2026-01-07 19:36:01', '2026-01-07 19:36:01'), (79, 'GET', '[]', 'https://salem-store.test/%D8%A7%D9%84%D9%87%D9%88%D8%A7%D8%AA%D9%81-%D8%A7%D9%84%D9%85%D8%AD%D9%85%D9%88%D9%84%D8%A9', 'https://salem-store.test/pitaka', '[]', 'Mozilla/5.0 (Windows NT 10.0; Win64; x64) AppleWebKit/537.36 (KHTML, like Gecko) Chrome/143.0.0.0 Safari/537.36', '{"cookie":["dark_mode=0"],"priority":["u=0, i"],"accept-language":["en-GB,en-US;q=0.9,en;q=0.8"],"accept-encoding":["gzip, deflate, br, zstd"],"referer":["https:\\/\\/salem-store.test\\/pitaka"],"sec-fetch-dest":["document"],"sec-fetch-mode":["navigate"],"sec-fetch-site":["same-origin"],"accept":["text\\/html,application\\/xhtml+xml,application\\/xml;q=0.9,image\\/avif,image\\/webp,image\\/apng,*\\/*;q=0.8,application\\/signed-exchange;v=b3;q=0.7"],"sec-speculation-tags":["null"],"sec-purpose":["prefetch;prerender"],"user-agent":["Mozilla\\/5.0 (Windows NT 10.0; Win64; x64) AppleWebKit\\/537.36 (KHTML, like Gecko) Chrome\\/143.0.0.0 Safari\\/537.36"],"upgrade-insecure-requests":["1"],"sec-ch-ua-platform":["\\"Windows\\""],"sec-ch-ua-mobile":["?0"],"sec-ch-ua":["\\"Google Chrome\\";v=\\"143\\", \\"Chromium\\";v=\\"143\\", \\"Not A(Brand\\";v=\\"24\\""],"host":["salem-store.test"]}', '', 'Windows', 'Chrome', '127.0.0.1', 'Webkul\\Category\\Models\\Category', 2, NULL, NULL, 1, '2026-01-09 18:57:39', '2026-01-09 18:57:39'), (80, 'GET', '[]', 'https://salem-store.test/%D8%A7%D8%BA%D8%B7%D9%8A%D8%A9-%D8%AC%D8%B1%D8%A7%D8%A8%D8%A7%D8%AA-%D8%A7%D9%84%D9%87%D9%88%D8%A7%D8%AA%D9%81', 'https://salem-store.test/pitaka', '[]', 'Mozilla/5.0 (Windows NT 10.0; Win64; x64) AppleWebKit/537.36 (KHTML, like Gecko) Chrome/143.0.0.0 Safari/537.36', '{"cookie":["dark_mode=0; XSRF-TOKEN=eyJpdiI6IkJERUh4dWs5VFBGbFN3WjlTdHUzbGc9PSIsInZhbHVlIjoiSUpSTy9McGM3YjREVVZxTVpaOHFHajdLQkFsVU1NdWpnQXBkbkZMaWR1ekV1TXJXanRra2JPTXFpL1NBd1RadHk2cWpXSTBOeHlOUmJlbTg3cVN0bjBnYW5HVk9WdGhZM1RDQko5YTh3NWhKQ2JYTG9BNGtaQjBiN05tRFhFZG0iLCJtYWMiOiI2MDI3ZmJhMTk1N2EyNTQwMzg5MTE4MzMyZjlmM2YxZWZkOWE3MDBhMDA2OTRlOGJlOTVkZDY2NGY4N2YzMjg0IiwidGFnIjoiIn0%3D; salem_store_session=eyJpdiI6InpjcFpyVkRoRWtnK0ZiSjZoTjlRMUE9PSIsInZhbHVlIjoienhpWWhmbFBvbm9ZOUhKajZncXRPRE9OYzNvNitNZDBGc3FsaktKS0hKVm9EUUxDY1lJbFBTYmZQRlZQM2V1WFlNUnRtaTNHOTNyMFdIYktiWU9nNzFqNEVLZGtyQm5EdVJQSlhzQU1JVWNTZTFMRmlOanRlSTVZVFZJQ2VyZ3kiLCJtYWMiOiJmNDgxY2NmY2ViZmI1YTJkY2IyNGVlZmZkMjA5ZmNiY2Q5Y2I2Y2QyN2Y4ODg4OTI4ZmI1Mjg5YjU4YmVhNDRhIiwidGFnIjoiIn0%3D"],"priority":["u=0, i"],"accept-language":["en-GB,en-US;q=0.9,en;q=0.8"],"accept-encoding":["gzip, deflate, br, zstd"],"referer":["https:\\/\\/salem-store.test\\/pitaka"],"sec-fetch-dest":["document"],"sec-fetch-mode":["navigate"],"sec-fetch-site":["same-origin"],"accept":["text\\/html,application\\/xhtml+xml,application\\/xml;q=0.9,image\\/avif,image\\/webp,image\\/apng,*\\/*;q=0.8,application\\/signed-exchange;v=b3;q=0.7"],"sec-speculation-tags":["null"],"sec-purpose":["prefetch;prerender"],"user-agent":["Mozilla\\/5.0 (Windows NT 10.0; Win64; x64) AppleWebKit\\/537.36 (KHTML, like Gecko) Chrome\\/143.0.0.0 Safari\\/537.36"],"upgrade-insecure-requests":["1"],"sec-ch-ua-platform":["\\"Windows\\""],"sec-ch-ua-mobile":["?0"],"sec-ch-ua":["\\"Google Chrome\\";v=\\"143\\", \\"Chromium\\";v=\\"143\\", \\"Not A(Brand\\";v=\\"24\\""],"host":["salem-store.test"]}', '', 'Windows', 'Chrome', '127.0.0.1', 'Webkul\\Category\\Models\\Category', 5, NULL, NULL, 1, '2026-01-09 18:57:40', '2026-01-09 18:57:40'), (81, 'GET', '[]', 'https://salem-store.test/%D8%AC%D8%B1%D8%A7%D8%A8-%D8%B3%D9%8A%D9%84%D9%8A%D9%83%D9%88%D9%86', 'https://salem-store.test/%D8%A7%D8%BA%D8%B7%D9%8A%D8%A9-%D8%AC%D8%B1%D8%A7%D8%A8%D8%A7%D8%AA-%D8%A7%D9%84%D9%87%D9%88%D8%A7%D8%AA%D9%81', '[]', 'Mozilla/5.0 (Windows NT 10.0; Win64; x64) AppleWebKit/537.36 (KHTML, like Gecko) Chrome/143.0.0.0 Safari/537.36', '{"cookie":["dark_mode=0; XSRF-TOKEN=eyJpdiI6IjNoQkRITCsvc1FQYWs5QnI1MzNvSkE9PSIsInZhbHVlIjoid0RNdzdaaFcrc0NZZmF4QmNpK1dBMVpKaGNxc0l1K3Z0THR0YW5Eb1FnWGt2YzFqSGN2SFhGME5qemVjWFRMdTN1MmZ2eWVnV3EwN2RQcFIraXVnc0pWSE9JaE43V2lFOEZXWnN2Wlc5N3BqM29xY2J6VHVrcEtnVEtUWThoSWQiLCJtYWMiOiJkNDgwMzA5NmJiMzc0Nzc4ZmNiYzRmNTdmZTllMzkwYWQ3NmFlNmEwZDI4OWNhN2Q2ZmRiN2ZkZjJlN2NjYjc5IiwidGFnIjoiIn0%3D; salem_store_session=eyJpdiI6InlmbGZDS09VS1NkT0tKVytWWG15VXc9PSIsInZhbHVlIjoiNVZuU1NHVVdrMjhqdTJ2T3ZOZHdhSENLT3hkNWdhaHhrK2xXdGwwZDhYd0xLYUNEUTVWL1hzYjJMNVFOWk9ZSVdkeXd2QjVWSjNmYWdCZjd4TW9yQ2E0bHVJWk5pZWdneSt6ZzhEaUIrSm94Wjd4RE4vVk44ZEJTUUVWSDV5VzIiLCJtYWMiOiIwY2NlMWEzODVlNTFjOTUxNmZiY2Y0YTkzNTViNGExNGJlODE2MjU5ZGM2ODc3MjVjYmU4Y2M1MWExNDcxNzU1IiwidGFnIjoiIn0%3D"],"priority":["u=0, i"],"accept-language":["en-GB,en-US;q=0.9,en;q=0.8"],"accept-encoding":["gzip, deflate, br, zstd"],"referer":["https:\\/\\/salem-store.test\\/%D8%A7%D8%BA%D8%B7%D9%8A%D8%A9-%D8%AC%D8%B1%D8%A7%D8%A8%D8%A7%D8%AA-%D8%A7%D9%84%D9%87%D9%88%D8%A7%D8%AA%D9%81"],"sec-fetch-dest":["document"],"sec-fetch-mode":["navigate"],"sec-fetch-site":["same-origin"],"accept":["text\\/html,application\\/xhtml+xml,application\\/xml;q=0.9,image\\/avif,image\\/webp,image\\/apng,*\\/*;q=0.8,application\\/signed-exchange;v=b3;q=0.7"],"sec-speculation-tags":["null"],"sec-purpose":["prefetch;prerender"],"user-agent":["Mozilla\\/5.0 (Windows NT 10.0; Win64; x64) AppleWebKit\\/537.36 (KHTML, like Gecko) Chrome\\/143.0.0.0 Safari\\/537.36"],"upgrade-insecure-requests":["1"],"sec-ch-ua-platform":["\\"Windows\\""],"sec-ch-ua-mobile":["?0"],"sec-ch-ua":["\\"Google Chrome\\";v=\\"143\\", \\"Chromium\\";v=\\"143\\", \\"Not A(Brand\\";v=\\"24\\""],"host":["salem-store.test"]}', '', 'Windows', 'Chrome', '127.0.0.1', 'Webkul\\Product\\Models\\Product', 43, NULL, NULL, 1, '2026-01-09 18:57:44', '2026-01-09 18:57:44'), (82, 'GET', '[]', 'https://salem-store.test', 'https://salem-store.test/%D8%AC%D8%B1%D8%A7%D8%A8-%D8%B3%D9%8A%D9%84%D9%8A%D9%83%D9%88%D9%86', '[]', 'Mozilla/5.0 (Windows NT 10.0; Win64; x64) AppleWebKit/537.36 (KHTML, like Gecko) Chrome/143.0.0.0 Safari/537.36', '{"cookie":["dark_mode=0; XSRF-TOKEN=eyJpdiI6IkFMN3FVVzk4OVQvbm1majI0RXlkTnc9PSIsInZhbHVlIjoiZXVJMFRBbGlScmZoRXJXY0FURDFQM1RXMkZUQU91MkpTVHNVQ0h4SUhYZzBXdDNqNFNBbFViOEl6MzVVemlBVWpRakdxRWxzV2k0Ni94VWYrUzJGaVUvM3YwZW1sL21uS045UlZhSVEvcjd4ZGlRQnBOYlY1Y1FBZDNreERFUW8iLCJtYWMiOiIzZjVlNGY3ZmNhOTQ4ZTc2MDhlNzdlMDAzOGU1ODgzYjlhMGUwYWE2N2NkODhlZWM0NzEwMDcwOTk5YTM4ZjEyIiwidGFnIjoiIn0%3D; salem_store_session=eyJpdiI6IndnVnlVbHdtZWZUYXc2MkJ1c3l1UWc9PSIsInZhbHVlIjoiS0ZPUzltUit4VDVFUGJEOEljR3JjSm83S1BnNDA1MVZZZk1NYXRZN2NRd1dCUnRWWTVRc3FDWkFlODBLTlZqNnVwQ1JweWhDYzFKd3VTbTNEVUJ2U2N2c3IxTSs0SVhSN0FBWGswUFZPQmg1NmtnemhqTUFBS3NCMnBEdEdSblAiLCJtYWMiOiJhOTYwMGQzOGFiNjdmZDgyYmZhYjk0M2IyNzkzNGVhMzc0YWMyOGE2MzgyMjNlYTNhODA1YzU2ZjNhZTk1MmE3IiwidGFnIjoiIn0%3D"],"priority":["u=0, i"],"accept-language":["en-GB,en-US;q=0.9,en;q=0.8"],"accept-encoding":["gzip, deflate, br, zstd"],"referer":["https:\\/\\/salem-store.test\\/%D8%AC%D8%B1%D8%A7%D8%A8-%D8%B3%D9%8A%D9%84%D9%8A%D9%83%D9%88%D9%86"],"sec-fetch-dest":["document"],"sec-fetch-mode":["navigate"],"sec-fetch-site":["same-origin"],"accept":["text\\/html,application\\/xhtml+xml,application\\/xml;q=0.9,image\\/avif,image\\/webp,image\\/apng,*\\/*;q=0.8,application\\/signed-exchange;v=b3;q=0.7"],"sec-speculation-tags":["null"],"sec-purpose":["prefetch;prerender"],"user-agent":["Mozilla\\/5.0 (Windows NT 10.0; Win64; x64) AppleWebKit\\/537.36 (KHTML, like Gecko) Chrome\\/143.0.0.0 Safari\\/537.36"],"upgrade-insecure-requests":["1"],"sec-ch-ua-platform":["\\"Windows\\""],"sec-ch-ua-mobile":["?0"],"sec-ch-ua":["\\"Google Chrome\\";v=\\"143\\", \\"Chromium\\";v=\\"143\\", \\"Not A(Brand\\";v=\\"24\\""],"cache-control":["no-cache"],"pragma":["no-cache"],"host":["salem-store.test"]}', '', 'Windows', 'Chrome', '127.0.0.1', NULL, NULL, NULL, NULL, 1, '2026-01-09 19:33:53', '2026-01-09 19:33:53'), (83, 'GET', '[]', 'https://salem-store.test/pitaka', 'https://salem-store.test/%D8%A7%D8%BA%D8%B7%D9%8A%D8%A9-%D8%AC%D8%B1%D8%A7%D8%A8%D8%A7%D8%AA-%D8%A7%D9%84%D9%87%D9%88%D8%A7%D8%AA%D9%81', '[]', 'Mozilla/5.0 (Windows NT 10.0; Win64; x64) AppleWebKit/537.36 (KHTML, like Gecko) Chrome/143.0.0.0 Safari/537.36', '{"cookie":["dark_mode=0; XSRF-TOKEN=eyJpdiI6IkdCR3ZIVEpHdXAzMENqWGNtYmQzUGc9PSIsInZhbHVlIjoieW1CajhwN1FLeDRwWVB5TG8yUG80ZDk1MzJXQ3hnRHRnTDZXNXg4UEJXOHlTWm9VdFFCaG9ta045OHVRQnRwTzUra2NSVFZnR2RQUkVTRUtzYmdGT2pkUTZ5cklBTkxMUHFvUUUvRmwvTG0yeWdCNDJXNFhrYTh6cGRkYWgyaGIiLCJtYWMiOiI5YWJiYmYyYTVhMGQ3OGU3MDk2OTg4YjM5ZDcwZmU0ODBmMGU0MGZmYjQxMjgzZGNkNzliNWQyMzkwYjFhYzE3IiwidGFnIjoiIn0%3D; salem_store_session=eyJpdiI6IjdmRzVkUk1mN2RScnVINGI1WUl4Ync9PSIsInZhbHVlIjoiTkhYN3JSdDVVdkVFWHlkaW5QRm8vMDJGMGZvZW13K2pNR3JGMTVaaG9Ud0lZY0V5NEFPRzZNcUhweGY0Rkw3UW9vSWFUc0VVY1pqY1RyM1N4b2lSSkVKTHZ3bzRNUFpzKzQzZlhBeFVwQUM5Z0NBUVp5UmtqZDQ3RDQ3OUZDN0QiLCJtYWMiOiJlNDNjMTc0Njg5NGU0NmQ3N2RkNjYxMmMxYWQ4MjkwYTlkYWQ5NGFhYmQ4ZTRiM2JhNjZkMzI4MzI3YWUxMjNkIiwidGFnIjoiIn0%3D"],"priority":["u=0, i"],"accept-language":["en-GB,en-US;q=0.9,en;q=0.8"],"accept-encoding":["gzip, deflate, br, zstd"],"referer":["https:\\/\\/salem-store.test\\/%D8%A7%D8%BA%D8%B7%D9%8A%D8%A9-%D8%AC%D8%B1%D8%A7%D8%A8%D8%A7%D8%AA-%D8%A7%D9%84%D9%87%D9%88%D8%A7%D8%AA%D9%81"],"sec-fetch-dest":["document"],"sec-fetch-mode":["navigate"],"sec-fetch-site":["same-origin"],"accept":["text\\/html,application\\/xhtml+xml,application\\/xml;q=0.9,image\\/avif,image\\/webp,image\\/apng,*\\/*;q=0.8,application\\/signed-exchange;v=b3;q=0.7"],"sec-speculation-tags":["null"],"sec-purpose":["prefetch;prerender"],"user-agent":["Mozilla\\/5.0 (Windows NT 10.0; Win64; x64) AppleWebKit\\/537.36 (KHTML, like Gecko) Chrome\\/143.0.0.0 Safari\\/537.36"],"upgrade-insecure-requests":["1"],"sec-ch-ua-platform":["\\"Windows\\""],"sec-ch-ua-mobile":["?0"],"sec-ch-ua":["\\"Google Chrome\\";v=\\"143\\", \\"Chromium\\";v=\\"143\\", \\"Not A(Brand\\";v=\\"24\\""],"host":["salem-store.test"]}', '', 'Windows', 'Chrome', '127.0.0.1', 'Webkul\\Product\\Models\\Product', 2, NULL, NULL, 1, '2026-01-09 19:33:58', '2026-01-09 19:33:58'), (84, 'GET', '[]', 'https://salem-store.test/assets/logo.jpg', 'https://salem-store.test/admin/cms/create', '[]', 'Mozilla/5.0 (Windows NT 10.0; Win64; x64) AppleWebKit/537.36 (KHTML, like Gecko) Chrome/143.0.0.0 Safari/537.36', '{"cookie":["XSRF-TOKEN=eyJpdiI6IlIzNXJJMFpMSGR0L0hwNzJ5R0R5L1E9PSIsInZhbHVlIjoiN3JKNzJLNTY1ZkdwcTczdXR0R3dwdkd4bVlNM3ZRYmFBVUV4dHFjeGwybFNrZlRWZUJTQ2trNGZPRVI4aG9WRzdqMFhTN1NIREI0a08zV1VnZWo4ZWpQMEs4Z0VFdDQ4S1UvQWE3TWc0UVlEUnd4UzdTMC9WUTY0Mm0yblRaTnIiLCJtYWMiOiJmNGYzYjNkNTU4Yjc1YmFjODRmNTRmNjdlOTRlZWUwYWE4MzNlM2RkZGIzZTJkZGI5Y2VkZTBmOGQxOTAxY2UxIiwidGFnIjoiIn0%3D; salem_store_session=eyJpdiI6IjVHWXpNWTN1WVFwMTNremtCbi9KcHc9PSIsInZhbHVlIjoiaXppSStXTCtZM0xUcGR2aHd5MmUyZVVXVXVRdVMzZjdQWlFxNm5tWldObjNLdHMrSXNEYlptZE92NktxdnZJdFdQRHB5eFJ4SG96dzRBcDRiWWdWdHJSWUJQQ3B0RXNaMUZheFFSUG56bW5POUI2enduVmFDVjY3SDdDTklBY0kiLCJtYWMiOiJkNWE0Nzk0MWQyNmJjNjkzMjgzMzY0MDNhNzFkMjBiMmUyMzc2YmJhNDJlYjM1MDRmNDhiMzQyNTc4ODZmYTc0IiwidGFnIjoiIn0%3D"],"priority":["i"],"accept-language":["en-US,en;q=0.9"],"accept-encoding":["gzip, deflate, br, zstd"],"referer":["https:\\/\\/salem-store.test\\/admin\\/cms\\/create"],"sec-fetch-dest":["image"],"sec-fetch-mode":["no-cors"],"sec-fetch-site":["same-origin"],"accept":["image\\/avif,image\\/webp,image\\/apng,image\\/svg+xml,image\\/*,*\\/*;q=0.8"],"sec-ch-ua-mobile":["?0"],"sec-ch-ua":["\\"Google Chrome\\";v=\\"143\\", \\"Chromium\\";v=\\"143\\", \\"Not A(Brand\\";v=\\"24\\""],"user-agent":["Mozilla\\/5.0 (Windows NT 10.0; Win64; x64) AppleWebKit\\/537.36 (KHTML, like Gecko) Chrome\\/143.0.0.0 Safari\\/537.36"],"sec-ch-ua-platform":["\\"Windows\\""],"host":["salem-store.test"]}', '', 'Windows', 'Chrome', '127.0.0.1', NULL, NULL, NULL, NULL, 1, '2026-01-09 19:47:47', '2026-01-09 19:47:47'), (85, 'GET', '[]', 'https://salem-store.test/%D8%A7%D8%AC%D9%87%D8%B2%D8%A9-%D8%A7%D9%84%D9%83%D9%85%D8%A8%D9%8A%D9%88%D8%AA%D8%B1', 'https://salem-store.test/touch-me', '[]', 'Mozilla/5.0 (Windows NT 10.0; Win64; x64) AppleWebKit/537.36 (KHTML, like Gecko) Chrome/143.0.0.0 Safari/537.36', '{"cookie":["XSRF-TOKEN=eyJpdiI6Im85NUltM0VFZ1B4cEdtK0Zud0w5TEE9PSIsInZhbHVlIjoiRDAySzdpL2IvYWNybmlNMVVHSkliaE9SUVprdE1oYzNhYWlub2tPT2xoK0NMSEJ6WklIZWVnaTJBb1R4Q0Y1WVBEbldxYXZKN25QOGpTakZyTU51Nll5QXNzMWdSa2xkSkw0cnJOalUzOHI2RkhkajdwUWdlSjZvZG9UOGRuL0kiLCJtYWMiOiJhYjk5ZjIyYmQ4MTBmOTM4OGMxMjhmN2IyNTUzZjdjYWNkZDk1NDk1NGUzMjZhOGQyNzQyY2ZhZDQ5YjZmNTAzIiwidGFnIjoiIn0%3D; salem_store_session=eyJpdiI6IlZzb3RPejRCWFZ2M2xLMFk3ekJTV1E9PSIsInZhbHVlIjoiRloxc3JNRy82YWRMQjJqVHFyWDNUZ1dtankzQWpEZFpQL3ltaW5zemVEcU4ycWpUMmVMWlQxazRmem1CYXlQazRiaUlzekwrcWpJTUJoSk1mMkhyNXlpR0hxdGxqeklmdDU4WEdPcEl3aW1XdUI1UTJtcUdPOWZlZFI3S1V5R1QiLCJtYWMiOiIxMDQxN2I1NzdmZmFiOWIzODU1ZmI1ZDAzMTVmZDkyZTkwYWU0Njk4ZjM1ZGYzNDRiMjczODRiNzVhNzFjZjY1IiwidGFnIjoiIn0%3D"],"priority":["u=0, i"],"accept-language":["en-US,en;q=0.9"],"accept-encoding":["gzip, deflate, br, zstd"],"referer":["https:\\/\\/salem-store.test\\/touch-me"],"sec-fetch-dest":["document"],"sec-fetch-mode":["navigate"],"sec-fetch-site":["same-origin"],"accept":["text\\/html,application\\/xhtml+xml,application\\/xml;q=0.9,image\\/avif,image\\/webp,image\\/apng,*\\/*;q=0.8,application\\/signed-exchange;v=b3;q=0.7"],"sec-speculation-tags":["null"],"sec-purpose":["prefetch;prerender"],"user-agent":["Mozilla\\/5.0 (Windows NT 10.0; Win64; x64) AppleWebKit\\/537.36 (KHTML, like Gecko) Chrome\\/143.0.0.0 Safari\\/537.36"],"upgrade-insecure-requests":["1"],"sec-ch-ua-platform":["\\"Windows\\""],"sec-ch-ua-mobile":["?0"],"sec-ch-ua":["\\"Google Chrome\\";v=\\"143\\", \\"Chromium\\";v=\\"143\\", \\"Not A(Brand\\";v=\\"24\\""],"host":["salem-store.test"]}', '', 'Windows', 'Chrome', '127.0.0.1', 'Webkul\\Category\\Models\\Category', 9, NULL, NULL, 1, '2026-01-09 21:20:27', '2026-01-09 21:20:27'), (86, 'GET', '[]', 'https://salem-store.test/%D8%A7%D9%84%D9%83%D9%85%D8%A8%D9%8A%D9%88%D8%AA%D8%B1-%D8%A7%D9%84%D9%85%D9%83%D8%AA%D8%A8%D9%8A', 'https://salem-store.test/touch-me', '[]', 'Mozilla/5.0 (Windows NT 10.0; Win64; x64) AppleWebKit/537.36 (KHTML, like Gecko) Chrome/143.0.0.0 Safari/537.36', '{"cookie":["dark_mode=0; XSRF-TOKEN=eyJpdiI6InhLSnNDK0FZSGdyTjJuc08rTEZOU2c9PSIsInZhbHVlIjoiSFRTa3JwTGNBM2w2bXArQVNFeW1NYUl4R0FmeFk4UExsbDZOTmNUNjhHYVFJTnB3bGFGSDFTelV3VDFVOUNMNVlaQXdmSVc2VlBJZW5wWjFTaTBHMGZpU1V6NG9TTlpUcENiNVREWlRQQWRrdkxxNVJOL2tjanNqRDJ4UEpmQy8iLCJtYWMiOiI3NTliYTAyMjNjODVjMWNlOGNkZjIyZDIxYThmMDg0MGYxYTQ4YWEyODg0NzJmNDYxZTgxYTBhMmRiZjQ5MjE5IiwidGFnIjoiIn0%3D; salem_store_session=eyJpdiI6ImZRM3hJNVZMMW5vWXBVazUyd0RyRnc9PSIsInZhbHVlIjoiYVBwQWU3R3FCMkNXQ1NFYmp2NlFOL0ZtTEd4UzdvRUtMV2R4cXYrbWlTUjB3KzlQcmlRU3M1N2RUQVFjUTNzVXNlRWJ5dmhSOHYzWlZYSDRvbW15Zlg2RUVzeTR1SnB4dzFXTFV4cmowQ1FmLzVERXU3U0MvTHNORUdGV1FhckoiLCJtYWMiOiIxZDI3ZjZkOWRhOTM2YTUxMWRhOWFkMDBkNGE4ZThjYTZiYmY1MTFhZWYwODE4NjlhMjAzNTE5ZmM2N2NmNjJlIiwidGFnIjoiIn0%3D"],"priority":["u=0, i"],"accept-language":["en-GB,en-US;q=0.9,en;q=0.8"],"accept-encoding":["gzip, deflate, br, zstd"],"referer":["https:\\/\\/salem-store.test\\/touch-me"],"sec-fetch-dest":["document"],"sec-fetch-mode":["navigate"],"sec-fetch-site":["same-origin"],"accept":["text\\/html,application\\/xhtml+xml,application\\/xml;q=0.9,image\\/avif,image\\/webp,image\\/apng,*\\/*;q=0.8,application\\/signed-exchange;v=b3;q=0.7"],"sec-speculation-tags":["null"],"sec-purpose":["prefetch;prerender"],"user-agent":["Mozilla\\/5.0 (Windows NT 10.0; Win64; x64) AppleWebKit\\/537.36 (KHTML, like Gecko) Chrome\\/143.0.0.0 Safari\\/537.36"],"upgrade-insecure-requests":["1"],"sec-ch-ua-platform":["\\"Windows\\""],"sec-ch-ua-mobile":["?0"],"sec-ch-ua":["\\"Google Chrome\\";v=\\"143\\", \\"Chromium\\";v=\\"143\\", \\"Not A(Brand\\";v=\\"24\\""],"cache-control":["no-cache"],"pragma":["no-cache"],"host":["salem-store.test"]}', '', 'Windows', 'Chrome', '127.0.0.1', 'Webkul\\Category\\Models\\Category', 10, NULL, NULL, 1, '2026-01-09 21:26:45', '2026-01-09 21:26:45'), (87, 'GET', '{"herd":"preview"}', 'https://salem-store.test', NULL, '[]', 'Mozilla/5.0 (Windows NT 10.0; Win64; x64) AppleWebKit/537.36 (KHTML, like Gecko) Herd/1.24.0 Chrome/120.0.6099.291 Electron/28.2.5 Safari/537.36', '{"accept-language":["en-US"],"accept-encoding":["gzip, deflate, br"],"sec-fetch-dest":["iframe"],"sec-fetch-user":["?1"],"sec-fetch-mode":["navigate"],"sec-fetch-site":["cross-site"],"accept":["text\\/html,application\\/xhtml+xml,application\\/xml;q=0.9,image\\/avif,image\\/webp,image\\/apng,*\\/*;q=0.8,application\\/signed-exchange;v=b3;q=0.7"],"user-agent":["Mozilla\\/5.0 (Windows NT 10.0; Win64; x64) AppleWebKit\\/537.36 (KHTML, like Gecko) Herd\\/1.24.0 Chrome\\/120.0.6099.291 Electron\\/28.2.5 Safari\\/537.36"],"upgrade-insecure-requests":["1"],"host":["salem-store.test"]}', '', 'Windows', 'Chrome', '127.0.0.1', NULL, NULL, NULL, NULL, 1, '2026-02-06 23:03:53', '2026-02-06 23:03:53'), (88, 'GET', '[]', 'https://salem-store.test/%D8%A7%D9%84%D9%87%D9%88%D8%A7%D8%AA%D9%81-%D8%A7%D9%84%D9%85%D8%AD%D9%85%D9%88%D9%84%D8%A9', 'https://salem-store.test/', '[]', 'Mozilla/5.0 (Windows NT 10.0; Win64; x64) AppleWebKit/537.36 (KHTML, like Gecko) Chrome/144.0.0.0 Safari/537.36', '{"cookie":["XSRF-TOKEN=eyJpdiI6IklZWitYT0U4c0NFTVlrUFlDTnB6d0E9PSIsInZhbHVlIjoiVWRpS3hqOENnb2JySWQ4T2Y5Zm1vbWFoSzFaTDdDWERRQmp2QUJBUkQwcWVER3lOemRYM1RyaGFqLytVMSt3N3R3Y3lNbG9JeVdQaHBOTWFVbGVUa0tyN3lrUGxPMGdmb2tJSk5HYkhLUFdaSjJQODlLQk8zek12aWRMOEZBOGMiLCJtYWMiOiI2OGM4Mjg4ZmZiY2U2ODFjMDBhNzI0ZjViYTFhMzg2NDI4Yjc4YjczMmZiM2RkYmFjMzU2NzdiNzYxODdhNTk0IiwidGFnIjoiIn0%3D; salem_store_session=eyJpdiI6Inl5WnRKUFFDaU1SQkd0cERxcnJLOXc9PSIsInZhbHVlIjoiTDlIUCtvYm02Y0ltTFJlNkZUTUc0RXBuQUlaSUNkMlZqR0NuS3FwYkRGQ2tEQ0ZpMERKTFplb1Z3cTRMVUFxZ08rSTZLbEZyOVdnVUFzd2E0bnJ2Y2w0WmUwb2cxQ2x0VXk0cEE1cytpOUV6bEQ3WGQ2TGFvK0NuUHoyRS95S0QiLCJtYWMiOiJkZjVjYmNhZjY2NDBlNTAzOTY3OWVjNWYwNmM4ZjE3MTg1ZDZkNzk5NDBiNTgwZmNkZmRmY2Q3MmVlYjVkYjU5IiwidGFnIjoiIn0%3D"],"priority":["u=2, i"],"accept-language":["en-GB,en-US;q=0.9,en;q=0.8"],"accept-encoding":["gzip, deflate, br, zstd"],"user-agent":["Mozilla\\/5.0 (Windows NT 10.0; Win64; x64) AppleWebKit\\/537.36 (KHTML, like Gecko) Chrome\\/144.0.0.0 Safari\\/537.36"],"referer":["https:\\/\\/salem-store.test\\/"],"sec-fetch-dest":["document"],"sec-fetch-mode":["navigate"],"sec-fetch-site":["none"],"sec-ch-ua-platform":["\\"Windows\\""],"sec-ch-ua-mobile":["?0"],"sec-ch-ua":["\\"Not(A:Brand\\";v=\\"8\\", \\"Chromium\\";v=\\"144\\", \\"Google Chrome\\";v=\\"144\\""],"sec-speculation-tags":["null"],"upgrade-insecure-requests":["1"],"sec-purpose":["prefetch;prerender"],"accept":["text\\/html,application\\/xhtml+xml,application\\/xml;q=0.9,image\\/avif,image\\/webp,image\\/apng,*\\/*;q=0.8,application\\/signed-exchange;v=b3;q=0.7"],"host":["salem-store.test"]}', '', 'Windows', 'Chrome', '127.0.0.1', 'Webkul\\Category\\Models\\Category', 2, NULL, NULL, 1, '2026-02-06 23:06:29', '2026-02-06 23:06:29'), (89, 'GET', '[]', 'https://salem-store.test/%D8%A7%D8%AC%D9%87%D8%B2%D8%A9-%D8%A7%D9%84%D9%83%D9%85%D8%A8%D9%8A%D9%88%D8%AA%D8%B1', 'https://salem-store.test/', '[]', 'Mozilla/5.0 (Windows NT 10.0; Win64; x64) AppleWebKit/537.36 (KHTML, like Gecko) Chrome/144.0.0.0 Safari/537.36', '{"cookie":["XSRF-TOKEN=eyJpdiI6Im03ZEZPL3d3NWpvTzdRb2tHRFFrSWc9PSIsInZhbHVlIjoiUHNTZTdkdGQ1ekpJNmw1S1dWTFYvRGFuNmtZeEFMYUtZS1dmbmNNVVdINnBxSGRrMjNwR1dRSmVMZFYybjM3Z1Ric2t5cERVVSs0NkdTQnBtUm10U3Y4US91ZGJpbG1ycnQyV012d3lTZWd2SUoxY1h2MHFMbDR5dXM0MkNBVkMiLCJtYWMiOiIwMmEyNjMwMTMyZTdiODJjOTRhMjE5N2E0MjljY2NjNDM1NjEwY2E0Y2NjZGRiYTJjMmM3NWM5NDczZTI5NjQzIiwidGFnIjoiIn0%3D; salem_store_session=eyJpdiI6IkVWMStUdlNEVm5EQXl0RnFPS0VSa0E9PSIsInZhbHVlIjoiWnVLZnE3VDdveWJ5K2dkRU1WeDV4SmI4ejE5SVRuNG1xUndrYmppQjk5UXd4WVJ3NE1rUnpiZVRhZURzSUVjZkVoZjdNWjlHK3djLzBiZVdEdzhpMUJ0NlZWTnVhZFVYa1pBVUIrQXpBZ0Exd000T2dRR0QzVDVZNFQxcWtQN1AiLCJtYWMiOiI5MjdhMWY2MzM2YjYwZGJlMzA2OTA0ZWFhNjkzYmNkY2ZhMTliZGI1ODY3NzZjMjU2MmQyNzgwMDJmNGNmZTJlIiwidGFnIjoiIn0%3D"],"priority":["u=2, i"],"accept-language":["en-GB,en-US;q=0.9,en;q=0.8"],"accept-encoding":["gzip, deflate, br, zstd"],"user-agent":["Mozilla\\/5.0 (Windows NT 10.0; Win64; x64) AppleWebKit\\/537.36 (KHTML, like Gecko) Chrome\\/144.0.0.0 Safari\\/537.36"],"referer":["https:\\/\\/salem-store.test\\/"],"sec-fetch-dest":["document"],"sec-fetch-mode":["navigate"],"sec-fetch-site":["none"],"sec-ch-ua-platform":["\\"Windows\\""],"sec-ch-ua-mobile":["?0"],"sec-ch-ua":["\\"Not(A:Brand\\";v=\\"8\\", \\"Chromium\\";v=\\"144\\", \\"Google Chrome\\";v=\\"144\\""],"sec-speculation-tags":["null"],"upgrade-insecure-requests":["1"],"sec-purpose":["prefetch;prerender"],"accept":["text\\/html,application\\/xhtml+xml,application\\/xml;q=0.9,image\\/avif,image\\/webp,image\\/apng,*\\/*;q=0.8,application\\/signed-exchange;v=b3;q=0.7"],"host":["salem-store.test"]}', '', 'Windows', 'Chrome', '127.0.0.1', 'Webkul\\Category\\Models\\Category', 9, NULL, NULL, 1, '2026-02-06 23:06:31', '2026-02-06 23:06:31'), (90, 'GET', '[]', 'https://salem-store.test/%D8%AC%D8%B1%D8%A7%D8%A8-%D8%B3%D9%8A%D9%84%D9%8A%D9%83%D9%88%D9%86', 'https://salem-store.test/', '[]', 'Mozilla/5.0 (Windows NT 10.0; Win64; x64) AppleWebKit/537.36 (KHTML, like Gecko) Chrome/144.0.0.0 Safari/537.36', '{"cookie":["XSRF-TOKEN=eyJpdiI6IlVmMk0rWmVHVWdqY2NWU29DUk04R0E9PSIsInZhbHVlIjoiVG5YMjFKaXEvMW1wZ3loTDkzYVBRRmNaRmI5TUViYW9IdjNFSHZ3NEdGaThGZUptcXZmc3lodkl2MkxpOHBKUEkrTmo0SDRxZE1DcDFPQ0xjS1JPRHhkMGJMQkFJdnJaMWJzVm1zTUpLVWxHOGprZnVKRVlWN2lwdVRkWXdVdVIiLCJtYWMiOiIwYzBjN2E4MGQ1ZWU4NTgwYjQzMGUzMWYwNGRmOWY0MThiMmFmZDMzYzI0Zjg5ZmIzZGNmNGZkOGNiYTZiMDE1IiwidGFnIjoiIn0%3D; salem_store_session=eyJpdiI6Inp6NWFReXB4dDkwZS81NEtLZVdoMHc9PSIsInZhbHVlIjoieUhjcHk4dDB6S2dNZ1pQdDNGbks0OUV5YVR4ZHBURFZMQ09odDdzR2cvRjd5WjFXL1lST2VXcDRTWkYyVmJzRFlUWTdGclkrVGZBMStGOTBmWGRTamxLYlpDUDU3bDFFMmt1a1hxeVM4Tm8rOXE1a2RHejM4ZjJrR0VqRytLZnEiLCJtYWMiOiJkOWViMjJjMzI5ZTc1MzdhNjkwOGQyMTM2ZGJhN2ZkOGI1NzUzNjNkZTA1NzQ0OWQwOWYzYzZiNzgyOTZlOWUwIiwidGFnIjoiIn0%3D"],"priority":["u=2, i"],"accept-language":["en-GB,en-US;q=0.9,en;q=0.8"],"accept-encoding":["gzip, deflate, br, zstd"],"user-agent":["Mozilla\\/5.0 (Windows NT 10.0; Win64; x64) AppleWebKit\\/537.36 (KHTML, like Gecko) Chrome\\/144.0.0.0 Safari\\/537.36"],"referer":["https:\\/\\/salem-store.test\\/"],"sec-fetch-dest":["document"],"sec-fetch-mode":["navigate"],"sec-fetch-site":["none"],"sec-ch-ua-platform":["\\"Windows\\""],"sec-ch-ua-mobile":["?0"],"sec-ch-ua":["\\"Not(A:Brand\\";v=\\"8\\", \\"Chromium\\";v=\\"144\\", \\"Google Chrome\\";v=\\"144\\""],"sec-speculation-tags":["null"],"upgrade-insecure-requests":["1"],"sec-purpose":["prefetch;prerender"],"accept":["text\\/html,application\\/xhtml+xml,application\\/xml;q=0.9,image\\/avif,image\\/webp,image\\/apng,*\\/*;q=0.8,application\\/signed-exchange;v=b3;q=0.7"],"host":["salem-store.test"]}', '', 'Windows', 'Chrome', '127.0.0.1', 'Webkul\\Product\\Models\\Product', 43, NULL, NULL, 1, '2026-02-06 23:53:08', '2026-02-06 23:53:08'), (91, 'GET', '[]', 'https://salem-store.test', 'https://salem-store.test/touch-me', '[]', 'Mozilla/5.0 (Windows NT 10.0; Win64; x64) AppleWebKit/537.36 (KHTML, like Gecko) Chrome/144.0.0.0 Safari/537.36', '{"cookie":["XSRF-TOKEN=eyJpdiI6IitDZnpsZzI1QzFQdW16azlKQzI4aVE9PSIsInZhbHVlIjoidUMraHJKckNlNEg5STN0YVptZ1QxRGtHbEpmNmNqYmVZenI0NnNVU2ZvcnExZzdXb1Z3Q2I5OTQyRmVzdHlqWkJqTGNvWDFua3VLYnRCS0Faa3cydUZueURHMG5MK01QWjNESVRNb1pmYmlrV2ZJR0NWeUFGWXp5aDRnc1pDTlkiLCJtYWMiOiIwMGUyNWI1ZGQ0MWJhNmE1MTdkMmI4ZTAzN2NkN2U5MzBhYTU1NjA2OGRkNGE0OTNiODk5ZDE4NDczMzcyZTRhIiwidGFnIjoiIn0%3D; salem_store_session=eyJpdiI6ImxCT0ZRTGh4UGFpM1V2TU11dWtaUGc9PSIsInZhbHVlIjoiOWFXbHJLMkVLaVNjWEtDUExDNUUzTWEyQVV4NTlsRm01bzA2NjNvSUFXYTR3MjJFcXdJY3lSZFd0eEF6R05wdVNKZ3NZV2ZpVEs4bDBnOFFiMFJ4UzZCci84MHFmdVNPZ3BiZ1M4MVpwOVZubFUyZ3hZRkFDVFBXVEtZM1BhZGMiLCJtYWMiOiIzMjBhYmQzZTdmYzlhMWVhM2UyYjEwOTU0ZmE0MWMzYmMxMWY3ZTViMTZkOWM5MzE0NjQ1MWFiYjMzODFlNjYzIiwidGFnIjoiIn0%3D"],"priority":["u=0, i"],"accept-language":["en-GB,en-US;q=0.9,en;q=0.8"],"accept-encoding":["gzip, deflate, br, zstd"],"referer":["https:\\/\\/salem-store.test\\/touch-me"],"sec-fetch-dest":["document"],"sec-fetch-user":["?1"],"sec-fetch-mode":["navigate"],"sec-fetch-site":["same-origin"],"accept":["text\\/html,application\\/xhtml+xml,application\\/xml;q=0.9,image\\/avif,image\\/webp,image\\/apng,*\\/*;q=0.8,application\\/signed-exchange;v=b3;q=0.7"],"user-agent":["Mozilla\\/5.0 (Windows NT 10.0; Win64; x64) AppleWebKit\\/537.36 (KHTML, like Gecko) Chrome\\/144.0.0.0 Safari\\/537.36"],"upgrade-insecure-requests":["1"],"sec-ch-ua-platform":["\\"Windows\\""],"sec-ch-ua-mobile":["?0"],"sec-ch-ua":["\\"Not(A:Brand\\";v=\\"8\\", \\"Chromium\\";v=\\"144\\", \\"Google Chrome\\";v=\\"144\\""],"cache-control":["no-cache"],"pragma":["no-cache"],"host":["salem-store.test"]}', '', 'Windows', 'Chrome', '127.0.0.1', NULL, NULL, NULL, NULL, 1, '2026-02-07 00:04:56', '2026-02-07 00:04:56'), (92, 'GET', '[]', 'https://salem-store.test/%D8%A7%D9%84%D9%87%D9%88%D8%A7%D8%AA%D9%81-%D8%A7%D9%84%D9%85%D8%AD%D9%85%D9%88%D9%84%D8%A9', 'https://salem-store.test/', '[]', 'Mozilla/5.0 (Windows NT 10.0; Win64; x64) AppleWebKit/537.36 (KHTML, like Gecko) Chrome/144.0.0.0 Safari/537.36', '{"cookie":["XSRF-TOKEN=eyJpdiI6IlVOQ3BmRXp2Vit2ZGtqa3VpNlF6cGc9PSIsInZhbHVlIjoiR1BaV1FGbXEwKytPV05YNWJhUkVOTGlOVnZZTm5vMWE2UktyOXQrMFVSbncxbXdkS3Q2NDhNa1VFYXp2elJGQnhsMmVKbUh0L2ExRGovU2RwY0FmaGlwUm9pNnFQcnh5U3U4QUxYV2F6NkwvdVgrZnRSbmI5QWoxUGRKN2tFQzciLCJtYWMiOiI3Zjk1ZDY1MzE3ZjUyNWU1N2Y2YTZkZDE5MDU4YTM4MTc5MjEyMDdmMTQ0MTljYjgyYjRmMTg2Y2RmYzk4OGQ4IiwidGFnIjoiIn0%3D; salem_store_session=eyJpdiI6IkJWZVpnb3UrRGQ0VmZ2d3lSUVVaM1E9PSIsInZhbHVlIjoiNXJvNUwrNDU4R3R1UHJTaXd6cGI2Ylh4YkVFN3h4amJRM21Wc3RoVGpyY1NORmcrTUFtMHhDVmJ3MllRMjgrb2RmcnI5ZUxYNEFabnNXMlVCREJBWjRsQXVLQnZnNEc5S1pJYUI2S1BiZm1KWEFsYTlGNmRxbEgyb0ZsZkt1dkkiLCJtYWMiOiI5NDUyYjFmNjZlMmVmYmRiYTQ4OTNiYmYzOGZkOWNmNWVjMjRhMjRhZTBkMWEzY2RlZjljODMzM2EwZjM5Zjc5IiwidGFnIjoiIn0%3D"],"priority":["u=2, i"],"accept-language":["en-GB,en-US;q=0.9,en;q=0.8"],"accept-encoding":["gzip, deflate, br, zstd"],"user-agent":["Mozilla\\/5.0 (Windows NT 10.0; Win64; x64) AppleWebKit\\/537.36 (KHTML, like Gecko) Chrome\\/144.0.0.0 Safari\\/537.36"],"referer":["https:\\/\\/salem-store.test\\/"],"sec-fetch-dest":["document"],"sec-fetch-mode":["navigate"],"sec-fetch-site":["none"],"sec-ch-ua-platform":["\\"Windows\\""],"sec-ch-ua-mobile":["?0"],"sec-ch-ua":["\\"Not(A:Brand\\";v=\\"8\\", \\"Chromium\\";v=\\"144\\", \\"Google Chrome\\";v=\\"144\\""],"sec-speculation-tags":["null"],"upgrade-insecure-requests":["1"],"sec-purpose":["prefetch;prerender"],"accept":["text\\/html,application\\/xhtml+xml,application\\/xml;q=0.9,image\\/avif,image\\/webp,image\\/apng,*\\/*;q=0.8,application\\/signed-exchange;v=b3;q=0.7"],"host":["salem-store.test"]}', '', 'Windows', 'Chrome', '127.0.0.1', 'Webkul\\Category\\Models\\Category', 2, NULL, NULL, 1, '2026-02-07 00:09:09', '2026-02-07 00:09:09'), (93, 'GET', '[]', 'https://salem-store.test/%D8%A7%D8%AC%D9%87%D8%B2%D8%A9-%D8%A7%D9%84%D9%83%D9%85%D8%A8%D9%8A%D9%88%D8%AA%D8%B1', 'https://salem-store.test/', '[]', 'Mozilla/5.0 (Windows NT 10.0; Win64; x64) AppleWebKit/537.36 (KHTML, like Gecko) Chrome/144.0.0.0 Safari/537.36', '{"cookie":["XSRF-TOKEN=eyJpdiI6InRkSmEwckk0ckREQzJrWUFGZW1rM3c9PSIsInZhbHVlIjoiL3RDUzRMdG9MeHhsY2o1aXFFNTZRYml6enY5N1E2ZHJ1ZWJjbDQvWTlLajcvWENXc2l0OHpnRmtsS09VL1ZLcEQyakd3WnVuU3dldUlueVdmZFprSEVhQUVJTU5ZbTIyZGgrTkF3TXpuOU14M3dvZVVLNld4RWJMOFIxaXRrQTMiLCJtYWMiOiI2MjI4MWRkOWU2MDFlMjI5NThiYTEyNjg4ZDI0NWRkZWYzNjEzYzUyOTQxN2FhN2YxYmIzZjBkMzA3ZDFhNDAxIiwidGFnIjoiIn0%3D; salem_store_session=eyJpdiI6InVwd2lVbkNFajBVZk56WkhsOTZEeWc9PSIsInZhbHVlIjoiQzQ4ZnBudU4vMndTcE54bTlwUmJXeHNycjVkZHpVdjNsVlJoSXlRK2NmOHdxTCt4TGM2d3ZlaCtmTDBhNWdJMFowbFFWQzVtWDJzV1NXaUNUbm1YSW9EdEpQZlpmRVdkSzgwcWozVUxqNTBqd1dEQWRmeGpRbFlwT3ppNFhWVXciLCJtYWMiOiJhMjEzMzM4YzdlMGQ3MjJhYzRiNjZkMjRiM2MzZmIxYjk2MzIxMjM3ZTJiM2E3MmU1YmZkOGJhNjNiZmRhZTg5IiwidGFnIjoiIn0%3D"],"priority":["u=2, i"],"accept-language":["en-GB,en-US;q=0.9,en;q=0.8"],"accept-encoding":["gzip, deflate, br, zstd"],"user-agent":["Mozilla\\/5.0 (Windows NT 10.0; Win64; x64) AppleWebKit\\/537.36 (KHTML, like Gecko) Chrome\\/144.0.0.0 Safari\\/537.36"],"referer":["https:\\/\\/salem-store.test\\/"],"sec-fetch-dest":["document"],"sec-fetch-mode":["navigate"],"sec-fetch-site":["none"],"sec-ch-ua-platform":["\\"Windows\\""],"sec-ch-ua-mobile":["?0"],"sec-ch-ua":["\\"Not(A:Brand\\";v=\\"8\\", \\"Chromium\\";v=\\"144\\", \\"Google Chrome\\";v=\\"144\\""],"sec-speculation-tags":["null"],"upgrade-insecure-requests":["1"],"sec-purpose":["prefetch;prerender"],"accept":["text\\/html,application\\/xhtml+xml,application\\/xml;q=0.9,image\\/avif,image\\/webp,image\\/apng,*\\/*;q=0.8,application\\/signed-exchange;v=b3;q=0.7"],"host":["salem-store.test"]}', '', 'Windows', 'Chrome', '127.0.0.1', 'Webkul\\Category\\Models\\Category', 9, NULL, NULL, 1, '2026-02-07 00:09:10', '2026-02-07 00:09:10'), (94, 'GET', '[]', 'https://salem-store.test/%D8%A7%D9%84%D9%87%D9%88%D8%A7%D8%AA%D9%81-%D8%A7%D9%84%D8%A7%D8%B3%D8%A7%D8%B3%D9%8A%D8%A9', 'https://salem-store.test/', '[]', 'Mozilla/5.0 (Windows NT 10.0; Win64; x64) AppleWebKit/537.36 (KHTML, like Gecko) Chrome/144.0.0.0 Safari/537.36', '{"cookie":["XSRF-TOKEN=eyJpdiI6ImNCWmZQS1d1M2VQZWZVRlhBZ1ZxQUE9PSIsInZhbHVlIjoiaS92TEJhdVE2OENSQjBhQ0cyb0lIMVVKK2hhczNXTGJKdUIrNEx5b0RBc1BkNEZwcjZ4NG93cks0a0NuWlJCYnZpOHhPQkZjWkVWRVg2OHQyQnN2S0UxN1M4OVloWFVWeTEwbS8xVjNhSEJ3S1VYTmR4WVlJSWFmMW9QOUtQZXIiLCJtYWMiOiJkYzJjYTY4ODE4Zjk1ZmMwMzg0NGE3MjJlZDMwYWNjZjBiNzA2NWIxNDQ3YmMzYmFjNWYwZTg3YWY1ZTI5YTkzIiwidGFnIjoiIn0%3D; salem_store_session=eyJpdiI6Ii9XcHZFNmh0V2gxaHNrR1ZndFIrU1E9PSIsInZhbHVlIjoiUWg1OWNXRlU5Yk1qaUlDUnBNVHBLUnJpZHJ4d2VPRUptRnlTL0N3ZW00ZURPYVVvZWlrbUhtVHlJN2lpRTZ3dGhyQ3BIeDMva1dtSlBPS1JtaE9vWnE5NHBEaXpocjhkZXM0Uld1c2UxK1dNckV1OTFSbk4rQzFtbnRHSXFYMWUiLCJtYWMiOiI3MTYwNTExMWZlNWRkMTdhNzA4NzYzZjJjNjc5OTA2MTI1MWY2OGFkZGMzMTJlNjQ5YjU4MDM3NDA5MzMwMTFhIiwidGFnIjoiIn0%3D"],"priority":["u=2, i"],"accept-language":["en-GB,en-US;q=0.9,en;q=0.8"],"accept-encoding":["gzip, deflate, br, zstd"],"user-agent":["Mozilla\\/5.0 (Windows NT 10.0; Win64; x64) AppleWebKit\\/537.36 (KHTML, like Gecko) Chrome\\/144.0.0.0 Safari\\/537.36"],"referer":["https:\\/\\/salem-store.test\\/"],"sec-fetch-dest":["document"],"sec-fetch-mode":["navigate"],"sec-fetch-site":["none"],"sec-ch-ua-platform":["\\"Windows\\""],"sec-ch-ua-mobile":["?0"],"sec-ch-ua":["\\"Not(A:Brand\\";v=\\"8\\", \\"Chromium\\";v=\\"144\\", \\"Google Chrome\\";v=\\"144\\""],"sec-speculation-tags":["null"],"upgrade-insecure-requests":["1"],"sec-purpose":["prefetch;prerender"],"accept":["text\\/html,application\\/xhtml+xml,application\\/xml;q=0.9,image\\/avif,image\\/webp,image\\/apng,*\\/*;q=0.8,application\\/signed-exchange;v=b3;q=0.7"],"host":["salem-store.test"]}', '', 'Windows', 'Chrome', '127.0.0.1', 'Webkul\\Category\\Models\\Category', 4, NULL, NULL, 1, '2026-02-07 00:09:24', '2026-02-07 00:09:24'), (95, 'GET', '[]', 'https://salem-store.test/themes/shop/default/build/assets/app-HkWh6q-M.css', 'https://salem-store.test/', '[]', 'Mozilla/5.0 (Windows NT 10.0; Win64; x64) AppleWebKit/537.36 (KHTML, like Gecko) Chrome/144.0.0.0 Safari/537.36', '{"cookie":["XSRF-TOKEN=eyJpdiI6InM4QXhIVG16bkFsdXRyTnFHMVRrVnc9PSIsInZhbHVlIjoiWE85VGpZc0llMFgwVEtZb2YvSWZ1VURESWxRZnRmd2MxMSswR1RqbnoxRTJpc2U5bnloWDZGL2JIUjBtUFNKdzQ1ZnFJVTRtNmNwWlVHNXMycm5PRk1UWnNna2NTWFF6LzRScnlyOGhuUUhyVzY4RlQwZGQrb0lFYnBCLzhHK3EiLCJtYWMiOiI0ZjgwYzRhZDE3NWJhMGUxNzZmOWY0NzlkZWJmODJlYmJkZTZmZGE0YWQxNmI0YmMxMzE4ZWRjNDBmM2U0NWYyIiwidGFnIjoiIn0%3D; salem_store_session=eyJpdiI6IkFkc0NGTElVcGcrSGYxVWtQY2s1ZlE9PSIsInZhbHVlIjoiNzNKelJLUXN5YmFjVjBRRkNaTEdtRW9mc1ozcWQ4ckgzdnVKNlZkaUNzc1pLaG1KbHUrWExZTksvaTRqVCtrenR3RzVkeWxnWkhjNGtNajdDMWNCdi82cTh6bjI5TlFXaDRHL3V2eFF2QThEUnd5STl0MGc1bi9ldjhqZVFYMkYiLCJtYWMiOiJmMzZiZTE3Yzk4ZDNjYzBjZDBkMzc3ZjUwNmZmODc5YjdlZTM5OWU1MmJmNzE0NTZmYjNkMDYyZWZmNjJhYWI0IiwidGFnIjoiIn0%3D"],"priority":["u=0"],"accept-language":["en-GB,en-US;q=0.9,en;q=0.8"],"accept-encoding":["gzip, deflate, br, zstd"],"referer":["https:\\/\\/salem-store.test\\/"],"sec-fetch-dest":["style"],"sec-fetch-mode":["no-cors"],"sec-fetch-site":["same-origin"],"accept":["text\\/css,*\\/*;q=0.1"],"sec-ch-ua-mobile":["?0"],"sec-ch-ua":["\\"Not(A:Brand\\";v=\\"8\\", \\"Chromium\\";v=\\"144\\", \\"Google Chrome\\";v=\\"144\\""],"user-agent":["Mozilla\\/5.0 (Windows NT 10.0; Win64; x64) AppleWebKit\\/537.36 (KHTML, like Gecko) Chrome\\/144.0.0.0 Safari\\/537.36"],"sec-ch-ua-platform":["\\"Windows\\""],"cache-control":["no-cache"],"pragma":["no-cache"],"host":["salem-store.test"]}', '', 'Windows', 'Chrome', '127.0.0.1', NULL, NULL, NULL, NULL, 1, '2026-02-07 00:17:29', '2026-02-07 00:17:29'), (96, 'GET', '[]', 'https://salem-store.test/%D8%A7%D9%84%D9%84%D8%A7%D8%A8%D8%AA%D9%88%D8%A8', 'https://salem-store.test/', '[]', 'Mozilla/5.0 (Windows NT 10.0; Win64; x64) AppleWebKit/537.36 (KHTML, like Gecko) Chrome/144.0.0.0 Safari/537.36', '{"cookie":["XSRF-TOKEN=eyJpdiI6IjJ0eGNBbk5zNE93WHN4NXlMN0tPS1E9PSIsInZhbHVlIjoiaWhQVUt5emQyeFRGbVRkR1c0U0ovbUYvNXc1OUJ3ZHdzZ2JwWXpDdTVUQXdsWCt2b0IzSEJJTEpIamREQWxiQ1dxUy9MVTg0VXZDYTlCbWR5NVlhdmh2UHhZblN0cnZjc1BlWGJUbzRYWTA3Z0c1aUxqWERPNzVTYXJCWnFKQmwiLCJtYWMiOiI4ODg5MmNhYTg0MWJmNjM2OWZjNDBiMzRlMTFhNGQ1YTg2MWFlZDc4MDY2OWIyNzY5YmJjYzJiNzM3ZDVkMTc5IiwidGFnIjoiIn0%3D; salem_store_session=eyJpdiI6IkRmRk5iWnlISjZLN0Rxdk4ycmVJQ0E9PSIsInZhbHVlIjoiR0YrRXNXRG1QbTVwczF2MlNsZnB1UGkrSFRYMTBsK2ZXREtYaVN6MHJncG02R1IvQzVtOFR1Q204dFRaNmZ0WnNvdXVYTEJaK0pSellPMDdjUnI3emo3UXVQUjRiRWd2aEhudnZvR3VKTzlTVWwrQnZrZWhrSXpQYm9ienBwekIiLCJtYWMiOiI5NDYzMmRmYjdiMDc5ODI3MjE5OWM3YjM3NWQzZjZkMzA2NTVhODY1NjQxZmJjNzhhODU5OWEyMmM5NjFiYmMwIiwidGFnIjoiIn0%3D"],"priority":["u=2, i"],"accept-language":["en-GB,en-US;q=0.9,en;q=0.8"],"accept-encoding":["gzip, deflate, br, zstd"],"user-agent":["Mozilla\\/5.0 (Windows NT 10.0; Win64; x64) AppleWebKit\\/537.36 (KHTML, like Gecko) Chrome\\/144.0.0.0 Safari\\/537.36"],"referer":["https:\\/\\/salem-store.test\\/"],"sec-fetch-dest":["document"],"sec-fetch-mode":["navigate"],"sec-fetch-site":["none"],"sec-ch-ua-platform":["\\"Windows\\""],"sec-ch-ua-mobile":["?0"],"sec-ch-ua":["\\"Not(A:Brand\\";v=\\"8\\", \\"Chromium\\";v=\\"144\\", \\"Google Chrome\\";v=\\"144\\""],"sec-speculation-tags":["null"],"upgrade-insecure-requests":["1"],"sec-purpose":["prefetch;prerender"],"accept":["text\\/html,application\\/xhtml+xml,application\\/xml;q=0.9,image\\/avif,image\\/webp,image\\/apng,*\\/*;q=0.8,application\\/signed-exchange;v=b3;q=0.7"],"host":["salem-store.test"]}', '', 'Windows', 'Chrome', '127.0.0.1', 'Webkul\\Category\\Models\\Category', 15, NULL, NULL, 1, '2026-02-07 00:17:42', '2026-02-07 00:17:42'), (97, 'GET', '[]', 'https://salem-store.test/pitaka', 'https://salem-store.test/', '[]', 'Mozilla/5.0 (Windows NT 10.0; Win64; x64) AppleWebKit/537.36 (KHTML, like Gecko) Chrome/144.0.0.0 Safari/537.36', '{"cookie":["XSRF-TOKEN=eyJpdiI6IlI5cE1KMlVJMVMvTHV2K1Z0SVM2bXc9PSIsInZhbHVlIjoiRFJYM29GRVBYV1A1VFRVUFRlNVNwSFZFVVB6bGJPTnBUQzVpU2lOOWlFWU5STVFKcnBRYzJQdDIwRmJaWDNwZ2IrTSs5NEFlMmpabURyZUlkbld2K0xHSmlHT0U1Q2RCRUVUT3VwRm5Ham5zMlVWaWljODhycjVDUUxTdWVPeG4iLCJtYWMiOiJiYmVmYTFjNzM2ZjQ3MzhiZWU1NDUyYThjZmY0Mzk2MmRiZDEyNDExYjgyMTY5Y2E5NWUzZWViNmY5YWMzZGM3IiwidGFnIjoiIn0%3D; salem_store_session=eyJpdiI6IktFZFMvZ2x3OVNmaGNqWEpwcGNpVEE9PSIsInZhbHVlIjoiZUJrNmNMbVZ3cFRhdExYTmpNZVZJVVc1YS9zR2UrOWlKUExiMUU4M0RJWUtUVGV6Mi9oVFpHM0Y1V2FXZzdMVEd1WGE3SHdOVjc4dFc0THhrdjRPZURQQ0JBTWtheDVHUHZ3UDkyWWtJOHpENWFmR2VibGxoa2xMV2hOeDV0TmMiLCJtYWMiOiJlMGNhNjhjODMyNGJlZjMxZDExYTNmNTg2ZWU0OGQyYjM2MzQyODI2YWFmZWE2MTQ2ZWY5ZDk3ZjcyZWVjZDA4IiwidGFnIjoiIn0%3D"],"priority":["u=2, i"],"accept-language":["en-GB,en-US;q=0.9,en;q=0.8"],"accept-encoding":["gzip, deflate, br, zstd"],"user-agent":["Mozilla\\/5.0 (Windows NT 10.0; Win64; x64) AppleWebKit\\/537.36 (KHTML, like Gecko) Chrome\\/144.0.0.0 Safari\\/537.36"],"referer":["https:\\/\\/salem-store.test\\/"],"sec-fetch-dest":["document"],"sec-fetch-mode":["navigate"],"sec-fetch-site":["none"],"sec-ch-ua-platform":["\\"Windows\\""],"sec-ch-ua-mobile":["?0"],"sec-ch-ua":["\\"Not(A:Brand\\";v=\\"8\\", \\"Chromium\\";v=\\"144\\", \\"Google Chrome\\";v=\\"144\\""],"sec-speculation-tags":["null"],"upgrade-insecure-requests":["1"],"sec-purpose":["prefetch;prerender"],"accept":["text\\/html,application\\/xhtml+xml,application\\/xml;q=0.9,image\\/avif,image\\/webp,image\\/apng,*\\/*;q=0.8,application\\/signed-exchange;v=b3;q=0.7"],"host":["salem-store.test"]}', '', 'Windows', 'Chrome', '127.0.0.1', 'Webkul\\Product\\Models\\Product', 2, NULL, NULL, 1, '2026-02-07 00:18:04', '2026-02-07 00:18:04'), (98, 'GET', '[]', 'https://salem-store.test/%D8%AC%D8%B1%D8%A7%D8%A8-%D8%B3%D9%8A%D9%84%D9%8A%D9%83%D9%88%D9%86', 'https://salem-store.test/', '[]', 'Mozilla/5.0 (Windows NT 10.0; Win64; x64) AppleWebKit/537.36 (KHTML, like Gecko) Chrome/144.0.0.0 Safari/537.36', '{"cookie":["XSRF-TOKEN=eyJpdiI6IlM3TEh5UDVCMEtWRHFuMlppOUZlL0E9PSIsInZhbHVlIjoiM0c5dkJXb0R4Mk83cXh1NGZIcllRK0JjY2VVMHp5SkdWTHNnaXZZRlhtRTlYY2FFdU5CSG8rdmRJVlErSUdPcjNZTU9PdFBWYnQ0QkpGZmxzQmttcUs0aFVtcFU4ZEZBSE1QcHp2SDZFWGM2UFdiZHFjTHQzTC9UbThrMzJsTDgiLCJtYWMiOiI5OWI5Zjg0NTFiMjUyM2QzODVmNGU2ZDA4MGRiMTRjN2EzZTlkYWMyNDJhZTdjYzM2MDk0ODUxMDgwNTkzMTUxIiwidGFnIjoiIn0%3D; salem_store_session=eyJpdiI6IjJoQTdxSmZNd0hsM0pXU3JaRHpLTkE9PSIsInZhbHVlIjoicklNWDljbXZOekRRbGhMNmNBMEc5SXRZN3FUbXNhQ0NPa0c1YTBuMmdwaWROZXJUVnJKMkNMdWxuTURDcDduc1RCeXE1TnE3YjZodFd4SEJPWWJ5Z3JTYVhPRHIrQ3ViMTBNQnhuSk5ZeXRDYUs5cDJXaE1qRXk0UzRFUzhtSjIiLCJtYWMiOiI4OTljYjlhZjk5N2RkZmE4OTQ0MWI4YzZjNmM1NGUxNzE4NGMxYWM3ZWQ3MjQxOTE0Mjk0YjQ4NDc1MmQ3MTNhIiwidGFnIjoiIn0%3D"],"priority":["u=2, i"],"accept-language":["en-GB,en-US;q=0.9,en;q=0.8"],"accept-encoding":["gzip, deflate, br, zstd"],"user-agent":["Mozilla\\/5.0 (Windows NT 10.0; Win64; x64) AppleWebKit\\/537.36 (KHTML, like Gecko) Chrome\\/144.0.0.0 Safari\\/537.36"],"referer":["https:\\/\\/salem-store.test\\/"],"sec-fetch-dest":["document"],"sec-fetch-mode":["navigate"],"sec-fetch-site":["none"],"sec-ch-ua-platform":["\\"Windows\\""],"sec-ch-ua-mobile":["?0"],"sec-ch-ua":["\\"Not(A:Brand\\";v=\\"8\\", \\"Chromium\\";v=\\"144\\", \\"Google Chrome\\";v=\\"144\\""],"sec-speculation-tags":["null"],"upgrade-insecure-requests":["1"],"sec-purpose":["prefetch;prerender"],"accept":["text\\/html,application\\/xhtml+xml,application\\/xml;q=0.9,image\\/avif,image\\/webp,image\\/apng,*\\/*;q=0.8,application\\/signed-exchange;v=b3;q=0.7"],"host":["salem-store.test"]}', '', 'Windows', 'Chrome', '127.0.0.1', 'Webkul\\Product\\Models\\Product', 43, NULL, NULL, 1, '2026-02-07 00:18:06', '2026-02-07 00:18:06'), (99, 'GET', '[]', 'https://salem-store.test/themes/shop/default/build/assets/app-XScoY_pU.css', 'https://salem-store.test/', '[]', 'Mozilla/5.0 (Windows NT 10.0; Win64; x64) AppleWebKit/537.36 (KHTML, like Gecko) Chrome/144.0.0.0 Safari/537.36', '{"cookie":["XSRF-TOKEN=eyJpdiI6Iks1ckg3SjNZbnJnQUp6ZU5zVEgzcWc9PSIsInZhbHVlIjoiLzlJSWZySVZHalFCcXluYWZXYXYyczJSYW1ncjJGL2hCRDZkc0RuUVR6UWEwb3N1M2V3dEJzTDRtSEJIQWNMNmhMc2JXMkdDNzM5ZW5LVnA1d3VLVDVwTWpaRHJ3OHRCQzFtM0Zyb0F0Q05qVGwrdTVBSjd3Y3RtMmhKYWdPREEiLCJtYWMiOiI0ODJlZjE3MjkyZDVhMTUzNDlmNWVhZTg1OWE1MTM2ZGJkMGM0ZjVmYjZlYzM4NjVhYTYyN2NmZWRiNjlhNzA4IiwidGFnIjoiIn0%3D; salem_store_session=eyJpdiI6Ikt4SzVlT3ZRcGkya24wa3MyYU9CRnc9PSIsInZhbHVlIjoiSkNEaGo1N0xuWjhnaFMrL010eTFkUlhiS0tWcmR0MEp3TUM1RmJBa1Qva2g3NkVzbkR3MVdpQ0IrYzdwQ2doRlQremtlQWdyN3E5ZWhNZGNEZytQQkQ1WkxDUW1CUEFBZmJLT1Rwa2x6bldVcEJUbWJTVENKVE1CblN6T3M2dlEiLCJtYWMiOiIzNGI2NDVlNjU4ZDEzNWFkMjEyMzE3ZTYyM2IyNjk5ZmQxNmJhNjlhOGZiNDE3Yjg0NDkwNjQzYmEyMTVkMjk3IiwidGFnIjoiIn0%3D"],"priority":["u=0"],"accept-language":["en-GB,en-US;q=0.9,en;q=0.8"],"accept-encoding":["gzip, deflate, br, zstd"],"referer":["https:\\/\\/salem-store.test\\/"],"sec-fetch-dest":["style"],"sec-fetch-mode":["no-cors"],"sec-fetch-site":["same-origin"],"accept":["text\\/css,*\\/*;q=0.1"],"sec-ch-ua-mobile":["?0"],"sec-ch-ua":["\\"Not(A:Brand\\";v=\\"8\\", \\"Chromium\\";v=\\"144\\", \\"Google Chrome\\";v=\\"144\\""],"user-agent":["Mozilla\\/5.0 (Windows NT 10.0; Win64; x64) AppleWebKit\\/537.36 (KHTML, like Gecko) Chrome\\/144.0.0.0 Safari\\/537.36"],"sec-ch-ua-platform":["\\"Windows\\""],"cache-control":["no-cache"],"pragma":["no-cache"],"host":["salem-store.test"]}', '', 'Windows', 'Chrome', '127.0.0.1', NULL, NULL, NULL, NULL, 1, '2026-02-07 00:29:26', '2026-02-07 00:29:26'), (100, 'GET', '[]', 'https://salem-store.test/%D8%A7%D9%83%D8%B3%D8%B3%D9%88%D8%A7%D8%B1%D8%A7%D8%AA', 'https://salem-store.test/', '[]', 'Mozilla/5.0 (Windows NT 10.0; Win64; x64) AppleWebKit/537.36 (KHTML, like Gecko) Chrome/144.0.0.0 Safari/537.36', '{"cookie":["XSRF-TOKEN=eyJpdiI6IjJwaFhCYlBPZStIYk5aYW9HNmJBZlE9PSIsInZhbHVlIjoiSVRIdC9MNXBQclI2ZFhhZEZwTno1ajBWOTRMK1gzRWNWRCsxY2NhZkU5aThENlB0cERndUZRU1htVDU3OVBTaWhqR3ZpSzNIaDFIU2lFZll5L2FkTEdWK050cVoxRjd4dkJZYmQxcjd4ODhqYlpJSENSdXQzVlN5L3pRMGV2bUMiLCJtYWMiOiJjMTNkYTQxY2Y0NWZjYTgxMWQ2NzRmOWM0NzAyM2EzNzM0MTc0MjUyMDE4MTg3OWJiMjBjOTY4MThhZjVlYTA5IiwidGFnIjoiIn0%3D; salem_store_session=eyJpdiI6InVsSlg3WENsYkx5TDBhUmRVUnFqZnc9PSIsInZhbHVlIjoiU2lFWHk5NWVvcmlaa1ZyOUV3a2FKTVZ0dWJHRUlIM2RES3pONXFUQkVhaHF4bEc3d0c2OFpKa1Q0d0pxWmZPQzVXeDBOSXExT1FpNjN1V0JjY3NnZWE1UVgyMi9wWDEvMWx0aHYvZFYyREo5SDZjTitnbWpUTmszQytFTTBZakkiLCJtYWMiOiIxZmZiZjE2MzI3NmZjN2I2ZjQzMDAyYWQ2MGI1ZmMzNGIzZjBiZjRkZWVjNTMxY2UyMDMxZDJhNTI4YThkZWE0IiwidGFnIjoiIn0%3D"],"priority":["u=2, i"],"accept-language":["en-GB,en-US;q=0.9,en;q=0.8"],"accept-encoding":["gzip, deflate, br, zstd"],"user-agent":["Mozilla\\/5.0 (Windows NT 10.0; Win64; x64) AppleWebKit\\/537.36 (KHTML, like Gecko) Chrome\\/144.0.0.0 Safari\\/537.36"],"referer":["https:\\/\\/salem-store.test\\/"],"sec-fetch-dest":["document"],"sec-fetch-mode":["navigate"],"sec-fetch-site":["none"],"sec-ch-ua-platform":["\\"Windows\\""],"sec-ch-ua-mobile":["?0"],"sec-ch-ua":["\\"Not(A:Brand\\";v=\\"8\\", \\"Chromium\\";v=\\"144\\", \\"Google Chrome\\";v=\\"144\\""],"sec-speculation-tags":["null"],"upgrade-insecure-requests":["1"],"sec-purpose":["prefetch;prerender"],"accept":["text\\/html,application\\/xhtml+xml,application\\/xml;q=0.9,image\\/avif,image\\/webp,image\\/apng,*\\/*;q=0.8,application\\/signed-exchange;v=b3;q=0.7"],"host":["salem-store.test"]}', '', 'Windows', 'Chrome', '127.0.0.1', 'Webkul\\Category\\Models\\Category', 22, NULL, NULL, 1, '2026-02-07 00:29:44', '2026-02-07 00:29:44');
INSERT INTO `visits` VALUES (101, 'GET', '[]', 'https://salem-store.test/%D9%84%D9%88%D8%AD%D8%A7%D8%AA-%D8%A7%D9%84%D9%85%D9%81%D8%A7%D8%AA%D9%8A%D8%AD', 'https://salem-store.test/', '[]', 'Mozilla/5.0 (Windows NT 10.0; Win64; x64) AppleWebKit/537.36 (KHTML, like Gecko) Chrome/144.0.0.0 Safari/537.36', '{"cookie":["XSRF-TOKEN=eyJpdiI6IlAxU3B6bzc0d214Q3VwRTEzY0hLS0E9PSIsInZhbHVlIjoiR1FjWEJ5R1dCOCttWEMwc1lybjlRQ1JpamFaOWtiUncvUjRnMmltdlNLblk2Q2swdmtJMjFEdDFVakRXb1FZbWJuTWtxTngyZzVWU00vU0JuV3VWT0U5MVVleWVnenI1RmFYY2FGOVdWMkFaMzJQby94V282UFZ1b043ZjJjV2QiLCJtYWMiOiI2YjU1ZTM2NDYxZWI0Y2UyZjZiZjRjMjcyYzk1ZmE0NzViMWQxZDZhYWI3NTBjMjVjZDRlNjc4ZmYxZjhjOWViIiwidGFnIjoiIn0%3D; salem_store_session=eyJpdiI6IldQWHNNMTkwRVJPOE9ZTmJaZVBqRlE9PSIsInZhbHVlIjoiNDJQWnlOOTByWFlCM3FqOVg4emE5REJlYklNSW9sRDFnQkRVQnNOUnF4SmNrRnJlQmVNRlZBYUVMNkFOZ2wyOGxiUkZHL0ZVUW96aGRYWW1sdUpuNENERkd2c2l3U2dMVWt3d29kODE4cEd5Qi9xV0s0RDh5UVpmSEwxMWpoK0UiLCJtYWMiOiJmYWUwOWE3MDMyMmYyZmYwOTkxOGRhNTMxN2NmYjIyZWU1NWU1ZWVhZmRkYWI0MTdhNjM5YTBkMzY4MWE1MDFiIiwidGFnIjoiIn0%3D"],"priority":["u=2, i"],"accept-language":["en-GB,en-US;q=0.9,en;q=0.8"],"accept-encoding":["gzip, deflate, br, zstd"],"user-agent":["Mozilla\\/5.0 (Windows NT 10.0; Win64; x64) AppleWebKit\\/537.36 (KHTML, like Gecko) Chrome\\/144.0.0.0 Safari\\/537.36"],"referer":["https:\\/\\/salem-store.test\\/"],"sec-fetch-dest":["document"],"sec-fetch-mode":["navigate"],"sec-fetch-site":["none"],"sec-ch-ua-platform":["\\"Windows\\""],"sec-ch-ua-mobile":["?0"],"sec-ch-ua":["\\"Not(A:Brand\\";v=\\"8\\", \\"Chromium\\";v=\\"144\\", \\"Google Chrome\\";v=\\"144\\""],"sec-speculation-tags":["null"],"upgrade-insecure-requests":["1"],"sec-purpose":["prefetch;prerender"],"accept":["text\\/html,application\\/xhtml+xml,application\\/xml;q=0.9,image\\/avif,image\\/webp,image\\/apng,*\\/*;q=0.8,application\\/signed-exchange;v=b3;q=0.7"],"host":["salem-store.test"]}', '', 'Windows', 'Chrome', '127.0.0.1', 'Webkul\\Category\\Models\\Category', 23, NULL, NULL, 1, '2026-02-07 00:29:50', '2026-02-07 00:29:50'), (102, 'GET', '[]', 'https://salem-store.test/%D8%A7%D9%84%D9%85%D8%A7%D9%88%D8%B3', 'https://salem-store.test/', '[]', 'Mozilla/5.0 (Windows NT 10.0; Win64; x64) AppleWebKit/537.36 (KHTML, like Gecko) Chrome/144.0.0.0 Safari/537.36', '{"cookie":["XSRF-TOKEN=eyJpdiI6IkQ0dThTNGlDcmRNMndGMURDd0ErUHc9PSIsInZhbHVlIjoiRnBIVmRsYXN1VVlrNytVTUlpczdOclZzR1hpb29mNVRLUGlRTmVxcHpCeTB1MTFkRGdFS0lUVmpqVUp2Z2ZZMWpFbVNDNlFzYkZRZ3Z4R1NKM05qZlp0MWpZcmlZTU5aUDBTc2p0NmpZZkZQdHVJYjhvU2JXQ0tHK2tHZExKbC8iLCJtYWMiOiJmYjFlYTgxNDAxMTQyYjUyOGU4YmQ1MWVmMDAzNTEyOTA5MTNiZTlkMGYyNjI0YjY4N2YyMDgxMjM1ZTZlMDdkIiwidGFnIjoiIn0%3D; salem_store_session=eyJpdiI6IkNRNThhRmFKcUJLL0pXbnhrTWtnR1E9PSIsInZhbHVlIjoiSjY4N0V1TE1qdllJYjdkeGhYWHNjbFJEdkl1dUgzcHhHdTRkVmJZVmVKZVBEenRZdlNReXN0c1ZreGtWL0R2QXM1Wjk0U1M4ZTBweTRyQmREb2NEVHo2ZHh1OUowb0ZxOFdzQlNIb0Y2Z2ZxM1NZVWVrZXdHdzJtZXRVV2E2WWsiLCJtYWMiOiI4YTI1ZGVhZjE5NTI1OTcyYTEzODQzZmMwZTNiNWEwYjAxN2UzMjhkYzE3OTZlNzJhMjM4OTM2NmJlZjkyZmU0IiwidGFnIjoiIn0%3D"],"priority":["u=2, i"],"accept-language":["en-GB,en-US;q=0.9,en;q=0.8"],"accept-encoding":["gzip, deflate, br, zstd"],"user-agent":["Mozilla\\/5.0 (Windows NT 10.0; Win64; x64) AppleWebKit\\/537.36 (KHTML, like Gecko) Chrome\\/144.0.0.0 Safari\\/537.36"],"referer":["https:\\/\\/salem-store.test\\/"],"sec-fetch-dest":["document"],"sec-fetch-mode":["navigate"],"sec-fetch-site":["none"],"sec-ch-ua-platform":["\\"Windows\\""],"sec-ch-ua-mobile":["?0"],"sec-ch-ua":["\\"Not(A:Brand\\";v=\\"8\\", \\"Chromium\\";v=\\"144\\", \\"Google Chrome\\";v=\\"144\\""],"sec-speculation-tags":["null"],"upgrade-insecure-requests":["1"],"sec-purpose":["prefetch;prerender"],"accept":["text\\/html,application\\/xhtml+xml,application\\/xml;q=0.9,image\\/avif,image\\/webp,image\\/apng,*\\/*;q=0.8,application\\/signed-exchange;v=b3;q=0.7"],"host":["salem-store.test"]}', '', 'Windows', 'Chrome', '127.0.0.1', 'Webkul\\Category\\Models\\Category', 24, NULL, NULL, 1, '2026-02-07 00:29:52', '2026-02-07 00:29:52'), (103, 'GET', '[]', 'https://salem-store.test/%D9%83%DA%A4%D8%B1%D8%A7%D8%AA-pitaka', 'https://salem-store.test/', '[]', 'Mozilla/5.0 (Windows NT 10.0; Win64; x64) AppleWebKit/537.36 (KHTML, like Gecko) Chrome/144.0.0.0 Safari/537.36', '{"cookie":["XSRF-TOKEN=eyJpdiI6Ijk0OEZkeUFza0hPZ2p6czFwa040ekE9PSIsInZhbHVlIjoiN0hXWUpocmdmZkxyM2E4QUMyeVhRbWpjWHpQZTJiR3VHZThZWkwxcGtNQ1RydnBnU2Jmd1dXV0hRa2JUTTVyT2tOYUFObWxDVXBnV3JtZXBvc0ZrSVk1RjhlWnBUUlE5Ui83bGZ2VFpNUkpDcm93Ny9tOENLbUl1V1doL1p5YlQiLCJtYWMiOiJhMzcxNzlkMDBiODIzMmIzYjcyNTI2NjdlZTBlYmRjZWY1ZjRiZWZlNTE0OTBiZTM4ZDU0NWVlMmExMjdhYjg5IiwidGFnIjoiIn0%3D; salem_store_session=eyJpdiI6ImZsY3Q1SWtkdGZrY2M3ZVRkTHRJQ2c9PSIsInZhbHVlIjoiMHByREdoTXRiaU05WE4zYUp5cVFlN2daMUJWUXBmandFQk5CMmc4TVNkajQxRUNFUmJHRm9pakRFYVlkNkhIUTFFZ1NiUXljWjh1OWpOU2ROYUhORzNPWEtOaWlQczZiUU1TNGtIWkRZcWZGaVJNT3BzTjZoUUJxNUhmQndZYmEiLCJtYWMiOiIwYzIxMTBlMTU0ZDJiMzU4NTQwYjAwMmJlY2M2ZWFkNDY1MmY3ZTljZWIyNDczYjM0ZmUwOGFmYmE2MzUxY2Q4IiwidGFnIjoiIn0%3D"],"priority":["u=2, i"],"accept-language":["en-GB,en-US;q=0.9,en;q=0.8"],"accept-encoding":["gzip, deflate, br, zstd"],"user-agent":["Mozilla\\/5.0 (Windows NT 10.0; Win64; x64) AppleWebKit\\/537.36 (KHTML, like Gecko) Chrome\\/144.0.0.0 Safari\\/537.36"],"referer":["https:\\/\\/salem-store.test\\/"],"sec-fetch-dest":["document"],"sec-fetch-mode":["navigate"],"sec-fetch-site":["none"],"sec-ch-ua-platform":["\\"Windows\\""],"sec-ch-ua-mobile":["?0"],"sec-ch-ua":["\\"Not(A:Brand\\";v=\\"8\\", \\"Chromium\\";v=\\"144\\", \\"Google Chrome\\";v=\\"144\\""],"sec-speculation-tags":["null"],"upgrade-insecure-requests":["1"],"sec-purpose":["prefetch;prerender"],"accept":["text\\/html,application\\/xhtml+xml,application\\/xml;q=0.9,image\\/avif,image\\/webp,image\\/apng,*\\/*;q=0.8,application\\/signed-exchange;v=b3;q=0.7"],"host":["salem-store.test"]}', '', 'Windows', 'Chrome', '127.0.0.1', 'Webkul\\Product\\Models\\Product', 1, NULL, NULL, 1, '2026-02-07 01:07:24', '2026-02-07 01:07:24'), (104, 'GET', '[]', 'https://salem-store.test', 'https://salem-store.test/', '[]', 'Mozilla/5.0 (Windows NT 10.0; Win64; x64) AppleWebKit/537.36 (KHTML, like Gecko) Chrome/144.0.0.0 Safari/537.36', '{"priority":["u=2, i"],"accept-language":["en-GB,en-US;q=0.9,en;q=0.8"],"accept-encoding":["gzip, deflate, br, zstd"],"user-agent":["Mozilla\\/5.0 (Windows NT 10.0; Win64; x64) AppleWebKit\\/537.36 (KHTML, like Gecko) Chrome\\/144.0.0.0 Safari\\/537.36"],"referer":["https:\\/\\/salem-store.test\\/"],"sec-fetch-dest":["document"],"sec-fetch-mode":["navigate"],"sec-fetch-site":["none"],"sec-ch-ua-platform":["\\"Windows\\""],"sec-ch-ua-mobile":["?0"],"sec-ch-ua":["\\"Not(A:Brand\\";v=\\"8\\", \\"Chromium\\";v=\\"144\\", \\"Google Chrome\\";v=\\"144\\""],"sec-speculation-tags":["null"],"upgrade-insecure-requests":["1"],"sec-purpose":["prefetch;prerender"],"accept":["text\\/html,application\\/xhtml+xml,application\\/xml;q=0.9,image\\/avif,image\\/webp,image\\/apng,*\\/*;q=0.8,application\\/signed-exchange;v=b3;q=0.7"],"host":["salem-store.test"]}', '', 'Windows', 'Chrome', '127.0.0.1', NULL, NULL, NULL, NULL, 1, '2026-02-08 00:38:37', '2026-02-08 00:38:37'), (105, 'GET', '[]', 'https://salem-store.test/%D8%A7%D8%AC%D9%87%D8%B2%D8%A9-%D8%A7%D9%84%D9%83%D9%85%D8%A8%D9%8A%D9%88%D8%AA%D8%B1', 'https://salem-store.test/', '[]', 'Mozilla/5.0 (Windows NT 10.0; Win64; x64) AppleWebKit/537.36 (KHTML, like Gecko) Chrome/144.0.0.0 Safari/537.36', '{"priority":["u=2, i"],"accept-language":["en-GB,en-US;q=0.9,en;q=0.8"],"accept-encoding":["gzip, deflate, br, zstd"],"user-agent":["Mozilla\\/5.0 (Windows NT 10.0; Win64; x64) AppleWebKit\\/537.36 (KHTML, like Gecko) Chrome\\/144.0.0.0 Safari\\/537.36"],"referer":["https:\\/\\/salem-store.test\\/"],"sec-fetch-dest":["document"],"sec-fetch-mode":["navigate"],"sec-fetch-site":["none"],"sec-ch-ua-platform":["\\"Windows\\""],"sec-ch-ua-mobile":["?0"],"sec-ch-ua":["\\"Not(A:Brand\\";v=\\"8\\", \\"Chromium\\";v=\\"144\\", \\"Google Chrome\\";v=\\"144\\""],"sec-speculation-tags":["null"],"upgrade-insecure-requests":["1"],"sec-purpose":["prefetch;prerender"],"accept":["text\\/html,application\\/xhtml+xml,application\\/xml;q=0.9,image\\/avif,image\\/webp,image\\/apng,*\\/*;q=0.8,application\\/signed-exchange;v=b3;q=0.7"],"host":["salem-store.test"]}', '', 'Windows', 'Chrome', '127.0.0.1', 'Webkul\\Category\\Models\\Category', 9, NULL, NULL, 1, '2026-02-08 10:53:56', '2026-02-08 10:53:56'), (106, 'GET', '[]', 'https://salem-store.test/%D8%A7%D9%84%D9%84%D8%A7%D8%A8%D8%AA%D9%88%D8%A8', 'https://salem-store.test/', '[]', 'Mozilla/5.0 (Windows NT 10.0; Win64; x64) AppleWebKit/537.36 (KHTML, like Gecko) Chrome/144.0.0.0 Safari/537.36', '{"cookie":["XSRF-TOKEN=eyJpdiI6IjVyUVJCYjYyZ0RTdWpuQkxzWjFPUnc9PSIsInZhbHVlIjoiOE1jOTAzTmc3cWdMbHc0akMzYWFLUEZpQVlXcmJwSjB1SkpMZy85S2J0OWwwVjROZ0M1T1ZMZzFpcHZTekdTMG9iYmxLSE5aSkthY2V6azBpVzlPdE1PbzVMNDhlRGpHVURnbHVtNVRTY1Z2eXdXSmppMlFVQjI3Z0tJb3Mwb1ciLCJtYWMiOiIwZGJkNjM2Y2E2NWUxNWU1Y2MxMTc3OGFmNzljOGQ2NzhlNjU4M2I5YmZkZmUyY2YwMjdmY2Q5MDYwNzFiMGUyIiwidGFnIjoiIn0%3D; salem_store_session=eyJpdiI6IjZ2Q3FXVmVkVzVtM1E2WE9sa0VSNHc9PSIsInZhbHVlIjoiK0Q1RGVJaTZucUl3Skt3dDlVa2l5cENhaUxuYUlRbUtOWTVLY0ZYY2VDeUlMbnRxNTZDL21vOGNYWVdIUmp1TkpNU1E1eEJkQkg3MnpDSzMrSTBLSGVqWkNsaDA1TzdLbWQzcS9yMHdFK24weFQ4Z1JPTk5OR1hGcmFNUzJRVFkiLCJtYWMiOiI2NWU5MTY2ZTgzNzZiYjFiMDFlYWVlM2FjMTFiYWI4YzcxNTlhYjViMzRlY2ZkMDlkZDUzOGQ0NDJhMDhlMWY2IiwidGFnIjoiIn0%3D"],"priority":["u=2, i"],"accept-language":["en-GB,en-US;q=0.9,en;q=0.8"],"accept-encoding":["gzip, deflate, br, zstd"],"user-agent":["Mozilla\\/5.0 (Windows NT 10.0; Win64; x64) AppleWebKit\\/537.36 (KHTML, like Gecko) Chrome\\/144.0.0.0 Safari\\/537.36"],"referer":["https:\\/\\/salem-store.test\\/"],"sec-fetch-dest":["document"],"sec-fetch-mode":["navigate"],"sec-fetch-site":["none"],"sec-ch-ua-platform":["\\"Windows\\""],"sec-ch-ua-mobile":["?0"],"sec-ch-ua":["\\"Not(A:Brand\\";v=\\"8\\", \\"Chromium\\";v=\\"144\\", \\"Google Chrome\\";v=\\"144\\""],"sec-speculation-tags":["null"],"upgrade-insecure-requests":["1"],"sec-purpose":["prefetch;prerender"],"accept":["text\\/html,application\\/xhtml+xml,application\\/xml;q=0.9,image\\/avif,image\\/webp,image\\/apng,*\\/*;q=0.8,application\\/signed-exchange;v=b3;q=0.7"],"host":["salem-store.test"]}', '', 'Windows', 'Chrome', '127.0.0.1', 'Webkul\\Category\\Models\\Category', 15, NULL, NULL, 1, '2026-02-08 10:53:56', '2026-02-08 10:53:56'), (107, 'GET', '[]', 'https://salem-store.test/%D8%A7%D9%83%D8%B3%D8%B3%D9%88%D8%A7%D8%B1%D8%A7%D8%AA', 'https://salem-store.test/', '[]', 'Mozilla/5.0 (Windows NT 10.0; Win64; x64) AppleWebKit/537.36 (KHTML, like Gecko) Chrome/144.0.0.0 Safari/537.36', '{"cookie":["XSRF-TOKEN=eyJpdiI6InVvd0crS0MwRU5LL2VRcnBKZC8wM1E9PSIsInZhbHVlIjoiUU1uNWJoR09kZFFjTFpuTVZCaXVSWUI4M2N0RkJvMUF1am5udlRZM1lnNWVZS2UrZ2QwTVFUNkFZa3ZWQklFV2QzcXpwME9XOW0rMWE1bVpaL3QzS3ExODVuWmRGYW1OUS9qUzN6emNVa09rMncvZ3ZDSmdZUTVCNWZvd0RiYVciLCJtYWMiOiI3ZWYwNTUxMDg0MTY4MDAyZjVkZDZkNDJmNDZlMDJmYjI4Zjk3Yjg4ZDVlNGE5MjMxNGNmNmQ2NmQzYzMzYWNhIiwidGFnIjoiIn0%3D; salem_store_session=eyJpdiI6IlkyczNDNnZORllIbHZrcjdhU1hkU1E9PSIsInZhbHVlIjoiM0xkdWhiT3JTeGx4TU5uRzN1TFMzVmg1eHFFUEI0Umg1aGRSYTFCVkdXS3YrL0dsR1FFZGZPQmZqQ2V3QzBHSy9RaUZwK2tOMytTaHA4dDNVVTJjYTFkUlR2V2FwOXI5MTZWUThVbFBuNmJGR1FtVGg4K1lSbTVNQy9sSjBzQkgiLCJtYWMiOiI2ZTZmNDhmZWQwYTgzY2ZlYjVjY2JhMjY2MGI5ZjEwNzg4NTkzMmRhODMxNDc4ODg3OTM4ZWFhYjMwMzlhMjcxIiwidGFnIjoiIn0%3D"],"priority":["u=2, i"],"accept-language":["en-GB,en-US;q=0.9,en;q=0.8"],"accept-encoding":["gzip, deflate, br, zstd"],"user-agent":["Mozilla\\/5.0 (Windows NT 10.0; Win64; x64) AppleWebKit\\/537.36 (KHTML, like Gecko) Chrome\\/144.0.0.0 Safari\\/537.36"],"referer":["https:\\/\\/salem-store.test\\/"],"sec-fetch-dest":["document"],"sec-fetch-mode":["navigate"],"sec-fetch-site":["none"],"sec-ch-ua-platform":["\\"Windows\\""],"sec-ch-ua-mobile":["?0"],"sec-ch-ua":["\\"Not(A:Brand\\";v=\\"8\\", \\"Chromium\\";v=\\"144\\", \\"Google Chrome\\";v=\\"144\\""],"sec-speculation-tags":["null"],"upgrade-insecure-requests":["1"],"sec-purpose":["prefetch;prerender"],"accept":["text\\/html,application\\/xhtml+xml,application\\/xml;q=0.9,image\\/avif,image\\/webp,image\\/apng,*\\/*;q=0.8,application\\/signed-exchange;v=b3;q=0.7"],"host":["salem-store.test"]}', '', 'Windows', 'Chrome', '127.0.0.1', 'Webkul\\Category\\Models\\Category', 22, NULL, NULL, 1, '2026-02-08 10:53:57', '2026-02-08 10:53:57'), (108, 'GET', '[]', 'https://salem-store.test/%D8%A7%D9%84%D9%87%D9%88%D8%A7%D8%AA%D9%81-%D8%A7%D9%84%D9%85%D8%AD%D9%85%D9%88%D9%84%D8%A9', 'https://salem-store.test/', '[]', 'Mozilla/5.0 (Windows NT 10.0; Win64; x64) AppleWebKit/537.36 (KHTML, like Gecko) Chrome/144.0.0.0 Safari/537.36', '{"cookie":["XSRF-TOKEN=eyJpdiI6IjAwUVQreTJxdGR5YkFNRmdtcHI4QWc9PSIsInZhbHVlIjoicXByajFIZElDTXl4MWpNdjNBaWx0ZTZzUWtEaGt1QjJFYjduWjFGZEwzeEgzZXloR1dBa1VzNUFrNEtFdnJ1R3puZlFTUTkySVNGc2VUMUFwOG04ZFB4VUhabXo3YWE2eXduQnhXbi9RVXJDbVJ6TkNieGNSSDRod2NEWnoyUUEiLCJtYWMiOiJjNWI2MTYwZThlYWFhYzc1MWQ2ODVhNWMwMzlhYzU5ZjczZTU3NDkwNzdiNDYxMWYwMTRjN2FlYmRkMWRkZGEwIiwidGFnIjoiIn0%3D; salem_store_session=eyJpdiI6IldWZXNjU2hwZXRCSmV0V2Zta2RDcFE9PSIsInZhbHVlIjoicGgwRXdUdi9VaU1nNkwxM3ROeEVvdXJYbG9xN3B5NmpCUEY1dEUxVTVGYWZ5ZGtLaEVEa0hRUjd4UElKZkJUaU9tT09yUm45aWI2WTVNOTg0dmxsWUtQb2QvRHMrOEoyVDdSRmRITk1vRGt2RWlYYmZVU3p5YzNISERTUmFCVXYiLCJtYWMiOiIzZmVhZDQ4OWMxZjMxMDg1ZDJmNWUyZGUxNDAxODAzYzEwOWUxYzVhMjIyNzcwNzFiZWU2MGZlNDFhNTY5NTA0IiwidGFnIjoiIn0%3D"],"priority":["u=2, i"],"accept-language":["en-GB,en-US;q=0.9,en;q=0.8"],"accept-encoding":["gzip, deflate, br, zstd"],"user-agent":["Mozilla\\/5.0 (Windows NT 10.0; Win64; x64) AppleWebKit\\/537.36 (KHTML, like Gecko) Chrome\\/144.0.0.0 Safari\\/537.36"],"referer":["https:\\/\\/salem-store.test\\/"],"sec-fetch-dest":["document"],"sec-fetch-mode":["navigate"],"sec-fetch-site":["none"],"sec-ch-ua-platform":["\\"Windows\\""],"sec-ch-ua-mobile":["?0"],"sec-ch-ua":["\\"Not(A:Brand\\";v=\\"8\\", \\"Chromium\\";v=\\"144\\", \\"Google Chrome\\";v=\\"144\\""],"sec-speculation-tags":["null"],"upgrade-insecure-requests":["1"],"sec-purpose":["prefetch;prerender"],"accept":["text\\/html,application\\/xhtml+xml,application\\/xml;q=0.9,image\\/avif,image\\/webp,image\\/apng,*\\/*;q=0.8,application\\/signed-exchange;v=b3;q=0.7"],"host":["salem-store.test"]}', '', 'Windows', 'Chrome', '127.0.0.1', 'Webkul\\Category\\Models\\Category', 2, NULL, NULL, 1, '2026-02-08 11:02:38', '2026-02-08 11:02:38'), (109, 'GET', '[]', 'https://salem-store.test/%D8%A7%D9%84%D9%87%D9%88%D8%A7%D8%AA%D9%81-%D8%A7%D9%84%D8%B0%D9%83%D9%8A%D8%A9', 'https://salem-store.test/', '[]', 'Mozilla/5.0 (Windows NT 10.0; Win64; x64) AppleWebKit/537.36 (KHTML, like Gecko) Chrome/144.0.0.0 Safari/537.36', '{"cookie":["XSRF-TOKEN=eyJpdiI6ImQweEIyemtHeVRDSE5pY3d5MFlEVmc9PSIsInZhbHVlIjoiaExqd2dvcFZEWUVUalZDeEhIbjNWMXlhNmt4MFd1T2ZEcE50Sm5WT3dldXhtdUhVRERlKytzUlZlb0pRL3EvT3FWRzc1MmtTdHNKeDR2TFV4MGljM2RFakc5S0xWNUlvS1Z4Nk56dVc4UFJ3QUw1all4YmpudGZoWDV3K0VWWnIiLCJtYWMiOiI3Y2RmZmE5ZjllZWVlMmEyYThhYmUyNjlhODZiZWViZTUyODM5YjU2ZDIwNzk1ZjkzZTZkYTA4MjIzM2Q2MzM0IiwidGFnIjoiIn0%3D; salem_store_session=eyJpdiI6IjhzTldGUFVHTElleEtZalFxdkVwblE9PSIsInZhbHVlIjoiaHVUQ2RnVWo4RklrQ3VhZk02bkwyaWUyS3hYT2c4SzZUOUdHUVpnMUo3dWZWZHg5RzFScHNhcEZWNHNBU3c5NUlTSVU3cmxiWnBscmRzZkJzR3R2M0xIVzROL2xlcGZpdEtvektsOEg3RzJuWWlEMXdoWncra3ZSRWx0a0w0LzQiLCJtYWMiOiJlZDI2ZDc0YTAyYmFhMTY0YjI2ZjRmYWM0ZjRkYTE5OTgyZWYxMGVkYjFkZjM2ODAxMTIxNzkyMzIwMjI5MTFmIiwidGFnIjoiIn0%3D"],"priority":["u=2, i"],"accept-language":["en-GB,en-US;q=0.9,en;q=0.8"],"accept-encoding":["gzip, deflate, br, zstd"],"user-agent":["Mozilla\\/5.0 (Windows NT 10.0; Win64; x64) AppleWebKit\\/537.36 (KHTML, like Gecko) Chrome\\/144.0.0.0 Safari\\/537.36"],"referer":["https:\\/\\/salem-store.test\\/"],"sec-fetch-dest":["document"],"sec-fetch-mode":["navigate"],"sec-fetch-site":["none"],"sec-ch-ua-platform":["\\"Windows\\""],"sec-ch-ua-mobile":["?0"],"sec-ch-ua":["\\"Not(A:Brand\\";v=\\"8\\", \\"Chromium\\";v=\\"144\\", \\"Google Chrome\\";v=\\"144\\""],"sec-speculation-tags":["null"],"upgrade-insecure-requests":["1"],"sec-purpose":["prefetch;prerender"],"accept":["text\\/html,application\\/xhtml+xml,application\\/xml;q=0.9,image\\/avif,image\\/webp,image\\/apng,*\\/*;q=0.8,application\\/signed-exchange;v=b3;q=0.7"],"host":["salem-store.test"]}', '', 'Windows', 'Chrome', '127.0.0.1', 'Webkul\\Category\\Models\\Category', 3, NULL, NULL, 1, '2026-02-08 11:02:38', '2026-02-08 11:02:38'), (110, 'GET', '[]', 'https://salem-store.test/themes/shop/default/build/assets/app-CJfl6Mei.css', 'https://salem-store.test/', '[]', 'Mozilla/5.0 (Windows NT 10.0; Win64; x64) AppleWebKit/537.36 (KHTML, like Gecko) Chrome/144.0.0.0 Safari/537.36', '{"cookie":["XSRF-TOKEN=eyJpdiI6IkRwRjlPdklHUlMwblM0OVpDalhLNFE9PSIsInZhbHVlIjoiME0wUHNWazJ3NlJDNDJYSjBGUmJjU2lhckNrRk1TWjQ2QjFhVVZZYkpIOStXM21HSTE0ZXNGVHFtbzNaa3FIY3dYcmwwVm95Qlppa2VZVjE0WHBVVFZobkp0Y2tzYmttampYSzFtYldoVHlvVFhVcFkxakw2SHhCTjRZSHA2aDgiLCJtYWMiOiIzNDYzYTI1MDZhNzA1MTdkODNlMDNlZjg0N2VmOTUxMWExNDE1N2Q5NzgwYTA5YWJjMTU5NGMwMjg0YzIwNzBlIiwidGFnIjoiIn0%3D; salem_store_session=eyJpdiI6ImUxKytsRUpaVHJBZTAzaWNVT24rMUE9PSIsInZhbHVlIjoiaVZoMnFPOG5veVVaUU1SNkwrTWN3d1JvZU8zeFYrTXdzTzhNRHNJSkRhbktMT1JyOHZCSEtaMkU5UjBjWWNXRVJsYWUzQWVySnhQcy9RWFBONm15NmRENGVneWZLYWFnWlAvc0k3Q1pWM3ppaG55KzRIblBGemdSdEhRdjhQYXAiLCJtYWMiOiJlNjk1ODZlZWIzMTQ1MTRiNDRlMTA2MGNlNDNkOGVhZTJhNWFlZTMyNzc3MzkyZGI2MjRjZmRjYTZkNDFjNzM4IiwidGFnIjoiIn0%3D"],"priority":["u=0"],"accept-language":["en-GB,en-US;q=0.9,en;q=0.8"],"accept-encoding":["gzip, deflate, br, zstd"],"referer":["https:\\/\\/salem-store.test\\/"],"sec-fetch-dest":["style"],"sec-fetch-mode":["no-cors"],"sec-fetch-site":["same-origin"],"accept":["text\\/css,*\\/*;q=0.1"],"sec-ch-ua-mobile":["?0"],"sec-ch-ua":["\\"Not(A:Brand\\";v=\\"8\\", \\"Chromium\\";v=\\"144\\", \\"Google Chrome\\";v=\\"144\\""],"user-agent":["Mozilla\\/5.0 (Windows NT 10.0; Win64; x64) AppleWebKit\\/537.36 (KHTML, like Gecko) Chrome\\/144.0.0.0 Safari\\/537.36"],"sec-ch-ua-platform":["\\"Windows\\""],"cache-control":["no-cache"],"pragma":["no-cache"],"host":["salem-store.test"]}', '', 'Windows', 'Chrome', '127.0.0.1', NULL, NULL, NULL, NULL, 1, '2026-02-08 11:06:30', '2026-02-08 11:06:30'), (111, 'GET', '[]', 'https://salem-store.test/%D8%A7%D9%84%D9%87%D9%88%D8%A7%D8%AA%D9%81-%D8%A7%D9%84%D8%A7%D8%B3%D8%A7%D8%B3%D9%8A%D8%A9', 'https://salem-store.test/', '[]', 'Mozilla/5.0 (Windows NT 10.0; Win64; x64) AppleWebKit/537.36 (KHTML, like Gecko) Chrome/144.0.0.0 Safari/537.36', '{"cookie":["XSRF-TOKEN=eyJpdiI6Iml0ZGVWaGwxU1pyQmdOK2xQQWR2bUE9PSIsInZhbHVlIjoiSUpOZGRGdHBPdDdsdzBHV2hmUWdxK1ZRUjR1YmdYQkJsYWkyQlMwUGdZVWFPQXFTZUFXT2dTRlc3VDVzM0NyUUNMRmd2dDBtZ0NzZGlYRmY0eUtKdWlSZGJnRTlCTTkwem9NMFR4OWhBdDVlY3hXY1gvZFdpU1ZnWmNJUGxiZVgiLCJtYWMiOiIwMDIxMDIwYzFlNzBiYmExOTM5MjU3MTY3ZjgxMTgzOTI2MzIzMTM0YzIwMjliNjdhMTQ1MmYxOTQ3OTY2NzAzIiwidGFnIjoiIn0%3D; salem_store_session=eyJpdiI6IlRwSjlyd0VNZDZXSVVZZGZCU3VqTmc9PSIsInZhbHVlIjoibklwNTRjY2NQYlROSk9hMDVRb0tlYk5ESFcvZld1RlVLTUVKbTQ0blRuUFAyZUU4MW8rRFNRaDVtbVk1Sk9LTDZCSTUwSVdRSU1aeWp0SXIyNXBwU1prYnRKdjJaY3JlZStRb1UzQlBqaU9qZTFRWUxhdG1yaEhpNUx1TmRNZksiLCJtYWMiOiJlZjI0YWVmMGY2ZGNlNGU2NWE5ZTVmOGRmY2Q2MzJiMTk5NzA1MzRjY2U5ZDIwNzFlOTlhOTNlZjhmZTNmYWEyIiwidGFnIjoiIn0%3D"],"priority":["u=2, i"],"accept-language":["en-GB,en-US;q=0.9,en;q=0.8"],"accept-encoding":["gzip, deflate, br, zstd"],"user-agent":["Mozilla\\/5.0 (Windows NT 10.0; Win64; x64) AppleWebKit\\/537.36 (KHTML, like Gecko) Chrome\\/144.0.0.0 Safari\\/537.36"],"referer":["https:\\/\\/salem-store.test\\/"],"sec-fetch-dest":["document"],"sec-fetch-mode":["navigate"],"sec-fetch-site":["none"],"sec-ch-ua-platform":["\\"Windows\\""],"sec-ch-ua-mobile":["?0"],"sec-ch-ua":["\\"Not(A:Brand\\";v=\\"8\\", \\"Chromium\\";v=\\"144\\", \\"Google Chrome\\";v=\\"144\\""],"sec-speculation-tags":["null"],"upgrade-insecure-requests":["1"],"sec-purpose":["prefetch;prerender"],"accept":["text\\/html,application\\/xhtml+xml,application\\/xml;q=0.9,image\\/avif,image\\/webp,image\\/apng,*\\/*;q=0.8,application\\/signed-exchange;v=b3;q=0.7"],"host":["salem-store.test"]}', '', 'Windows', 'Chrome', '127.0.0.1', 'Webkul\\Category\\Models\\Category', 4, NULL, NULL, 1, '2026-02-08 11:06:49', '2026-02-08 11:06:49'), (112, 'GET', '[]', 'https://salem-store.test/%D9%88%D8%A7%D9%82%D9%8A%D8%A7%D8%AA-%D8%A7%D9%84%D8%B4%D8%A7%D8%B4%D8%A9', 'https://salem-store.test/', '[]', 'Mozilla/5.0 (Windows NT 10.0; Win64; x64) AppleWebKit/537.36 (KHTML, like Gecko) Chrome/144.0.0.0 Safari/537.36', '{"cookie":["XSRF-TOKEN=eyJpdiI6IlNTU1ZvQmRwQktWMlFFdloxMHk4R0E9PSIsInZhbHVlIjoic21NdjlUdVJ1d0tOaWhaYWxOdWN6OWUrRTdNTis0dVdvbzgrQ2p5L1phWWhqM0JNTEpxZ3o1UXYzcGJYZXN6NGdwZzBnL3k5SVRTV0FwaUI4dUpDTzZmbFU4K2MyRmRiME9UQ2l3RGZVOVBQZXZPVWJ4REhvbUNETHlMdnRDTmYiLCJtYWMiOiI0NmE1YWY3YzdjNmFlM2U3ODgxNzgzNjJmYmI0M2EyMTJhYzNjNzIzZTFjZDRkNzU2MzQzYWZmYjk3MWNiOTgzIiwidGFnIjoiIn0%3D; salem_store_session=eyJpdiI6Ik9RUWpiZTgwUzRESUlqWlZlMzAvVkE9PSIsInZhbHVlIjoiMW5pUEZTcitwbmZrYnZzMGhhcDZuSHJEa2kxaHJ5TWFMMUdSeWV5cXl5MEhLM05JOWFCSHpPbkdKU0lKYlZKS213M2Q2U1dSa3o3Mng1ZmtsQmE0dHFiM1FTMXQ2bXpuaVNNZnRnNll4a1BhSXorbXY4c1BiVjU0cGtKdjZuYmsiLCJtYWMiOiJiZjI5NzQxMDY2NzFiMTA0OWQ0NDEwNDc4NTJhNjFlMWJiNzQ2Y2U2MDEzZjg3ZTVlNzY1OTI3YzdmY2E2MzgzIiwidGFnIjoiIn0%3D"],"priority":["u=2, i"],"accept-language":["en-GB,en-US;q=0.9,en;q=0.8"],"accept-encoding":["gzip, deflate, br, zstd"],"user-agent":["Mozilla\\/5.0 (Windows NT 10.0; Win64; x64) AppleWebKit\\/537.36 (KHTML, like Gecko) Chrome\\/144.0.0.0 Safari\\/537.36"],"referer":["https:\\/\\/salem-store.test\\/"],"sec-fetch-dest":["document"],"sec-fetch-mode":["navigate"],"sec-fetch-site":["none"],"sec-ch-ua-platform":["\\"Windows\\""],"sec-ch-ua-mobile":["?0"],"sec-ch-ua":["\\"Not(A:Brand\\";v=\\"8\\", \\"Chromium\\";v=\\"144\\", \\"Google Chrome\\";v=\\"144\\""],"sec-speculation-tags":["null"],"upgrade-insecure-requests":["1"],"sec-purpose":["prefetch;prerender"],"accept":["text\\/html,application\\/xhtml+xml,application\\/xml;q=0.9,image\\/avif,image\\/webp,image\\/apng,*\\/*;q=0.8,application\\/signed-exchange;v=b3;q=0.7"],"host":["salem-store.test"]}', '', 'Windows', 'Chrome', '127.0.0.1', 'Webkul\\Category\\Models\\Category', 6, NULL, NULL, 1, '2026-02-08 11:06:50', '2026-02-08 11:06:50'), (113, 'GET', '[]', 'https://salem-store.test/%D8%A7%D9%84%D8%B4%D9%88%D8%A7%D8%AD%D9%86-%D9%88%D8%A7%D9%84%D9%83%D8%A7%D8%A8%D9%84%D8%A7%D8%AA', 'https://salem-store.test/', '[]', 'Mozilla/5.0 (Windows NT 10.0; Win64; x64) AppleWebKit/537.36 (KHTML, like Gecko) Chrome/144.0.0.0 Safari/537.36', '{"cookie":["XSRF-TOKEN=eyJpdiI6IlZwbFQybEExdDBGNHJEMUZ1ckFsd3c9PSIsInZhbHVlIjoiS3dvaHhSYUswOUZvUDQrSloyUjFhOE5nYkNBS1lBdUw4cUJhd3JscitVSXZiaGRQNDRtbXoxN0Q3S1RWZHM4ZHMwRzgyUmdoZHJBeE1hSUJEZnRzelcwTkhqNm5tL1VTYkYrTlVncEVvVC9rSXV2YkVNalk4YW1CakFVdjdtaVciLCJtYWMiOiIxZjM0YTQ5ZDY3ZTdmMzJiYjk0NjU4YzM4MzBjMjIxZGE3YjliNzUwZWMzY2UxODk3YWFlN2NmNmJkNDZmMDg0IiwidGFnIjoiIn0%3D; salem_store_session=eyJpdiI6InVSUWdtZGhlTmVmMzBNTXk5TUd3d0E9PSIsInZhbHVlIjoiT1ZGZzIvSjhPeVpnbVNFd05Remo0UGpzcDVGblhDWjlQMktBKzRqbHZ5TllzY0dTdk5BYUlTcENIYjRJNWZZVmlsVVZIaGlqcU1OalJ6d2hQdG11ZE5TeWl3ejVleGZ4czJDR3dUSEdGNUMxanlmNWIwU2V2RnZ1YWZBaUhBajkiLCJtYWMiOiI1MzIyZDVhMDM3N2I3OGYxM2E5YzUzNDRlNjQ3NTJhY2IwNGY2ZDU1YjlhZjAxZjMwM2YxZTM0ODI3ODI1NjY1IiwidGFnIjoiIn0%3D"],"priority":["u=2, i"],"accept-language":["en-GB,en-US;q=0.9,en;q=0.8"],"accept-encoding":["gzip, deflate, br, zstd"],"user-agent":["Mozilla\\/5.0 (Windows NT 10.0; Win64; x64) AppleWebKit\\/537.36 (KHTML, like Gecko) Chrome\\/144.0.0.0 Safari\\/537.36"],"referer":["https:\\/\\/salem-store.test\\/"],"sec-fetch-dest":["document"],"sec-fetch-mode":["navigate"],"sec-fetch-site":["none"],"sec-ch-ua-platform":["\\"Windows\\""],"sec-ch-ua-mobile":["?0"],"sec-ch-ua":["\\"Not(A:Brand\\";v=\\"8\\", \\"Chromium\\";v=\\"144\\", \\"Google Chrome\\";v=\\"144\\""],"sec-speculation-tags":["null"],"upgrade-insecure-requests":["1"],"sec-purpose":["prefetch;prerender"],"accept":["text\\/html,application\\/xhtml+xml,application\\/xml;q=0.9,image\\/avif,image\\/webp,image\\/apng,*\\/*;q=0.8,application\\/signed-exchange;v=b3;q=0.7"],"host":["salem-store.test"]}', '', 'Windows', 'Chrome', '127.0.0.1', 'Webkul\\Category\\Models\\Category', 7, NULL, NULL, 1, '2026-02-08 11:06:50', '2026-02-08 11:06:50'), (114, 'GET', '[]', 'https://salem-store.test/%D8%A8%D8%B7%D8%A7%D8%B1%D9%8A%D8%A7%D8%AA-%D9%85%D8%AD%D9%85%D9%88%D9%84%D8%A9', 'https://salem-store.test/', '[]', 'Mozilla/5.0 (Windows NT 10.0; Win64; x64) AppleWebKit/537.36 (KHTML, like Gecko) Chrome/144.0.0.0 Safari/537.36', '{"cookie":["XSRF-TOKEN=eyJpdiI6ImlWOXZVbytFMUNRL2EyM21Ibmt3NkE9PSIsInZhbHVlIjoianpZV0dMdi8yMzhQRzk2MkI4Tnd1b0dtd01QK1A2R0pFcnRHU1REcDM4VGJnWjNjTFhtZVQ5NXhiS3lHRGZreVhnUjlCT1ZJYWNDbFRMczNackdmek53KzYwMDNocm5VdThKMUxNU0F1N2ZrMmk1TTZUcU9KOTJ6UU9NcEYyNWYiLCJtYWMiOiJlODVkM2UwY2FlMmQxYzA5ZGYzMzhhZWJmZmYwYmM2NTBiMzgxZmI0YThjZTRmN2IxYjcwYThiMjM4NWEwNGZlIiwidGFnIjoiIn0%3D; salem_store_session=eyJpdiI6IjhoNWIzd0tBVkdLRXBiTnl4dHVwaXc9PSIsInZhbHVlIjoiUWxzN2I1RU9vb2drN3pSdkNkT0h0dDY5cDU2K0E5VmFFZmY1UHptWDh0bGRKUWw2NjEwVWU3cGpuNGswZ2QvWnJ1Uy9URGZmdXJNb3orTk5vWXZCMTUrYUxOckUyT2ZUZkNZMGFmanNxNk8wVjV5YTg2Ymt5TDQzTGJjTndVWDEiLCJtYWMiOiIzN2ZmNjE5NDAxOGQ1NzE4ZTVjNmY2MDZkMTU5NDc3N2M5OTQ4YWJlMGJjOTIxODM5NjI0ODJmNWEwYmUwOGE5IiwidGFnIjoiIn0%3D"],"priority":["u=2, i"],"accept-language":["en-GB,en-US;q=0.9,en;q=0.8"],"accept-encoding":["gzip, deflate, br, zstd"],"user-agent":["Mozilla\\/5.0 (Windows NT 10.0; Win64; x64) AppleWebKit\\/537.36 (KHTML, like Gecko) Chrome\\/144.0.0.0 Safari\\/537.36"],"referer":["https:\\/\\/salem-store.test\\/"],"sec-fetch-dest":["document"],"sec-fetch-mode":["navigate"],"sec-fetch-site":["none"],"sec-ch-ua-platform":["\\"Windows\\""],"sec-ch-ua-mobile":["?0"],"sec-ch-ua":["\\"Not(A:Brand\\";v=\\"8\\", \\"Chromium\\";v=\\"144\\", \\"Google Chrome\\";v=\\"144\\""],"sec-speculation-tags":["null"],"upgrade-insecure-requests":["1"],"sec-purpose":["prefetch;prerender"],"accept":["text\\/html,application\\/xhtml+xml,application\\/xml;q=0.9,image\\/avif,image\\/webp,image\\/apng,*\\/*;q=0.8,application\\/signed-exchange;v=b3;q=0.7"],"host":["salem-store.test"]}', '', 'Windows', 'Chrome', '127.0.0.1', 'Webkul\\Category\\Models\\Category', 8, NULL, NULL, 1, '2026-02-08 11:06:51', '2026-02-08 11:06:51'), (115, 'GET', '[]', 'https://salem-store.test/%D8%A7%D9%84%D9%83%D9%85%D8%A8%D9%8A%D9%88%D8%AA%D8%B1-%D8%A7%D9%84%D9%85%D9%83%D8%AA%D8%A8%D9%8A', 'https://salem-store.test/', '[]', 'Mozilla/5.0 (Windows NT 10.0; Win64; x64) AppleWebKit/537.36 (KHTML, like Gecko) Chrome/144.0.0.0 Safari/537.36', '{"cookie":["XSRF-TOKEN=eyJpdiI6Ijc0U0VsR2ZUdkUwWTZCME94aWQrcHc9PSIsInZhbHVlIjoiZVMvY09UcEpSYWlHNDlCVndVTkwyYTIrWG11UHo5bWgzMm5GUnA4VnNrYU55WUd2NjE0WG1nVHFDR0ZjdWxEYWN2TlJoamNtUWNPR3NYSTUyUDlGVTliZGhYMnlMdXJ6K1d1cS96Q2piNTJ2SVNibHA5Skl6Q3dIZmtmQWdUOEsiLCJtYWMiOiI0YTM2MWZjZGU2MjhhNGI5OTFlNGMxODc1MzUyODdkOGI2NjhmODU1NzgzOWFiYmZiMWVhM2JmZmRkYzNhYjZiIiwidGFnIjoiIn0%3D; salem_store_session=eyJpdiI6InhUYWpSaG5HVzFlYksrVVVaSk9wdHc9PSIsInZhbHVlIjoiVHRHalNrUExhNXpiYzJ2SXVrcUo1VEpwa0pEc2lEbXJLcGFmbC9BZkZTbEkvVjV1b2JXb1FYVjVMSnJoSnhxRUNFVm0vQnkrcHdDVk84eFVCVlhiVDFNZ205Wk04alM5VmZXVmluWmwxajNlNEd2T2V2STBWRm8xcisxc1ZHcjMiLCJtYWMiOiJiZTBkYTc5Mjc4NWRiMGE1YWE2OTJhYmI3OGFmMTkyMWExZDljM2U2MWRmYWM0YWY0Y2UzN2RkZmIyMDU0YWE5IiwidGFnIjoiIn0%3D"],"priority":["u=2, i"],"accept-language":["en-GB,en-US;q=0.9,en;q=0.8"],"accept-encoding":["gzip, deflate, br, zstd"],"user-agent":["Mozilla\\/5.0 (Windows NT 10.0; Win64; x64) AppleWebKit\\/537.36 (KHTML, like Gecko) Chrome\\/144.0.0.0 Safari\\/537.36"],"referer":["https:\\/\\/salem-store.test\\/"],"sec-fetch-dest":["document"],"sec-fetch-mode":["navigate"],"sec-fetch-site":["none"],"sec-ch-ua-platform":["\\"Windows\\""],"sec-ch-ua-mobile":["?0"],"sec-ch-ua":["\\"Not(A:Brand\\";v=\\"8\\", \\"Chromium\\";v=\\"144\\", \\"Google Chrome\\";v=\\"144\\""],"sec-speculation-tags":["null"],"upgrade-insecure-requests":["1"],"sec-purpose":["prefetch;prerender"],"accept":["text\\/html,application\\/xhtml+xml,application\\/xml;q=0.9,image\\/avif,image\\/webp,image\\/apng,*\\/*;q=0.8,application\\/signed-exchange;v=b3;q=0.7"],"host":["salem-store.test"]}', '', 'Windows', 'Chrome', '127.0.0.1', 'Webkul\\Category\\Models\\Category', 10, NULL, NULL, 1, '2026-02-08 11:06:52', '2026-02-08 11:06:52'), (116, 'GET', '[]', 'https://salem-store.test/%D8%A7%D9%84%D9%83%D9%84-%D9%81%D9%8A-%D9%88%D8%A7%D8%AD%D8%AF', 'https://salem-store.test/', '[]', 'Mozilla/5.0 (Windows NT 10.0; Win64; x64) AppleWebKit/537.36 (KHTML, like Gecko) Chrome/144.0.0.0 Safari/537.36', '{"cookie":["XSRF-TOKEN=eyJpdiI6ImpCaTcxVlFEWWVmTzFxYmIwWFdLR2c9PSIsInZhbHVlIjoiazdoQ2NnbG8yelVnTXd1bGxvVE9Ra2hyYXB5ditlWTk5N0d2MTdnYTlXSWJpY0M1SEV3eGhrdXlLNHloajE0a1FvOXZIZlI2MFhiWSszVVJZOS9rUmNKVW5OZWIwSnUzSWVYVzhMMDM0VkJuakxvMFA5TGJtTmdMaUdmVWtScmkiLCJtYWMiOiJhZmQyNmM4MDcyYzU3Nzc5NmExYzIzNzg0NThjYmYxYTA1YTE2NDQwYzIwZWVjZWIzMjAyNTRiNTYxYTc1ODI3IiwidGFnIjoiIn0%3D; salem_store_session=eyJpdiI6ImdsVC9WMlUvT0M1M01NcGpoc0ZqQUE9PSIsInZhbHVlIjoibFdpQnVBNGNHVHdBQ20vSnpVcmlBUTVZWkxENldVQ2NlKzBmWUNnNzY0SFc1SUxFdEE0aE9TS1pzTzFWcUNkeXBCdzdDZCtLQ05KNWl5b1pGdXBlOUpFRXpidlpUNDBTTkI0VkNJK3UrM0tGR1k3MzgwVnVoM2ZVZ0kxVlZiWmMiLCJtYWMiOiJkMzE3MzU2ZmViNTIyN2FhZWUxMjY3ZDQzNjE1Mzk1YWY3OTc1NGM0NmU2MjJkYzNlOTI1NmIxYjg0YTg4ODI3IiwidGFnIjoiIn0%3D"],"priority":["u=2, i"],"accept-language":["en-GB,en-US;q=0.9,en;q=0.8"],"accept-encoding":["gzip, deflate, br, zstd"],"user-agent":["Mozilla\\/5.0 (Windows NT 10.0; Win64; x64) AppleWebKit\\/537.36 (KHTML, like Gecko) Chrome\\/144.0.0.0 Safari\\/537.36"],"referer":["https:\\/\\/salem-store.test\\/"],"sec-fetch-dest":["document"],"sec-fetch-mode":["navigate"],"sec-fetch-site":["none"],"sec-ch-ua-platform":["\\"Windows\\""],"sec-ch-ua-mobile":["?0"],"sec-ch-ua":["\\"Not(A:Brand\\";v=\\"8\\", \\"Chromium\\";v=\\"144\\", \\"Google Chrome\\";v=\\"144\\""],"sec-speculation-tags":["null"],"upgrade-insecure-requests":["1"],"sec-purpose":["prefetch;prerender"],"accept":["text\\/html,application\\/xhtml+xml,application\\/xml;q=0.9,image\\/avif,image\\/webp,image\\/apng,*\\/*;q=0.8,application\\/signed-exchange;v=b3;q=0.7"],"host":["salem-store.test"]}', '', 'Windows', 'Chrome', '127.0.0.1', 'Webkul\\Category\\Models\\Category', 11, NULL, NULL, 1, '2026-02-08 11:06:53', '2026-02-08 11:06:53'), (117, 'GET', '[]', 'https://salem-store.test/%D8%A7%D9%84%D8%B9%D8%A7%D8%A8-%D8%A7%D9%84%D9%83%D9%85%D8%A8%D9%8A%D9%88%D8%AA%D8%B1', 'https://salem-store.test/', '[]', 'Mozilla/5.0 (Windows NT 10.0; Win64; x64) AppleWebKit/537.36 (KHTML, like Gecko) Chrome/144.0.0.0 Safari/537.36', '{"cookie":["XSRF-TOKEN=eyJpdiI6ImUxbXcvVU9wWDhoTi9yanl6VXFESUE9PSIsInZhbHVlIjoibnF5RzBWTnRxSXpnd2hPNTYyQ0NSc1c4b05Sc21HcXFRTnFCNDh2ZXdJNUxZUmY0a3NmSVBkSWtEdWU1dC9CeG9xWXFtemVWOGFxRW1PekkwRE9jc0Zzbm02NkJqQ0ZvcFNPbE9XbUhTQVJOS3BXQjN3Y3FaU3hiTVpGWFJkUnEiLCJtYWMiOiJhN2E3MDY1ODUwZDAwMDczN2Y0MDA2MjUzNWMwMGUwOThmMzQyMDUyZmZkNGM3YTkyNWUyYWI1ZGU2OTgyMjg2IiwidGFnIjoiIn0%3D; salem_store_session=eyJpdiI6Ijd6ZXI0T3VJbzFJVkFIMlU2dG1uU3c9PSIsInZhbHVlIjoiTjRDekxFUkgrZS9MYTVoSDdUb3VUNGE5WGxnYkhsWjJSRzlkNzhqYzRMbXNlOVB1cWVGdVpuTzIwbnJsK1A1eVFnaERMUlAvWTNwSDVhb1dBUXlmTkxmWjF1QzhFazk1K2dseVNlcHFVM3orTGVXV0JNemJhQXVveG00aTlWOWUiLCJtYWMiOiI4MWRiMzU1YjZhOTQxNTMwNTkxOTMyZmMwMjRlYmM0MThmOGUyZTEzYzg4NWI2MTE1MTg3N2ZjOWJmMzc4NTJhIiwidGFnIjoiIn0%3D"],"priority":["u=2, i"],"accept-language":["en-GB,en-US;q=0.9,en;q=0.8"],"accept-encoding":["gzip, deflate, br, zstd"],"user-agent":["Mozilla\\/5.0 (Windows NT 10.0; Win64; x64) AppleWebKit\\/537.36 (KHTML, like Gecko) Chrome\\/144.0.0.0 Safari\\/537.36"],"referer":["https:\\/\\/salem-store.test\\/"],"sec-fetch-dest":["document"],"sec-fetch-mode":["navigate"],"sec-fetch-site":["none"],"sec-ch-ua-platform":["\\"Windows\\""],"sec-ch-ua-mobile":["?0"],"sec-ch-ua":["\\"Not(A:Brand\\";v=\\"8\\", \\"Chromium\\";v=\\"144\\", \\"Google Chrome\\";v=\\"144\\""],"sec-speculation-tags":["null"],"upgrade-insecure-requests":["1"],"sec-purpose":["prefetch;prerender"],"accept":["text\\/html,application\\/xhtml+xml,application\\/xml;q=0.9,image\\/avif,image\\/webp,image\\/apng,*\\/*;q=0.8,application\\/signed-exchange;v=b3;q=0.7"],"host":["salem-store.test"]}', '', 'Windows', 'Chrome', '127.0.0.1', 'Webkul\\Category\\Models\\Category', 14, NULL, NULL, 1, '2026-02-08 11:06:54', '2026-02-08 11:06:54'), (118, 'GET', '[]', 'https://salem-store.test/%D9%84%D9%88%D8%AD%D8%A7%D8%AA-%D8%A7%D9%84%D9%85%D9%81%D8%A7%D8%AA%D9%8A%D8%AD', 'https://salem-store.test/', '[]', 'Mozilla/5.0 (Windows NT 10.0; Win64; x64) AppleWebKit/537.36 (KHTML, like Gecko) Chrome/144.0.0.0 Safari/537.36', '{"cookie":["XSRF-TOKEN=eyJpdiI6InBwakdFUnhoU3NSS3psZ3JwbHdwd3c9PSIsInZhbHVlIjoiRmZsRStlU1RsaVhuVDVhaW9YaS8zb3dmbXF3R2Q2dGZDclFtT2hVRGdGQkM3UTZ3MVB1dkJkQVcvU0JVSkYyTHZjL0dhdXRjVGs4UjVLTHkvVHpsc0dsWnpTSVpPZlNMM1hyNW5BRU12THMrUnUxUXBYTXdNbkRhN1E0UU1wKzgiLCJtYWMiOiI0ZTM5NGI4MjQ3MjdhMjJjOWEyZTA4ZGJlZWJlOTMxZDA2NTc0ZmM1ODZlYjgzZDhkYWM2OGE5NGJlZDk4YjczIiwidGFnIjoiIn0%3D; salem_store_session=eyJpdiI6IlFJQjBrUmJWU3A3WjdiZnRtRTFRVXc9PSIsInZhbHVlIjoibm1DUXg4QmJyelFQM3dQdms2OTJkYzFwVllCcGhHR2I4VjNqM3JnTU14VjFqbFBlZUJ5bHN1WHh0b0RoTFA1UFc0RGx2S1dpS3ZYRjhHenhxZWd5ZFdTQWRIYjRRM1JJZTA0MEg3WGwwSllzNzJlQ2FsRDBhWVdIM1FGeGRVb0oiLCJtYWMiOiI0Nzk5YzJlYWNlZTdmNmVmNDBkMGQ0NzM4ZDQ5OTAzNGEyZDI2NzE3MTA5YjNlMDA5ZDNjZDcyMmJhY2ZiM2RhIiwidGFnIjoiIn0%3D"],"priority":["u=2, i"],"accept-language":["en-GB,en-US;q=0.9,en;q=0.8"],"accept-encoding":["gzip, deflate, br, zstd"],"user-agent":["Mozilla\\/5.0 (Windows NT 10.0; Win64; x64) AppleWebKit\\/537.36 (KHTML, like Gecko) Chrome\\/144.0.0.0 Safari\\/537.36"],"referer":["https:\\/\\/salem-store.test\\/"],"sec-fetch-dest":["document"],"sec-fetch-mode":["navigate"],"sec-fetch-site":["none"],"sec-ch-ua-platform":["\\"Windows\\""],"sec-ch-ua-mobile":["?0"],"sec-ch-ua":["\\"Not(A:Brand\\";v=\\"8\\", \\"Chromium\\";v=\\"144\\", \\"Google Chrome\\";v=\\"144\\""],"sec-speculation-tags":["null"],"upgrade-insecure-requests":["1"],"sec-purpose":["prefetch;prerender"],"accept":["text\\/html,application\\/xhtml+xml,application\\/xml;q=0.9,image\\/avif,image\\/webp,image\\/apng,*\\/*;q=0.8,application\\/signed-exchange;v=b3;q=0.7"],"host":["salem-store.test"]}', '', 'Windows', 'Chrome', '127.0.0.1', 'Webkul\\Category\\Models\\Category', 23, NULL, NULL, 1, '2026-02-08 11:06:56', '2026-02-08 11:06:56'), (119, 'GET', '[]', 'https://salem-store.test/%D8%A7%D9%84%D9%83%D8%A7%D8%A8%D9%84%D8%A7%D8%AA-%D9%88%D8%A7%D9%84%D9%85%D9%88%D8%B5%D9%84%D8%A7%D8%AA', 'https://salem-store.test/', '[]', 'Mozilla/5.0 (Windows NT 10.0; Win64; x64) AppleWebKit/537.36 (KHTML, like Gecko) Chrome/144.0.0.0 Safari/537.36', '{"cookie":["XSRF-TOKEN=eyJpdiI6ImkzVm5ndXJySUNvT1d2bnREU1RvTXc9PSIsInZhbHVlIjoicjhoVE94aGdJdFF0bGVJM2xuM1c3a2c2eE8zd2I4YjVsYjJIL0F1eVBmWFZHS2dYTzgwd3BER2J2ZlAwdzB3YU5yV2RDaVBtVDB2cjVJc1hLOUszVkYxalpTMXZYMlA0M0lFa2JhU3NNMm1ieW1BQTlieHlYWWhNc3QyaWREZmEiLCJtYWMiOiIxMWYzMWQyMDJjYmFjZDFiN2RkNjM1Y2Y5MGM2YWM0NmEwMjczZGMwYjQ4NmU0MWRkMWZlMTFmNGE0YWVhNGIyIiwidGFnIjoiIn0%3D; salem_store_session=eyJpdiI6ImU2cnZsUnhRdkIxQzdWcmZjNVAzQmc9PSIsInZhbHVlIjoiTEpWd04rcGgyZWpjQVptM2J4VjF1TzUwVjJGRWNoU1E5ZHFMMDNxaGxkWHpxcCtJc2gyTTNoVk9CM0dkb2pOZVIzNjFBTUlER3JWY05IWDg5Q0xFSGJUS0YrbjI2TURXdzJqcG5RSUxON1k5UG9HSU1FaVVXYkJDaERqWWtFUTkiLCJtYWMiOiI4Y2RmYjM4OWMzOGFiYTU2NmIyYjBiMWFjZGYwYzY1YjIyYTdiYjNiODA3M2E1ZDRhNjI5OTgwNjQzYmQzMjUwIiwidGFnIjoiIn0%3D"],"priority":["u=2, i"],"accept-language":["en-GB,en-US;q=0.9,en;q=0.8"],"accept-encoding":["gzip, deflate, br, zstd"],"user-agent":["Mozilla\\/5.0 (Windows NT 10.0; Win64; x64) AppleWebKit\\/537.36 (KHTML, like Gecko) Chrome\\/144.0.0.0 Safari\\/537.36"],"referer":["https:\\/\\/salem-store.test\\/"],"sec-fetch-dest":["document"],"sec-fetch-mode":["navigate"],"sec-fetch-site":["none"],"sec-ch-ua-platform":["\\"Windows\\""],"sec-ch-ua-mobile":["?0"],"sec-ch-ua":["\\"Not(A:Brand\\";v=\\"8\\", \\"Chromium\\";v=\\"144\\", \\"Google Chrome\\";v=\\"144\\""],"sec-speculation-tags":["null"],"upgrade-insecure-requests":["1"],"sec-purpose":["prefetch;prerender"],"accept":["text\\/html,application\\/xhtml+xml,application\\/xml;q=0.9,image\\/avif,image\\/webp,image\\/apng,*\\/*;q=0.8,application\\/signed-exchange;v=b3;q=0.7"],"host":["salem-store.test"]}', '', 'Windows', 'Chrome', '127.0.0.1', 'Webkul\\Category\\Models\\Category', 30, NULL, NULL, 1, '2026-02-08 11:07:01', '2026-02-08 11:07:01'), (120, 'GET', '[]', 'https://salem-store.test/%D8%AC%D8%B1%D8%A7%D8%A8-%D8%B3%D9%8A%D9%84%D9%8A%D9%83%D9%88%D9%86', 'https://salem-store.test/', '[]', 'Mozilla/5.0 (Windows NT 10.0; Win64; x64) AppleWebKit/537.36 (KHTML, like Gecko) Chrome/144.0.0.0 Safari/537.36', '{"cookie":["XSRF-TOKEN=eyJpdiI6InRhalFXdlFCd3dNY3N2WjlKUS9uNUE9PSIsInZhbHVlIjoiU0VMYWw5bzY1eXpsQ1pyVVVsQWtwQ1BGT01Wc1RPWVdVczNtNkRIRElDZWRLbjBWZVdvWWFjSzE5YWF2Ty8rSTBxckFUcTRXaElFNi94dFBHbmk1WjE5dkNCd01HVUJaaTQweDF0RlRtMDBtZjlHdGNjc0pJTnFHV1N1VmUwS2wiLCJtYWMiOiI5ZDBjZmMyODc1MzJiYzcwMGVjODU0MmZiNWY1YjdkNzQ3Y2NmOWNhOWRiNTk0YTdjZTI3N2Q2N2NiZTFjMTg1IiwidGFnIjoiIn0%3D; salem_store_session=eyJpdiI6ImFQRUQwOVhlU1BZejQwYTVMVlFXUEE9PSIsInZhbHVlIjoiZFNQUlBpQlgyT2UrV3ZwMWNRWjNyUWhkU1JodlBoS3B3ZmdoWjdaaXhxOUthUmJ5R2JuMS9OMmxpSHRUN1hiYVlNMmtBVlN2RTV2WEpGSVpBWmFQbEp0N1A2L2k0SGVJd0wySWd1U3lVVzBTaEExZUU3eGp6TnZxZzNKQnUxYWQiLCJtYWMiOiIyNjNhMWU3ZTQwZWIwYjg4MTQxZTI2YjRkODNlMjg2ZjlkMDQ0ZjRlYjRmMmQ5MGI2OTM3OTI0M2M3ZDY2ZjBjIiwidGFnIjoiIn0%3D"],"priority":["u=2, i"],"accept-language":["en-GB,en-US;q=0.9,en;q=0.8"],"accept-encoding":["gzip, deflate, br, zstd"],"user-agent":["Mozilla\\/5.0 (Windows NT 10.0; Win64; x64) AppleWebKit\\/537.36 (KHTML, like Gecko) Chrome\\/144.0.0.0 Safari\\/537.36"],"referer":["https:\\/\\/salem-store.test\\/"],"sec-fetch-dest":["document"],"sec-fetch-mode":["navigate"],"sec-fetch-site":["none"],"sec-ch-ua-platform":["\\"Windows\\""],"sec-ch-ua-mobile":["?0"],"sec-ch-ua":["\\"Not(A:Brand\\";v=\\"8\\", \\"Chromium\\";v=\\"144\\", \\"Google Chrome\\";v=\\"144\\""],"sec-speculation-tags":["null"],"upgrade-insecure-requests":["1"],"sec-purpose":["prefetch;prerender"],"accept":["text\\/html,application\\/xhtml+xml,application\\/xml;q=0.9,image\\/avif,image\\/webp,image\\/apng,*\\/*;q=0.8,application\\/signed-exchange;v=b3;q=0.7"],"host":["salem-store.test"]}', '', 'Windows', 'Chrome', '127.0.0.1', 'Webkul\\Product\\Models\\Product', 43, NULL, NULL, 1, '2026-02-08 11:07:52', '2026-02-08 11:07:52'), (121, 'GET', '[]', 'https://salem-store.test/%D9%83%DA%A4%D8%B1%D8%A7%D8%AA-pitaka', 'https://salem-store.test/', '[]', 'Mozilla/5.0 (Windows NT 10.0; Win64; x64) AppleWebKit/537.36 (KHTML, like Gecko) Chrome/144.0.0.0 Safari/537.36', '{"cookie":["XSRF-TOKEN=eyJpdiI6InFQQ3o2SnErMVk4QkdDbjRxczRyUnc9PSIsInZhbHVlIjoia3BNbmxPRWJVdHk4eHZsSVhkWVE3VkVuTWhhOE01SVJER1krc0xseFl2VXgzM0VNZ0FQU2k1bFlXUnFyWHg0YUhnT20yRjVRcXltRzFoMGxPME5YN1NSRkJsMU5WV0NTT0RwN1NMd1ZXS0tQZGJqOTVxMnFVOHVTOVZpRW0wSzIiLCJtYWMiOiJlMWFjMWFiOWNmYzcwYzY4ZTgxNmI2MWMxNTM0NmNkNmJiMWVhODg4Nzc0ODVmOTk0NTkwYWJhYjQxZTYzNDgyIiwidGFnIjoiIn0%3D; salem_store_session=eyJpdiI6Ik83SVFJVDdwM1lZczJUbVhXdUw5UHc9PSIsInZhbHVlIjoiS2EwUDVJakg5OG9sVzNKRlB2amxMVUJDbGVKcFk5SlJ0Q3J5Nm5wSGk2aGlnTiszSk5vM0lIbFV3RmRLaWpFSzRmU0FFYXVyRVVtUWQyU21iOWR1UTFpV05DNFRhZkw4SXF6T3BKRDBhS25PaityMGhRTUhCaG9aM21wV1lRcXUiLCJtYWMiOiI2MTI4NDhjYzkwMWQxOTM0YTMxNWI0OTdjNTEwY2FjMzFhNTFhMTliYWMwMzQ3YjVjYzI2NzRhNDM5ZDUzNWU1IiwidGFnIjoiIn0%3D"],"priority":["u=2, i"],"accept-language":["en-GB,en-US;q=0.9,en;q=0.8"],"accept-encoding":["gzip, deflate, br, zstd"],"user-agent":["Mozilla\\/5.0 (Windows NT 10.0; Win64; x64) AppleWebKit\\/537.36 (KHTML, like Gecko) Chrome\\/144.0.0.0 Safari\\/537.36"],"referer":["https:\\/\\/salem-store.test\\/"],"sec-fetch-dest":["document"],"sec-fetch-mode":["navigate"],"sec-fetch-site":["none"],"sec-ch-ua-platform":["\\"Windows\\""],"sec-ch-ua-mobile":["?0"],"sec-ch-ua":["\\"Not(A:Brand\\";v=\\"8\\", \\"Chromium\\";v=\\"144\\", \\"Google Chrome\\";v=\\"144\\""],"sec-speculation-tags":["null"],"upgrade-insecure-requests":["1"],"sec-purpose":["prefetch;prerender"],"accept":["text\\/html,application\\/xhtml+xml,application\\/xml;q=0.9,image\\/avif,image\\/webp,image\\/apng,*\\/*;q=0.8,application\\/signed-exchange;v=b3;q=0.7"],"host":["salem-store.test"]}', '', 'Windows', 'Chrome', '127.0.0.1', 'Webkul\\Product\\Models\\Product', 1, NULL, NULL, 1, '2026-02-08 11:07:54', '2026-02-08 11:07:54'), (122, 'GET', '[]', 'https://salem-store.test/pitaka', 'https://salem-store.test/', '[]', 'Mozilla/5.0 (Windows NT 10.0; Win64; x64) AppleWebKit/537.36 (KHTML, like Gecko) Chrome/144.0.0.0 Safari/537.36', '{"cookie":["XSRF-TOKEN=eyJpdiI6IkNSbkZnL2NLVkZ1N2hvSTB4dnc0Y1E9PSIsInZhbHVlIjoiY3FkemNyUHJUalhudXRuNndZSzhmVmdNYjhCWWFRb1pOK08xQ2tCZk1oenhOQ0ViNEw5K2g4eEtEdjRuZUdscU5uOUw3aThHUnErTUtQUXAwRFdkUHpNN1dQSkh5WkVCckNxRHFibUZpU3ZXNjY3MjNlUytpSDZ5RDRZbGQvRnAiLCJtYWMiOiIyOGVhNDdjMDY1MzI1Y2YxMjQ3MmMxOTUwYmRmMzc3MDc5YWRlNzEyNDhlNDEzNzc4ZjEwNWRkZTNkYzkxZTQ2IiwidGFnIjoiIn0%3D; salem_store_session=eyJpdiI6IlVjcmh3WUgrdkFpR3RCclBaY3ZaQ2c9PSIsInZhbHVlIjoicXRlNm9IS29yODAzcVpPaUp5a1lHODdIQlpPTWNmVmJ0bkVmTE4xQ0Z4eXBla0NuMU5pQnFvckdIN3BJcWlabUtJZHdTVTRYK2JTTmp6WE13ZmdUMitOTUZ3OTJwa3JIWGgwVnZuTDJhVFRWelZIMlZJWlF0MWo5T1RzZUxmeEQiLCJtYWMiOiIwODZmMDFiODU3NTQ0ZjIzMjY2MGMyY2U1MTIzYjlmZTc2YWViMjJjYjI3YWQzMjM2NjJkZTQ2MjA1YTZhMzJhIiwidGFnIjoiIn0%3D"],"priority":["u=2, i"],"accept-language":["en-GB,en-US;q=0.9,en;q=0.8"],"accept-encoding":["gzip, deflate, br, zstd"],"user-agent":["Mozilla\\/5.0 (Windows NT 10.0; Win64; x64) AppleWebKit\\/537.36 (KHTML, like Gecko) Chrome\\/144.0.0.0 Safari\\/537.36"],"referer":["https:\\/\\/salem-store.test\\/"],"sec-fetch-dest":["document"],"sec-fetch-mode":["navigate"],"sec-fetch-site":["none"],"sec-ch-ua-platform":["\\"Windows\\""],"sec-ch-ua-mobile":["?0"],"sec-ch-ua":["\\"Not(A:Brand\\";v=\\"8\\", \\"Chromium\\";v=\\"144\\", \\"Google Chrome\\";v=\\"144\\""],"sec-speculation-tags":["null"],"upgrade-insecure-requests":["1"],"sec-purpose":["prefetch;prerender"],"accept":["text\\/html,application\\/xhtml+xml,application\\/xml;q=0.9,image\\/avif,image\\/webp,image\\/apng,*\\/*;q=0.8,application\\/signed-exchange;v=b3;q=0.7"],"host":["salem-store.test"]}', '', 'Windows', 'Chrome', '127.0.0.1', 'Webkul\\Product\\Models\\Product', 2, NULL, NULL, 1, '2026-02-08 13:05:56', '2026-02-08 13:05:56'), (123, 'GET', '[]', 'https://salem-store.test/%D8%A7%D8%BA%D8%B7%D9%8A%D8%A9-%D8%AC%D8%B1%D8%A7%D8%A8%D8%A7%D8%AA-%D8%A7%D9%84%D9%87%D9%88%D8%A7%D8%AA%D9%81', 'https://salem-store.test/%D8%A7%D9%84%D9%87%D9%88%D8%A7%D8%AA%D9%81-%D8%A7%D9%84%D8%B0%D9%83%D9%8A%D8%A9?sort=name-asc&mode=list', '[]', 'Mozilla/5.0 (Windows NT 10.0; Win64; x64) AppleWebKit/537.36 (KHTML, like Gecko) Chrome/144.0.0.0 Safari/537.36', '{"cookie":["XSRF-TOKEN=eyJpdiI6Iktac25KMUlpOEJ3SUsvUXE2RllFN3c9PSIsInZhbHVlIjoiRHU4Z0hpSnZ5OTRxeWRGSFRhZXVQMHBGRkU1TldTTVlybTJyVkRraXprR0duZnBtbFVqSlU5TTIwZm1ZaXFsVUV6MjZpUW80emRkOFRWV2tHT2RGT21uVCtlYUtXeVgzTWduWFg3d294VVdZTjFqNUs2YVBHU1QySnBFYy94MlQiLCJtYWMiOiJiZjBmYzE0ZmM2NDdhYzA4MTBjZWI5ZWZjMDM1ODY2ZDNhOTU3YzlhYTM2NmY1ZTlkZTc2ZDk4ODc5NjIwNTM1IiwidGFnIjoiIn0%3D; salem_store_session=eyJpdiI6IkYyemNDUzdLelIwYnNNQmlsejE0clE9PSIsInZhbHVlIjoia2o1L1NpVUYxV1EwSm14bGpJVkFVeDVGVUc5YUNhWFdBSG5kYlArdmlyUTZTQVZxMk0wM0FPT2FUZS90eDZjKys1bnFRKzFJcUJZci91M0NXUkVOUnByUnVlVHVWamRYYks4MUdMYTkvd0trTi9XZXAzV0NIWmp6aEs0YXVZQjEiLCJtYWMiOiJhZjk1N2IyNGY5NTBhYmUxNDJjZGM2YjljOTA5MTlkOTA0ZjA5MjYwZDc5MzI0NWRiZDYxYjU0ZGY0Y2EyZDBhIiwidGFnIjoiIn0%3D"],"priority":["u=2, i"],"accept-language":["en-GB,en-US;q=0.9,en;q=0.8"],"accept-encoding":["gzip, deflate, br, zstd"],"user-agent":["Mozilla\\/5.0 (Windows NT 10.0; Win64; x64) AppleWebKit\\/537.36 (KHTML, like Gecko) Chrome\\/144.0.0.0 Safari\\/537.36"],"referer":["https:\\/\\/salem-store.test\\/%D8%A7%D9%84%D9%87%D9%88%D8%A7%D8%AA%D9%81-%D8%A7%D9%84%D8%B0%D9%83%D9%8A%D8%A9?sort=name-asc&mode=list"],"sec-fetch-dest":["document"],"sec-fetch-mode":["navigate"],"sec-fetch-site":["none"],"sec-ch-ua-platform":["\\"Windows\\""],"sec-ch-ua-mobile":["?0"],"sec-ch-ua":["\\"Not(A:Brand\\";v=\\"8\\", \\"Chromium\\";v=\\"144\\", \\"Google Chrome\\";v=\\"144\\""],"sec-speculation-tags":["null"],"upgrade-insecure-requests":["1"],"sec-purpose":["prefetch;prerender"],"accept":["text\\/html,application\\/xhtml+xml,application\\/xml;q=0.9,image\\/avif,image\\/webp,image\\/apng,*\\/*;q=0.8,application\\/signed-exchange;v=b3;q=0.7"],"host":["salem-store.test"]}', '', 'Windows', 'Chrome', '127.0.0.1', 'Webkul\\Category\\Models\\Category', 5, NULL, NULL, 1, '2026-02-08 13:06:51', '2026-02-08 13:06:51'), (124, 'GET', '[]', 'https://salem-store.test', 'https://salem-store.test/customer/login', '[]', 'Mozilla/5.0 (Windows NT 10.0; Win64; x64) AppleWebKit/537.36 (KHTML, like Gecko) Chrome/144.0.0.0 Safari/537.36', '{"cookie":["XSRF-TOKEN=eyJpdiI6InJrZU5aT0JuZkZvMm1ybnZLdVpIQVE9PSIsInZhbHVlIjoiZ0ZUYkg1YVVJMzJETGFPbnhGRzllSGlMT0VldmhPaENBd2U5ZEp4akwzczRwYkNUUGZrVW5id3lobWlOc3k1a2JkYzBqdDUvMjZOdmg0UUFHUWRZZ2hqYjhySkVsWkRtVWlLZnBuamlnOGdFKzJrTzZlb1UvdWxpbjk1dWFVVGIiLCJtYWMiOiJmNDY5ZjY3N2E3MjA3OGNmYzk5N2UxY2NiYjc0NzI4MTE1NGZmNjg0ZjA1Yzc5YzhiNzBkY2MzYWNmZjljNjM2IiwidGFnIjoiIn0%3D; salem_store_session=eyJpdiI6ImtmeTZxM0ZtYjJkblZLNEt6Smt0cGc9PSIsInZhbHVlIjoiT2ttc2QvNXZpNm9heWNXNDYxZitsdWc1RTdGUTVOT1J6ak41THVXM2tTK1NjQllteDk5clNGYVpKVjhtVXFiUDdFeDlCek9mYVJmRkhnY0xJU1EyM1Era1JGZGFmOC9CelFWWUd1RXVvYlNpZzBSRnBqYUFMQjIyWFpmTXZ2bUIiLCJtYWMiOiJjMjM4ZDRmMDVjNjRhZDIwY2U2NWFlZGY3YTUzOTNiNjllODNhMTFiYzQ4YzQ3NjljYzY1OTZhZWU2NzQ4MTZjIiwidGFnIjoiIn0%3D"],"priority":["u=0, i"],"accept-language":["en-GB,en-US;q=0.9,en;q=0.8"],"accept-encoding":["gzip, deflate, br, zstd"],"referer":["https:\\/\\/salem-store.test\\/customer\\/login"],"sec-ch-ua-platform":["\\"Windows\\""],"sec-ch-ua-mobile":["?0"],"sec-ch-ua":["\\"Not(A:Brand\\";v=\\"8\\", \\"Chromium\\";v=\\"144\\", \\"Google Chrome\\";v=\\"144\\""],"sec-fetch-dest":["document"],"sec-fetch-user":["?1"],"sec-fetch-mode":["navigate"],"sec-fetch-site":["same-origin"],"accept":["text\\/html,application\\/xhtml+xml,application\\/xml;q=0.9,image\\/avif,image\\/webp,image\\/apng,*\\/*;q=0.8,application\\/signed-exchange;v=b3;q=0.7"],"user-agent":["Mozilla\\/5.0 (Windows NT 10.0; Win64; x64) AppleWebKit\\/537.36 (KHTML, like Gecko) Chrome\\/144.0.0.0 Safari\\/537.36"],"upgrade-insecure-requests":["1"],"cache-control":["no-cache"],"pragma":["no-cache"],"host":["salem-store.test"]}', '', 'Windows', 'Chrome', '127.0.0.1', NULL, NULL, 'Webkul\\Customer\\Models\\Customer', 3, 1, '2026-02-08 16:48:14', '2026-02-08 16:48:14'), (125, 'GET', '[]', 'https://salem-store.test/%D9%85%D9%83%D8%A8%D8%B1%D8%A7%D8%AA-%D8%A7%D9%84%D8%B5%D9%88%D8%AA', 'https://salem-store.test/', '[]', 'Mozilla/5.0 (Windows NT 10.0; Win64; x64) AppleWebKit/537.36 (KHTML, like Gecko) Chrome/144.0.0.0 Safari/537.36', '{"cookie":["XSRF-TOKEN=eyJpdiI6IjQ5SzBPNXdlWkhxWGhmSWVMdkp4Z1E9PSIsInZhbHVlIjoiWHpYVGFqNnZUV3FEQnhYa1AyNU5zaldwNU1aUzNhQ0p5dW1kdzZUZVMxc3dEdlhhZ1R1RWNXZEZPcDdsR1IyYkRiT3dydzkvZW51aVNxSUZjTjdDUW8yV1RueVNoYjB4NTB5dDNFTzV4Y0h0djRvemlBSXdmMmtnb25zSW1pR1EiLCJtYWMiOiJmZTcxYWRjZjAwMWYzMGUzMTdjYzAxOGRlN2U3NzY3Yjk3YzQ2ODNjNzFjNmNkMTMzMGM2ODExMGY3ZjI0YTc0IiwidGFnIjoiIn0%3D; salem_store_session=eyJpdiI6Im1qalA2RVZoVUNENG4vME45RXIvQWc9PSIsInZhbHVlIjoiSTMyUHAzMUFhM2F5bkxnRDNSaHFxS3F2dlduMk9KOXBLbHFuMGk3MGNKVlNPWVd5N3RkcnhCRUlhK2JmY2c2T3RVaVc4bnkyYVFRMm0wTG5jRjN6UEJ3NTlLd0EyODZuT1pzVEpXcTU4aGRQbTc5NEh2TzltcFg4eXpwelF0c0MiLCJtYWMiOiIxMjYxNDhiZDVkNjMzNjdiNzU3MTk2M2IzMWFmZDY2OGY5ZTIzYzc3NGYyN2U0MWU2NTYyNWM0YzJmNTUwNGQ2IiwidGFnIjoiIn0%3D"],"priority":["u=2, i"],"accept-language":["en-GB,en-US;q=0.9,en;q=0.8"],"accept-encoding":["gzip, deflate, br, zstd"],"user-agent":["Mozilla\\/5.0 (Windows NT 10.0; Win64; x64) AppleWebKit\\/537.36 (KHTML, like Gecko) Chrome\\/144.0.0.0 Safari\\/537.36"],"referer":["https:\\/\\/salem-store.test\\/"],"sec-fetch-dest":["document"],"sec-fetch-mode":["navigate"],"sec-fetch-site":["none"],"sec-ch-ua-platform":["\\"Windows\\""],"sec-ch-ua-mobile":["?0"],"sec-ch-ua":["\\"Not(A:Brand\\";v=\\"8\\", \\"Chromium\\";v=\\"144\\", \\"Google Chrome\\";v=\\"144\\""],"sec-speculation-tags":["null"],"upgrade-insecure-requests":["1"],"sec-purpose":["prefetch;prerender"],"accept":["text\\/html,application\\/xhtml+xml,application\\/xml;q=0.9,image\\/avif,image\\/webp,image\\/apng,*\\/*;q=0.8,application\\/signed-exchange;v=b3;q=0.7"],"host":["salem-store.test"]}', '', 'Windows', 'Chrome', '127.0.0.1', 'Webkul\\Category\\Models\\Category', 26, NULL, NULL, 1, '2026-02-08 16:48:28', '2026-02-08 16:48:28'), (126, 'GET', '[]', 'https://salem-store.test', 'https://salem-store.test/customer/login', '[]', 'Mozilla/5.0 (Windows NT 10.0; Win64; x64) AppleWebKit/537.36 (KHTML, like Gecko) Chrome/144.0.0.0 Safari/537.36', '{"cookie":["XSRF-TOKEN=eyJpdiI6IndPWFA5RmFIazhTN05jaTJHWnF5aHc9PSIsInZhbHVlIjoieERxN1VSTFEzek9FSmZoYlBVdmkyRW51NmZWNXU5MXEyZ3BlbU4wWldIbDNLM3JZWnR4bEtFZWoxbStBMWVjOXlaMkVuK25DcFc4L3FkN3lWMC9XRXhvMjFjZHB2cG1lTldNNmg2U3RXYmR1a0F5N1hmOURGVGxPWXdLNDEraWQiLCJtYWMiOiIwNjc4YWEzNjFmYzFhYTJiZTVjYTY3NThhZGQ0ZDdkMTc0MmIwMjVhMzUzYTIxZTA3OTdhZjM3ODVhZTU4NzUzIiwidGFnIjoiIn0%3D; salem_store_session=eyJpdiI6IjIranU4ZHdhRTZ4NndpaVV3Mm93UWc9PSIsInZhbHVlIjoiTzd1VkNSbHVPMmVtay9ia0xLd3czU0s3WE96WmsxSFFHWFRUSE1YOGREYVFsVnd5U3JHVU1EdHU4WnZYMVRnbXRvMS82WG9XUFUzNDFiM01XdU44YkpNV3hyY0pCVGNxTCtSWklpU0ZnMWVBeXcyTnVSK2V1RmM2T3c2U2kvSTQiLCJtYWMiOiI1M2RlYzNmZWEzNDk5OTIwNGFkY2M3ZjIwZWFkNDFiOGVhMTFiNTgxNDQzZjhmYmI2NWZiMWMzNjBlZmVkYmYyIiwidGFnIjoiIn0%3D"],"priority":["u=2, i"],"accept-language":["en-GB,en-US;q=0.9,en;q=0.8"],"accept-encoding":["gzip, deflate, br, zstd"],"user-agent":["Mozilla\\/5.0 (Windows NT 10.0; Win64; x64) AppleWebKit\\/537.36 (KHTML, like Gecko) Chrome\\/144.0.0.0 Safari\\/537.36"],"referer":["https:\\/\\/salem-store.test\\/customer\\/login"],"sec-fetch-dest":["document"],"sec-fetch-mode":["navigate"],"sec-fetch-site":["none"],"sec-ch-ua-platform":["\\"Windows\\""],"sec-ch-ua-mobile":["?0"],"sec-ch-ua":["\\"Not(A:Brand\\";v=\\"8\\", \\"Chromium\\";v=\\"144\\", \\"Google Chrome\\";v=\\"144\\""],"sec-speculation-tags":["null"],"upgrade-insecure-requests":["1"],"sec-purpose":["prefetch;prerender"],"accept":["text\\/html,application\\/xhtml+xml,application\\/xml;q=0.9,image\\/avif,image\\/webp,image\\/apng,*\\/*;q=0.8,application\\/signed-exchange;v=b3;q=0.7"],"host":["salem-store.test"]}', '', 'Windows', 'Chrome', '127.0.0.1', NULL, NULL, NULL, NULL, 1, '2026-02-09 11:55:59', '2026-02-09 11:55:59'), (127, 'GET', '[]', 'https://salem-store.test', 'https://salem-store.test/customer/login', '[]', 'Mozilla/5.0 (Windows NT 10.0; Win64; x64) AppleWebKit/537.36 (KHTML, like Gecko) Chrome/144.0.0.0 Safari/537.36', '{"cookie":["XSRF-TOKEN=eyJpdiI6InYrb3NDeHlkSEM0ejRvNStaMVJIaEE9PSIsInZhbHVlIjoiVnYxNGc0bDI0c1BPbmdqR0dVd1hvdm1WOHdPT0RSV2ZNQ2pMZHhlUVM4N2hvZytraFY0ckxPWnVuN1JqSjhiM3VkT0JHeFgvOEtKR1VpVExkSllXbmw2Z0l5bmg1SUhKdThlaThySS9sZFBNajhMcjBTL3VsaEQxM1RDVmVqSXQiLCJtYWMiOiI2NWM1ZjVhYTMyMGE2NjhlODMzYzM4ODRjMmE5ODhiYmEzNmM1NDIwNjg4ZmFlYzRhNjFkN2Q5OTI4Mzg0YjBhIiwidGFnIjoiIn0%3D; salem_store_session=eyJpdiI6IkdzQmdBSmIyQmVVd0l6SnBjUEtxcWc9PSIsInZhbHVlIjoidW9oVDErNlFqVmE0QUpWdmJHOW9wdnh5eGc3STdrc0FzaWtmTEl1VzFXSTJyeFBjMldTSnhaTXlQUnd6eEorUHNRNVVIVXRDY2tBZWozY21ENFlvTExrRWdQYTcwVkhMNEsyTndkaU5HWkQxRlQrOVlBazdXaHJOQVpqbWxNaUMiLCJtYWMiOiIzMzRkZTZlMjY5MWFjYjIxYjQ2NGVmNzdiMzQ1N2VhYzQzNzY4ZTIwMGQ2YTU2ZDY5NmFiMjJkNTE2MDZmNTRjIiwidGFnIjoiIn0%3D"],"priority":["u=0, i"],"accept-language":["en-GB,en-US;q=0.9,en;q=0.8"],"accept-encoding":["gzip, deflate, br, zstd"],"referer":["https:\\/\\/salem-store.test\\/customer\\/login"],"sec-ch-ua-platform":["\\"Windows\\""],"sec-ch-ua-mobile":["?0"],"sec-ch-ua":["\\"Not(A:Brand\\";v=\\"8\\", \\"Chromium\\";v=\\"144\\", \\"Google Chrome\\";v=\\"144\\""],"sec-fetch-dest":["document"],"sec-fetch-user":["?1"],"sec-fetch-mode":["navigate"],"sec-fetch-site":["same-origin"],"accept":["text\\/html,application\\/xhtml+xml,application\\/xml;q=0.9,image\\/avif,image\\/webp,image\\/apng,*\\/*;q=0.8,application\\/signed-exchange;v=b3;q=0.7"],"user-agent":["Mozilla\\/5.0 (Windows NT 10.0; Win64; x64) AppleWebKit\\/537.36 (KHTML, like Gecko) Chrome\\/144.0.0.0 Safari\\/537.36"],"upgrade-insecure-requests":["1"],"cache-control":["no-cache"],"pragma":["no-cache"],"host":["salem-store.test"]}', '', 'Windows', 'Chrome', '127.0.0.1', NULL, NULL, 'Webkul\\Customer\\Models\\Customer', 5, 1, '2026-02-09 14:37:10', '2026-02-09 14:37:10'), (128, 'GET', '[]', 'https://salem-store.test/%D8%A7%D9%83%D8%B3%D8%B3%D9%88%D8%A7%D8%B1%D8%A7%D8%AA', 'https://salem-store.test/', '[]', 'Mozilla/5.0 (Windows NT 10.0; Win64; x64) AppleWebKit/537.36 (KHTML, like Gecko) Chrome/144.0.0.0 Safari/537.36', '{"cookie":["XSRF-TOKEN=eyJpdiI6Ink3TmFWVHRqTjY3d2xHUmN2Nm1BdlE9PSIsInZhbHVlIjoibEUyNzE1eWVPazRjcy9nb0NvSFU4UHdhcmRmVzJUWHRhdWNwRkhocEpmZnZuVXNIbWZ0ckliMytTZzRQZUUwa3FheVFTUDQrVVcxbElneFJhNzZKZjRNZGFaTEl0clJmTllpNW5CT3M3UVEwQWtjYXZxRTlGREZod0NhL2p3ZTQiLCJtYWMiOiJjMTdmNGE3ZDkxNmQwNWRhN2UwNGMxMTEyNzAyNjVlNWViNzliYTNmZjE5YjQxZTc1NWY2YmNlNDY1MDQ5NDEwIiwidGFnIjoiIn0%3D; salem_store_session=eyJpdiI6InZ6TVpEZ0phZkU2TVFTaUhzcGJHRlE9PSIsInZhbHVlIjoiRmhHaGdwYm5mK09iQ0J6QU5mN0pyTmlubzVsRmQrTVZzZlp1RzE3Q1hYR3hFNWFXM29sdVY5ekpNV2xMb3d2ZDZrdXFpaHM5WEJRVmZMRWx5bmlHUjhlc0hVVW5LdFZnakpaTGRPN0d3djlZcWxHbURFQ1VsYUoyakpwQURLb3YiLCJtYWMiOiIyYmM3NTI1MmQzODJjNTgwN2I3ZWI0YjdmYjRjNTNhNjY3ZTQwNGIzZjBhZWMzMWQ3NmVjZjY0MzE2YTlkOGNkIiwidGFnIjoiIn0%3D"],"priority":["u=2, i"],"accept-language":["en-GB,en-US;q=0.9,en;q=0.8"],"accept-encoding":["gzip, deflate, br, zstd"],"user-agent":["Mozilla\\/5.0 (Windows NT 10.0; Win64; x64) AppleWebKit\\/537.36 (KHTML, like Gecko) Chrome\\/144.0.0.0 Safari\\/537.36"],"referer":["https:\\/\\/salem-store.test\\/"],"sec-fetch-dest":["document"],"sec-fetch-mode":["navigate"],"sec-fetch-site":["none"],"sec-ch-ua-platform":["\\"Windows\\""],"sec-ch-ua-mobile":["?0"],"sec-ch-ua":["\\"Not(A:Brand\\";v=\\"8\\", \\"Chromium\\";v=\\"144\\", \\"Google Chrome\\";v=\\"144\\""],"sec-speculation-tags":["null"],"upgrade-insecure-requests":["1"],"sec-purpose":["prefetch;prerender"],"accept":["text\\/html,application\\/xhtml+xml,application\\/xml;q=0.9,image\\/avif,image\\/webp,image\\/apng,*\\/*;q=0.8,application\\/signed-exchange;v=b3;q=0.7"],"host":["salem-store.test"]}', '', 'Windows', 'Chrome', '127.0.0.1', 'Webkul\\Category\\Models\\Category', 22, NULL, NULL, 1, '2026-02-09 15:27:06', '2026-02-09 15:27:06'), (129, 'GET', '[]', 'https://salem-store.test/%D8%A7%D9%84%D9%87%D9%88%D8%A7%D8%AA%D9%81-%D8%A7%D9%84%D9%85%D8%AD%D9%85%D9%88%D9%84%D8%A9', 'https://salem-store.test/', '[]', 'Mozilla/5.0 (Windows NT 10.0; Win64; x64) AppleWebKit/537.36 (KHTML, like Gecko) Chrome/144.0.0.0 Safari/537.36', '{"cookie":["XSRF-TOKEN=eyJpdiI6ImZzbWxIcjZwOFoxc1l0VXhvWXovZUE9PSIsInZhbHVlIjoiS0ZZZ1NscXdqZHhvM0dVZmtodlNJNytSaWRWR3FQMzFpWWovMDNJdzJDSmtiK3psZHpKZVp3U0RsU3ZwZEFhWVdsQjNJTlNjazlndUphQUtuanYwSzZGQVNLQWtaSjgxQUxTdjlqQnJwZ1pFclZHNEVTazJ5alRrVmNTbXZybjMiLCJtYWMiOiI0YWRhNTA1ODA1ODMxN2M4ZmMyZTA5MTU0ZTkwNTY5MjdhNzc3MzFjZGZkOTI4NjIxMTZkN2IyYmQ0NmU2NTM1IiwidGFnIjoiIn0%3D; salem_store_session=eyJpdiI6Ik52aHM4dXJnWklUSTUvV2d0T2JmZkE9PSIsInZhbHVlIjoiOUkxcnMxOElFNUxrNnZzeVBUbHE2bVBPMGpZeGdtZW82TC91MWNBN2tOVW1ZMGRzT2R5QzRoQVZqS3JyMnEzNWdZTW50U3dYUVBVZnZuK0g4SWJRcm8zZktLbUZwSWFBVW4xeEJzY3NZYkZZaU8zSEVrNDVzMnNwY1pFVTZQcGUiLCJtYWMiOiIwMGQ2NjQ3NDI2YTRjNmZjM2U5OGJiM2U4YzI5Mzc4NDQyMTc5NmUzZjE0YjczNTY3Njg2NzFhMTlhZmY5NmIyIiwidGFnIjoiIn0%3D"],"priority":["u=2, i"],"accept-language":["en-GB,en-US;q=0.9,en;q=0.8"],"accept-encoding":["gzip, deflate, br, zstd"],"user-agent":["Mozilla\\/5.0 (Windows NT 10.0; Win64; x64) AppleWebKit\\/537.36 (KHTML, like Gecko) Chrome\\/144.0.0.0 Safari\\/537.36"],"referer":["https:\\/\\/salem-store.test\\/"],"sec-fetch-dest":["document"],"sec-fetch-mode":["navigate"],"sec-fetch-site":["none"],"sec-ch-ua-platform":["\\"Windows\\""],"sec-ch-ua-mobile":["?0"],"sec-ch-ua":["\\"Not(A:Brand\\";v=\\"8\\", \\"Chromium\\";v=\\"144\\", \\"Google Chrome\\";v=\\"144\\""],"sec-speculation-tags":["null"],"upgrade-insecure-requests":["1"],"sec-purpose":["prefetch;prerender"],"accept":["text\\/html,application\\/xhtml+xml,application\\/xml;q=0.9,image\\/avif,image\\/webp,image\\/apng,*\\/*;q=0.8,application\\/signed-exchange;v=b3;q=0.7"],"host":["salem-store.test"]}', '', 'Windows', 'Chrome', '127.0.0.1', 'Webkul\\Category\\Models\\Category', 2, NULL, NULL, 1, '2026-02-09 23:26:10', '2026-02-09 23:26:10'), (130, 'GET', '[]', 'https://salem-store.test/%D8%A7%D9%84%D9%87%D9%88%D8%A7%D8%AA%D9%81-%D8%A7%D9%84%D8%B0%D9%83%D9%8A%D8%A9', 'https://salem-store.test/', '[]', 'Mozilla/5.0 (Windows NT 10.0; Win64; x64) AppleWebKit/537.36 (KHTML, like Gecko) Chrome/144.0.0.0 Safari/537.36', '{"cookie":["XSRF-TOKEN=eyJpdiI6ImFoaUtwMnFZQWpXV1c2MW9QcnEvN2c9PSIsInZhbHVlIjoiOU16ejZBSFFHNUNSNEVYRm5VMTJReUZZYkxpZXprM2pGQklVclNiN21KSERZNmlIL1VqRXhFTi83MW9oWGVlSzRuUU50Yzk2eHhiSTZqUDBDclMxSFRVanJzZHRqdlQ1M01CMkd6SlI0NVRDNG1MRUJYdmdUS3V3QnBvL1JkWTYiLCJtYWMiOiJiNzI2ZTczOTA1NjlhMDA3Zjc3ZTdhNDI5YzkzYTkyMWFkZTliMjhhMmZjYThhYmNmMjU1NmQyOGU5MDYwYTA5IiwidGFnIjoiIn0%3D; salem_store_session=eyJpdiI6IjlLNTgrd0lWdUE0SVJBZ1h4QnlCSnc9PSIsInZhbHVlIjoiVHp1KzZXanBvYnRZY1dBazRXWkJXeVFGd0ZzWXlJZDh6d1hTbElzZHRlMlFmWk42b3FaeCtMWlZXRDBBVjBhTVQxNDNxTEVzditQYW9wV1c1dko0S1I3cDNjT29zYmNLVENRR1JLNFBmK1RzNkt4UWVmRGEzUUkvaU1GSHlqQ1EiLCJtYWMiOiJmYjNiYzhiMmY5ZTY5MmZmY2IwMTUwODk0ZWRmZmQ0ZmUzZTljZWFmZjgzMjY5MjllYmI3ZDExZWI4OGFjY2Q0IiwidGFnIjoiIn0%3D"],"priority":["u=2, i"],"accept-language":["en-GB,en-US;q=0.9,en;q=0.8"],"accept-encoding":["gzip, deflate, br, zstd"],"user-agent":["Mozilla\\/5.0 (Windows NT 10.0; Win64; x64) AppleWebKit\\/537.36 (KHTML, like Gecko) Chrome\\/144.0.0.0 Safari\\/537.36"],"referer":["https:\\/\\/salem-store.test\\/"],"sec-fetch-dest":["document"],"sec-fetch-mode":["navigate"],"sec-fetch-site":["none"],"sec-ch-ua-platform":["\\"Windows\\""],"sec-ch-ua-mobile":["?0"],"sec-ch-ua":["\\"Not(A:Brand\\";v=\\"8\\", \\"Chromium\\";v=\\"144\\", \\"Google Chrome\\";v=\\"144\\""],"sec-speculation-tags":["null"],"upgrade-insecure-requests":["1"],"sec-purpose":["prefetch;prerender"],"accept":["text\\/html,application\\/xhtml+xml,application\\/xml;q=0.9,image\\/avif,image\\/webp,image\\/apng,*\\/*;q=0.8,application\\/signed-exchange;v=b3;q=0.7"],"host":["salem-store.test"]}', '', 'Windows', 'Chrome', '127.0.0.1', 'Webkul\\Category\\Models\\Category', 3, NULL, NULL, 1, '2026-02-09 23:26:11', '2026-02-09 23:26:11'), (131, 'GET', '[]', 'https://salem-store.test/%D8%A7%D9%84%D8%B4%D9%88%D8%A7%D8%AD%D9%86-%D9%88%D8%A7%D9%84%D9%83%D8%A7%D8%A8%D9%84%D8%A7%D8%AA', 'https://salem-store.test/', '[]', 'Mozilla/5.0 (Windows NT 10.0; Win64; x64) AppleWebKit/537.36 (KHTML, like Gecko) Chrome/144.0.0.0 Safari/537.36', '{"cookie":["XSRF-TOKEN=eyJpdiI6IkNWSmcyTXpuaWV4MCtQVjdtS1hNVUE9PSIsInZhbHVlIjoiZkl0bWFJaVFIekkrRTd3a1ZPbEZxWW1GOWxhY2FsU2pqUFl6aTRYb00zRFVEWkRoUzhINU84REQxNEVHK3Noa1NtK3Bzd0RHRURxMi9wSjJ6NTVlRHZMV1dJVTMycHV2L2tNZGRMQ3dKTFlqaVFuSVBLbnNpd01yb1dnV1Q4K04iLCJtYWMiOiJmY2IwNDkxZTg5MDIxYzk3NzE3ZjZiMTU0M2QxOWEyZDNjN2VmOWI3NzgzYTc0N2Q1OTlhY2M2MDFmMjUzNDQwIiwidGFnIjoiIn0%3D; salem_store_session=eyJpdiI6IjJqSjdtRHZzaEpWdzJqaHdzL2liT1E9PSIsInZhbHVlIjoiOC9TSStjYjJkeDREamtIZjUyRmJUZXhsUWlRWkp4OFlsZmFJSEVQWjVkRXFCZVNPL0RFNGVMM3htdHI1UEpVRWZBTUhZQmJrMHZ5eExOOUhlOUgyRER2OFRXQVM5Y3FyQmFObVdCT1dWREJCS1g0WHMvUlozcVM3endIVlM4QjAiLCJtYWMiOiIzODRlOTk1MzQ3OWI4ZDViOGYyYTI3MjQ3NDFmYTBiMzdjMDllNzUzN2QxM2Y4ZWJmNTQ3ZWUzMThlN2VhOWVmIiwidGFnIjoiIn0%3D"],"priority":["u=2, i"],"accept-language":["en-GB,en-US;q=0.9,en;q=0.8"],"accept-encoding":["gzip, deflate, br, zstd"],"user-agent":["Mozilla\\/5.0 (Windows NT 10.0; Win64; x64) AppleWebKit\\/537.36 (KHTML, like Gecko) Chrome\\/144.0.0.0 Safari\\/537.36"],"referer":["https:\\/\\/salem-store.test\\/"],"sec-fetch-dest":["document"],"sec-fetch-mode":["navigate"],"sec-fetch-site":["none"],"sec-ch-ua-platform":["\\"Windows\\""],"sec-ch-ua-mobile":["?0"],"sec-ch-ua":["\\"Not(A:Brand\\";v=\\"8\\", \\"Chromium\\";v=\\"144\\", \\"Google Chrome\\";v=\\"144\\""],"sec-speculation-tags":["null"],"upgrade-insecure-requests":["1"],"sec-purpose":["prefetch;prerender"],"accept":["text\\/html,application\\/xhtml+xml,application\\/xml;q=0.9,image\\/avif,image\\/webp,image\\/apng,*\\/*;q=0.8,application\\/signed-exchange;v=b3;q=0.7"],"host":["salem-store.test"]}', '', 'Windows', 'Chrome', '127.0.0.1', 'Webkul\\Category\\Models\\Category', 7, NULL, NULL, 1, '2026-02-09 23:26:12', '2026-02-09 23:26:12'), (132, 'GET', '[]', 'https://salem-store.test/%D8%A8%D8%B7%D8%A7%D8%B1%D9%8A%D8%A7%D8%AA-%D9%85%D8%AD%D9%85%D9%88%D9%84%D8%A9', 'https://salem-store.test/', '[]', 'Mozilla/5.0 (Windows NT 10.0; Win64; x64) AppleWebKit/537.36 (KHTML, like Gecko) Chrome/144.0.0.0 Safari/537.36', '{"cookie":["XSRF-TOKEN=eyJpdiI6IitEQ2hud1N0MGZwTnRpb0ZjV210SEE9PSIsInZhbHVlIjoiY0N2QUhZaXBLMHRScjladXBVTWlIc1ZqYTdxZ1NmV0FONC9GME9pc0lKQlE4NVVsRWRaSmtJbFRONTlRYXZmWXNDKzhaY2NvZE82SnV3Zy8wOVhqS1BHRzA2bkpiQjZHeVpITjBPSHoyU3J5QVZJcU95aUNaT0xzYnRybWpZTEUiLCJtYWMiOiJkYmNmYjY1ODNhMzQ1MzMwOTI3NTk1MmZmZjVkYjFiYmVmNmY4ZWI2YmFlYTJjY2E1OTZlZjZmMTQwODc1NGRlIiwidGFnIjoiIn0%3D; salem_store_session=eyJpdiI6InNmVFdvZTFpcGVCRGhiRXhFOGI4L2c9PSIsInZhbHVlIjoiY1hCV2tOdFpoUkRDN0QvVzdndWZTMUhpWng3UzVtT1YrS0pyc2FIRW9iSUV6eC91QS9YODBqeCthS1dTcjJ2V3RCRlFxdUZwRElQVUw4NnZtcmprL2lwTC96VmxHYmVybVdFaWg0dFhKc2p5TEticUlyQmNlMjhQRUozbDR3MDMiLCJtYWMiOiIwOWM4NDgyOWRlY2NhNTlkOWJjZDU4MTdkZGRiYTkyZGI5Njk2NmQ4NWE3NmQ0ZWRlYzc2YmMwMzVlZTEwMmMwIiwidGFnIjoiIn0%3D"],"priority":["u=2, i"],"accept-language":["en-GB,en-US;q=0.9,en;q=0.8"],"accept-encoding":["gzip, deflate, br, zstd"],"user-agent":["Mozilla\\/5.0 (Windows NT 10.0; Win64; x64) AppleWebKit\\/537.36 (KHTML, like Gecko) Chrome\\/144.0.0.0 Safari\\/537.36"],"referer":["https:\\/\\/salem-store.test\\/"],"sec-fetch-dest":["document"],"sec-fetch-mode":["navigate"],"sec-fetch-site":["none"],"sec-ch-ua-platform":["\\"Windows\\""],"sec-ch-ua-mobile":["?0"],"sec-ch-ua":["\\"Not(A:Brand\\";v=\\"8\\", \\"Chromium\\";v=\\"144\\", \\"Google Chrome\\";v=\\"144\\""],"sec-speculation-tags":["null"],"upgrade-insecure-requests":["1"],"sec-purpose":["prefetch;prerender"],"accept":["text\\/html,application\\/xhtml+xml,application\\/xml;q=0.9,image\\/avif,image\\/webp,image\\/apng,*\\/*;q=0.8,application\\/signed-exchange;v=b3;q=0.7"],"host":["salem-store.test"]}', '', 'Windows', 'Chrome', '127.0.0.1', 'Webkul\\Category\\Models\\Category', 8, NULL, NULL, 1, '2026-02-09 23:26:13', '2026-02-09 23:26:13'), (133, 'GET', '[]', 'https://salem-store.test/%D8%A7%D8%AC%D9%87%D8%B2%D8%A9-%D8%A7%D9%84%D9%83%D9%85%D8%A8%D9%8A%D9%88%D8%AA%D8%B1', 'https://salem-store.test/', '[]', 'Mozilla/5.0 (Windows NT 10.0; Win64; x64) AppleWebKit/537.36 (KHTML, like Gecko) Chrome/144.0.0.0 Safari/537.36', '{"cookie":["XSRF-TOKEN=eyJpdiI6ImdOcHl2TUVGL0hBN0o5T2VacnNqemc9PSIsInZhbHVlIjoiVCt5UlA3eHVER0V6NWwrWnRRSTc3WlhibTUyYW5aTitSZTBCWDd1MjQ2blBwNmlNdHRJSzFPZWJOYWNlRzR5QzdDTSs0aVcvMkhmMTFXdHRUNkR1c3Arc0VKVm05dWNHNzUraWZkV0JZeEh5ZG5LbHJNdVVxNmdmTHRveUpEMEgiLCJtYWMiOiI2YWU2MjZkY2M2YmJmMWM1ZjQyN2I0ZjEwNDE0ZDA1YjBlYTYyODY3ZDI5OWJlMmI5MWE0NjFjNjc3NzYzOGQxIiwidGFnIjoiIn0%3D; salem_store_session=eyJpdiI6Ind3Yzc4U2lNTWFPTGNDT3ZNUWtVTFE9PSIsInZhbHVlIjoiNy82NFdLMVVoeE96bmtCU2JFTytjd0dZWDgrTUhzM3kwVFlCblFRRWJ1OFlnL084TG5Td1QyUHVjN3lIOUVtbjYvd2pkS1VkTVRnUkZWanEvVWpLUHZLUHRoNHl0cGxMZktsWDY2WVVFTEp1NlpSTlA0R1hmbFFpUm02Ym95QVoiLCJtYWMiOiI4MGMyYTg5N2YxY2FlMWVmNDI0ZmE0NTQzNmJhMzM2NGNiNGE4YTQ1NTExNmJiYmEzNzQyMmMyNDFjZWNhODBiIiwidGFnIjoiIn0%3D"],"priority":["u=2, i"],"accept-language":["en-GB,en-US;q=0.9,en;q=0.8"],"accept-encoding":["gzip, deflate, br, zstd"],"user-agent":["Mozilla\\/5.0 (Windows NT 10.0; Win64; x64) AppleWebKit\\/537.36 (KHTML, like Gecko) Chrome\\/144.0.0.0 Safari\\/537.36"],"referer":["https:\\/\\/salem-store.test\\/"],"sec-fetch-dest":["document"],"sec-fetch-mode":["navigate"],"sec-fetch-site":["none"],"sec-ch-ua-platform":["\\"Windows\\""],"sec-ch-ua-mobile":["?0"],"sec-ch-ua":["\\"Not(A:Brand\\";v=\\"8\\", \\"Chromium\\";v=\\"144\\", \\"Google Chrome\\";v=\\"144\\""],"sec-speculation-tags":["null"],"upgrade-insecure-requests":["1"],"sec-purpose":["prefetch;prerender"],"accept":["text\\/html,application\\/xhtml+xml,application\\/xml;q=0.9,image\\/avif,image\\/webp,image\\/apng,*\\/*;q=0.8,application\\/signed-exchange;v=b3;q=0.7"],"host":["salem-store.test"]}', '', 'Windows', 'Chrome', '127.0.0.1', 'Webkul\\Category\\Models\\Category', 9, NULL, NULL, 1, '2026-02-09 23:26:14', '2026-02-09 23:26:14'), (134, 'GET', '[]', 'https://salem-store.test/%D8%A7%D9%84%D9%83%D9%85%D8%A8%D9%8A%D9%88%D8%AA%D8%B1-%D8%A7%D9%84%D9%85%D9%83%D8%AA%D8%A8%D9%8A', 'https://salem-store.test/', '[]', 'Mozilla/5.0 (Windows NT 10.0; Win64; x64) AppleWebKit/537.36 (KHTML, like Gecko) Chrome/144.0.0.0 Safari/537.36', '{"cookie":["XSRF-TOKEN=eyJpdiI6Im5wOThKUTlFZ3JhNzdYVFdhQzBMNXc9PSIsInZhbHVlIjoiZmZGR0EvdWdiSEM3MXpaRnRVQ2MwSnAyUVlZWW9kbENyNTdGTGpkMkN3WExEWVRHdWQva29sYm4wWVJ6RGZaUEpsNGlBd2Z1VW9rN1NIOTNxc2J6Z29VR2xidEpOQzhKWDRFSnJmQitiSGFRdDBwQW81U296OFIvRTRFd2ZSV0IiLCJtYWMiOiI1MDg5NGVjYmVmZWM0MjEyNjIzNWI2NDcxNzIxYjcxNzY4MzExNWRmNTNlNDc5MDYyMGEzNmU2YTU0YzIzZGQzIiwidGFnIjoiIn0%3D; salem_store_session=eyJpdiI6InBsK3c1TjFVMS9tNVF2MVNnOHgyc0E9PSIsInZhbHVlIjoiZHdQMmZmSWZneGNmbG92Sm5jbURTZCtuV29vYyt1RkpsUHRVMENaTmdEYW1XMFFTbnVjSWpqLzRXemR5UUp0WXNQNk9aUW05NTI0QktIYTFsZEpoNExwUlVyTlZZS0ZldUd5Q3Q4UVNIZy95WnFqSG0wRm05c0dXME0rczlEbnEiLCJtYWMiOiI5ZGM2MmU3NjczYjNjNzExZWU2OGJiMmQ0OTBkZTRiNDI3NjI4N2NkYWJiNTBiNTA1ODk5Y2RkNWEyOWI2NzZmIiwidGFnIjoiIn0%3D"],"priority":["u=2, i"],"accept-language":["en-GB,en-US;q=0.9,en;q=0.8"],"accept-encoding":["gzip, deflate, br, zstd"],"user-agent":["Mozilla\\/5.0 (Windows NT 10.0; Win64; x64) AppleWebKit\\/537.36 (KHTML, like Gecko) Chrome\\/144.0.0.0 Safari\\/537.36"],"referer":["https:\\/\\/salem-store.test\\/"],"sec-fetch-dest":["document"],"sec-fetch-mode":["navigate"],"sec-fetch-site":["none"],"sec-ch-ua-platform":["\\"Windows\\""],"sec-ch-ua-mobile":["?0"],"sec-ch-ua":["\\"Not(A:Brand\\";v=\\"8\\", \\"Chromium\\";v=\\"144\\", \\"Google Chrome\\";v=\\"144\\""],"sec-speculation-tags":["null"],"upgrade-insecure-requests":["1"],"sec-purpose":["prefetch;prerender"],"accept":["text\\/html,application\\/xhtml+xml,application\\/xml;q=0.9,image\\/avif,image\\/webp,image\\/apng,*\\/*;q=0.8,application\\/signed-exchange;v=b3;q=0.7"],"host":["salem-store.test"]}', '', 'Windows', 'Chrome', '127.0.0.1', 'Webkul\\Category\\Models\\Category', 10, NULL, NULL, 1, '2026-02-09 23:26:15', '2026-02-09 23:26:15'), (135, 'GET', '[]', 'https://salem-store.test/%D8%A7%D9%84%D8%B9%D8%A7%D8%A8-%D8%A7%D9%84%D9%83%D9%85%D8%A8%D9%8A%D9%88%D8%AA%D8%B1', 'https://salem-store.test/', '[]', 'Mozilla/5.0 (Windows NT 10.0; Win64; x64) AppleWebKit/537.36 (KHTML, like Gecko) Chrome/144.0.0.0 Safari/537.36', '{"cookie":["XSRF-TOKEN=eyJpdiI6IndSQUNTeWJCekRKWE1VcExKamdGQXc9PSIsInZhbHVlIjoiY2ZWVHpHK3hzYzFhZmRoY3J4VGMrRG1EUVE1cmZPVTYybVpseFliMTNmdGc3Tm5jZjhuaThsNTNNOWdBUnQ4K1Nwa2plOVRrNGJSdUFvNjM1cDg2WklkdlpWNGx5MTd1UDRQa1BFSnNFZ3ZrWWdPQldnL1dEOUh6bkVjNndJL0ciLCJtYWMiOiIxYzA3MGIzYTYwNWE2Y2E1ZTVkOTIwZDY0ZTgwZGU5MWY0YWY2NTlkZDJhZDE5NjI1M2MzNDE4YWQxMGI5ZDhkIiwidGFnIjoiIn0%3D; salem_store_session=eyJpdiI6Ik9hTU9kR3hQRC9qVUdmZWhpUERsSXc9PSIsInZhbHVlIjoielh5RXJHTFlBNUZUWkhTdzJQd2pJMmk4blExY1g1dHRKWk1wM3E4ay9rYVBvUDZGL2NGRENybnd6VHFDNFladEJVNGUwOHFuRWRvOHpseXpWTExVVzR6UEloTXRpbVc4YXhrUEtVVzRWUG92a3NUV01PblR4VkM4dCtaYTR0T2giLCJtYWMiOiIyODEzNTlhOGNhYTA1YTJjNzAzZTIwMWU4YjRmYTJkMTRkOWQ1NzdiOGQ0Zjg2YzlkYWM1NTFmOThlYzI2NjYzIiwidGFnIjoiIn0%3D"],"priority":["u=2, i"],"accept-language":["en-GB,en-US;q=0.9,en;q=0.8"],"accept-encoding":["gzip, deflate, br, zstd"],"user-agent":["Mozilla\\/5.0 (Windows NT 10.0; Win64; x64) AppleWebKit\\/537.36 (KHTML, like Gecko) Chrome\\/144.0.0.0 Safari\\/537.36"],"referer":["https:\\/\\/salem-store.test\\/"],"sec-fetch-dest":["document"],"sec-fetch-mode":["navigate"],"sec-fetch-site":["none"],"sec-ch-ua-platform":["\\"Windows\\""],"sec-ch-ua-mobile":["?0"],"sec-ch-ua":["\\"Not(A:Brand\\";v=\\"8\\", \\"Chromium\\";v=\\"144\\", \\"Google Chrome\\";v=\\"144\\""],"sec-speculation-tags":["null"],"upgrade-insecure-requests":["1"],"sec-purpose":["prefetch;prerender"],"accept":["text\\/html,application\\/xhtml+xml,application\\/xml;q=0.9,image\\/avif,image\\/webp,image\\/apng,*\\/*;q=0.8,application\\/signed-exchange;v=b3;q=0.7"],"host":["salem-store.test"]}', '', 'Windows', 'Chrome', '127.0.0.1', 'Webkul\\Category\\Models\\Category', 14, NULL, NULL, 1, '2026-02-09 23:26:15', '2026-02-09 23:26:15'), (136, 'GET', '[]', 'https://salem-store.test/%D8%AC%D8%B1%D8%A7%D8%A8-%D8%B3%D9%8A%D9%84%D9%8A%D9%83%D9%88%D9%86', 'https://salem-store.test/', '[]', 'Mozilla/5.0 (Windows NT 10.0; Win64; x64) AppleWebKit/537.36 (KHTML, like Gecko) Chrome/144.0.0.0 Safari/537.36', '{"cookie":["XSRF-TOKEN=eyJpdiI6IkFhdGMycmxGZ2puSUF6WmlhZEFUNVE9PSIsInZhbHVlIjoiZm9YL0N2TDFZejFheFZhcklwYkVzcG1Sam14bGhoRFN4YVM0OU52b3ZqUUhUVTNLcUREbk5pTlYwbi9YQzI0ejZpc1RtSUYvRStkMDBENXJWSmRlMlI4L1ltMlcxb21jSWdQUW1RQXlHU0VZRmRWU1lQcnVsTzAvNFJreDhpRSsiLCJtYWMiOiIzZjViM2UyNjA0OGQ5ZmNiYTBjZmNiZDgxNmNkMzU3Y2NhMDZlNjBiODAzNjM4ZWEwNWZhZjU3OGQ5ODJhNTE0IiwidGFnIjoiIn0%3D; salem_store_session=eyJpdiI6IkFKM0ZOaVlEYS9nSlNua1lUUHZIWVE9PSIsInZhbHVlIjoiM0kyeFhaZjFUN2syR3h2Mk9hNWo2L0VQM2tpcUdjRnpIcFFrUEwxbnhoS0dpaFFFYnlpamdSY2d4Mjk5WHdZT0VjVCtLbHhLdVRmMlRaSk13clFielpGWE9DS2VkM3RPSWpKS0RkNmtSdHRPMWUxL0RPUk1kTGU2ZE5BMXF4UW8iLCJtYWMiOiIwOTdkM2MwMjVmMGVmYjU2ODQ1ZDcwMTM2ODEyOWE3MmU3NTAzYWM1NjI3MWYwN2ZkMDdmM2E2YzgzY2VlZGY4IiwidGFnIjoiIn0%3D"],"priority":["u=2, i"],"accept-language":["en-GB,en-US;q=0.9,en;q=0.8"],"accept-encoding":["gzip, deflate, br, zstd"],"user-agent":["Mozilla\\/5.0 (Windows NT 10.0; Win64; x64) AppleWebKit\\/537.36 (KHTML, like Gecko) Chrome\\/144.0.0.0 Safari\\/537.36"],"referer":["https:\\/\\/salem-store.test\\/"],"sec-fetch-dest":["document"],"sec-fetch-mode":["navigate"],"sec-fetch-site":["none"],"sec-ch-ua-platform":["\\"Windows\\""],"sec-ch-ua-mobile":["?0"],"sec-ch-ua":["\\"Not(A:Brand\\";v=\\"8\\", \\"Chromium\\";v=\\"144\\", \\"Google Chrome\\";v=\\"144\\""],"sec-speculation-tags":["null"],"upgrade-insecure-requests":["1"],"sec-purpose":["prefetch;prerender"],"accept":["text\\/html,application\\/xhtml+xml,application\\/xml;q=0.9,image\\/avif,image\\/webp,image\\/apng,*\\/*;q=0.8,application\\/signed-exchange;v=b3;q=0.7"],"host":["salem-store.test"]}', '', 'Windows', 'Chrome', '127.0.0.1', 'Webkul\\Product\\Models\\Product', 43, NULL, NULL, 1, '2026-02-09 23:26:24', '2026-02-09 23:26:24'), (137, 'GET', '[]', 'https://salem-store.test/pitaka', 'https://salem-store.test/', '[]', 'Mozilla/5.0 (Windows NT 10.0; Win64; x64) AppleWebKit/537.36 (KHTML, like Gecko) Chrome/144.0.0.0 Safari/537.36', '{"cookie":["XSRF-TOKEN=eyJpdiI6ImNxUk9HWlFuN09YcWwzVnQ2VE5LQlE9PSIsInZhbHVlIjoia21WQzlmL3B5RmZYN2ZydmNVMmF0cngweGtUTjUrTUsyTU91eENLMWpMN1ZFT2w4eWtWVkZlR0txUCtENlUzeWVSR3RTY0xyNzdPUUt6RGhJK3lSWWJ5YzY3dUQ4OUV2VzdERFNZRFdLVEl4M0p6dVVqL3RCOUFKUllrQVg5Wk4iLCJtYWMiOiIwNTJkN2YzOTVhOTVhMWE3NmMzMThhNmFmOTg5MDU4MTMyZDU4ZDNjODdlMmJkZjZiZWM3NzZjYTViYmNjNDJmIiwidGFnIjoiIn0%3D; salem_store_session=eyJpdiI6ImxURDdGUm1DVmNORzhSbWdoZllnZmc9PSIsInZhbHVlIjoiNjFoMGFSQWhESExiWWQ1WVN6Si94YllwRU1aSVd3cGs2OVlkS2plNHZlU0RNTUdHM2wvb2lXOWVKMnQ4NVJkMWdUMTViellabS8xclAybmIrRjAwUm0vUlRSbTNvSGcraVRNNDJ1eVpMRzQ1UU9HWVJldEFsMmJYMFdsMzNWQUUiLCJtYWMiOiJiYTg2MDcyOTk1ZmVkZTExNDIxM2Y1NWIzMzA5Yjc1NTVkOGIzNGE0ZGQ2Yzc0ZDhkMDljM2QzMGIyMmI1ODA4IiwidGFnIjoiIn0%3D"],"priority":["u=2, i"],"accept-language":["en-GB,en-US;q=0.9,en;q=0.8"],"accept-encoding":["gzip, deflate, br, zstd"],"user-agent":["Mozilla\\/5.0 (Windows NT 10.0; Win64; x64) AppleWebKit\\/537.36 (KHTML, like Gecko) Chrome\\/144.0.0.0 Safari\\/537.36"],"referer":["https:\\/\\/salem-store.test\\/"],"sec-fetch-dest":["document"],"sec-fetch-mode":["navigate"],"sec-fetch-site":["none"],"sec-ch-ua-platform":["\\"Windows\\""],"sec-ch-ua-mobile":["?0"],"sec-ch-ua":["\\"Not(A:Brand\\";v=\\"8\\", \\"Chromium\\";v=\\"144\\", \\"Google Chrome\\";v=\\"144\\""],"sec-speculation-tags":["null"],"upgrade-insecure-requests":["1"],"sec-purpose":["prefetch;prerender"],"accept":["text\\/html,application\\/xhtml+xml,application\\/xml;q=0.9,image\\/avif,image\\/webp,image\\/apng,*\\/*;q=0.8,application\\/signed-exchange;v=b3;q=0.7"],"host":["salem-store.test"]}', '', 'Windows', 'Chrome', '127.0.0.1', 'Webkul\\Product\\Models\\Product', 2, NULL, NULL, 1, '2026-02-09 23:26:26', '2026-02-09 23:26:26'), (138, 'GET', '[]', 'https://salem-store.test/%D9%83%DA%A4%D8%B1%D8%A7%D8%AA-pitaka', 'https://salem-store.test/', '[]', 'Mozilla/5.0 (Windows NT 10.0; Win64; x64) AppleWebKit/537.36 (KHTML, like Gecko) Chrome/144.0.0.0 Safari/537.36', '{"cookie":["XSRF-TOKEN=eyJpdiI6IjNPRG1LRnhYZUVpYzFPWHBIbnYxM3c9PSIsInZhbHVlIjoiNTk4WTBqc1E0U3h3OEI5ckQwYk5xYXB3TzJjTXM3bVNzd1B1ZW5EM01YL25XUlgrTEtaS2RKL0xvbTB4NXFRelRJR05nZzhERWdzUmJ6RkVUOGwvU0k0U0tyV1Rtdm5LU2hROG4rSjRpS2hFOEV2LzJKOUdON1V0ZWRPbWRndTQiLCJtYWMiOiJkNmZiOGM0NjViNjhlMTY5OTEzM2U1ZTcwZTkwNTgwMTk5NzdmMGJjMWI3YTFiOWRkYzYyMWEzZTEwNGViZGY2IiwidGFnIjoiIn0%3D; salem_store_session=eyJpdiI6Ikh4SmMxTWYyZEJWWm1lRUsvUDNCbnc9PSIsInZhbHVlIjoicU1CYVRiZ1BrUGNjOHdCb1RJUW9LK0FhTFVEVGNzVFV4VGxWMmFjSG1vaDZGNWZIWVFpNllrL2tzZUNMc0dkNi9QNEdzUGx3UE8vU3l0RmwrZ0dUN2NVVmhvRjhCYkdLa21xNkxLUlhYRktZMmJJaTUwaWU4OXlISzhqSm8rM0wiLCJtYWMiOiJlOTE1ZTk0NTFlNDNlMjdkZjJiMmNlMDgwYzI4ZjBkYjEyYjJiZjY2OTQwYzFlMWIyZTY3NjMwZTczMjE0NDUxIiwidGFnIjoiIn0%3D"],"priority":["u=2, i"],"accept-language":["en-GB,en-US;q=0.9,en;q=0.8"],"accept-encoding":["gzip, deflate, br, zstd"],"user-agent":["Mozilla\\/5.0 (Windows NT 10.0; Win64; x64) AppleWebKit\\/537.36 (KHTML, like Gecko) Chrome\\/144.0.0.0 Safari\\/537.36"],"referer":["https:\\/\\/salem-store.test\\/"],"sec-fetch-dest":["document"],"sec-fetch-mode":["navigate"],"sec-fetch-site":["none"],"sec-ch-ua-platform":["\\"Windows\\""],"sec-ch-ua-mobile":["?0"],"sec-ch-ua":["\\"Not(A:Brand\\";v=\\"8\\", \\"Chromium\\";v=\\"144\\", \\"Google Chrome\\";v=\\"144\\""],"sec-speculation-tags":["null"],"upgrade-insecure-requests":["1"],"sec-purpose":["prefetch;prerender"],"accept":["text\\/html,application\\/xhtml+xml,application\\/xml;q=0.9,image\\/avif,image\\/webp,image\\/apng,*\\/*;q=0.8,application\\/signed-exchange;v=b3;q=0.7"],"host":["salem-store.test"]}', '', 'Windows', 'Chrome', '127.0.0.1', 'Webkul\\Product\\Models\\Product', 1, NULL, NULL, 1, '2026-02-09 23:26:28', '2026-02-09 23:26:28'), (139, 'GET', '[]', 'https://salem-store.test/%D8%A7%D9%84%D9%84%D8%A7%D8%A8%D8%AA%D9%88%D8%A8', 'https://salem-store.test/', '[]', 'Mozilla/5.0 (Windows NT 10.0; Win64; x64) AppleWebKit/537.36 (KHTML, like Gecko) Chrome/144.0.0.0 Safari/537.36', '{"cookie":["XSRF-TOKEN=eyJpdiI6IjdTaCtya0dFNFc0T09rdWc1QXBqRFE9PSIsInZhbHVlIjoidkZVcDloMVRueTE2UnBVQTBrS2JKR3FXOGtvRGFqY2VFU0xkbXBOOHVyWTRpVzFQamRVMjJtWnJMN2R5RWJOekpFTnFIUHlkN2NFeFNuME41dmQ5TkVOcFNKamhrSHF5MDVuT0JaN1hGMXV4U2dFbTR3WlgwVDBFbGFmaVBoeGgiLCJtYWMiOiI2OTY4Y2ViZWVjMGU2NThmNGE2MWEyY2ViZGU1NjE2NzQ0N2QyYjFmYmIxZGFiYTIzZTBjZjAwNWViN2QzOTAxIiwidGFnIjoiIn0%3D; salem_store_session=eyJpdiI6IkgwRXpIV1E5TkwxU1VhTGxUNnM4TlE9PSIsInZhbHVlIjoiN3NDQ204Z0oyclRKTFhGeWs4dWpNT05nMllmLzh2NEtmZjlXQlB0QVJxc3NRZjVYRmNLNVF2OFhEc2VyMnZwWTlieWlYVWppZHJrcWhINkNyVG8yUGxVT2lRbk1JQUlGQkE2NHVkVi9PMENCb1FEUmVYc3RrRStqMnZNM3FSMFMiLCJtYWMiOiI1NzdhNWU4ZWM5MTM2N2QxNTljZDZiNzZmOGZiYmJmNmYwMmE4MzY1M2ZjZDlkNzQ4MGM5NWE0ZWM5NzliZDkzIiwidGFnIjoiIn0%3D"],"priority":["u=2, i"],"accept-language":["en-GB,en-US;q=0.9,en;q=0.8"],"accept-encoding":["gzip, deflate, br, zstd"],"user-agent":["Mozilla\\/5.0 (Windows NT 10.0; Win64; x64) AppleWebKit\\/537.36 (KHTML, like Gecko) Chrome\\/144.0.0.0 Safari\\/537.36"],"referer":["https:\\/\\/salem-store.test\\/"],"sec-fetch-dest":["document"],"sec-fetch-mode":["navigate"],"sec-fetch-site":["none"],"sec-ch-ua-platform":["\\"Windows\\""],"sec-ch-ua-mobile":["?0"],"sec-ch-ua":["\\"Not(A:Brand\\";v=\\"8\\", \\"Chromium\\";v=\\"144\\", \\"Google Chrome\\";v=\\"144\\""],"sec-speculation-tags":["null"],"upgrade-insecure-requests":["1"],"sec-purpose":["prefetch;prerender"],"accept":["text\\/html,application\\/xhtml+xml,application\\/xml;q=0.9,image\\/avif,image\\/webp,image\\/apng,*\\/*;q=0.8,application\\/signed-exchange;v=b3;q=0.7"],"host":["salem-store.test"]}', '', 'Windows', 'Chrome', '127.0.0.1', 'Webkul\\Category\\Models\\Category', 15, NULL, NULL, 1, '2026-02-09 23:27:31', '2026-02-09 23:27:31'), (140, 'GET', '[]', 'https://salem-store.test/%D9%84%D9%88%D8%AD%D8%A7%D8%AA-%D8%A7%D9%84%D9%85%D9%81%D8%A7%D8%AA%D9%8A%D8%AD', 'https://salem-store.test/', '[]', 'Mozilla/5.0 (Windows NT 10.0; Win64; x64) AppleWebKit/537.36 (KHTML, like Gecko) Chrome/144.0.0.0 Safari/537.36', '{"cookie":["XSRF-TOKEN=eyJpdiI6Iko5RkRsY21YR2Z2MnhCejg0TkxqZHc9PSIsInZhbHVlIjoieW1OZXZyOGtocUc1dHd2MFhTSVpCSm9BaXk5SEVmSnAxVFU5dGpDemIzTHU0ak1NOGV4NzZIcUxha3pjR1FQUmVtZ0FueHFlVmpMU3JKYXJBTmlZbEJMTjNJTytlWEV6c2lkdG42M2pCNnVLQlNsL0NFVXFpMStBZWhXZW5aNmwiLCJtYWMiOiJjMDFlNTEwZmQ3ZDYwOTY5ZjczMDUxZTdiNTQxZTI5MDZjNGUwMjA0OTI1MzE2YjE5ZGEzZWI1NDNmNTUwMDJkIiwidGFnIjoiIn0%3D; salem_store_session=eyJpdiI6Ii9PRDhiVlZ6RUlpdXRkZVhzdkp3cEE9PSIsInZhbHVlIjoiL2xLSDFCcFZVUm1TZHlaR2ttUkJjTEFQNEFxY1dCckYrUExFVzcxcnFObzFET3VkcjcvWG1aZ3duaHJyWldhcEtuZ0VzNGxwT2prSDgzS09qUkc1RVJrZmJVcTV4WTc2bm5YSmpSMHZxQThodVBNTHhMV0pZU2tHR3FXcCtSbDciLCJtYWMiOiJmNjA2NThhZTQyNDg5OWIzNmQxYWUwMzBkYzAwZjY0ODIyOWQxN2I5MTIzMmI0Mzg2NjQxNTVmYTY5ZWZiOWFkIiwidGFnIjoiIn0%3D"],"priority":["u=2, i"],"accept-language":["en-GB,en-US;q=0.9,en;q=0.8"],"accept-encoding":["gzip, deflate, br, zstd"],"user-agent":["Mozilla\\/5.0 (Windows NT 10.0; Win64; x64) AppleWebKit\\/537.36 (KHTML, like Gecko) Chrome\\/144.0.0.0 Safari\\/537.36"],"referer":["https:\\/\\/salem-store.test\\/"],"sec-fetch-dest":["document"],"sec-fetch-mode":["navigate"],"sec-fetch-site":["none"],"sec-ch-ua-platform":["\\"Windows\\""],"sec-ch-ua-mobile":["?0"],"sec-ch-ua":["\\"Not(A:Brand\\";v=\\"8\\", \\"Chromium\\";v=\\"144\\", \\"Google Chrome\\";v=\\"144\\""],"sec-speculation-tags":["null"],"upgrade-insecure-requests":["1"],"sec-purpose":["prefetch;prerender"],"accept":["text\\/html,application\\/xhtml+xml,application\\/xml;q=0.9,image\\/avif,image\\/webp,image\\/apng,*\\/*;q=0.8,application\\/signed-exchange;v=b3;q=0.7"],"host":["salem-store.test"]}', '', 'Windows', 'Chrome', '127.0.0.1', 'Webkul\\Category\\Models\\Category', 23, NULL, NULL, 1, '2026-02-09 23:59:56', '2026-02-09 23:59:56'), (141, 'GET', '[]', 'https://salem-store.test/%D9%84%D8%A7%D8%A8%D8%AA%D9%88%D8%A8-%D8%A7%D9%84%D8%B9%D8%A7%D8%A8', 'https://salem-store.test/', '[]', 'Mozilla/5.0 (Windows NT 10.0; Win64; x64) AppleWebKit/537.36 (KHTML, like Gecko) Chrome/144.0.0.0 Safari/537.36', '{"cookie":["XSRF-TOKEN=eyJpdiI6IjA3YnJNY0ZQblRpY3hia25FQ1hKZmc9PSIsInZhbHVlIjoiZndjd0dPL3Y2dWhVdktXYjB5RmZLU1NwVTJtWW9rRVgvaWRsY2YwbXVud2p4SzlqZnBRN05waFdvUTJBbTAreGpzUjJXVnQ1UUc0dU0xVG1yTWdBaWdQeFJhQ1RpLzE4UkZCOFZqeGlnUWJueTlTT3pqNXdEMkVwbG1maFJYTWUiLCJtYWMiOiIxNTJiN2Q2NWI1ODJkMjBhYjZjYjZiZWFhOWUyMThjMTg0YWI2OTgyMmQ5Zjc2OWY5NWI0ZWVmNjQ2ZmI3NTQyIiwidGFnIjoiIn0%3D; salem_store_session=eyJpdiI6ImwwTkR0Mnk2ZXp0MHM5aWRtOFNlWlE9PSIsInZhbHVlIjoiNmtTbGljcVdsZVBVcmlnMlB0bWFsTTdmdk9ENlFpQnFZSzZ1eU9UMnNDK2pyTEdXOFo3dExtbU5oaFEzZ2hFN2RsYmNlU0ErSGczbXlFRVZrNE11UDVQWkZRNC9YTjl5U3A5TkJuSTA4azZUc2dtK1NGVlFKMlMzQUhYTmZvS0YiLCJtYWMiOiJhNzk4ZGNlNzY5MzFkNjlkOTE5OTQzMDE3NzM2MjgzMjI0MTJlMTFjZGM3YzIyMTM4NzIzMmE0MmU0MjY5MDdlIiwidGFnIjoiIn0%3D"],"priority":["u=2, i"],"accept-language":["en-GB,en-US;q=0.9,en;q=0.8"],"accept-encoding":["gzip, deflate, br, zstd"],"user-agent":["Mozilla\\/5.0 (Windows NT 10.0; Win64; x64) AppleWebKit\\/537.36 (KHTML, like Gecko) Chrome\\/144.0.0.0 Safari\\/537.36"],"referer":["https:\\/\\/salem-store.test\\/"],"sec-fetch-dest":["document"],"sec-fetch-mode":["navigate"],"sec-fetch-site":["none"],"sec-ch-ua-platform":["\\"Windows\\""],"sec-ch-ua-mobile":["?0"],"sec-ch-ua":["\\"Not(A:Brand\\";v=\\"8\\", \\"Chromium\\";v=\\"144\\", \\"Google Chrome\\";v=\\"144\\""],"sec-speculation-tags":["null"],"upgrade-insecure-requests":["1"],"sec-purpose":["prefetch;prerender"],"accept":["text\\/html,application\\/xhtml+xml,application\\/xml;q=0.9,image\\/avif,image\\/webp,image\\/apng,*\\/*;q=0.8,application\\/signed-exchange;v=b3;q=0.7"],"host":["salem-store.test"]}', '', 'Windows', 'Chrome', '127.0.0.1', 'Webkul\\Category\\Models\\Category', 16, NULL, NULL, 1, '2026-02-09 23:59:58', '2026-02-09 23:59:58'), (142, 'GET', '[]', 'https://salem-store.test', 'https://salem-store.test/', '[]', 'Mozilla/5.0 (Windows NT 10.0; Win64; x64) AppleWebKit/537.36 (KHTML, like Gecko) Chrome/144.0.0.0 Safari/537.36', '{"cookie":["XSRF-TOKEN=eyJpdiI6IlFkaVlVWkxFVEVxZkcyOTl6QmpnMFE9PSIsInZhbHVlIjoiM1RLUGF4MUo1NzM5ZDdyV2lkZ3A2R2huUXRSZElvN3pGcmZ0QVJ3OUVTaUxRRmxNbUIzMW5zalhSNVZ2YzR4a1A1WGVsamhJZ3JVZm43dVdGQm5HQ1VVUGJWUkJlSlVKYnVrUzRNbVFvaW8rN3RzdTVsRzM4d05GZVlDUTV6MEwiLCJtYWMiOiI4NTU1MGNlYWZjMGE4ZDcxOGM1NzIwZjA1OTY5OTg1MjBhODc4M2M5ZGIxZjc4OWE5ZWY0OGZiZGE3YzE3MzdmIiwidGFnIjoiIn0%3D; salem_store_session=eyJpdiI6IjVXVy95djVDYTRiS1BRZ1FwT2doaEE9PSIsInZhbHVlIjoiL3Z6N2VZU25aRnBnYTFSK1VySm4rcmt3d0hJQW1uS0twOUR6MmNOVjgwalZ2MjRtYS9PVjRnampRTm94QXZQT2RhcWFJbzJvQkVVZXA1LzllNHVZd3NvYWRiNEI4TFZ1MUVuRTBPNGZBZ0Q1TGZOSzBaL3R6ZW4yTUc4Z1hVcFQiLCJtYWMiOiI3YzJjZTRhYWFmZjUwMTRlZmYyYmFkMjVmYzRkOTE1NDQwMGUyZjM4ZTM2NjYzOTgwYjgwMzRiNjk5ZTMyMDI2IiwidGFnIjoiIn0%3D"],"priority":["u=2, i"],"accept-language":["en-GB,en-US;q=0.9,en;q=0.8"],"accept-encoding":["gzip, deflate, br, zstd"],"user-agent":["Mozilla\\/5.0 (Windows NT 10.0; Win64; x64) AppleWebKit\\/537.36 (KHTML, like Gecko) Chrome\\/144.0.0.0 Safari\\/537.36"],"referer":["https:\\/\\/salem-store.test\\/"],"sec-fetch-dest":["document"],"sec-fetch-mode":["navigate"],"sec-fetch-site":["none"],"sec-ch-ua-platform":["\\"Windows\\""],"sec-ch-ua-mobile":["?0"],"sec-ch-ua":["\\"Not(A:Brand\\";v=\\"8\\", \\"Chromium\\";v=\\"144\\", \\"Google Chrome\\";v=\\"144\\""],"sec-speculation-tags":["null"],"upgrade-insecure-requests":["1"],"sec-purpose":["prefetch;prerender"],"accept":["text\\/html,application\\/xhtml+xml,application\\/xml;q=0.9,image\\/avif,image\\/webp,image\\/apng,*\\/*;q=0.8,application\\/signed-exchange;v=b3;q=0.7"],"host":["salem-store.test"]}', '', 'Windows', 'Chrome', '127.0.0.1', NULL, NULL, NULL, NULL, 1, '2026-02-10 00:00:00', '2026-02-10 00:00:00'), (143, 'GET', '[]', 'https://salem-store.test/%D8%A7%D9%83%D8%B3%D8%B3%D9%88%D8%A7%D8%B1%D8%A7%D8%AA', 'https://salem-store.test/compare', '[]', 'Mozilla/5.0 (Windows NT 10.0; Win64; x64) AppleWebKit/537.36 (KHTML, like Gecko) Chrome/144.0.0.0 Safari/537.36', '{"cookie":["XSRF-TOKEN=eyJpdiI6IjJmeDFEVll2QTA3UjNQKzc2WWdpOHc9PSIsInZhbHVlIjoiR3ZiVjRWU2s0WU52MDJCeVV6NURvd3ZZY0lQM29yMjczbktlZ1JmVC9vOTNlbEx6L3Y2cmtPNVQzZ241c212K2Zxb09vZzNsVE5yRWtyM3hXYUxybXUvdWM4M1c4Y1owZHVqbzduVm82UFRrYThiSlFJNG9yRjlqVmE4YUd1c0giLCJtYWMiOiI1YjQ2YmYwOWEzMjhhNTQwN2YzNGU0NDY2NjlmNzM4YWYzN2QyOTNhZGNmZDg5MzI0NWRmNDBjMDhiOTUxODc0IiwidGFnIjoiIn0%3D; salem_store_session=eyJpdiI6IjlxMmNRN1RDS3podDhtTGczTmFIVGc9PSIsInZhbHVlIjoib2RKdTlzejJOMjBlUGlEbEJEak1OZ3hEbjZ6U1dKNkh1Rlg5SE5QUnZGenNrSTdFUktLQTJNZm5xNzFHNlF3NnNyc0RHTkc0ZElPNjUvdmpHVk5jaHlzVml2dFJYQW13WFBsYSsxRUlGMm9ybmNSUDBjQzMxWFFqNFV6RUR5UnAiLCJtYWMiOiIwN2MzNDRmNGEzMzZkNDhlZjY2OTBkMjQ1OGI4MDNiMDlhMDMxM2VkYTgwZmZjY2UwNDczY2NlODg3YWZlN2IzIiwidGFnIjoiIn0%3D"],"priority":["u=2, i"],"accept-language":["en-GB,en-US;q=0.9,en;q=0.8"],"accept-encoding":["gzip, deflate, br, zstd"],"user-agent":["Mozilla\\/5.0 (Windows NT 10.0; Win64; x64) AppleWebKit\\/537.36 (KHTML, like Gecko) Chrome\\/144.0.0.0 Safari\\/537.36"],"referer":["https:\\/\\/salem-store.test\\/compare"],"sec-fetch-dest":["document"],"sec-fetch-mode":["navigate"],"sec-fetch-site":["none"],"sec-ch-ua-platform":["\\"Windows\\""],"sec-ch-ua-mobile":["?0"],"sec-ch-ua":["\\"Not(A:Brand\\";v=\\"8\\", \\"Chromium\\";v=\\"144\\", \\"Google Chrome\\";v=\\"144\\""],"sec-speculation-tags":["null"],"upgrade-insecure-requests":["1"],"sec-purpose":["prefetch;prerender"],"accept":["text\\/html,application\\/xhtml+xml,application\\/xml;q=0.9,image\\/avif,image\\/webp,image\\/apng,*\\/*;q=0.8,application\\/signed-exchange;v=b3;q=0.7"],"host":["salem-store.test"]}', '', 'Windows', 'Chrome', '127.0.0.1', 'Webkul\\Category\\Models\\Category', 22, NULL, NULL, 1, '2026-02-10 00:00:23', '2026-02-10 00:00:23'), (144, 'GET', '[]', 'https://salem-store.test/%D8%A7%D9%84%D9%87%D9%88%D8%A7%D8%AA%D9%81-%D8%A7%D9%84%D9%85%D8%AD%D9%85%D9%88%D9%84%D8%A9', 'https://salem-store.test/compare', '[]', 'Mozilla/5.0 (Windows NT 10.0; Win64; x64) AppleWebKit/537.36 (KHTML, like Gecko) Chrome/144.0.0.0 Safari/537.36', '{"cookie":["XSRF-TOKEN=eyJpdiI6ImdqbmFJQkxGcmF2bnhxSkMrT2NrbEE9PSIsInZhbHVlIjoicmZtaFAyeVNCSXVaSUpNaTZKeXVJbFhlK2dpaTA2OFV5RVFpbW1ETDl2OUc0clVkbFdQeGVkMEFSODBmRzNMYlN2bUZQZnk1NHBBOG9KWmNsRjVCNnlWWHZ0R0ZEUXhiSm9sbGErOWk4bUJZNnVQRUk4V0I1cUtTUzh0a3RkOGsiLCJtYWMiOiI4YWQ5N2M1MzAyNDRlNTUyNDA2MWZlMTJmYjg0ZDUwMWJkYWQ2YzkwMjIzZGM0YzhhMTc4ZGQyNjU2YzBkOGUxIiwidGFnIjoiIn0%3D; salem_store_session=eyJpdiI6ImFqeitjeCt3SFFaWm5xcmxZTG5LaEE9PSIsInZhbHVlIjoiRHc1ZXpralcwNnVWTnhpRk14S3plQVFMcVZTUFdMYUxCMmNINmN5aVhkbTIzbWRTOXpQUHRkeHdUQ3BhQVhSZ1FLbkRsTUpGMTdLODB2RGh1eGZvYnpIZEdiZ1N6RlFjaVhsZnA0YWhFVS9wMEpXMjVXL0lpMWZHTkNVQzdWdmYiLCJtYWMiOiI4Mjg3NzIyNTkzNzI3ZTdmOGY0Mjk5NjNiMmI2MjQxNDVlNzcxNTI3ZDkyOTFkNjA2ODY3Mjk0NTBmNGVhNmVjIiwidGFnIjoiIn0%3D"],"priority":["u=2, i"],"accept-language":["en-GB,en-US;q=0.9,en;q=0.8"],"accept-encoding":["gzip, deflate, br, zstd"],"user-agent":["Mozilla\\/5.0 (Windows NT 10.0; Win64; x64) AppleWebKit\\/537.36 (KHTML, like Gecko) Chrome\\/144.0.0.0 Safari\\/537.36"],"referer":["https:\\/\\/salem-store.test\\/compare"],"sec-fetch-dest":["document"],"sec-fetch-mode":["navigate"],"sec-fetch-site":["none"],"sec-ch-ua-platform":["\\"Windows\\""],"sec-ch-ua-mobile":["?0"],"sec-ch-ua":["\\"Not(A:Brand\\";v=\\"8\\", \\"Chromium\\";v=\\"144\\", \\"Google Chrome\\";v=\\"144\\""],"sec-speculation-tags":["null"],"upgrade-insecure-requests":["1"],"sec-purpose":["prefetch;prerender"],"accept":["text\\/html,application\\/xhtml+xml,application\\/xml;q=0.9,image\\/avif,image\\/webp,image\\/apng,*\\/*;q=0.8,application\\/signed-exchange;v=b3;q=0.7"],"host":["salem-store.test"]}', '', 'Windows', 'Chrome', '127.0.0.1', 'Webkul\\Category\\Models\\Category', 2, NULL, NULL, 1, '2026-02-10 00:00:24', '2026-02-10 00:00:24'), (145, 'GET', '[]', 'https://salem-store.test/%D9%83%DA%A4%D8%B1%D8%A7%D8%AA-pitaka', 'https://salem-store.test/', '[]', 'Mozilla/5.0 (Windows NT 10.0; Win64; x64) AppleWebKit/537.36 (KHTML, like Gecko) Chrome/144.0.0.0 Safari/537.36', '{"cookie":["XSRF-TOKEN=eyJpdiI6IlpJdEFVcVpCR3B5Njc5c2FtZDV3SlE9PSIsInZhbHVlIjoiZGZka1JiOFZCcERVWW1QWTNRVVRFK3YwNUI5K2cwUFdSQmxZbTZEaHFoNFY1L09NNU9STCtWN3FrOXhoZzNwQWRqN0xMcXJneVRpeExkcU0xVFpMYlhxZ1BlNjQ0R0lxTUI5N3VNVksyUW5ZMXdlWnhmQkE3RUdodnRUVU56eGEiLCJtYWMiOiJjOWFjNTIwM2UwZjZhNzhlNzRmMDY1YWUyNzk3ODQ2M2NmOWZiNmFkNzFkY2E3YmZiYjAwMTY1NjFmMmU3ZTc2IiwidGFnIjoiIn0%3D; salem_store_session=eyJpdiI6IlE5aDQ4aEFXU0cwVUxQM1FtZDF0WlE9PSIsInZhbHVlIjoiQlAyTVFhNXlZeDMwTTlRK1lXNDRMTFUzaHVRVzJxeWpJWVV5OS9EK01Ic0tYQkJkV0JuaWtZSUd5dlh6R0FSRWVPV3VOVFBnQUpQV1dpZkVuSSttME9FRTBPOER2OUd0akpqVURCZXA1VTg5cmhiZHNXUWpCM0VtcW9Tc0VHQkgiLCJtYWMiOiJkYTk0ZDYwODgwMDc3OTdlM2EzNGIwMGVhZWUyNDFmM2U0ZTdhOWE3NjIxY2Q1Mzc3OTkxNDg4NTU2MDU4YmU0IiwidGFnIjoiIn0%3D"],"priority":["u=2, i"],"accept-language":["en-GB,en-US;q=0.9,en;q=0.8"],"accept-encoding":["gzip, deflate, br, zstd"],"user-agent":["Mozilla\\/5.0 (Windows NT 10.0; Win64; x64) AppleWebKit\\/537.36 (KHTML, like Gecko) Chrome\\/144.0.0.0 Safari\\/537.36"],"referer":["https:\\/\\/salem-store.test\\/"],"sec-fetch-dest":["document"],"sec-fetch-mode":["navigate"],"sec-fetch-site":["none"],"sec-ch-ua-platform":["\\"Windows\\""],"sec-ch-ua-mobile":["?0"],"sec-ch-ua":["\\"Not(A:Brand\\";v=\\"8\\", \\"Chromium\\";v=\\"144\\", \\"Google Chrome\\";v=\\"144\\""],"sec-speculation-tags":["null"],"upgrade-insecure-requests":["1"],"sec-purpose":["prefetch;prerender"],"accept":["text\\/html,application\\/xhtml+xml,application\\/xml;q=0.9,image\\/avif,image\\/webp,image\\/apng,*\\/*;q=0.8,application\\/signed-exchange;v=b3;q=0.7"],"host":["salem-store.test"]}', '', 'Windows', 'Chrome', '127.0.0.1', 'Webkul\\Product\\Models\\Product', 1, NULL, NULL, 1, '2026-02-10 00:00:50', '2026-02-10 00:00:50'), (146, 'GET', '[]', 'https://salem-store.test/%D8%AC%D8%B1%D8%A7%D8%A8-%D8%B3%D9%8A%D9%84%D9%8A%D9%83%D9%88%D9%86', 'https://salem-store.test/', '[]', 'Mozilla/5.0 (Windows NT 10.0; Win64; x64) AppleWebKit/537.36 (KHTML, like Gecko) Chrome/144.0.0.0 Safari/537.36', '{"priority":["u=2, i"],"accept-language":["en-GB,en-US;q=0.9,en;q=0.8"],"accept-encoding":["gzip, deflate, br, zstd"],"user-agent":["Mozilla\\/5.0 (Windows NT 10.0; Win64; x64) AppleWebKit\\/537.36 (KHTML, like Gecko) Chrome\\/144.0.0.0 Safari\\/537.36"],"referer":["https:\\/\\/salem-store.test\\/"],"sec-fetch-dest":["document"],"sec-fetch-mode":["navigate"],"sec-fetch-site":["none"],"sec-ch-ua-platform":["\\"Windows\\""],"sec-ch-ua-mobile":["?0"],"sec-ch-ua":["\\"Not(A:Brand\\";v=\\"8\\", \\"Chromium\\";v=\\"144\\", \\"Google Chrome\\";v=\\"144\\""],"sec-speculation-tags":["null"],"upgrade-insecure-requests":["1"],"sec-purpose":["prefetch;prerender"],"accept":["text\\/html,application\\/xhtml+xml,application\\/xml;q=0.9,image\\/avif,image\\/webp,image\\/apng,*\\/*;q=0.8,application\\/signed-exchange;v=b3;q=0.7"],"host":["salem-store.test"]}', '', 'Windows', 'Chrome', '127.0.0.1', 'Webkul\\Product\\Models\\Product', 43, NULL, NULL, 1, '2026-02-10 09:09:44', '2026-02-10 09:09:44'), (147, 'GET', '[]', 'https://salem-store.test/pitaka', 'https://salem-store.test/', '[]', 'Mozilla/5.0 (Windows NT 10.0; Win64; x64) AppleWebKit/537.36 (KHTML, like Gecko) Chrome/144.0.0.0 Safari/537.36', '{"cookie":["XSRF-TOKEN=eyJpdiI6InNqMTVzUk95d1IzYnV2YWZSVFcrbGc9PSIsInZhbHVlIjoiNnpXM3hmS1lDMi9Bc3RUVlVLVHk5QWkrTDNYLzRpUXV3ZkdENUpmTmlYT0tlMkd1UVJYTDZEZkl1bXJ5YnFObmM2eU5Kelo1WEF3N2hudSt2VVpLTURPa0ZNMFVTNlhYclN2aDRyWmVZVjBBbkVWUnI0cHJzTDVZS1RxNzdkN3UiLCJtYWMiOiI3NjZlMTFiMWNhYWEzZDkxZDBlZWUwMmI0MTUxNjU1MDc4MmYyNTU3MGIzMzJiYmEzMzIyMGJlMTAyMzlmYzRkIiwidGFnIjoiIn0%3D; salem_store_session=eyJpdiI6ImlCaTg3emkyb0JXRkxKWGJIdWxlenc9PSIsInZhbHVlIjoiaXlvWFNnVGN1YUxaYWozV0dhRHk0QTNlVGM2aTBiV3k1YWFTbjdXSk1GcG1ZdnIzRSt6Um1nWjljNzhWL3R2WmFpVndpdHk5SzNZVnpWdCtEay9pZ3FHSmVVeXZudlVlZmhEQ1FWUUNzZjVTM2xIV3F2S3ZWWXB2bnNKVnZpMzEiLCJtYWMiOiI1MjNlNDgwMTkxZTUzMDg2NzI4MjcyYTFhMzAxZDY3ODdiNzAyNDVhZThkODU0MGY1NGFjMzhkMTY1M2JlODMyIiwidGFnIjoiIn0%3D"],"priority":["u=2, i"],"accept-language":["en-GB,en-US;q=0.9,en;q=0.8"],"accept-encoding":["gzip, deflate, br, zstd"],"user-agent":["Mozilla\\/5.0 (Windows NT 10.0; Win64; x64) AppleWebKit\\/537.36 (KHTML, like Gecko) Chrome\\/144.0.0.0 Safari\\/537.36"],"referer":["https:\\/\\/salem-store.test\\/"],"sec-fetch-dest":["document"],"sec-fetch-mode":["navigate"],"sec-fetch-site":["none"],"sec-ch-ua-platform":["\\"Windows\\""],"sec-ch-ua-mobile":["?0"],"sec-ch-ua":["\\"Not(A:Brand\\";v=\\"8\\", \\"Chromium\\";v=\\"144\\", \\"Google Chrome\\";v=\\"144\\""],"sec-speculation-tags":["null"],"upgrade-insecure-requests":["1"],"sec-purpose":["prefetch;prerender"],"accept":["text\\/html,application\\/xhtml+xml,application\\/xml;q=0.9,image\\/avif,image\\/webp,image\\/apng,*\\/*;q=0.8,application\\/signed-exchange;v=b3;q=0.7"],"host":["salem-store.test"]}', '', 'Windows', 'Chrome', '127.0.0.1', 'Webkul\\Product\\Models\\Product', 2, NULL, NULL, 1, '2026-02-10 09:09:46', '2026-02-10 09:09:46'), (148, 'GET', '[]', 'https://salem-store.test/%D9%84%D9%88%D8%AD%D8%A7%D8%AA-%D8%A7%D9%84%D9%85%D9%81%D8%A7%D8%AA%D9%8A%D8%AD', 'https://salem-store.test/', '[]', 'Mozilla/5.0 (Windows NT 10.0; Win64; x64) AppleWebKit/537.36 (KHTML, like Gecko) Chrome/144.0.0.0 Safari/537.36', '{"cookie":["XSRF-TOKEN=eyJpdiI6IkVSTEt1bjB4YnBUb3VMVkJoYWVQcXc9PSIsInZhbHVlIjoiRTdtNjI1Y01pd2NyQ20weUpwcDViMW9JbEZDU1Y4dEl0NjNMck51Z0trRUo5WHhXTU5uZGF1TytITTd2d2V4L0J2NStQRmJONGRReXUyRGFUZFN1RHF4VjVzeEpiN3hUTWpaZ096QTBxdVNQdUQ2b1RrNFlGem1kNkE3elZBOXIiLCJtYWMiOiJjNTYyZTRkZTU4NzZlNDRmZDE0MWEwZWUwNTZlZTU4ZWI3NmRiY2U0NGQ4YzJiMGUwZTMxZDVmN2JiNWI1MTM4IiwidGFnIjoiIn0%3D; salem_store_session=eyJpdiI6IktjUHJ0UFg4UmtHMGpKSE1sazk1S3c9PSIsInZhbHVlIjoialNKRmF5cDYxeVMzQm1XeVVJVEdIZVNZRXZacWQ5U2hqU2xsYmNzMjlKSmJEa3RqdkhKRmFGdHJJaGU1WElzR3hFNnZHZC9GVTJSdlJzZ05sMGJmcEJXQjNWTk1UV0hhYy9zcVZYQWZwV0t0UWJhZ3Awa3R2WnYzWmFjaThYQ20iLCJtYWMiOiIxOTE2MmJhMzhmNDNmY2FiYjU3ZWY4NmVlMWJkNmFhN2QxOGVkZGY2ZWE2MWZhOTMyZWUwYTM0NmFkYTYyNjQxIiwidGFnIjoiIn0%3D"],"priority":["u=2, i"],"accept-language":["en-GB,en-US;q=0.9,en;q=0.8"],"accept-encoding":["gzip, deflate, br, zstd"],"user-agent":["Mozilla\\/5.0 (Windows NT 10.0; Win64; x64) AppleWebKit\\/537.36 (KHTML, like Gecko) Chrome\\/144.0.0.0 Safari\\/537.36"],"referer":["https:\\/\\/salem-store.test\\/"],"sec-fetch-dest":["document"],"sec-fetch-mode":["navigate"],"sec-fetch-site":["none"],"sec-ch-ua-platform":["\\"Windows\\""],"sec-ch-ua-mobile":["?0"],"sec-ch-ua":["\\"Not(A:Brand\\";v=\\"8\\", \\"Chromium\\";v=\\"144\\", \\"Google Chrome\\";v=\\"144\\""],"sec-speculation-tags":["null"],"upgrade-insecure-requests":["1"],"sec-purpose":["prefetch;prerender"],"accept":["text\\/html,application\\/xhtml+xml,application\\/xml;q=0.9,image\\/avif,image\\/webp,image\\/apng,*\\/*;q=0.8,application\\/signed-exchange;v=b3;q=0.7"],"host":["salem-store.test"]}', '', 'Windows', 'Chrome', '127.0.0.1', 'Webkul\\Category\\Models\\Category', 23, NULL, NULL, 1, '2026-02-10 09:09:58', '2026-02-10 09:09:58'), (149, 'GET', '[]', 'https://salem-store.test/%D8%A7%D8%AC%D9%87%D8%B2%D8%A9-%D8%A7%D9%84%D9%83%D9%85%D8%A8%D9%8A%D9%88%D8%AA%D8%B1', 'https://salem-store.test/', '[]', 'Mozilla/5.0 (Windows NT 10.0; Win64; x64) AppleWebKit/537.36 (KHTML, like Gecko) Chrome/144.0.0.0 Safari/537.36', '{"cookie":["XSRF-TOKEN=eyJpdiI6InN6ZlkwZUt5NitTT1B4MGJnWjk4M0E9PSIsInZhbHVlIjoia2RKYno4N214c21VTzZwRlJGanVIazJXWDZ5L2dpY0JFcVpCZ2ZUSms0aUZwL3BYaFFhSzEydEQrK2RjOGU1a3J2d3FoRmEvU3NwQkUyYkNsa1VhUkU3dm81Vk1wWnFzMFg4MG1nMjBSZGVOdDlsaE1QVkxTeWgxWml4ZHQ1eDkiLCJtYWMiOiI2MzI0OTZmNTUwZTRiZjBjYWE2OWE0Y2NiOTMxOTUzODIwMjMxZjgyYzRiZjlkMzRiYzEwY2M4NGIzMWUxOTNlIiwidGFnIjoiIn0%3D; salem_store_session=eyJpdiI6IlY5NTh6UzBRcW42NlU4M0VzdDNQRVE9PSIsInZhbHVlIjoiQTdMSnU5bnkxMVNGWDFkemhUSkZMbFhYbTEwZlMrdDRxTEJxdFZwVTdESExxamJuWHU2SURvVFEwU0RxV0VRaFkrWkdnaEJtYWw2S3dvUS9DMGtFR0RqQ25UbkNDd3ladGhKQVE0Z0Y3ZWdWRDB1dVpsd3h5RHB5c0VRWmZqaU8iLCJtYWMiOiI0NDBlYjc2ODkzODcwYmRlOGY1YmFjOGRkZTA5OWNhYjQzNDEzZTA1Mjc0YWQ0MTE1MGZjNjExNmEyMDAxNmVlIiwidGFnIjoiIn0%3D"],"priority":["u=2, i"],"accept-language":["en-GB,en-US;q=0.9,en;q=0.8"],"accept-encoding":["gzip, deflate, br, zstd"],"user-agent":["Mozilla\\/5.0 (Windows NT 10.0; Win64; x64) AppleWebKit\\/537.36 (KHTML, like Gecko) Chrome\\/144.0.0.0 Safari\\/537.36"],"referer":["https:\\/\\/salem-store.test\\/"],"sec-fetch-dest":["document"],"sec-fetch-mode":["navigate"],"sec-fetch-site":["none"],"sec-ch-ua-platform":["\\"Windows\\""],"sec-ch-ua-mobile":["?0"],"sec-ch-ua":["\\"Not(A:Brand\\";v=\\"8\\", \\"Chromium\\";v=\\"144\\", \\"Google Chrome\\";v=\\"144\\""],"sec-speculation-tags":["null"],"upgrade-insecure-requests":["1"],"sec-purpose":["prefetch;prerender"],"accept":["text\\/html,application\\/xhtml+xml,application\\/xml;q=0.9,image\\/avif,image\\/webp,image\\/apng,*\\/*;q=0.8,application\\/signed-exchange;v=b3;q=0.7"],"host":["salem-store.test"]}', '', 'Windows', 'Chrome', '127.0.0.1', 'Webkul\\Category\\Models\\Category', 9, NULL, NULL, 1, '2026-02-10 09:10:07', '2026-02-10 09:10:07'), (150, 'GET', '[]', 'https://salem-store.test/%D8%A7%D9%84%D9%84%D8%A7%D8%A8%D8%AA%D9%88%D8%A8', 'https://salem-store.test/', '[]', 'Mozilla/5.0 (Windows NT 10.0; Win64; x64) AppleWebKit/537.36 (KHTML, like Gecko) Chrome/144.0.0.0 Safari/537.36', '{"cookie":["XSRF-TOKEN=eyJpdiI6IjRaK3grOGMzc0w5dWhmVXlpWU1NWHc9PSIsInZhbHVlIjoiSFpwQ1BXbmVMZGJMUnhTdUdhcDFCTVdBVEdGUks5RUxHaS9BcWJGUm5NRURXbFhwMmpPWmxFVEZlRG9UaGExcjdOck5YNTlkV0FVYThoNTltdGtsTXQ5TUs1djZHeHhUSWs4VW1naFpFL1p0Mmh0UTBZMFBJVHJ6L3B4VGk0bUUiLCJtYWMiOiI1ZTQ5ZDk3NWM2MGQ1YjZlM2MxOWEzNjQ0ZGU5NjAzNDA3OTEwNGZlZTc0ZWRhNzE1NTMzMDk2YjdkZmRkMGMxIiwidGFnIjoiIn0%3D; salem_store_session=eyJpdiI6IlZic0U4WlFPQjAvbXJjUEdaSU9DUFE9PSIsInZhbHVlIjoiL1U3ZndPRklVdzY5bkQ2K0V6ZGJnalRVOVAvTXdVdk03TFlEelliOXFoaHVHd3J3K0pGRnJSUXVYcHZiRks2c01OQ1BjUTRBVHZYeE1BSnNOM0xOVWI3NFNCODVxOVd4VDU1ZjE0TGVjalY2UXdZK0RZQmZmeU9ncXhzWFZYZDEiLCJtYWMiOiJlYWFiMDU0YmU4MmUwMGZjYzRmZjYxZjQ5NDE4ZmRiNzhlYmJlYzFkYjdmMTM4OWFmMzBhZTE5M2Y3Y2I1M2RhIiwidGFnIjoiIn0%3D"],"priority":["u=2, i"],"accept-language":["en-GB,en-US;q=0.9,en;q=0.8"],"accept-encoding":["gzip, deflate, br, zstd"],"user-agent":["Mozilla\\/5.0 (Windows NT 10.0; Win64; x64) AppleWebKit\\/537.36 (KHTML, like Gecko) Chrome\\/144.0.0.0 Safari\\/537.36"],"referer":["https:\\/\\/salem-store.test\\/"],"sec-fetch-dest":["document"],"sec-fetch-mode":["navigate"],"sec-fetch-site":["none"],"sec-ch-ua-platform":["\\"Windows\\""],"sec-ch-ua-mobile":["?0"],"sec-ch-ua":["\\"Not(A:Brand\\";v=\\"8\\", \\"Chromium\\";v=\\"144\\", \\"Google Chrome\\";v=\\"144\\""],"sec-speculation-tags":["null"],"upgrade-insecure-requests":["1"],"sec-purpose":["prefetch;prerender"],"accept":["text\\/html,application\\/xhtml+xml,application\\/xml;q=0.9,image\\/avif,image\\/webp,image\\/apng,*\\/*;q=0.8,application\\/signed-exchange;v=b3;q=0.7"],"host":["salem-store.test"]}', '', 'Windows', 'Chrome', '127.0.0.1', 'Webkul\\Category\\Models\\Category', 15, NULL, NULL, 1, '2026-02-10 09:10:08', '2026-02-10 09:10:08'), (151, 'GET', '{"herd":"preview"}', 'https://salem-store.test', NULL, '[]', 'Mozilla/5.0 (Windows NT 10.0; Win64; x64) AppleWebKit/537.36 (KHTML, like Gecko) Herd/1.25.0 Chrome/120.0.6099.291 Electron/28.2.5 Safari/537.36', '{"accept-language":["en-US"],"accept-encoding":["gzip, deflate, br"],"sec-fetch-dest":["iframe"],"sec-fetch-user":["?1"],"sec-fetch-mode":["navigate"],"sec-fetch-site":["cross-site"],"accept":["text\\/html,application\\/xhtml+xml,application\\/xml;q=0.9,image\\/avif,image\\/webp,image\\/apng,*\\/*;q=0.8,application\\/signed-exchange;v=b3;q=0.7"],"user-agent":["Mozilla\\/5.0 (Windows NT 10.0; Win64; x64) AppleWebKit\\/537.36 (KHTML, like Gecko) Herd\\/1.25.0 Chrome\\/120.0.6099.291 Electron\\/28.2.5 Safari\\/537.36"],"upgrade-insecure-requests":["1"],"host":["salem-store.test"]}', '', 'Windows', 'Chrome', '127.0.0.1', NULL, NULL, NULL, NULL, 1, '2026-06-06 00:36:26', '2026-06-06 00:36:26'), (152, 'GET', '[]', 'https://salem-store.test/%D8%AC%D8%B1%D8%A7%D8%A8-%D8%B3%D9%8A%D9%84%D9%8A%D9%83%D9%88%D9%86', 'https://salem-store.test/', '[]', 'Mozilla/5.0 (Windows NT 10.0; Win64; x64) AppleWebKit/537.36 (KHTML, like Gecko) Chrome/148.0.0.0 Safari/537.36', '{"cookie":["XSRF-TOKEN=eyJpdiI6IlY2NlpQbkY5OUFneUMzUm1ySitUMFE9PSIsInZhbHVlIjoiUmVQbkZsVlNaUXdFRDR5MDdEMzNxTDNGVStLSkdXa2VPdHZUNU9Ecks2dEFqMWhUTDhBTFJWbjZrYXJsZFNlNHl6cG02bG1KWk5PckJCOXRrQ0E1KzMyOVhKY0Iwd2FDV0JFMUcwOGVIWUtsYkpWNnU5SlNSdG54OWZCamdwbnYiLCJtYWMiOiI3MGQyNDhmZmVkYjg2OTdmM2Q4MGRkMjMwYWQzOTEyMjZjNjJkYjZlMzJlZGJmYWZlZjQ2MDk0NDhhMzI2MDBmIiwidGFnIjoiIn0%3D; salem_store_session=eyJpdiI6ImpaQ0lYMUozVTlzSW02OEVla1ZubXc9PSIsInZhbHVlIjoiM055ODVTU1U2bk5YZ0dUZUNuMVJYZEtteXdtbWdac0lNWk5veFdXRDZLNHNtZnhXU09tOGYvZ1NqeXdLMkg2cHYvT280Y05tNCtoYWFPS1hPOGNmRUgzQU5RU2hZb1hrbUp1ZTloNWo0U1lOc2grVG1ZdzFDWjYrVEpuOGswalIiLCJtYWMiOiJkMTA1MzVkNmFiYzU4YTYzY2RmOTVjMWQyZDY5NDFiZWM2OGM5ZTA0NzE2ODk0OTM2NDU0ZDg1Y2ZjZjVkMWM1IiwidGFnIjoiIn0%3D"],"priority":["u=2, i"],"accept-language":["en-GB,en-US;q=0.9,en;q=0.8"],"accept-encoding":["gzip, deflate, br, zstd"],"user-agent":["Mozilla\\/5.0 (Windows NT 10.0; Win64; x64) AppleWebKit\\/537.36 (KHTML, like Gecko) Chrome\\/148.0.0.0 Safari\\/537.36"],"referer":["https:\\/\\/salem-store.test\\/"],"sec-fetch-dest":["document"],"sec-fetch-mode":["navigate"],"sec-fetch-site":["none"],"sec-ch-ua-platform":["\\"Windows\\""],"sec-ch-ua-mobile":["?0"],"sec-ch-ua":["\\"Chromium\\";v=\\"148\\", \\"Google Chrome\\";v=\\"148\\", \\"Not\\/A)Brand\\";v=\\"99\\""],"sec-speculation-tags":["null"],"sec-purpose":["prefetch;prerender"],"upgrade-insecure-requests":["1"],"accept":["text\\/html,application\\/xhtml+xml,application\\/xml;q=0.9,image\\/avif,image\\/webp,image\\/apng,*\\/*;q=0.8,application\\/signed-exchange;v=b3;q=0.7"],"host":["salem-store.test"]}', '', 'Windows', 'Chrome', '127.0.0.1', 'Webkul\\Product\\Models\\Product', 43, NULL, NULL, 1, '2026-06-06 00:37:32', '2026-06-06 00:37:32'), (153, 'GET', '[]', 'https://salem-store.test/%D8%A7%D9%83%D8%B3%D8%B3%D9%88%D8%A7%D8%B1%D8%A7%D8%AA', 'https://salem-store.test/', '[]', 'Mozilla/5.0 (Windows NT 10.0; Win64; x64) AppleWebKit/537.36 (KHTML, like Gecko) Chrome/148.0.0.0 Safari/537.36', '{"cookie":["XSRF-TOKEN=eyJpdiI6Iko3SHZXMlY5Sk1QMEtFZkF4Z3lNc3c9PSIsInZhbHVlIjoiR3RVdkJ4Y1dTNXVEK0ZvVmU5bTVYQmFENGppaFZ6c05hU2cwaGxOSG1aZVFtWjNKa2Jvc09vSnU5akNWaE9wK0Qyb1F4TXFrdVlGTnNtRlhNRjdidVUwNUlDODR6WUNVWGI2djhCejVWMjVFdlpjemJuL2I5ejJBZXFsU1R6Wm8iLCJtYWMiOiIxOWExZmMzMjNjMjAzYzY0YTA4MzgwZDhhYjdlMDgyODkwZGU4NjJlNDNlMWMwZjFkODA3MTllMDk4MDgwNDdiIiwidGFnIjoiIn0%3D; salem_store_session=eyJpdiI6IlpUd1ZpZUV2YlBCd3NYN1RRK3NwcUE9PSIsInZhbHVlIjoiN1owbmZSQWR2QWVUb0lHajRPSzhoWHk4VCsvYWFtcW5OZGlONDhENDd6SEJmNEVBZ1ROeXRGbUMyamFNMi9kdVlXaXIxLzhXeHpVWGtFdGpCWS9QSjBrOGh3VFp1eHZqUEJkMEZUNS9iK1I2NDVjMy9VbkFnRUVEcXY0a3hTWDgiLCJtYWMiOiJjYTU0YzI4YWE3OTRjMmRjMDYzMmY3MDgzMzQyYTc1MzIyNTIxMTRiMTc2ODJlYmU1YTQ0ODE0NWIxZTk0NDA1IiwidGFnIjoiIn0%3D"],"priority":["u=2, i"],"accept-language":["en-GB,en-US;q=0.9,en;q=0.8"],"accept-encoding":["gzip, deflate, br, zstd"],"user-agent":["Mozilla\\/5.0 (Windows NT 10.0; Win64; x64) AppleWebKit\\/537.36 (KHTML, like Gecko) Chrome\\/148.0.0.0 Safari\\/537.36"],"referer":["https:\\/\\/salem-store.test\\/"],"sec-fetch-dest":["document"],"sec-fetch-mode":["navigate"],"sec-fetch-site":["none"],"sec-ch-ua-platform":["\\"Windows\\""],"sec-ch-ua-mobile":["?0"],"sec-ch-ua":["\\"Chromium\\";v=\\"148\\", \\"Google Chrome\\";v=\\"148\\", \\"Not\\/A)Brand\\";v=\\"99\\""],"sec-speculation-tags":["null"],"sec-purpose":["prefetch;prerender"],"upgrade-insecure-requests":["1"],"accept":["text\\/html,application\\/xhtml+xml,application\\/xml;q=0.9,image\\/avif,image\\/webp,image\\/apng,*\\/*;q=0.8,application\\/signed-exchange;v=b3;q=0.7"],"host":["salem-store.test"]}', '', 'Windows', 'Chrome', '127.0.0.1', 'Webkul\\Category\\Models\\Category', 22, NULL, NULL, 1, '2026-06-06 00:37:47', '2026-06-06 00:37:47'), (154, 'GET', '[]', 'https://salem-store.test/%D8%A7%D9%84%D9%84%D8%A7%D8%A8%D8%AA%D9%88%D8%A8', 'https://salem-store.test/', '[]', 'Mozilla/5.0 (Windows NT 10.0; Win64; x64) AppleWebKit/537.36 (KHTML, like Gecko) Chrome/148.0.0.0 Safari/537.36', '{"cookie":["XSRF-TOKEN=eyJpdiI6IlZBa0xyWlg2ZUpCZGxIcHR0MEZCcGc9PSIsInZhbHVlIjoiMnVRZGNxWnJnbU1GR3huckJCMTlUNkwyZm5iQlBNY3gxTmFYWFAza1JwL0NpVDZEcDRzNThwY3I1ZmZOa05ibGNrQVJrdm1DSithMndYRWRYUXM5V3Z6Mmc2VlhvK0Y1MDlPZHkyMWhja2VyWDJubkxZRWswbXZ3R29yTFN2VUkiLCJtYWMiOiJmODk5N2E3OThhYTQ0OGJhODYyZDUyZmYxNjdhYWYxN2ZlYTE0YTZjOTMwMWQyMDRmZjBlMTU2ZGU5ZWIxOTczIiwidGFnIjoiIn0%3D; salem_store_session=eyJpdiI6IlB4dDh1WVZjVnNid3hNRGdzUnp3VlE9PSIsInZhbHVlIjoiNHJJeUQxaHh6dEY1N2MybGV1NDlxbmF1anZDQXBzclIvb0ViRDBPWVRSVzJCaWVsczFRYnJOaFhuNjdxekppNmNFMC81S1h0SEpNalFKMVFUdThjQmhONWc0dVI2NHJ3WmJSai9NZnZBR25Na3QySWZKckkrKzRrZ3hCclJjN04iLCJtYWMiOiI3MGY3YWVjZDA0OGJjNjY0N2NhMzM5ZGFjZDFhNjM4YjFiMmQzNWMzODZjNmNlYWJlMDc0MjljNjk2NTViMTgzIiwidGFnIjoiIn0%3D"],"priority":["u=2, i"],"accept-language":["en-GB,en-US;q=0.9,en;q=0.8"],"accept-encoding":["gzip, deflate, br, zstd"],"user-agent":["Mozilla\\/5.0 (Windows NT 10.0; Win64; x64) AppleWebKit\\/537.36 (KHTML, like Gecko) Chrome\\/148.0.0.0 Safari\\/537.36"],"referer":["https:\\/\\/salem-store.test\\/"],"sec-fetch-dest":["document"],"sec-fetch-mode":["navigate"],"sec-fetch-site":["none"],"sec-ch-ua-platform":["\\"Windows\\""],"sec-ch-ua-mobile":["?0"],"sec-ch-ua":["\\"Chromium\\";v=\\"148\\", \\"Google Chrome\\";v=\\"148\\", \\"Not\\/A)Brand\\";v=\\"99\\""],"sec-speculation-tags":["null"],"sec-purpose":["prefetch;prerender"],"upgrade-insecure-requests":["1"],"accept":["text\\/html,application\\/xhtml+xml,application\\/xml;q=0.9,image\\/avif,image\\/webp,image\\/apng,*\\/*;q=0.8,application\\/signed-exchange;v=b3;q=0.7"],"host":["salem-store.test"]}', '', 'Windows', 'Chrome', '127.0.0.1', 'Webkul\\Category\\Models\\Category', 15, NULL, NULL, 1, '2026-06-06 00:37:48', '2026-06-06 00:37:48'), (155, 'GET', '[]', 'https://salem-store.test/%D9%84%D8%A7%D8%A8%D8%AA%D9%88%D8%A8-%D9%84%D9%84%D8%A7%D8%B9%D9%85%D8%A7%D9%84', 'https://salem-store.test/', '[]', 'Mozilla/5.0 (Windows NT 10.0; Win64; x64) AppleWebKit/537.36 (KHTML, like Gecko) Chrome/148.0.0.0 Safari/537.36', '{"cookie":["XSRF-TOKEN=eyJpdiI6Ijh0QitEZGhURGZuRDRGTmZ4VENYdlE9PSIsInZhbHVlIjoieTVNTjRPSmU5UlY3RE9VMkJsajhlK2tFdTVUWmhtaDluK29YTEdma0JWanFLRDNrelBhM0xlRXFFMW5RUUFmVjNBK1dpNXU3L1hmRXRvVkk3cXJNNjk5QUxCNlBuaUhudGtRdDNwVzR3WTFLV25VdmVQZlVsM2pMY1NnOEtpK1AiLCJtYWMiOiJmOWI0ZWY5NTIxMTNhYWZkZjNiNTg4MWEyZWNlMjNhOGFiNTVmNTA2MmFlZTEzZGEwY2FjYWJiNTM3Mzg4MGRkIiwidGFnIjoiIn0%3D; salem_store_session=eyJpdiI6IjIwbmNEMnFjMG5rU1M2Z2ZQdlZBcFE9PSIsInZhbHVlIjoiT29hRWk5M1pVdEFDbzhRRGkxdzQ4R05kNzg0N1FFeWovU21GWmd5WFJxcEc5QllxMCtHWVlQM0tINGRwb3htL1NRYUFaUXJEbE1vbXVGK1RBbUVtSTJWU09rbXdvRWtMMDlHZDRnNWkxb05RTHZjS0t2SW93TmVUVnVmN0oxdW8iLCJtYWMiOiIzYmNiYzJlMWVjZTg5OTBkY2ViNzMyYjEyNTkwNzVlZTBjMDliNmY1MjUwZGQyOGViZDc0NGVjOWY2OTMzYWFjIiwidGFnIjoiIn0%3D"],"priority":["u=2, i"],"accept-language":["en-GB,en-US;q=0.9,en;q=0.8"],"accept-encoding":["gzip, deflate, br, zstd"],"user-agent":["Mozilla\\/5.0 (Windows NT 10.0; Win64; x64) AppleWebKit\\/537.36 (KHTML, like Gecko) Chrome\\/148.0.0.0 Safari\\/537.36"],"referer":["https:\\/\\/salem-store.test\\/"],"sec-fetch-dest":["document"],"sec-fetch-mode":["navigate"],"sec-fetch-site":["none"],"sec-ch-ua-platform":["\\"Windows\\""],"sec-ch-ua-mobile":["?0"],"sec-ch-ua":["\\"Chromium\\";v=\\"148\\", \\"Google Chrome\\";v=\\"148\\", \\"Not\\/A)Brand\\";v=\\"99\\""],"sec-speculation-tags":["null"],"sec-purpose":["prefetch;prerender"],"upgrade-insecure-requests":["1"],"accept":["text\\/html,application\\/xhtml+xml,application\\/xml;q=0.9,image\\/avif,image\\/webp,image\\/apng,*\\/*;q=0.8,application\\/signed-exchange;v=b3;q=0.7"],"host":["salem-store.test"]}', '', 'Windows', 'Chrome', '127.0.0.1', 'Webkul\\Category\\Models\\Category', 17, NULL, NULL, 1, '2026-06-06 00:37:48', '2026-06-06 00:37:48'), (156, 'GET', '[]', 'https://salem-store.test/%D8%A7%D8%AC%D9%87%D8%B2%D8%A9-%D8%A7%D9%84%D9%83%D9%85%D8%A8%D9%8A%D9%88%D8%AA%D8%B1', 'https://salem-store.test/', '[]', 'Mozilla/5.0 (Windows NT 10.0; Win64; x64) AppleWebKit/537.36 (KHTML, like Gecko) Chrome/148.0.0.0 Safari/537.36', '{"cookie":["XSRF-TOKEN=eyJpdiI6IlZXa0ZDN1orOXk5d2lYYU1tOWhLQnc9PSIsInZhbHVlIjoiQ09tM1EyQVhIaE9wOEtoRzM3eFFmWFllVHBqbzdZMHFUZXk3VG1wZ0J2ait0b0QyeTFiaU5HNE9pNXQ2WWdZbUhmeE5VbFMwaVJ6UWErRFNSYzB1aGhMU2FJS2UwOEUyTUNiNk5tSW84SG1CU29CS1RGTHYvbURCSHNXTC9UZVEiLCJtYWMiOiI4YmNmMDA4ZmQ3ZDNhYjc3ZGE5YzE0NjAzZmViZTdhMmNmYzkxNzhlNTU5ZWNhMDQ5NDUxYmI0YTVlZDFlYTVmIiwidGFnIjoiIn0%3D; salem_store_session=eyJpdiI6IjdRVTdWY3VxT1JWZXNySmtsWWZPcFE9PSIsInZhbHVlIjoicGprMTVEa3hXZFFNUlV6OGFza0FMNXJ3YTlUaGQyYVEyOUhSajR0dFE5cG1ibTBDcmlDVTVTNlVNbUk4R1JwbnRBc1lURVcxRk5HYmI5ZTZHQXZjSW43dWpxRXRzU0M5YndlUDJMZW9OaWxsR1Z6dExsWVpwZzl6dVZwa0FWNEciLCJtYWMiOiJhYmE2ZjJlN2YxMzMxYjgzZjkzOWY2ZGM0ZDk4MTVhMzMyM2ZhMTE3MTI0MDgzMzhkYjViYWMwOTM1MTE2ZTVkIiwidGFnIjoiIn0%3D"],"priority":["u=2, i"],"accept-language":["en-GB,en-US;q=0.9,en;q=0.8"],"accept-encoding":["gzip, deflate, br, zstd"],"user-agent":["Mozilla\\/5.0 (Windows NT 10.0; Win64; x64) AppleWebKit\\/537.36 (KHTML, like Gecko) Chrome\\/148.0.0.0 Safari\\/537.36"],"referer":["https:\\/\\/salem-store.test\\/"],"sec-fetch-dest":["document"],"sec-fetch-mode":["navigate"],"sec-fetch-site":["none"],"sec-ch-ua-platform":["\\"Windows\\""],"sec-ch-ua-mobile":["?0"],"sec-ch-ua":["\\"Chromium\\";v=\\"148\\", \\"Google Chrome\\";v=\\"148\\", \\"Not\\/A)Brand\\";v=\\"99\\""],"sec-speculation-tags":["null"],"sec-purpose":["prefetch;prerender"],"upgrade-insecure-requests":["1"],"accept":["text\\/html,application\\/xhtml+xml,application\\/xml;q=0.9,image\\/avif,image\\/webp,image\\/apng,*\\/*;q=0.8,application\\/signed-exchange;v=b3;q=0.7"],"host":["salem-store.test"]}', '', 'Windows', 'Chrome', '127.0.0.1', 'Webkul\\Category\\Models\\Category', 9, NULL, NULL, 1, '2026-06-06 00:37:49', '2026-06-06 00:37:49'), (157, 'GET', '[]', 'https://salem-store.test/%D8%A7%D9%84%D9%83%D9%85%D8%A8%D9%8A%D9%88%D8%AA%D8%B1-%D8%A7%D9%84%D9%85%D9%83%D8%AA%D8%A8%D9%8A', 'https://salem-store.test/', '[]', 'Mozilla/5.0 (Windows NT 10.0; Win64; x64) AppleWebKit/537.36 (KHTML, like Gecko) Chrome/148.0.0.0 Safari/537.36', '{"cookie":["XSRF-TOKEN=eyJpdiI6ImdQc3NlVHU1TmV1KzJJQ3VVdUdROGc9PSIsInZhbHVlIjoiNnRnUnBCbldZRzBTeGp2WGczcmUyalJsVHFRVE1nQlhCbk9XVi9ZcmFCUjM0RHpnRXFTMGFDUWJmcStwVmFaNlFtbmROTkdGYlF1N2x5Y1JrelFCcnRGaCtuVlJsMlF3SDFYL3FzNjdYMkVnM3E4Q1N3RjFCNllVZm9QZEJmazkiLCJtYWMiOiI5NzdhMDFlNjNkZTA1ZDg2OGZiNjIzZDY5NjczZWNjYjJlNmVhZDAzN2E5ZjNkNGQ2ZjQxZTQ2YzdjYzU5ZjJjIiwidGFnIjoiIn0%3D; salem_store_session=eyJpdiI6IjFIU1JRTE9KU3EwdU5HRVJiOTFPaGc9PSIsInZhbHVlIjoiVTM5ZmJWQnJ6eE55V2NBMXJYblZGSWlYbm1RMnB2REJReFdJLzJtazVFQUdIakFGQ3lxeVozbGM5Nkx3RU1jaWNEL0xmU1hkc3I5Z3lFS1FPUUl5U3cxQlVOdVRmTlQ3MG1xZUIrb2crQkN3S1VIclVuYkV1RmFXRXVNdVdQUlkiLCJtYWMiOiJiZTY4NDhlMDYwZDRiNDc1N2NiYjg0YjQ5YmEzZDBhZjQzMjJmNzdmYWJmNmU4ZTQ2MDQyNDc3ZWE0ZjI0ZDA5IiwidGFnIjoiIn0%3D"],"priority":["u=2, i"],"accept-language":["en-GB,en-US;q=0.9,en;q=0.8"],"accept-encoding":["gzip, deflate, br, zstd"],"user-agent":["Mozilla\\/5.0 (Windows NT 10.0; Win64; x64) AppleWebKit\\/537.36 (KHTML, like Gecko) Chrome\\/148.0.0.0 Safari\\/537.36"],"referer":["https:\\/\\/salem-store.test\\/"],"sec-fetch-dest":["document"],"sec-fetch-mode":["navigate"],"sec-fetch-site":["none"],"sec-ch-ua-platform":["\\"Windows\\""],"sec-ch-ua-mobile":["?0"],"sec-ch-ua":["\\"Chromium\\";v=\\"148\\", \\"Google Chrome\\";v=\\"148\\", \\"Not\\/A)Brand\\";v=\\"99\\""],"sec-speculation-tags":["null"],"sec-purpose":["prefetch;prerender"],"upgrade-insecure-requests":["1"],"accept":["text\\/html,application\\/xhtml+xml,application\\/xml;q=0.9,image\\/avif,image\\/webp,image\\/apng,*\\/*;q=0.8,application\\/signed-exchange;v=b3;q=0.7"],"host":["salem-store.test"]}', '', 'Windows', 'Chrome', '127.0.0.1', 'Webkul\\Category\\Models\\Category', 10, NULL, NULL, 1, '2026-06-06 00:37:49', '2026-06-06 00:37:49'), (158, 'GET', '[]', 'https://salem-store.test/%D8%A7%D9%84%D8%B9%D8%A7%D8%A8-%D8%A7%D9%84%D9%83%D9%85%D8%A8%D9%8A%D9%88%D8%AA%D8%B1', 'https://salem-store.test/', '[]', 'Mozilla/5.0 (Windows NT 10.0; Win64; x64) AppleWebKit/537.36 (KHTML, like Gecko) Chrome/148.0.0.0 Safari/537.36', '{"cookie":["XSRF-TOKEN=eyJpdiI6InYyY20yVTNBRGZLc2JTNDRsOWoyaVE9PSIsInZhbHVlIjoiYUtaSkdjSTk3a0ZpK0dyZTdUOUxNK3kyWmVBcE9kMUxFb1c2Q3ZJVDY2QmMzaG02ZGJ0REgrbFNReHZLOUxRWGUySDdFdlpDdGZyK3ZMbGlEVEtnbVBiZU0wUmN5RVZlZTUxM0UvK1ZFUG5uY1BoQ3N6OVRkMllCZ25JcHB1N3QiLCJtYWMiOiJlMTY4MzljNmNjNDc4MzQ4OTcxMTNlNDM5MmFjNDA0ZDNjZTBiOWEyYzljNWJlZGNjZGE3MTk4OTkwNzkyOWQwIiwidGFnIjoiIn0%3D; salem_store_session=eyJpdiI6ImdQVXI0UHVtVytVQWM0b29sTmlXblE9PSIsInZhbHVlIjoiSWhHUGxiZmdLYlVka0QwMTRpVUdta1dieVZqUXBRL3JJMyt1NmhISTlRRWlOeEZOdkRVclVLVVN0NWQ5eTBPR1A1cU83UTZlTC9qc3crTkYzT0hGQ2tHT2JnUHBmVVkyWUw3TUt4NXBtc011QUI0a1EwN1laS29GbFg0MFltdlYiLCJtYWMiOiJiYzAwYTM2NzU4YTM5MGE4MDNhOTRlYzEyYTY1ZWM3OTdiNTU4MWIyOTljNGIxNjliNDE3OWFlNDY1ZWMwZGZlIiwidGFnIjoiIn0%3D"],"priority":["u=2, i"],"accept-language":["en-GB,en-US;q=0.9,en;q=0.8"],"accept-encoding":["gzip, deflate, br, zstd"],"user-agent":["Mozilla\\/5.0 (Windows NT 10.0; Win64; x64) AppleWebKit\\/537.36 (KHTML, like Gecko) Chrome\\/148.0.0.0 Safari\\/537.36"],"referer":["https:\\/\\/salem-store.test\\/"],"sec-fetch-dest":["document"],"sec-fetch-mode":["navigate"],"sec-fetch-site":["none"],"sec-ch-ua-platform":["\\"Windows\\""],"sec-ch-ua-mobile":["?0"],"sec-ch-ua":["\\"Chromium\\";v=\\"148\\", \\"Google Chrome\\";v=\\"148\\", \\"Not\\/A)Brand\\";v=\\"99\\""],"sec-speculation-tags":["null"],"sec-purpose":["prefetch;prerender"],"upgrade-insecure-requests":["1"],"accept":["text\\/html,application\\/xhtml+xml,application\\/xml;q=0.9,image\\/avif,image\\/webp,image\\/apng,*\\/*;q=0.8,application\\/signed-exchange;v=b3;q=0.7"],"host":["salem-store.test"]}', '', 'Windows', 'Chrome', '127.0.0.1', 'Webkul\\Category\\Models\\Category', 14, NULL, NULL, 1, '2026-06-06 00:37:50', '2026-06-06 00:37:50'), (159, 'GET', '[]', 'https://salem-store.test/%D8%A7%D9%84%D9%87%D9%88%D8%A7%D8%AA%D9%81-%D8%A7%D9%84%D9%85%D8%AD%D9%85%D9%88%D9%84%D8%A9', 'https://salem-store.test/', '[]', 'Mozilla/5.0 (Windows NT 10.0; Win64; x64) AppleWebKit/537.36 (KHTML, like Gecko) Chrome/148.0.0.0 Safari/537.36', '{"cookie":["XSRF-TOKEN=eyJpdiI6IlZJT0xZaFhldDA0RzloUWJUaEZYcHc9PSIsInZhbHVlIjoiREdQbzhyK3lzT2FUVmdXN1k4QnRmUk1mdmRUTkhRZFE1Vi9pMlgrZDZWZVlTNkNNUEhzeDdiYVlDWEtWQ0hZeFprU1RWU2Vzb1FoWlpSUVp1WWM2R04xOGo1K05jemdDZlgvUm84WXZVZi9oNzMwd0EzT01KMzN2TXZPMXUzQnIiLCJtYWMiOiI0ZDhiNWZkNjkzMzRlMmU1YzFkYTE2ZjMzZDViNjg1MTE0YTZhOGNlMTA0M2Q4ZTg1ODZkYmJjYzUzZTYxZDRlIiwidGFnIjoiIn0%3D; salem_store_session=eyJpdiI6ImpHdXVGQVRDdU5nekpNU0wydWQwMHc9PSIsInZhbHVlIjoiTXVjblY4U2RWV2tpb01nZ3ZQTkdiSGE3WTdYVmowMzAzc1c4VWRhbmF5d0lLZDhKdFVEMlVPazRlYm4vbElVVzdrVjBrVmtPMWEvOTg2UFlnQTlqd1NrN09zaVNOcXBKanJ5ZFJZL2ZBV25ZWHh1bmExait3MEdVYkFhcEg3MDgiLCJtYWMiOiJhMTM5MjExYThmYmEzMjJmMTZlOWE5N2Q4ZTcwYTE4OTVlOGEyN2M1MTJmNTdjZjU3NzU3ZjllOTVkOWVkNzVlIiwidGFnIjoiIn0%3D"],"priority":["u=2, i"],"accept-language":["en-GB,en-US;q=0.9,en;q=0.8"],"accept-encoding":["gzip, deflate, br, zstd"],"user-agent":["Mozilla\\/5.0 (Windows NT 10.0; Win64; x64) AppleWebKit\\/537.36 (KHTML, like Gecko) Chrome\\/148.0.0.0 Safari\\/537.36"],"referer":["https:\\/\\/salem-store.test\\/"],"sec-fetch-dest":["document"],"sec-fetch-mode":["navigate"],"sec-fetch-site":["none"],"sec-ch-ua-platform":["\\"Windows\\""],"sec-ch-ua-mobile":["?0"],"sec-ch-ua":["\\"Chromium\\";v=\\"148\\", \\"Google Chrome\\";v=\\"148\\", \\"Not\\/A)Brand\\";v=\\"99\\""],"sec-speculation-tags":["null"],"sec-purpose":["prefetch;prerender"],"upgrade-insecure-requests":["1"],"accept":["text\\/html,application\\/xhtml+xml,application\\/xml;q=0.9,image\\/avif,image\\/webp,image\\/apng,*\\/*;q=0.8,application\\/signed-exchange;v=b3;q=0.7"],"host":["salem-store.test"]}', '', 'Windows', 'Chrome', '127.0.0.1', 'Webkul\\Category\\Models\\Category', 2, NULL, NULL, 1, '2026-06-06 00:37:50', '2026-06-06 00:37:50'), (160, 'GET', '[]', 'https://salem-store.test/%D8%A7%D9%84%D8%B4%D9%88%D8%A7%D8%AD%D9%86-%D9%88%D8%A7%D9%84%D9%83%D8%A7%D8%A8%D9%84%D8%A7%D8%AA', 'https://salem-store.test/', '[]', 'Mozilla/5.0 (Windows NT 10.0; Win64; x64) AppleWebKit/537.36 (KHTML, like Gecko) Chrome/148.0.0.0 Safari/537.36', '{"cookie":["XSRF-TOKEN=eyJpdiI6ImFReWdsVDZQM3hyZi9hRXhUWG5RSVE9PSIsInZhbHVlIjoiN1JyUXZJZUNBTncvWS9udnRlbGk4Q2Q0UGxHaVlhN0lHZzI0elpKcHBaN0QydzJHb2htMUczNmpCR2VYeENoNURicWkrLzNkV2VTR2lyVGdBMzJ2cDUyeGhob2hqazZFRGdXTmpDbEdVNUdwbVErSGJ5OXYzK0ZtUkN0TmQ2UngiLCJtYWMiOiIxMzFlNzljNWIwMjE5NTM3NDMyNGFlMzFiOWZjMDc2ZTljMmM5OGFhNzdhM2UxYTNjNjkwYjk3MTk2MTFlMzAwIiwidGFnIjoiIn0%3D; salem_store_session=eyJpdiI6ImREWkdBcmR1OGE1Z1VkS1Q1ZWRhTEE9PSIsInZhbHVlIjoiMDFYa2k1bWpvYXA4U2MrOExvM2JMOVRtUnN5TEZ0MmRJNTlKZjhoRzFkc2Nzb3ZQNGtEVlhqSTZsMU1nM1NzMHNyTUEreXFxMUlrSW40SFdkemJzNnIvUmozMWVWSUtrVjJGRlJkNEpRZ3lINHFKQVpwKzdpNU4rT2VQQkpBdnciLCJtYWMiOiJhNmQyZmFmYzU0OTE1OTljMjJmNTVlMDRmMTQ2ZWQwYWFlMjkyYTgwOWVmOWFjNjY0Njg1Y2JiZDNiMmU5NzhiIiwidGFnIjoiIn0%3D"],"priority":["u=2, i"],"accept-language":["en-GB,en-US;q=0.9,en;q=0.8"],"accept-encoding":["gzip, deflate, br, zstd"],"user-agent":["Mozilla\\/5.0 (Windows NT 10.0; Win64; x64) AppleWebKit\\/537.36 (KHTML, like Gecko) Chrome\\/148.0.0.0 Safari\\/537.36"],"referer":["https:\\/\\/salem-store.test\\/"],"sec-fetch-dest":["document"],"sec-fetch-mode":["navigate"],"sec-fetch-site":["none"],"sec-ch-ua-platform":["\\"Windows\\""],"sec-ch-ua-mobile":["?0"],"sec-ch-ua":["\\"Chromium\\";v=\\"148\\", \\"Google Chrome\\";v=\\"148\\", \\"Not\\/A)Brand\\";v=\\"99\\""],"sec-speculation-tags":["null"],"sec-purpose":["prefetch;prerender"],"upgrade-insecure-requests":["1"],"accept":["text\\/html,application\\/xhtml+xml,application\\/xml;q=0.9,image\\/avif,image\\/webp,image\\/apng,*\\/*;q=0.8,application\\/signed-exchange;v=b3;q=0.7"],"host":["salem-store.test"]}', '', 'Windows', 'Chrome', '127.0.0.1', 'Webkul\\Category\\Models\\Category', 7, NULL, NULL, 1, '2026-06-06 00:37:51', '2026-06-06 00:37:51'), (161, 'GET', '[]', 'https://salem-store.test', NULL, '[]', 'Mozilla/5.0 (Windows NT 10.0; Win64; x64) AppleWebKit/537.36 (KHTML, like Gecko) Chrome/148.0.0.0 Safari/537.36', '{"cookie":["XSRF-TOKEN=eyJpdiI6ImN2Q24wZGs1V0tsMVZpK0FVRHQxaUE9PSIsInZhbHVlIjoielQ2a1FldmlxUVNLODZBYjNReUhEMjYrc0pJT1RVOXZUWkNYSkM3SlcyQjdpT2wyZ3Zsc1NvamFibzN0TWU5R056aUlIQjJBTWxObEJ4cHJ2bG51TW5yYmR5S3lmbVJ2aXp5YWpCMmdzektUdlBFYVJFVmxMWlFlTkFMY1ZPN3giLCJtYWMiOiIwMWExYjJiMjljNTM1ZDQ5ZWU4OWE2M2Q0ODQ1NzE1MGIyZjljNGU0MjNhZjM1ZmE4MDU5ZmI3MjdhMWJkZDAxIiwidGFnIjoiIn0%3D; salem_store_session=eyJpdiI6ImMxTTk2UHN6ZnpOOVJURitIK2FpUUE9PSIsInZhbHVlIjoia3JPWUgyZVQyaW5VNU1HczhjVzRJUnI0MWtBUG1KbUluTHI4Vm9FZ29aZEh0NjdaTGpTZ0V5Q3FBOHZpK0RJS3lQcHA1UVgvMno1M0c1SDlPSUZUMkdlQmRkQXFYTThVZHFpM0Q4ZVp3YUZrUmNpc29GRGRydmlsRVV5S1R0MDIiLCJtYWMiOiIyMjJmNmI2NmNiN2FmODc4YmU2YmQxODY5MWJhNThjMjlmYmM0MmQwMDAwYmE5ZGNiM2NmOTQ2Yzk3NTlhMTVkIiwidGFnIjoiIn0%3D"],"priority":["u=0, i"],"accept-language":["en-US,en;q=0.9"],"accept-encoding":["gzip, deflate, br, zstd"],"sec-fetch-dest":["document"],"sec-fetch-user":["?1"],"sec-fetch-mode":["navigate"],"sec-fetch-site":["none"],"accept":["text\\/html,application\\/xhtml+xml,application\\/xml;q=0.9,image\\/avif,image\\/webp,image\\/apng,*\\/*;q=0.8,application\\/signed-exchange;v=b3;q=0.7"],"user-agent":["Mozilla\\/5.0 (Windows NT 10.0; Win64; x64) AppleWebKit\\/537.36 (KHTML, like Gecko) Chrome\\/148.0.0.0 Safari\\/537.36"],"upgrade-insecure-requests":["1"],"sec-ch-ua-platform":["\\"Windows\\""],"sec-ch-ua-mobile":["?0"],"sec-ch-ua":["\\"Chromium\\";v=\\"148\\", \\"Google Chrome\\";v=\\"148\\", \\"Not\\/A)Brand\\";v=\\"99\\""],"host":["salem-store.test"]}', '', 'Windows', 'Chrome', '127.0.0.1', NULL, NULL, NULL, NULL, 1, '2026-06-08 12:52:34', '2026-06-08 12:52:34'), (162, 'GET', '[]', 'https://salem-store.test/clear-cache.php', NULL, '[]', 'curl/8.19.0', '{"accept":["*\\/*"],"user-agent":["curl\\/8.19.0"],"host":["salem-store.test"]}', '', '', '', '127.0.0.1', NULL, NULL, NULL, NULL, 1, '2026-06-08 13:27:06', '2026-06-08 13:27:06'), (163, 'GET', '[]', 'https://salem-store.test/%D8%A7%D9%84%D9%87%D9%88%D8%A7%D8%AA%D9%81-%D8%A7%D9%84%D9%85%D8%AD%D9%85%D9%88%D9%84%D8%A9', 'https://salem-store.test/touch-me', '[]', 'Mozilla/5.0 (Windows NT 10.0; Win64; x64) AppleWebKit/537.36 (KHTML, like Gecko) Chrome/148.0.0.0 Safari/537.36', '{"cookie":["XSRF-TOKEN=eyJpdiI6InhtQzlHMkZHbW5CbWhLNmdFYlhyNEE9PSIsInZhbHVlIjoiRm9RN2pFK083NDVoU1NCK2xaMGFNV1RmVGp5Vm1YRjRmTUluWWRpMG1SR0YxQmtIMkRNaVpUd2kwbzlia2ZheTFSVWZtTis2VU5hVkQxUHZrVFRBSHp4U3ZSUDZtd1NLZUx3RXUxVzRqZEFBYURzb2ZFbUZxaGhQNzY0a2xHZWciLCJtYWMiOiJhMDY5ZDBlYTRhNTUwMDA3ZmExZGJhNjZmYTBhMDg0NTY5MTBhZWFlNDJkMmY3MDNiNTg0Zjg2NDAzMDMwZWExIiwidGFnIjoiIn0%3D; salem_store_session=eyJpdiI6Ik0ydWhhZG1zSERvdURLU2NUNlFKd2c9PSIsInZhbHVlIjoiRmVVRnFKRzJReU9FbEd0dGY3SVJtUkVXL2FsK3JoZUNlK3FHU0szZ3RPZXN3N3hSWjhEMXhnUEpSRkhLRUxRMWV6TWd0TlRwS3lKa3NNMkN5OEJaRytLQ0JLUmxjUXRCQ0NJdjFScHVDUDBBcjByOXlFZWIxK2IvMi8yTkNrZUkiLCJtYWMiOiI0NWNlODFiOGE5Y2EwNGZiNDFiOTgwZmE0MWYyNmY5ODYyNWY5ZDE1MDI0NmJmMTdlZjFkZjc4NTU1NzgwMTliIiwidGFnIjoiIn0%3D"],"priority":["u=2, i"],"accept-language":["en-GB,en-US;q=0.9,en;q=0.8"],"accept-encoding":["gzip, deflate, br, zstd"],"user-agent":["Mozilla\\/5.0 (Windows NT 10.0; Win64; x64) AppleWebKit\\/537.36 (KHTML, like Gecko) Chrome\\/148.0.0.0 Safari\\/537.36"],"referer":["https:\\/\\/salem-store.test\\/touch-me"],"sec-fetch-dest":["document"],"sec-fetch-mode":["navigate"],"sec-fetch-site":["none"],"sec-ch-ua-platform":["\\"Windows\\""],"sec-ch-ua-mobile":["?0"],"sec-ch-ua":["\\"Chromium\\";v=\\"148\\", \\"Google Chrome\\";v=\\"148\\", \\"Not\\/A)Brand\\";v=\\"99\\""],"sec-speculation-tags":["null"],"sec-purpose":["prefetch;prerender"],"upgrade-insecure-requests":["1"],"accept":["text\\/html,application\\/xhtml+xml,application\\/xml;q=0.9,image\\/avif,image\\/webp,image\\/apng,*\\/*;q=0.8,application\\/signed-exchange;v=b3;q=0.7"],"host":["salem-store.test"]}', '', 'Windows', 'Chrome', '127.0.0.1', 'Webkul\\Category\\Models\\Category', 2, NULL, NULL, 1, '2026-06-08 16:45:23', '2026-06-08 16:45:23'), (164, 'GET', '[]', 'https://salem-store.test/%D8%A7%D8%AC%D9%87%D8%B2%D8%A9-%D8%A7%D9%84%D9%83%D9%85%D8%A8%D9%8A%D9%88%D8%AA%D8%B1', 'https://salem-store.test/touch-me', '[]', 'Mozilla/5.0 (Windows NT 10.0; Win64; x64) AppleWebKit/537.36 (KHTML, like Gecko) Chrome/148.0.0.0 Safari/537.36', '{"cookie":["XSRF-TOKEN=eyJpdiI6InhtQzlHMkZHbW5CbWhLNmdFYlhyNEE9PSIsInZhbHVlIjoiRm9RN2pFK083NDVoU1NCK2xaMGFNV1RmVGp5Vm1YRjRmTUluWWRpMG1SR0YxQmtIMkRNaVpUd2kwbzlia2ZheTFSVWZtTis2VU5hVkQxUHZrVFRBSHp4U3ZSUDZtd1NLZUx3RXUxVzRqZEFBYURzb2ZFbUZxaGhQNzY0a2xHZWciLCJtYWMiOiJhMDY5ZDBlYTRhNTUwMDA3ZmExZGJhNjZmYTBhMDg0NTY5MTBhZWFlNDJkMmY3MDNiNTg0Zjg2NDAzMDMwZWExIiwidGFnIjoiIn0%3D; salem_store_session=eyJpdiI6Ik0ydWhhZG1zSERvdURLU2NUNlFKd2c9PSIsInZhbHVlIjoiRmVVRnFKRzJReU9FbEd0dGY3SVJtUkVXL2FsK3JoZUNlK3FHU0szZ3RPZXN3N3hSWjhEMXhnUEpSRkhLRUxRMWV6TWd0TlRwS3lKa3NNMkN5OEJaRytLQ0JLUmxjUXRCQ0NJdjFScHVDUDBBcjByOXlFZWIxK2IvMi8yTkNrZUkiLCJtYWMiOiI0NWNlODFiOGE5Y2EwNGZiNDFiOTgwZmE0MWYyNmY5ODYyNWY5ZDE1MDI0NmJmMTdlZjFkZjc4NTU1NzgwMTliIiwidGFnIjoiIn0%3D"],"priority":["u=2, i"],"accept-language":["en-GB,en-US;q=0.9,en;q=0.8"],"accept-encoding":["gzip, deflate, br, zstd"],"user-agent":["Mozilla\\/5.0 (Windows NT 10.0; Win64; x64) AppleWebKit\\/537.36 (KHTML, like Gecko) Chrome\\/148.0.0.0 Safari\\/537.36"],"referer":["https:\\/\\/salem-store.test\\/touch-me"],"sec-fetch-dest":["document"],"sec-fetch-mode":["navigate"],"sec-fetch-site":["none"],"sec-ch-ua-platform":["\\"Windows\\""],"sec-ch-ua-mobile":["?0"],"sec-ch-ua":["\\"Chromium\\";v=\\"148\\", \\"Google Chrome\\";v=\\"148\\", \\"Not\\/A)Brand\\";v=\\"99\\""],"sec-speculation-tags":["null"],"sec-purpose":["prefetch;prerender"],"upgrade-insecure-requests":["1"],"accept":["text\\/html,application\\/xhtml+xml,application\\/xml;q=0.9,image\\/avif,image\\/webp,image\\/apng,*\\/*;q=0.8,application\\/signed-exchange;v=b3;q=0.7"],"host":["salem-store.test"]}', '', 'Windows', 'Chrome', '127.0.0.1', 'Webkul\\Category\\Models\\Category', 9, NULL, NULL, 1, '2026-06-08 16:45:23', '2026-06-08 16:45:23'), (165, 'GET', '[]', 'https://salem-store.test/%D8%A7%D9%84%D9%84%D8%A7%D8%A8%D8%AA%D9%88%D8%A8', 'https://salem-store.test/touch-me', '[]', 'Mozilla/5.0 (Windows NT 10.0; Win64; x64) AppleWebKit/537.36 (KHTML, like Gecko) Chrome/148.0.0.0 Safari/537.36', '{"cookie":["XSRF-TOKEN=eyJpdiI6Ik1XVlBWMVdibWpOaTA4SU9lKzZYM2c9PSIsInZhbHVlIjoiTU1rR2U0SG9McEdISFNQaWZYZFlNdVJRYW4xYnZvMitRbko1MzVvU2gvc0VRK0JvUys3dXgzMzZ0TDdWbWVNVTJPRFh3SEpvZWtKa0tZRk1LMGFIaXNzSThKTFJMMHBOZ3M2ME1ROGl5T3RSOGNZRGZsdVVmc28zRkFiRlAyZlYiLCJtYWMiOiJhNzQwNGI5ZTVmOGRiYjFlNjczNTkxODU2YzU2NTU1ZmRlOWIyZmViODczYWNjMzAwNmY5MWI1YzRjNTE5NTRkIiwidGFnIjoiIn0%3D; salem_store_session=eyJpdiI6InNDTnNEcHVCaWxKTE1LZU91bWptNVE9PSIsInZhbHVlIjoiTGtBbGJzbWdMWDdXOUdnb1lFdkZNZWR1R0ZlUVB3UzdZaUpzOUV0bVBzMjlGMGpoWVl4OG9jUzR3VThXMm52bGtaNDNna3ZGejNtUURBQ3dCMElKODBIYzBZdXZabjdkajhSNGpJY1NFYWwxQnpQRzdxdDZVeTZSMGM1am9tbVQiLCJtYWMiOiJiNDA3ZTFkYzY3MTFhMGQxZmEyMzlmOTllZTA0ZGE1ZGY0MzljM2E5ZGZlOTNkNjA1MjY4ZDFiOTZhMmJhNzc3IiwidGFnIjoiIn0%3D"],"priority":["u=2, i"],"accept-language":["en-GB,en-US;q=0.9,en;q=0.8"],"accept-encoding":["gzip, deflate, br, zstd"],"user-agent":["Mozilla\\/5.0 (Windows NT 10.0; Win64; x64) AppleWebKit\\/537.36 (KHTML, like Gecko) Chrome\\/148.0.0.0 Safari\\/537.36"],"referer":["https:\\/\\/salem-store.test\\/touch-me"],"sec-fetch-dest":["document"],"sec-fetch-mode":["navigate"],"sec-fetch-site":["none"],"sec-ch-ua-platform":["\\"Windows\\""],"sec-ch-ua-mobile":["?0"],"sec-ch-ua":["\\"Chromium\\";v=\\"148\\", \\"Google Chrome\\";v=\\"148\\", \\"Not\\/A)Brand\\";v=\\"99\\""],"sec-speculation-tags":["null"],"sec-purpose":["prefetch;prerender"],"upgrade-insecure-requests":["1"],"accept":["text\\/html,application\\/xhtml+xml,application\\/xml;q=0.9,image\\/avif,image\\/webp,image\\/apng,*\\/*;q=0.8,application\\/signed-exchange;v=b3;q=0.7"],"host":["salem-store.test"]}', '', 'Windows', 'Chrome', '127.0.0.1', 'Webkul\\Category\\Models\\Category', 15, NULL, NULL, 1, '2026-06-08 16:45:23', '2026-06-08 16:45:23'), (166, 'GET', '[]', 'https://salem-store.test/%D8%A7%D9%83%D8%B3%D8%B3%D9%88%D8%A7%D8%B1%D8%A7%D8%AA', 'https://salem-store.test/touch-me', '[]', 'Mozilla/5.0 (Windows NT 10.0; Win64; x64) AppleWebKit/537.36 (KHTML, like Gecko) Chrome/148.0.0.0 Safari/537.36', '{"cookie":["XSRF-TOKEN=eyJpdiI6Ik1XVlBWMVdibWpOaTA4SU9lKzZYM2c9PSIsInZhbHVlIjoiTU1rR2U0SG9McEdISFNQaWZYZFlNdVJRYW4xYnZvMitRbko1MzVvU2gvc0VRK0JvUys3dXgzMzZ0TDdWbWVNVTJPRFh3SEpvZWtKa0tZRk1LMGFIaXNzSThKTFJMMHBOZ3M2ME1ROGl5T3RSOGNZRGZsdVVmc28zRkFiRlAyZlYiLCJtYWMiOiJhNzQwNGI5ZTVmOGRiYjFlNjczNTkxODU2YzU2NTU1ZmRlOWIyZmViODczYWNjMzAwNmY5MWI1YzRjNTE5NTRkIiwidGFnIjoiIn0%3D; salem_store_session=eyJpdiI6InNDTnNEcHVCaWxKTE1LZU91bWptNVE9PSIsInZhbHVlIjoiTGtBbGJzbWdMWDdXOUdnb1lFdkZNZWR1R0ZlUVB3UzdZaUpzOUV0bVBzMjlGMGpoWVl4OG9jUzR3VThXMm52bGtaNDNna3ZGejNtUURBQ3dCMElKODBIYzBZdXZabjdkajhSNGpJY1NFYWwxQnpQRzdxdDZVeTZSMGM1am9tbVQiLCJtYWMiOiJiNDA3ZTFkYzY3MTFhMGQxZmEyMzlmOTllZTA0ZGE1ZGY0MzljM2E5ZGZlOTNkNjA1MjY4ZDFiOTZhMmJhNzc3IiwidGFnIjoiIn0%3D"],"priority":["u=2, i"],"accept-language":["en-GB,en-US;q=0.9,en;q=0.8"],"accept-encoding":["gzip, deflate, br, zstd"],"user-agent":["Mozilla\\/5.0 (Windows NT 10.0; Win64; x64) AppleWebKit\\/537.36 (KHTML, like Gecko) Chrome\\/148.0.0.0 Safari\\/537.36"],"referer":["https:\\/\\/salem-store.test\\/touch-me"],"sec-fetch-dest":["document"],"sec-fetch-mode":["navigate"],"sec-fetch-site":["none"],"sec-ch-ua-platform":["\\"Windows\\""],"sec-ch-ua-mobile":["?0"],"sec-ch-ua":["\\"Chromium\\";v=\\"148\\", \\"Google Chrome\\";v=\\"148\\", \\"Not\\/A)Brand\\";v=\\"99\\""],"sec-speculation-tags":["null"],"sec-purpose":["prefetch;prerender"],"upgrade-insecure-requests":["1"],"accept":["text\\/html,application\\/xhtml+xml,application\\/xml;q=0.9,image\\/avif,image\\/webp,image\\/apng,*\\/*;q=0.8,application\\/signed-exchange;v=b3;q=0.7"],"host":["salem-store.test"]}', '', 'Windows', 'Chrome', '127.0.0.1', 'Webkul\\Category\\Models\\Category', 22, NULL, NULL, 1, '2026-06-08 16:45:24', '2026-06-08 16:45:24'), (167, 'GET', '[]', 'https://salem-store.test/%D9%83%DA%A4%D8%B1%D8%A7%D8%AA-pitaka', 'https://salem-store.test/search?sort=name-desc', '[]', 'Mozilla/5.0 (Windows NT 10.0; Win64; x64) AppleWebKit/537.36 (KHTML, like Gecko) Chrome/149.0.0.0 Safari/537.36', '{"cookie":["XSRF-TOKEN=eyJpdiI6InVrTENlcTYydkU5dGFxUGl6OUhxd1E9PSIsInZhbHVlIjoiN3dGQzhMejJNM2tBN0lZbHJSdkJtcnYvTHY3Mnd5YjFRbVg2YkdsUHhtK0pSenZsV3hlZGI3RzdPY1ZHc2l5OUpoUE9JYWVzNnR1SDdDOG5McWp0WTJvYUJtWUZoOElaTFlCenZ2WmRLODAwcmRNS0lqL2xVc2RzWmFxVCtFRGQiLCJtYWMiOiIyMDgxOGRlMmMwYjc2MjY2OTM2MWI5NzllMWFiOTE4MjJjOTRkNmM3NGI2MWMwYzk1YjMxM2E3YTAzOTUxN2NlIiwidGFnIjoiIn0%3D; salem_store_session=eyJpdiI6IkVHeUtVcXRMTGdpeHJaZ2xoNUljVVE9PSIsInZhbHVlIjoiTk5CY0Y0UWxnd0pibVRXS2FYN3NqdEZoTWFvUk9DOXQwVThvOGFuako1Tmh3Z08xcnkwUmUzOFNkWENqVVNXa01NSktqREtNUGFjTjg1SGtMTzl5QlhPUVhNZnVPSk1kQ1dub2dIaTNaMUt6M0JYYWRzMndvbTNSQXhianI5MUUiLCJtYWMiOiI5ZGM2MWFhMjQ3MjM5MWVkZmMxYjFkODY1ODUxZGI5NTAxYzQxYzEzYWY0YTQ0NWZiOWVkM2YwNWQzOWY0MjRiIiwidGFnIjoiIn0%3D"],"priority":["u=2, i"],"accept-language":["en-GB,en-US;q=0.9,en;q=0.8"],"accept-encoding":["gzip, deflate, br, zstd"],"user-agent":["Mozilla\\/5.0 (Windows NT 10.0; Win64; x64) AppleWebKit\\/537.36 (KHTML, like Gecko) Chrome\\/149.0.0.0 Safari\\/537.36"],"referer":["https:\\/\\/salem-store.test\\/search?sort=name-desc"],"sec-fetch-dest":["document"],"sec-fetch-mode":["navigate"],"sec-fetch-site":["none"],"sec-ch-ua-platform":["\\"Windows\\""],"sec-ch-ua-mobile":["?0"],"sec-ch-ua":["\\"Google Chrome\\";v=\\"149\\", \\"Chromium\\";v=\\"149\\", \\"Not)A;Brand\\";v=\\"24\\""],"accept":["text\\/html,application\\/xhtml+xml,application\\/xml;q=0.9,image\\/avif,image\\/webp,image\\/apng,*\\/*;q=0.8,application\\/signed-exchange;v=b3;q=0.7"],"sec-speculation-tags":["null"],"sec-purpose":["prefetch;prerender"],"upgrade-insecure-requests":["1"],"host":["salem-store.test"]}', '', 'Windows', 'Chrome', '127.0.0.1', 'Webkul\\Product\\Models\\Product', 1, NULL, NULL, 1, '2026-06-09 12:02:01', '2026-06-09 12:02:01'), (168, 'GET', '[]', 'https://salem-store.test/%D8%AC%D8%B1%D8%A7%D8%A8-%D8%B3%D9%8A%D9%84%D9%8A%D9%83%D9%88%D9%86', 'https://salem-store.test/search?sort=name-desc', '[]', 'Mozilla/5.0 (Windows NT 10.0; Win64; x64) AppleWebKit/537.36 (KHTML, like Gecko) Chrome/149.0.0.0 Safari/537.36', '{"cookie":["XSRF-TOKEN=eyJpdiI6Ii9lV1hiTDdFOFRjVGpQMFNnZ09Hc3c9PSIsInZhbHVlIjoieHRpQjZGSmVaZXNGZTNscFMyR0dGc20wZ2N1My9uZjVKTEFkYklOZjRKdlRvL0ZiYkRrS0M2Y1g1YmdFYXJ0ekltZXNQcmdEaGtPMzU1YndSR3dIM2dzOWtuN3RKZnZ4QTdaK1VhVEFQM2JGdGIyZlFTRVQwOUJocDhXMmNTRjUiLCJtYWMiOiJkZTY4ZWU3OWM4ZjIzNjZmNGY4ZDdlNjQ1NDYyMWI4YWZkMzkyYTcwMGE5MDdjY2I3ZGQ5ZjU2ZTVjZGI0NTkzIiwidGFnIjoiIn0%3D; salem_store_session=eyJpdiI6Ik85OVlCeVlrbFk2akJQdVlpUEJScHc9PSIsInZhbHVlIjoiSXB4R0VFMTlWMURoWC9Nc253VUFHUENLUHZ0cUdOK3Y2d0U5a0VLdFI4eXpxZnBnSHVhYkNLbjNRR0hLQlVGc2V0aXV5UWcySmVjYks5dndJUFI0eWUxckV5S1NzQThMK1FMbGw1R2hJQ1dIWnExSFh1V3BDeS8vVFVGWGJKbjgiLCJtYWMiOiIyY2NlZGYwODc0NmEzNDJkMTQ1Y2IyOTEyZjdkNDRhN2Y4YTJjODJiZmIzMGU0MWQ4Y2ZiOGRmNjMxYjlmZmFkIiwidGFnIjoiIn0%3D"],"priority":["u=2, i"],"accept-language":["en-GB,en-US;q=0.9,en;q=0.8"],"accept-encoding":["gzip, deflate, br, zstd"],"user-agent":["Mozilla\\/5.0 (Windows NT 10.0; Win64; x64) AppleWebKit\\/537.36 (KHTML, like Gecko) Chrome\\/149.0.0.0 Safari\\/537.36"],"referer":["https:\\/\\/salem-store.test\\/search?sort=name-desc"],"sec-fetch-dest":["document"],"sec-fetch-mode":["navigate"],"sec-fetch-site":["none"],"sec-ch-ua-platform":["\\"Windows\\""],"sec-ch-ua-mobile":["?0"],"sec-ch-ua":["\\"Google Chrome\\";v=\\"149\\", \\"Chromium\\";v=\\"149\\", \\"Not)A;Brand\\";v=\\"24\\""],"accept":["text\\/html,application\\/xhtml+xml,application\\/xml;q=0.9,image\\/avif,image\\/webp,image\\/apng,*\\/*;q=0.8,application\\/signed-exchange;v=b3;q=0.7"],"sec-speculation-tags":["null"],"sec-purpose":["prefetch;prerender"],"upgrade-insecure-requests":["1"],"host":["salem-store.test"]}', '', 'Windows', 'Chrome', '127.0.0.1', 'Webkul\\Product\\Models\\Product', 43, NULL, NULL, 1, '2026-06-09 12:02:03', '2026-06-09 12:02:03'), (169, 'GET', '[]', 'https://salem-store.test', 'https://salem-store.test/search?sort=name-desc', '[]', 'Mozilla/5.0 (Windows NT 10.0; Win64; x64) AppleWebKit/537.36 (KHTML, like Gecko) Chrome/149.0.0.0 Safari/537.36', '{"cookie":["XSRF-TOKEN=eyJpdiI6IkRBTVlNbUVYLzJZZmRqcS8xak1adnc9PSIsInZhbHVlIjoiUXVtZTdOdW9nZ0FnbjRuMndRdG5MY09hN3JuVFpiUXd5NmtyRWJVWHE4WGxhbVV3am1Jc3FCK051UnhJbldNK2QzSlZPcVZJN2NPZHJIUUs4cTRNN015Sk50dDV5UFVRZXQ1bEYvcUxLUnR2RmxYY1FJMVdhNjY4U0d5blZRZjIiLCJtYWMiOiJjNjUxN2RkZTYwMDczOTFjYzkyZWUwMmJhN2QyZjlmZmMyODNhZWJlZTkxYjE0YjY4MDc1MGQ4MWMyYjViMWVmIiwidGFnIjoiIn0%3D; salem_store_session=eyJpdiI6InZzcU5kbTk4Y3RRcmJ1YlEyQ20rWWc9PSIsInZhbHVlIjoiUFdZR01qVzNqUjh6N2F5K1V3cS9zYTBHaHY0bHVhdCtXSWNyM1JSVldjcmo1dmpLdVlMNUwxb1ZtdEVTdk11RjVjWTRxTEhXOU4vNUs4Y20vVVVyL0pheUkxQjRNN1RHWGdXd2RMWUlqWWpkb2RsdmtHSlcvZGpSV0xSWC8yWnEiLCJtYWMiOiI2YTc1YTc0ODI0MGRhMjVhZDgxYzIxMmY4MGZkNDA1ZDZmNjI3MWQ0ZTY5NmQ3YWM1MTI5NTNiMzg1Y2E5NTg4IiwidGFnIjoiIn0%3D"],"priority":["u=2, i"],"accept-language":["en-GB,en-US;q=0.9,en;q=0.8"],"accept-encoding":["gzip, deflate, br, zstd"],"user-agent":["Mozilla\\/5.0 (Windows NT 10.0; Win64; x64) AppleWebKit\\/537.36 (KHTML, like Gecko) Chrome\\/149.0.0.0 Safari\\/537.36"],"referer":["https:\\/\\/salem-store.test\\/search?sort=name-desc"],"sec-fetch-dest":["document"],"sec-fetch-mode":["navigate"],"sec-fetch-site":["none"],"sec-ch-ua-platform":["\\"Windows\\""],"sec-ch-ua-mobile":["?0"],"sec-ch-ua":["\\"Google Chrome\\";v=\\"149\\", \\"Chromium\\";v=\\"149\\", \\"Not)A;Brand\\";v=\\"24\\""],"accept":["text\\/html,application\\/xhtml+xml,application\\/xml;q=0.9,image\\/avif,image\\/webp,image\\/apng,*\\/*;q=0.8,application\\/signed-exchange;v=b3;q=0.7"],"sec-speculation-tags":["null"],"sec-purpose":["prefetch;prerender"],"upgrade-insecure-requests":["1"],"host":["salem-store.test"]}', '', 'Windows', 'Chrome', '127.0.0.1', NULL, NULL, NULL, NULL, 1, '2026-06-09 12:02:17', '2026-06-09 12:02:17'), (170, 'GET', '[]', 'https://salem-store.test', 'https://salem-store.test/customer/verify-phone', '[]', 'Mozilla/5.0 (Windows NT 10.0; Win64; x64) AppleWebKit/537.36 (KHTML, like Gecko) Chrome/149.0.0.0 Safari/537.36', '{"cookie":["XSRF-TOKEN=eyJpdiI6IkZONWVFazhReGJWY2l4VEFLZkVsUVE9PSIsInZhbHVlIjoibzJjVzJxeUpCRkwvTkw4Wm9pbUh3b21lM3hrSWRzSmppdHVFU2lJR3g5azd1UGNkUWRKWi8yWC96TGE4bmZhOXFhQ0twbmtNcUZTMzRlbW9iYUtUNEpxb29ZdUFsMXZJQ01BRVloWHY4N3Zsb2diVnJHRVNwRXIvSFJDL1RFaGMiLCJtYWMiOiIyYmM5OTFiOTQwNWMxNGVhMDc4NDFiZTQwMDVkMDA5NDRmNjU4YjY1ZmFlYzk3YTU5ODI3ZWY1MDczMTBmMjNjIiwidGFnIjoiIn0%3D; salem_store_session=eyJpdiI6Im9WalVQRHk5UUFvenZZOGxibitGaHc9PSIsInZhbHVlIjoiOTRCUGpBVE5RNlJvTzFoRDZ2TVZhR2JETzlXSHU3dnJqMm5LWExrS0IwRGZrdzVUcnZPZmlQcVR0azVJYmRNT2d1a29LRHlhUkZjZEFhNHBONElTbVZYRGU4YWRMQmNGTzZKSXVHNDU5MzZSWlc1eU9pMTNiYndwS1IrVmxIVmgiLCJtYWMiOiI1NmM5MWFjYjE2YjQ4ZjI0Y2Q2MTNmYWMyYTAyNWRkNDIzN2JjYjRjMjJlNmVjYmE4N2JjMTJhNDVmOTY4ZTVkIiwidGFnIjoiIn0%3D"],"priority":["u=0, i"],"accept-language":["en-GB,en-US;q=0.9,en;q=0.8"],"accept-encoding":["gzip, deflate, br, zstd"],"referer":["https:\\/\\/salem-store.test\\/customer\\/verify-phone"],"sec-ch-ua-platform":["\\"Windows\\""],"sec-ch-ua-mobile":["?0"],"sec-ch-ua":["\\"Google Chrome\\";v=\\"149\\", \\"Chromium\\";v=\\"149\\", \\"Not)A;Brand\\";v=\\"24\\""],"sec-fetch-dest":["document"],"sec-fetch-user":["?1"],"sec-fetch-mode":["navigate"],"sec-fetch-site":["same-origin"],"accept":["text\\/html,application\\/xhtml+xml,application\\/xml;q=0.9,image\\/avif,image\\/webp,image\\/apng,*\\/*;q=0.8,application\\/signed-exchange;v=b3;q=0.7"],"user-agent":["Mozilla\\/5.0 (Windows NT 10.0; Win64; x64) AppleWebKit\\/537.36 (KHTML, like Gecko) Chrome\\/149.0.0.0 Safari\\/537.36"],"upgrade-insecure-requests":["1"],"cache-control":["no-cache"],"pragma":["no-cache"],"host":["salem-store.test"]}', '', 'Windows', 'Chrome', '127.0.0.1', NULL, NULL, 'Webkul\\Customer\\Models\\Customer', 360, 1, '2026-06-09 13:40:10', '2026-06-09 13:40:10'), (171, 'GET', '[]', 'https://salem-store.test', 'https://salem-store.test/customer/verify-phone', '[]', 'Mozilla/5.0 (Windows NT 10.0; Win64; x64) AppleWebKit/537.36 (KHTML, like Gecko) Chrome/149.0.0.0 Safari/537.36', '{"cookie":["XSRF-TOKEN=eyJpdiI6InJuS3VTL1FoNi9CaFBJRndUWExHaEE9PSIsInZhbHVlIjoieHR6d0VHbDV2VDBBQ3NIVy9wRmdnajVTZm1tc1dPc04xNmF4ZEt5Tkl1a1pGb3pDcjA1VFE4ckVaVkdXZUZzcHg1M1ptb3VFV1RXVUpLUmcyaGhPcEI3bm1uVWxmbUs0NFE2Y1ZxVlF0c01yM2NSTGtrRzl5SWdqK1NOTGZCNnoiLCJtYWMiOiJiMGQ4ZTBhNWMwZDk4OWRkNzY2MTgwZDRjNTgyYzdkMWVhZGFiZDVkZjEwNTI4NDUwMGQ3ODYwYjczYjg4OGE5IiwidGFnIjoiIn0%3D; salem_store_session=eyJpdiI6Ik5YV3dyV3MvLzdWOUIwbmg3TjZSM1E9PSIsInZhbHVlIjoiYjRyWDFxTTR0YkZkY3hkRXFnbWhYVHNpSlR3TkRpaVovWW1tVWtzWWY3dThHWFBlZC90QkdCeXNVWENhaEtLZEpwUXZtR01FbUxxY1BPRHFRTHRCTHhMMHRmaDBhbWdGLzNzb05QM1lHU3JmK0NRRmlPdXFEaUlhVWRucTA2UkwiLCJtYWMiOiI5ZTUyZmZkOTk1MGUzZWM0NjJkYmVkNGRiMzUwODVkYzViMTQ4YzU1ZTc4M2MxYjg1M2I2NmYzMTdjOWExM2Y3IiwidGFnIjoiIn0%3D"],"priority":["u=0, i"],"accept-language":["en-GB,en-US;q=0.9,en;q=0.8"],"accept-encoding":["gzip, deflate, br, zstd"],"referer":["https:\\/\\/salem-store.test\\/customer\\/verify-phone"],"sec-ch-ua-platform":["\\"Windows\\""],"sec-ch-ua-mobile":["?0"],"sec-ch-ua":["\\"Google Chrome\\";v=\\"149\\", \\"Chromium\\";v=\\"149\\", \\"Not)A;Brand\\";v=\\"24\\""],"sec-fetch-dest":["document"],"sec-fetch-user":["?1"],"sec-fetch-mode":["navigate"],"sec-fetch-site":["same-origin"],"accept":["text\\/html,application\\/xhtml+xml,application\\/xml;q=0.9,image\\/avif,image\\/webp,image\\/apng,*\\/*;q=0.8,application\\/signed-exchange;v=b3;q=0.7"],"user-agent":["Mozilla\\/5.0 (Windows NT 10.0; Win64; x64) AppleWebKit\\/537.36 (KHTML, like Gecko) Chrome\\/149.0.0.0 Safari\\/537.36"],"upgrade-insecure-requests":["1"],"cache-control":["no-cache"],"pragma":["no-cache"],"host":["salem-store.test"]}', '', 'Windows', 'Chrome', '127.0.0.1', NULL, NULL, 'Webkul\\Customer\\Models\\Customer', 361, 1, '2026-06-09 14:29:05', '2026-06-09 14:29:05'), (172, 'GET', '[]', 'https://salem-store.test/%D8%AC%D8%B1%D8%A7%D8%A8-%D8%B3%D9%8A%D9%84%D9%8A%D9%83%D9%88%D9%86', 'https://salem-store.test/', '[]', 'Mozilla/5.0 (Windows NT 10.0; Win64; x64) AppleWebKit/537.36 (KHTML, like Gecko) Chrome/149.0.0.0 Safari/537.36', '{"cookie":["XSRF-TOKEN=eyJpdiI6IndqMDRDWktXbFpBKy9QYUs0VmV1REE9PSIsInZhbHVlIjoic1RtV2VwWVdzZ1dwZmE0L29DQUN5dkNmWGs2TW5qM1k1RUdUTGRWMG0yTUcrd0ZXZVpHTnRaMHRxVTJ2WEx6bkUvYjIxM0FkaVpkUnkvdWNZU2w0clpaeEtBSHpLVENHdmhXZzdGdDZuNm56LzE5SkFzclhHU1hkbFdWVTV1QzQiLCJtYWMiOiI1MDk5ODE1NWM5NGVjYTM5ODJmMDdmMDM2NTA3NzhkZjNlY2U1NGYzZjdkMWY2NDI0YThiZDEwYmZjNTNiMDJhIiwidGFnIjoiIn0%3D; salem_store_session=eyJpdiI6ImpaZ09HUkxQNUR1VFozZDN0SjNqN1E9PSIsInZhbHVlIjoid1ByVW9sL2FWckhaUzRaQXVTcFhrYmo3emlCYjBjRUxZOXl6S3h3YTZrUllSQkJJdERoZWswR1MvSm4rNXhpdGpXNUZlU1hNdVJMb1pvQW9vcS9lbTRxR1BtVDBTN3ovbEk3c1BkVGlOaTRtN1kyb2tlOGVTN0ZNdHBDRVU1NmsiLCJtYWMiOiI4ZDQ4OWIzYjBhYjhmN2NlMTZjMWYyOWYwYWUxN2JiOTgxYjZlM2I5ZDBiYTNiZTZkZTA4MmJkNzE5OGQ4MDNhIiwidGFnIjoiIn0%3D"],"priority":["u=2, i"],"accept-language":["en-GB,en-US;q=0.9,en;q=0.8"],"accept-encoding":["gzip, deflate, br, zstd"],"user-agent":["Mozilla\\/5.0 (Windows NT 10.0; Win64; x64) AppleWebKit\\/537.36 (KHTML, like Gecko) Chrome\\/149.0.0.0 Safari\\/537.36"],"referer":["https:\\/\\/salem-store.test\\/"],"sec-fetch-dest":["document"],"sec-fetch-mode":["navigate"],"sec-fetch-site":["none"],"sec-ch-ua-platform":["\\"Windows\\""],"sec-ch-ua-mobile":["?0"],"sec-ch-ua":["\\"Google Chrome\\";v=\\"149\\", \\"Chromium\\";v=\\"149\\", \\"Not)A;Brand\\";v=\\"24\\""],"accept":["text\\/html,application\\/xhtml+xml,application\\/xml;q=0.9,image\\/avif,image\\/webp,image\\/apng,*\\/*;q=0.8,application\\/signed-exchange;v=b3;q=0.7"],"sec-speculation-tags":["null"],"sec-purpose":["prefetch;prerender"],"upgrade-insecure-requests":["1"],"host":["salem-store.test"]}', '', 'Windows', 'Chrome', '127.0.0.1', 'Webkul\\Product\\Models\\Product', 43, 'Webkul\\Customer\\Models\\Customer', 361, 1, '2026-06-09 16:01:36', '2026-06-09 16:01:36'), (173, 'GET', '[]', 'https://salem-store.test/%D8%A7%D9%83%D8%B3%D8%B3%D9%88%D8%A7%D8%B1%D8%A7%D8%AA', 'https://salem-store.test/', '[]', 'Mozilla/5.0 (Windows NT 10.0; Win64; x64) AppleWebKit/537.36 (KHTML, like Gecko) Chrome/149.0.0.0 Safari/537.36', '{"cookie":["XSRF-TOKEN=eyJpdiI6ImJPQjAwRGxtQ3FmMUlad3FhNHhUaHc9PSIsInZhbHVlIjoia3Zhd3dBZ0ozM0RKdCtobHdwSHJPU3FRVjkxeFZSOXJ6MEdlYVFvMk1jSlpkS1NQNldXSWIzNzcxV0NnTXNPdHBOTVRFS2Fhak5tNDZCMmRkMFg0R3Rkek9aMERqalR2QkJtcHVJWU80YWViOWE1dXJPOW1Dc256SnNuUWlKOVIiLCJtYWMiOiIwNWYyNmU4NzA5MmEzY2MxODNjZWU5ZjNjODVkNWMwMzRhYjMwMmMwOTBjNTMyM2Q1YzU4YjdiMTJjZmVkZDY0IiwidGFnIjoiIn0%3D; salem_store_session=eyJpdiI6ImhvbVdla2Q0T1ZKUGoxc1pTdEsvM0E9PSIsInZhbHVlIjoiWU1PSHJzK3loZWpEQ09SNGs3V05ZdE9XeU1lNW5HcklETXNlYnY1S2pGemJLdkVMbFJhcGJRUlNCMkp5VVZQZEFLZHJmNDVxYXpqQnBPNExJTHJ0dkE2MzJaNkZhWjNrNEt0MDFYTUlFZ2xFRG9la3pyejlOT29mR1V6OVhLT2kiLCJtYWMiOiJlZDAwMWM0Yjk5Y2YxNzNhN2U4YThkOTQxMDllODFhZjMyYjU3OGFkZDg3Y2MyYjQ2YTZiN2NmZGRmMzViYjZiIiwidGFnIjoiIn0%3D"],"priority":["u=2, i"],"accept-language":["en-GB,en-US;q=0.9,en;q=0.8"],"accept-encoding":["gzip, deflate, br, zstd"],"user-agent":["Mozilla\\/5.0 (Windows NT 10.0; Win64; x64) AppleWebKit\\/537.36 (KHTML, like Gecko) Chrome\\/149.0.0.0 Safari\\/537.36"],"referer":["https:\\/\\/salem-store.test\\/"],"sec-fetch-dest":["document"],"sec-fetch-mode":["navigate"],"sec-fetch-site":["none"],"sec-ch-ua-platform":["\\"Windows\\""],"sec-ch-ua-mobile":["?0"],"sec-ch-ua":["\\"Google Chrome\\";v=\\"149\\", \\"Chromium\\";v=\\"149\\", \\"Not)A;Brand\\";v=\\"24\\""],"accept":["text\\/html,application\\/xhtml+xml,application\\/xml;q=0.9,image\\/avif,image\\/webp,image\\/apng,*\\/*;q=0.8,application\\/signed-exchange;v=b3;q=0.7"],"sec-speculation-tags":["null"],"sec-purpose":["prefetch;prerender"],"upgrade-insecure-requests":["1"],"host":["salem-store.test"]}', '', 'Windows', 'Chrome', '127.0.0.1', 'Webkul\\Category\\Models\\Category', 22, 'Webkul\\Customer\\Models\\Customer', 361, 1, '2026-06-09 16:32:50', '2026-06-09 16:32:50'), (174, 'GET', '[]', 'https://salem-store.test/%D8%A7%D9%84%D9%87%D9%88%D8%A7%D8%AA%D9%81-%D8%A7%D9%84%D9%85%D8%AD%D9%85%D9%88%D9%84%D8%A9', 'https://salem-store.test/', '[]', 'Mozilla/5.0 (Windows NT 10.0; Win64; x64) AppleWebKit/537.36 (KHTML, like Gecko) Chrome/149.0.0.0 Safari/537.36', '{"cookie":["XSRF-TOKEN=eyJpdiI6Ild6Szd2MFA3a3RFM1JDaDJMWEZ3WHc9PSIsInZhbHVlIjoiYi9TWHFzcThzclJPbzVlNTd3NG52NlgwRTVzRDRvYWozY2xhWWVZSWQ0MjVqcHdodTAwaUZ1R3M2ZzFOWU0xb3d3bThyOFduOUFrMTNUVVI4dmRwM3FhMS9PMVpNVFBUVGtmS2JoRzVVK3BQRVo5dWZGVGNOL09adnlWM2pXUlkiLCJtYWMiOiIyZWVlZThmOWQ5YWQ2NGIxZDVlOWM2NzZjZTM0YjA0MDI1ODFlMjM1MDI2OWE5NTdhZjBlMzVjZTdmNTM1OWU4IiwidGFnIjoiIn0%3D; salem_store_session=eyJpdiI6IjVYN0g0bi9FYSswWnUzQWY0Z1ZIc0E9PSIsInZhbHVlIjoiOHNtTmh0cUhRSE9mZjBHR2lTSWV5YnhUd1MyQ3BZZktyRDRwcnQzQTZvNU1xN0dHY05zMmNsSVo2aVJQRnkxaHM0K1diRm5wYkM3cjNLT2N6YnB3MHI4N3VpeXJnV1FXQnZFbkxJTHU4dFp3NFhZM1RqZGlUTUJEWXJuVG9KNloiLCJtYWMiOiIxYTA3ZTU1ZDZhZjJhOTViYzlkMWMyM2MwY2RiZWRjYzJjYTY1MDM0MGVlODFkYTU0MmNlZTgwNmE1NjdhNzM0IiwidGFnIjoiIn0%3D"],"priority":["u=2, i"],"accept-language":["en-GB,en-US;q=0.9,en;q=0.8"],"accept-encoding":["gzip, deflate, br, zstd"],"user-agent":["Mozilla\\/5.0 (Windows NT 10.0; Win64; x64) AppleWebKit\\/537.36 (KHTML, like Gecko) Chrome\\/149.0.0.0 Safari\\/537.36"],"referer":["https:\\/\\/salem-store.test\\/"],"sec-fetch-dest":["document"],"sec-fetch-mode":["navigate"],"sec-fetch-site":["none"],"sec-ch-ua-platform":["\\"Windows\\""],"sec-ch-ua-mobile":["?0"],"sec-ch-ua":["\\"Google Chrome\\";v=\\"149\\", \\"Chromium\\";v=\\"149\\", \\"Not)A;Brand\\";v=\\"24\\""],"accept":["text\\/html,application\\/xhtml+xml,application\\/xml;q=0.9,image\\/avif,image\\/webp,image\\/apng,*\\/*;q=0.8,application\\/signed-exchange;v=b3;q=0.7"],"sec-speculation-tags":["null"],"sec-purpose":["prefetch;prerender"],"upgrade-insecure-requests":["1"],"host":["salem-store.test"]}', '', 'Windows', 'Chrome', '127.0.0.1', 'Webkul\\Category\\Models\\Category', 2, 'Webkul\\Customer\\Models\\Customer', 361, 1, '2026-06-09 16:32:51', '2026-06-09 16:32:51'), (175, 'GET', '[]', 'https://salem-store.test/pitaka', 'https://salem-store.test/%D8%A7%D9%84%D9%87%D9%88%D8%A7%D8%AA%D9%81-%D8%A7%D9%84%D9%85%D8%AD%D9%85%D9%88%D9%84%D8%A9', '[]', 'Mozilla/5.0 (Windows NT 10.0; Win64; x64) AppleWebKit/537.36 (KHTML, like Gecko) Chrome/149.0.0.0 Safari/537.36', '{"cookie":["XSRF-TOKEN=eyJpdiI6Ilkza2Z2ajc4U1JtTGFzRTJMRGE5N0E9PSIsInZhbHVlIjoidmIxOXI2eXY2RnQrUlFFNmJ0SjNXTmdCdTRSMHBpV2EvNEVKZzFDSXhMZm5QdEhPUnFWb2E0b2hmNjFRTG1LOG1SNHdvMEdlTUErekhGdnk0N0NLTHUvUFV3anpaTnBWTkNuTlBnK0Vla3pPdjIvcEwraUJ5TEY4cjhxa2tkMG0iLCJtYWMiOiJiNTUyNzUwMDY3OGU1NzYyMGFkOGNhZDg5YjYzNDdkMWNmYzZmYWQzNDJmODcxZGFlZGM3MmUxYjczMjViYTY1IiwidGFnIjoiIn0%3D; salem_store_session=eyJpdiI6IjJrR0NVTDY0NmNNaERsdndFbTErYmc9PSIsInZhbHVlIjoiUndrTG03Wks3cUczbUd0WHY0ai8ybEtHOGljQVJnVlhsdzJUTHI0NjBFbHdFZGVKTC92UTkwZDFFTXRUSVdDRkljNEc5M0ZsQVhlcHcxV1FacW5ld2ZYdnFzTWJNT2ViVEFVSEdQcWkzT2VYZmk1VXBQaU1jM2FNUS96R1NKa20iLCJtYWMiOiIwNWZiMGUwN2U0ZGE3YzYyZTczZjhmY2E0ZWFmNmFmYzVmNzY1ZGIwNDVmNmFiNDkyYTdjZGYxMmJjZmI1NDNiIiwidGFnIjoiIn0%3D"],"priority":["u=2, i"],"accept-language":["en-GB,en-US;q=0.9,en;q=0.8"],"accept-encoding":["gzip, deflate, br, zstd"],"user-agent":["Mozilla\\/5.0 (Windows NT 10.0; Win64; x64) AppleWebKit\\/537.36 (KHTML, like Gecko) Chrome\\/149.0.0.0 Safari\\/537.36"],"referer":["https:\\/\\/salem-store.test\\/%D8%A7%D9%84%D9%87%D9%88%D8%A7%D8%AA%D9%81-%D8%A7%D9%84%D9%85%D8%AD%D9%85%D9%88%D9%84%D8%A9"],"sec-fetch-dest":["document"],"sec-fetch-mode":["navigate"],"sec-fetch-site":["none"],"sec-ch-ua-platform":["\\"Windows\\""],"sec-ch-ua-mobile":["?0"],"sec-ch-ua":["\\"Google Chrome\\";v=\\"149\\", \\"Chromium\\";v=\\"149\\", \\"Not)A;Brand\\";v=\\"24\\""],"accept":["text\\/html,application\\/xhtml+xml,application\\/xml;q=0.9,image\\/avif,image\\/webp,image\\/apng,*\\/*;q=0.8,application\\/signed-exchange;v=b3;q=0.7"],"sec-speculation-tags":["null"],"sec-purpose":["prefetch;prerender"],"upgrade-insecure-requests":["1"],"host":["salem-store.test"]}', '', 'Windows', 'Chrome', '127.0.0.1', 'Webkul\\Product\\Models\\Product', 2, 'Webkul\\Customer\\Models\\Customer', 361, 1, '2026-06-09 16:34:34', '2026-06-09 16:34:34'), (176, 'GET', '[]', 'https://salem-store.test/%D8%A7%D9%84%D9%84%D8%A7%D8%A8%D8%AA%D9%88%D8%A8', 'https://salem-store.test/', '[]', 'Mozilla/5.0 (Windows NT 10.0; Win64; x64) AppleWebKit/537.36 (KHTML, like Gecko) Chrome/149.0.0.0 Safari/537.36', '{"cookie":["XSRF-TOKEN=eyJpdiI6IkJ5MnB0Vi9HSG9KMktBcXNTRktmN1E9PSIsInZhbHVlIjoiM3V0NDd6MnhkYi9ybXpOM0dEejRHY1JGeEdCalJqTk1yNG5zN2JCOCs0dFJVZjJ2cVUvSzVwQlowQmtkREpBaDVadzlPZldwQWhBT3NWOWVyTG9WZHEwYWxaRTJKUU52SWZBU2pONC9GK21pZ1o4eCtQZGhuVUJ0TmlqaHZ6TFIiLCJtYWMiOiI2YWE5MDFmOGM0N2RjZWMwNjFhYTgwZDQ1NmUzZTQ5MDBmODljNTg1YTliNzFhMTg3NDA5YTIwOTlhMzAxY2ViIiwidGFnIjoiIn0%3D; salem_store_session=eyJpdiI6IjV0YU1XRzQ0bTZvMExpN1BNVEFxdWc9PSIsInZhbHVlIjoiZW01UmNRc2hRQkNVTzJidW1DVlptT3Z0cVJvTEVMZHZvV1FPNUkvSGo2QW8zOFJqb1h5NHp2YTNzU1Roc0dTc2VHa3Vjd2RPQWpIVnljNU9XdCtLMHl6U1BMbnZQQnFkQkpibXAwRnBXMjE5V3lhL3RCVHNTdStZa0tGdUhVOW8iLCJtYWMiOiI3NmQ3NTU4ODZlMGMwMDRhMGRkODg2MTVhODdiMjU4Yzk1ZmVjNjI3YzQwNzY0ODdlMGUzN2UwYjFkNzYzZDNkIiwidGFnIjoiIn0%3D"],"priority":["u=2, i"],"accept-language":["en-GB,en-US;q=0.9,en;q=0.8"],"accept-encoding":["gzip, deflate, br, zstd"],"user-agent":["Mozilla\\/5.0 (Windows NT 10.0; Win64; x64) AppleWebKit\\/537.36 (KHTML, like Gecko) Chrome\\/149.0.0.0 Safari\\/537.36"],"referer":["https:\\/\\/salem-store.test\\/"],"sec-fetch-dest":["document"],"sec-fetch-mode":["navigate"],"sec-fetch-site":["none"],"sec-ch-ua-platform":["\\"Windows\\""],"sec-ch-ua-mobile":["?0"],"sec-ch-ua":["\\"Google Chrome\\";v=\\"149\\", \\"Chromium\\";v=\\"149\\", \\"Not)A;Brand\\";v=\\"24\\""],"accept":["text\\/html,application\\/xhtml+xml,application\\/xml;q=0.9,image\\/avif,image\\/webp,image\\/apng,*\\/*;q=0.8,application\\/signed-exchange;v=b3;q=0.7"],"sec-speculation-tags":["null"],"sec-purpose":["prefetch;prerender"],"upgrade-insecure-requests":["1"],"host":["salem-store.test"]}', '', 'Windows', 'Chrome', '127.0.0.1', 'Webkul\\Category\\Models\\Category', 15, 'Webkul\\Customer\\Models\\Customer', 361, 1, '2026-06-09 16:42:41', '2026-06-09 16:42:41'), (177, 'GET', '[]', 'https://salem-store.test', 'https://salem-store.test/%D8%A7%D9%84%D9%87%D9%88%D8%A7%D8%AA%D9%81-%D8%A7%D9%84%D9%85%D8%AD%D9%85%D9%88%D9%84%D8%A9', '[]', 'Mozilla/5.0 (Windows NT 10.0; Win64; x64) AppleWebKit/537.36 (KHTML, like Gecko) Chrome/149.0.0.0 Safari/537.36', '{"priority":["u=0, i"],"accept-language":["en-GB,en-US;q=0.9,en;q=0.8"],"accept-encoding":["gzip, deflate, br, zstd"],"referer":["https:\\/\\/salem-store.test\\/%D8%A7%D9%84%D9%87%D9%88%D8%A7%D8%AA%D9%81-%D8%A7%D9%84%D9%85%D8%AD%D9%85%D9%88%D9%84%D8%A9"],"sec-fetch-dest":["document"],"sec-fetch-user":["?1"],"sec-fetch-mode":["navigate"],"sec-fetch-site":["same-origin"],"accept":["text\\/html,application\\/xhtml+xml,application\\/xml;q=0.9,image\\/avif,image\\/webp,image\\/apng,*\\/*;q=0.8,application\\/signed-exchange;v=b3;q=0.7"],"user-agent":["Mozilla\\/5.0 (Windows NT 10.0; Win64; x64) AppleWebKit\\/537.36 (KHTML, like Gecko) Chrome\\/149.0.0.0 Safari\\/537.36"],"upgrade-insecure-requests":["1"],"sec-ch-ua-platform":["\\"Windows\\""],"sec-ch-ua-mobile":["?0"],"sec-ch-ua":["\\"Google Chrome\\";v=\\"149\\", \\"Chromium\\";v=\\"149\\", \\"Not)A;Brand\\";v=\\"24\\""],"cache-control":["max-age=0"],"host":["salem-store.test"]}', '', 'Windows', 'Chrome', '127.0.0.1', NULL, NULL, NULL, NULL, 1, '2026-06-11 13:08:34', '2026-06-11 13:08:34'), (178, 'GET', '[]', 'https://salem-store.test/anker', 'https://salem-store.test/', '[]', 'Mozilla/5.0 (Windows NT 10.0; Win64; x64) AppleWebKit/537.36 (KHTML, like Gecko) Chrome/149.0.0.0 Safari/537.36', '{"cookie":["XSRF-TOKEN=eyJpdiI6IjZOSUNEN0VrOW5JUjk0ZGM1d3B4Z3c9PSIsInZhbHVlIjoiZllBTzFPZEhZMmFVT2dwSHJzaldXUHdOTzlXZmhzalNBaGxmRGthVy85R2I1NVdERE02VXlxZ2VQQVl2U2kvSWZRdk92Uk1BZlpGNU1BZzJFZFNvQnhXV0tIdmEzRDExUXhHRmlIOUYzVVJib3orSkpiTmNhcmRMNGhyUFFOUHoiLCJtYWMiOiI2OGIzZjM4ZjhjNmU4MjFlZmIzYTE4OWM0ODg5YzIxMTMzN2Q3YWZiMjczYzkyODRlYzE5YjIxY2YxOTg4MDM4IiwidGFnIjoiIn0%3D; salem_store_session=eyJpdiI6ImtnWHI5eHpsWjZheXFKOG5hTnRYMlE9PSIsInZhbHVlIjoiS2dVMmVYVkpCWCtOR3h1dVlaRDRaOFpYaDlDUlpWajlkbEljNmtUbk9uSTJqWUVYa0huc1NDS2FVOEpKbzFERXhHT0xSMUhRN05HUUY2emlvVU51V0RrbS9NcVpmaEtSaWwzYlNTRGxEV1kyUEk3dGlFc0lITGpGRFBVS203RisiLCJtYWMiOiIyMjIzMDczMTVmNTNlODdjM2IxZDkwNTA0Mjk4NmVjZWM0MTYwNjgzN2QzMTI5ODMwZGFmNmJhNjQxYTliZDBhIiwidGFnIjoiIn0%3D"],"priority":["u=2, i"],"accept-language":["en-GB,en-US;q=0.9,en;q=0.8"],"accept-encoding":["gzip, deflate, br, zstd"],"user-agent":["Mozilla\\/5.0 (Windows NT 10.0; Win64; x64) AppleWebKit\\/537.36 (KHTML, like Gecko) Chrome\\/149.0.0.0 Safari\\/537.36"],"referer":["https:\\/\\/salem-store.test\\/"],"sec-fetch-dest":["document"],"sec-fetch-mode":["navigate"],"sec-fetch-site":["none"],"sec-ch-ua-platform":["\\"Windows\\""],"sec-ch-ua-mobile":["?0"],"sec-ch-ua":["\\"Google Chrome\\";v=\\"149\\", \\"Chromium\\";v=\\"149\\", \\"Not)A;Brand\\";v=\\"24\\""],"accept":["text\\/html,application\\/xhtml+xml,application\\/xml;q=0.9,image\\/avif,image\\/webp,image\\/apng,*\\/*;q=0.8,application\\/signed-exchange;v=b3;q=0.7"],"sec-speculation-tags":["null"],"sec-purpose":["prefetch;prerender"],"upgrade-insecure-requests":["1"],"host":["salem-store.test"]}', '', 'Windows', 'Chrome', '127.0.0.1', 'Webkul\\Category\\Models\\Category', 58, NULL, NULL, 1, '2026-06-11 13:27:38', '2026-06-11 13:27:38'), (179, 'GET', '[]', 'https://salem-store.test/anker-charging', 'https://salem-store.test/', '[]', 'Mozilla/5.0 (Windows NT 10.0; Win64; x64) AppleWebKit/537.36 (KHTML, like Gecko) Chrome/149.0.0.0 Safari/537.36', '{"cookie":["XSRF-TOKEN=eyJpdiI6ImpCaENOMU4ra0F0bWtpaGxieU5nclE9PSIsInZhbHVlIjoiZEdXZEI1dnB3alhKaXVEUStyWlpQL04ra1E1cklESU96K0FqZjZ2cDBpdHV1SjlieDZDQmtKYWg1a0M0MXJySDNLM0ZlTVlnNFY5ZExMeDY3MGpZOVd5TkxpbUVaMXBXTFc4YVNZNlNUQXMvaTlLZHpxR3ZxNWNHUFlqVVUyV04iLCJtYWMiOiI2MzU0YjU4NzUxYzEzYjFkNzdlZTM3ZDA4YjlkYmZiZTdlZWQyYjc0YmYwY2QyZThkOTU5MTZjMzA0YjU5NzBhIiwidGFnIjoiIn0%3D; salem_store_session=eyJpdiI6IlM3SUZoeWtIUVR3RzU2Vit3Z1ZGWEE9PSIsInZhbHVlIjoiT1ZiU3N0Qlp0VXMxRHRxa1NQMEZnNzEzdTUvZDAyYnVJNzJFdFFlSzFsU0RQeDdic25sRjRUVjdrYWxUOVMxcXcrNmxrRVhTQ2pKTjlNN2tOWVRmZmhzem96dWV3djFRNjMycCtpZGFUelMwd1c5VVN3WTltemRUcFNFTFFXd1ciLCJtYWMiOiJhNzcyNWJjMjdiODkzNjY2ZTlkYTVmY2FkZjdkMWQ3MjBjZDQ3YmYyNDFlMjk4ZTdlMWZhYzJiOTZkNWVkOWIwIiwidGFnIjoiIn0%3D"],"priority":["u=2, i"],"accept-language":["en-GB,en-US;q=0.9,en;q=0.8"],"accept-encoding":["gzip, deflate, br, zstd"],"user-agent":["Mozilla\\/5.0 (Windows NT 10.0; Win64; x64) AppleWebKit\\/537.36 (KHTML, like Gecko) Chrome\\/149.0.0.0 Safari\\/537.36"],"referer":["https:\\/\\/salem-store.test\\/"],"sec-fetch-dest":["document"],"sec-fetch-mode":["navigate"],"sec-fetch-site":["none"],"sec-ch-ua-platform":["\\"Windows\\""],"sec-ch-ua-mobile":["?0"],"sec-ch-ua":["\\"Google Chrome\\";v=\\"149\\", \\"Chromium\\";v=\\"149\\", \\"Not)A;Brand\\";v=\\"24\\""],"accept":["text\\/html,application\\/xhtml+xml,application\\/xml;q=0.9,image\\/avif,image\\/webp,image\\/apng,*\\/*;q=0.8,application\\/signed-exchange;v=b3;q=0.7"],"sec-speculation-tags":["null"],"sec-purpose":["prefetch;prerender"],"upgrade-insecure-requests":["1"],"host":["salem-store.test"]}', '', 'Windows', 'Chrome', '127.0.0.1', 'Webkul\\Category\\Models\\Category', 59, NULL, NULL, 1, '2026-06-11 13:27:39', '2026-06-11 13:27:39'), (180, 'GET', '[]', 'https://salem-store.test/%D8%A7%D9%86%D9%83%D8%B1', 'https://salem-store.test/', '[]', 'Mozilla/5.0 (Windows NT 10.0; Win64; x64) AppleWebKit/537.36 (KHTML, like Gecko) Chrome/149.0.0.0 Safari/537.36', '{"cookie":["XSRF-TOKEN=eyJpdiI6IkxFY05DQllsaTdqMG1Fc0ZaQ0Jabnc9PSIsInZhbHVlIjoiTVhlQVpMQXRWQTRQZE5tdERTdDM5WHVyU1pZNUtPZnc4eVcyNE1uNEkyeStabjloZEdKNjVsS2NtNGJjb0Y4TlNkMytjL0EzZThTRFo5b3EzZUR1VnJBTlhySGFzYTFYNDJRaWUwN2xiczYraVk1WHBKUW5VY1I1RFdneHRoMDUiLCJtYWMiOiI4ZGE1N2UxYmUxMDM3NGRlYjY5NzE0MDQ4NjVmYTY3ZWI5MmNjMzE0MTNiYzFmYTY5NmViY2E4N2FjODUyMTJkIiwidGFnIjoiIn0%3D; salem_store_session=eyJpdiI6IlhxNm5kTHU3OHhSVkZiMDI2RXA0dnc9PSIsInZhbHVlIjoiVUt2WWdSNE9KMWJsWndCTTFLQWQ3OEdDU21kT1VKSFFvVmdFcEVCZTRsdmJuZU4xNE5BS3VWR1lObm9pMFJWcWJCVDQvdTVqVEFiSHhwRldTWS9EUjhwN0FmRFJuWm15aS9XZ2xvM1FVNGFGK3RkNUVONVNET0xleUVaREIzOFYiLCJtYWMiOiJjZjQ4NzMwYzljYzA0MzRkMDFjZGE1M2Q5MDYzZTk0ZTY3MzlhNmUyNDgzNjg4MGU0NGZiZTdjMTlkNGIwNDFmIiwidGFnIjoiIn0%3D"],"priority":["u=2, i"],"accept-language":["en-GB,en-US;q=0.9,en;q=0.8"],"accept-encoding":["gzip, deflate, br, zstd"],"user-agent":["Mozilla\\/5.0 (Windows NT 10.0; Win64; x64) AppleWebKit\\/537.36 (KHTML, like Gecko) Chrome\\/149.0.0.0 Safari\\/537.36"],"referer":["https:\\/\\/salem-store.test\\/"],"sec-fetch-dest":["document"],"sec-fetch-mode":["navigate"],"sec-fetch-site":["none"],"sec-ch-ua-platform":["\\"Windows\\""],"sec-ch-ua-mobile":["?0"],"sec-ch-ua":["\\"Google Chrome\\";v=\\"149\\", \\"Chromium\\";v=\\"149\\", \\"Not)A;Brand\\";v=\\"24\\""],"accept":["text\\/html,application\\/xhtml+xml,application\\/xml;q=0.9,image\\/avif,image\\/webp,image\\/apng,*\\/*;q=0.8,application\\/signed-exchange;v=b3;q=0.7"],"sec-speculation-tags":["null"],"sec-purpose":["prefetch;prerender"],"upgrade-insecure-requests":["1"],"host":["salem-store.test"]}', '', 'Windows', 'Chrome', '127.0.0.1', 'Webkul\\Category\\Models\\Category', 64, NULL, NULL, 1, '2026-06-11 13:30:46', '2026-06-11 13:30:46'), (181, 'GET', '[]', 'https://salem-store.test/%D8%A7%D9%84%D9%87%D9%88%D8%A7%D8%AA%D9%81-%D8%A7%D9%84%D9%85%D8%AD%D9%85%D9%88%D9%84%D8%A9', 'https://salem-store.test/', '[]', 'Mozilla/5.0 (Windows NT 10.0; Win64; x64) AppleWebKit/537.36 (KHTML, like Gecko) Chrome/149.0.0.0 Safari/537.36', '{"cookie":["XSRF-TOKEN=eyJpdiI6ImNlUEJqZk11aWpydCsraGhtWFcrRVE9PSIsInZhbHVlIjoiRmlhUE4wRDM5SUJpbGZnWFdkenh4MDF2UGtISGFlNjJadmd5T0kxZTZQSVpielBFcm9CY1VuWE1HRU44REppU0tyQWhid0VXOUVXVThMZ3FCZlE3dVdFR3E0RW1WRStVZlhhY2QyZ3VUTkxaWkRJOEFvb3FoVTZWMUNEejdwUFciLCJtYWMiOiJhMjgyODkwYTQ1YzMyODkwMjNhZDRhMzIyOTVhOGNhOWIyODg0ODE5NDMyZDYzYjZlZjY0ZDAwMzJjYjVjMWE0IiwidGFnIjoiIn0%3D; salem_store_session=eyJpdiI6ImUwVFdhTW5HUU1iR3A2Y0NjUVBmRlE9PSIsInZhbHVlIjoieC90bEdVR1RpSjdHZUttcUd2NnZjRk1RMUZ4SXlCWG1IMlMrZ0N6amR3NW5ZWFdCK24yM2FoaEw0bmYwZk9xVFpFRkl3RWZaMzMrSS92Tm9DYS83T0hQbDdkQVNiSCtTTko3dk5tSXhEOVJ2YUxHeWovbUFWWU01NWlRVUxQUjIiLCJtYWMiOiI3OTgwNjdhODE0NjdlYTMxZmYwNWVkZjk1ZDk4YWQwOTBlMmYzZTllMWI1ZDAzNTY3MWFlZmIzYzQ5NjdlNzkwIiwidGFnIjoiIn0%3D"],"priority":["u=2, i"],"accept-language":["en-GB,en-US;q=0.9,en;q=0.8"],"accept-encoding":["gzip, deflate, br, zstd"],"user-agent":["Mozilla\\/5.0 (Windows NT 10.0; Win64; x64) AppleWebKit\\/537.36 (KHTML, like Gecko) Chrome\\/149.0.0.0 Safari\\/537.36"],"referer":["https:\\/\\/salem-store.test\\/"],"sec-fetch-dest":["document"],"sec-fetch-mode":["navigate"],"sec-fetch-site":["none"],"sec-ch-ua-platform":["\\"Windows\\""],"sec-ch-ua-mobile":["?0"],"sec-ch-ua":["\\"Google Chrome\\";v=\\"149\\", \\"Chromium\\";v=\\"149\\", \\"Not)A;Brand\\";v=\\"24\\""],"accept":["text\\/html,application\\/xhtml+xml,application\\/xml;q=0.9,image\\/avif,image\\/webp,image\\/apng,*\\/*;q=0.8,application\\/signed-exchange;v=b3;q=0.7"],"sec-speculation-tags":["null"],"sec-purpose":["prefetch;prerender"],"upgrade-insecure-requests":["1"],"host":["salem-store.test"]}', '', 'Windows', 'Chrome', '127.0.0.1', 'Webkul\\Category\\Models\\Category', 2, NULL, NULL, 1, '2026-06-11 13:40:14', '2026-06-11 13:40:14'), (182, 'GET', '[]', 'https://salem-store.test/%D8%A7%D8%AC%D9%87%D8%B2%D8%A9-%D8%A7%D9%84%D9%83%D9%85%D8%A8%D9%8A%D9%88%D8%AA%D8%B1', 'https://salem-store.test/', '[]', 'Mozilla/5.0 (Windows NT 10.0; Win64; x64) AppleWebKit/537.36 (KHTML, like Gecko) Chrome/149.0.0.0 Safari/537.36', '{"cookie":["XSRF-TOKEN=eyJpdiI6ImNlUEJqZk11aWpydCsraGhtWFcrRVE9PSIsInZhbHVlIjoiRmlhUE4wRDM5SUJpbGZnWFdkenh4MDF2UGtISGFlNjJadmd5T0kxZTZQSVpielBFcm9CY1VuWE1HRU44REppU0tyQWhid0VXOUVXVThMZ3FCZlE3dVdFR3E0RW1WRStVZlhhY2QyZ3VUTkxaWkRJOEFvb3FoVTZWMUNEejdwUFciLCJtYWMiOiJhMjgyODkwYTQ1YzMyODkwMjNhZDRhMzIyOTVhOGNhOWIyODg0ODE5NDMyZDYzYjZlZjY0ZDAwMzJjYjVjMWE0IiwidGFnIjoiIn0%3D; salem_store_session=eyJpdiI6ImUwVFdhTW5HUU1iR3A2Y0NjUVBmRlE9PSIsInZhbHVlIjoieC90bEdVR1RpSjdHZUttcUd2NnZjRk1RMUZ4SXlCWG1IMlMrZ0N6amR3NW5ZWFdCK24yM2FoaEw0bmYwZk9xVFpFRkl3RWZaMzMrSS92Tm9DYS83T0hQbDdkQVNiSCtTTko3dk5tSXhEOVJ2YUxHeWovbUFWWU01NWlRVUxQUjIiLCJtYWMiOiI3OTgwNjdhODE0NjdlYTMxZmYwNWVkZjk1ZDk4YWQwOTBlMmYzZTllMWI1ZDAzNTY3MWFlZmIzYzQ5NjdlNzkwIiwidGFnIjoiIn0%3D"],"priority":["u=2, i"],"accept-language":["en-GB,en-US;q=0.9,en;q=0.8"],"accept-encoding":["gzip, deflate, br, zstd"],"user-agent":["Mozilla\\/5.0 (Windows NT 10.0; Win64; x64) AppleWebKit\\/537.36 (KHTML, like Gecko) Chrome\\/149.0.0.0 Safari\\/537.36"],"referer":["https:\\/\\/salem-store.test\\/"],"sec-fetch-dest":["document"],"sec-fetch-mode":["navigate"],"sec-fetch-site":["none"],"sec-ch-ua-platform":["\\"Windows\\""],"sec-ch-ua-mobile":["?0"],"sec-ch-ua":["\\"Google Chrome\\";v=\\"149\\", \\"Chromium\\";v=\\"149\\", \\"Not)A;Brand\\";v=\\"24\\""],"accept":["text\\/html,application\\/xhtml+xml,application\\/xml;q=0.9,image\\/avif,image\\/webp,image\\/apng,*\\/*;q=0.8,application\\/signed-exchange;v=b3;q=0.7"],"sec-speculation-tags":["null"],"sec-purpose":["prefetch;prerender"],"upgrade-insecure-requests":["1"],"host":["salem-store.test"]}', '', 'Windows', 'Chrome', '127.0.0.1', 'Webkul\\Category\\Models\\Category', 9, NULL, NULL, 1, '2026-06-11 13:40:14', '2026-06-11 13:40:14'), (183, 'GET', '[]', 'https://salem-store.test/%D8%A7%D9%84%D9%84%D8%A7%D8%A8%D8%AA%D9%88%D8%A8', 'https://salem-store.test/', '[]', 'Mozilla/5.0 (Windows NT 10.0; Win64; x64) AppleWebKit/537.36 (KHTML, like Gecko) Chrome/149.0.0.0 Safari/537.36', '{"cookie":["XSRF-TOKEN=eyJpdiI6Ik4rL05ITStLZm1QRkFWRGdWTUhvVVE9PSIsInZhbHVlIjoiVHpSTmRoMDNUQTllT3FNSEdlRS9panRaQTZuSGpkSjdlSHErbUtwU1lkcThocksxSWZxcU54QjBrU2MxZnAvZ2JONUtjVHFLTzU3T2ZUYWJEZzlYajAwaGlKMEhYM3Q5SVF5a21MNUVpdXdWK0xWVnQ1eWo1STBVTnlvSmw4MnEiLCJtYWMiOiJlMzMwM2FjODNhOWQzODg1NzYyNGU1YjBkYWRiYzIxNTc1YjcxYWEzZjMwYmZkMGMzZjg3Nzg2Yjc2ZWJkZDVmIiwidGFnIjoiIn0%3D; salem_store_session=eyJpdiI6InAreWFMN3dia1ZqU1l3dkJxRDNzUXc9PSIsInZhbHVlIjoic081WjB6TkZYYXlMMkgxaHp0ZmdPcEs1SWdrR0VPMGp6S2pZVjZRUkk5VkQ2SE4rcnVNZExzdG1NTzI0ODFNZlY3RzJabnl6L2k0M3J2NWRrY1kvNEpwV3AxSlovazBnUVFudmI3L0h3Y2M3eks3NFZwaDIrbGlTajVBbHFEOGIiLCJtYWMiOiIyYjJiNWI2YmNkNWUyOTQwOGI2YzgxYjkzYjg2NWUxNThkYTBjNjNmZjRmOTFiNzc2YzE1OGY2NGNjYWQ2ODNlIiwidGFnIjoiIn0%3D"],"priority":["u=2, i"],"accept-language":["en-GB,en-US;q=0.9,en;q=0.8"],"accept-encoding":["gzip, deflate, br, zstd"],"user-agent":["Mozilla\\/5.0 (Windows NT 10.0; Win64; x64) AppleWebKit\\/537.36 (KHTML, like Gecko) Chrome\\/149.0.0.0 Safari\\/537.36"],"referer":["https:\\/\\/salem-store.test\\/"],"sec-fetch-dest":["document"],"sec-fetch-mode":["navigate"],"sec-fetch-site":["none"],"sec-ch-ua-platform":["\\"Windows\\""],"sec-ch-ua-mobile":["?0"],"sec-ch-ua":["\\"Google Chrome\\";v=\\"149\\", \\"Chromium\\";v=\\"149\\", \\"Not)A;Brand\\";v=\\"24\\""],"accept":["text\\/html,application\\/xhtml+xml,application\\/xml;q=0.9,image\\/avif,image\\/webp,image\\/apng,*\\/*;q=0.8,application\\/signed-exchange;v=b3;q=0.7"],"sec-speculation-tags":["null"],"sec-purpose":["prefetch;prerender"],"upgrade-insecure-requests":["1"],"host":["salem-store.test"]}', '', 'Windows', 'Chrome', '127.0.0.1', 'Webkul\\Category\\Models\\Category', 15, NULL, NULL, 1, '2026-06-11 13:40:14', '2026-06-11 13:40:14'), (184, 'GET', '[]', 'https://salem-store.test/%D8%A7%D9%83%D8%B3%D8%B3%D9%88%D8%A7%D8%B1%D8%A7%D8%AA', 'https://salem-store.test/', '[]', 'Mozilla/5.0 (Windows NT 10.0; Win64; x64) AppleWebKit/537.36 (KHTML, like Gecko) Chrome/149.0.0.0 Safari/537.36', '{"cookie":["XSRF-TOKEN=eyJpdiI6IkRZUnRTQU9HUDZjUU5xK3VGS2dKbnc9PSIsInZhbHVlIjoiQko1MlRrQWZvQUs1VnFMcE1CL3JYT2NMY0Y2VC9lYXNrdTN2VFRlS1pMNUNwbkhVd1hFZEQ2L0RZYWluU0x6YjltTkxxRUxrNzRHcjkyeUlJQUt0ZEt6SDlnTWdOZWpjRlhNeHVqTmY4NEJpOGt1aGhheDQvUkF1dVMzaHFQSVMiLCJtYWMiOiJlZTM2YTZlOTMwM2QxYzE4NjNhODhhYmViZmYyNjZkMTM4ZjQ0NjY1MDYxNWRlYjJjMDViNTNmMmRiMjdiMGFjIiwidGFnIjoiIn0%3D; salem_store_session=eyJpdiI6IkdONkEvNEpzeUQzUTgzMDhkT2xJakE9PSIsInZhbHVlIjoiUnlFRXlCOGJ0SEdrNmZpQTlHMXBpVnNpdGJWVFhnd2JsRkF1Y2YwN1lTM1FrNTl3K01jSUl4T0F1L2ZKNmdHUWgzZjFiRXA0Vm56YndvMWtjYjVIQWl6UEdBRVdXRFhlNjZQcXBUZkxxdTUxWSsyUDFjV04ySFhKNmNqN3paLzUiLCJtYWMiOiI4NmE3MjFhYTg1OTk1YzUxMjA5YzcyYTVkZGYzMGY1MTlhYjUxNzRjNzdhZmIyNDcyOGFhY2IwOWZmY2IwM2ExIiwidGFnIjoiIn0%3D"],"priority":["u=2, i"],"accept-language":["en-GB,en-US;q=0.9,en;q=0.8"],"accept-encoding":["gzip, deflate, br, zstd"],"user-agent":["Mozilla\\/5.0 (Windows NT 10.0; Win64; x64) AppleWebKit\\/537.36 (KHTML, like Gecko) Chrome\\/149.0.0.0 Safari\\/537.36"],"referer":["https:\\/\\/salem-store.test\\/"],"sec-fetch-dest":["document"],"sec-fetch-mode":["navigate"],"sec-fetch-site":["none"],"sec-ch-ua-platform":["\\"Windows\\""],"sec-ch-ua-mobile":["?0"],"sec-ch-ua":["\\"Google Chrome\\";v=\\"149\\", \\"Chromium\\";v=\\"149\\", \\"Not)A;Brand\\";v=\\"24\\""],"accept":["text\\/html,application\\/xhtml+xml,application\\/xml;q=0.9,image\\/avif,image\\/webp,image\\/apng,*\\/*;q=0.8,application\\/signed-exchange;v=b3;q=0.7"],"sec-speculation-tags":["null"],"sec-purpose":["prefetch;prerender"],"upgrade-insecure-requests":["1"],"host":["salem-store.test"]}', '', 'Windows', 'Chrome', '127.0.0.1', 'Webkul\\Category\\Models\\Category', 22, NULL, NULL, 1, '2026-06-11 13:40:14', '2026-06-11 13:40:14'), (185, 'GET', '[]', 'https://salem-store.test/%D8%A7%D9%84%D8%B9%D8%A7%D8%A8-%D8%A7%D9%84%D9%83%D9%85%D8%A8%D9%8A%D9%88%D8%AA%D8%B1', 'https://salem-store.test/', '[]', 'Mozilla/5.0 (Windows NT 10.0; Win64; x64) AppleWebKit/537.36 (KHTML, like Gecko) Chrome/149.0.0.0 Safari/537.36', '{"cookie":["XSRF-TOKEN=eyJpdiI6InZXVk5YVFJiNGVXUmh2citkMTVtSFE9PSIsInZhbHVlIjoiemUwMkdhZUhFSkRod3psbnB4OXhIOFlCY3ZWQmpac1pxMzllQ3k5d29QclUyS0Q0UUVHcDBGZy96WERpWDcyMG5UQkVxUmNZN3ZlYWVBaHI1REk4ZmIwTzhRVHM5SjRWdS9ubTJocGdpeFBxSjQ1UWlEOGZ6STdYRG0zWWoweHMiLCJtYWMiOiI5NzlkYjZiMjY1MmMyMTM0ZWMyNWNiYTk3ZGU5NWRhMzdkZjMzYzBlMWI3ZWEzOTMzNzY4ZWI0MWQ5YzY4OTc1IiwidGFnIjoiIn0%3D; salem_store_session=eyJpdiI6ImhiQ1ltOWp4b2xPdTRzS3ZQeUM5WHc9PSIsInZhbHVlIjoibGdabWQvcWcwb1dwem5jSk1GTUM5cXpuOS8wYWxuNUozQlQ4d2VraTE5ZWdYUXl4MmRIZU5VSnR5dS9CaExTSG0xUUlEWFBGTEI2U3dqbVMzUUlCYk96Mk5QblFZRGJ2Z1VrMkNjV1laT1J6U2hPbFo1Ny9RTEpjaWYrWitvOFgiLCJtYWMiOiJmYTE0ZjBkZDY0Y2YxNzkwNzgyNmYzNjQ4NjUzZWI4ODBmZjJjZjA4M2U2MWU1MjJhNmFjZWE4Y2YwNWMzNDFhIiwidGFnIjoiIn0%3D"],"priority":["u=2, i"],"accept-language":["en-GB,en-US;q=0.9,en;q=0.8"],"accept-encoding":["gzip, deflate, br, zstd"],"user-agent":["Mozilla\\/5.0 (Windows NT 10.0; Win64; x64) AppleWebKit\\/537.36 (KHTML, like Gecko) Chrome\\/149.0.0.0 Safari\\/537.36"],"referer":["https:\\/\\/salem-store.test\\/"],"sec-fetch-dest":["document"],"sec-fetch-mode":["navigate"],"sec-fetch-site":["none"],"sec-ch-ua-platform":["\\"Windows\\""],"sec-ch-ua-mobile":["?0"],"sec-ch-ua":["\\"Google Chrome\\";v=\\"149\\", \\"Chromium\\";v=\\"149\\", \\"Not)A;Brand\\";v=\\"24\\""],"accept":["text\\/html,application\\/xhtml+xml,application\\/xml;q=0.9,image\\/avif,image\\/webp,image\\/apng,*\\/*;q=0.8,application\\/signed-exchange;v=b3;q=0.7"],"sec-speculation-tags":["null"],"sec-purpose":["prefetch;prerender"],"upgrade-insecure-requests":["1"],"host":["salem-store.test"]}', '', 'Windows', 'Chrome', '127.0.0.1', 'Webkul\\Category\\Models\\Category', 14, NULL, NULL, 1, '2026-06-11 13:44:05', '2026-06-11 13:44:05'), (186, 'GET', '[]', 'https://salem-store.test/anker-power-stations', 'https://salem-store.test/', '[]', 'Mozilla/5.0 (Windows NT 10.0; Win64; x64) AppleWebKit/537.36 (KHTML, like Gecko) Chrome/149.0.0.0 Safari/537.36', '{"cookie":["XSRF-TOKEN=eyJpdiI6IlpBcmF6WjFKek1jWERYQ1ZVUEdsSFE9PSIsInZhbHVlIjoiN1QxaVJYWVNWaExwV3l4WXhNZm1XaFJWQ0VNbmVPS2pKZGFoK0thNWJsSVJmeVpVcXJMUit6MTN1RHI1aWZBNlJIdzQrellZMm1ReTVNd2gzUWp6OUVtdzZmWmdSVzk3eTR2a01pN3VubHNiRXlpRzF2RHZXSVI0TU5USVlRQnEiLCJtYWMiOiI4OGY2YjgwMjViNDk1YzdkZjRkODFhNWU2ZWY3NDBkMTllMTgzYmFkNmNiM2UzNzk2ZWM5MDQwZmQxM2Y5M2NkIiwidGFnIjoiIn0%3D; salem_store_session=eyJpdiI6Im9SM1hpTXN6aFdLTURzcFBmSUhkcWc9PSIsInZhbHVlIjoiRHppUlFneVp4RWR2RjJyQ0hYTXNkR1lxa2JJZDNjeEd1NXExL2RqcnVWcTVBRmwzcnVHc1RlTW9Hc29yWEl5NmZ6VGhveEpFdmVPV0xmckthaDMxQnovek40T3hRTjc4eUhhK3gwTE5ZMlcwVWhneEFadjZ0WnhUbVRma3dIWTQiLCJtYWMiOiIxYzdiNzQ5YTllZTcyNThmYjIwYzI1NmM2MTBmZDk1M2U0NjgwNTM3MTM1NDRhNGJjZGIzOTJlNzZkOGRhZTgwIiwidGFnIjoiIn0%3D"],"priority":["u=2, i"],"accept-language":["en-GB,en-US;q=0.9,en;q=0.8"],"accept-encoding":["gzip, deflate, br, zstd"],"user-agent":["Mozilla\\/5.0 (Windows NT 10.0; Win64; x64) AppleWebKit\\/537.36 (KHTML, like Gecko) Chrome\\/149.0.0.0 Safari\\/537.36"],"referer":["https:\\/\\/salem-store.test\\/"],"sec-fetch-dest":["document"],"sec-fetch-mode":["navigate"],"sec-fetch-site":["none"],"sec-ch-ua-platform":["\\"Windows\\""],"sec-ch-ua-mobile":["?0"],"sec-ch-ua":["\\"Google Chrome\\";v=\\"149\\", \\"Chromium\\";v=\\"149\\", \\"Not)A;Brand\\";v=\\"24\\""],"accept":["text\\/html,application\\/xhtml+xml,application\\/xml;q=0.9,image\\/avif,image\\/webp,image\\/apng,*\\/*;q=0.8,application\\/signed-exchange;v=b3;q=0.7"],"sec-speculation-tags":["null"],"sec-purpose":["prefetch;prerender"],"upgrade-insecure-requests":["1"],"host":["salem-store.test"]}', '', 'Windows', 'Chrome', '127.0.0.1', 'Webkul\\Category\\Models\\Category', 72, NULL, NULL, 1, '2026-06-11 14:15:44', '2026-06-11 14:15:44'), (187, 'GET', '[]', 'https://salem-store.test/anker-connectivity', 'https://salem-store.test/', '[]', 'Mozilla/5.0 (Windows NT 10.0; Win64; x64) AppleWebKit/537.36 (KHTML, like Gecko) Chrome/149.0.0.0 Safari/537.36', '{"cookie":["XSRF-TOKEN=eyJpdiI6IjkrQmZHNWlsU2FuL2xuaGpFUncvSmc9PSIsInZhbHVlIjoidyttdHZRTkhPbmxOa202MWFJaWtlQVJnSEZEV05laVJ4cWM2eDY4YlhVVnhWeVVWYkVCQThNT2hPYTJsRnNqQXErdVFBVGgvM21JRTgwOFhORkR0cFBtSGpzcWZrUzJkL2xXQm9iZDNqOVRTUEpDcHJUUnoxVHBYZjhpejhmZWYiLCJtYWMiOiI3ZDk0ZDI1MzJhMDk5ZDA5ZWU5ODljYjkwOWQ1YTVjYjU2YzI5YzYyZDc2MGVlMGE3MjYyOWMyOTljZWMyYjIzIiwidGFnIjoiIn0%3D; salem_store_session=eyJpdiI6IjRtUnlzZWVndGtGOStHN1k4THpublE9PSIsInZhbHVlIjoiT1c3cktrNWlhbFBScTJUNWREazhmYWNjY3p0L1VCOWI4OUZvUnI5SjZ2WFVJWUlwcElCL0d6cUhhSTAydEJrZld2Q0hHdVZvbzYwVVZsZ0k1SUtBRjNiQ3ovcGVYS1VNNmozbkpyVFVxTWpPVVF6M0tFY2dFd1prUzNuYTR0RkwiLCJtYWMiOiI1NmMzMmU3ZTQxYzFlMzUzOGI0NTE1OTlhNmFjOGFjYWY0NDhkNDVlMDI0OTZhMjY4M2MwYTRlYzgwOWFmM2ZkIiwidGFnIjoiIn0%3D"],"priority":["u=2, i"],"accept-language":["en-GB,en-US;q=0.9,en;q=0.8"],"accept-encoding":["gzip, deflate, br, zstd"],"user-agent":["Mozilla\\/5.0 (Windows NT 10.0; Win64; x64) AppleWebKit\\/537.36 (KHTML, like Gecko) Chrome\\/149.0.0.0 Safari\\/537.36"],"referer":["https:\\/\\/salem-store.test\\/"],"sec-fetch-dest":["document"],"sec-fetch-mode":["navigate"],"sec-fetch-site":["none"],"sec-ch-ua-platform":["\\"Windows\\""],"sec-ch-ua-mobile":["?0"],"sec-ch-ua":["\\"Google Chrome\\";v=\\"149\\", \\"Chromium\\";v=\\"149\\", \\"Not)A;Brand\\";v=\\"24\\""],"accept":["text\\/html,application\\/xhtml+xml,application\\/xml;q=0.9,image\\/avif,image\\/webp,image\\/apng,*\\/*;q=0.8,application\\/signed-exchange;v=b3;q=0.7"],"sec-speculation-tags":["null"],"sec-purpose":["prefetch;prerender"],"upgrade-insecure-requests":["1"],"host":["salem-store.test"]}', '', 'Windows', 'Chrome', '127.0.0.1', 'Webkul\\Category\\Models\\Category', 75, NULL, NULL, 1, '2026-06-11 14:18:05', '2026-06-11 14:18:05'), (188, 'GET', '[]', 'https://salem-store.test/anker-smart-home', 'https://salem-store.test/', '[]', 'Mozilla/5.0 (Windows NT 10.0; Win64; x64) AppleWebKit/537.36 (KHTML, like Gecko) Chrome/149.0.0.0 Safari/537.36', '{"cookie":["XSRF-TOKEN=eyJpdiI6ImhrQnZaa2NUb0VLeStGa251Z1p5SFE9PSIsInZhbHVlIjoiWGQ3RThtcW1XRy9Mc2FYNlY4NDBoQWZHc3BsWXFUaEF4bmd5R3QvUnhXa2tqMDNUM3ViK2g4Vlcxc09NTmxoamhaVUV3bHBhK2lVdWNjSTd0OE9SdUhqTER5VXh4YjZ2OHRjaHlmR3lqTmk1bXJhb0dEcjcyQ2VpcUhxbjZQR0YiLCJtYWMiOiI3OWZjOGRkZmU2ZDJjMTAxZDI3M2NlMmZiNTcwM2NhMjlkNTlkYjJhMTgzMTNjYTgxNWVjZjllNmNlNzA1Y2ViIiwidGFnIjoiIn0%3D; salem_store_session=eyJpdiI6Ilk2dHdHUzdVcGNqVk9oM2lwYnhGa0E9PSIsInZhbHVlIjoiWFZsMm5tb2VtL2J0ZmxUckNnUFllQWNObVpLaXBIMUljaHMycTJqRE9MenBuaU9PN1JvaHJ0RkVSMkdwOHFnL3NwOHEvdkpxSkpNTEZQZi9EV2lLRFVYb3FHMEtqNGFnSzF1UzZnRVVtN0Jjc0dxcVRnSGF1NFM1MFMxaFdKTm0iLCJtYWMiOiI3ZTU2MGYyNTM2NjIwMzg0ZWQwOTIzYTBjNjYzYTZhYjU4NmExYWFjNjI1Y2IwM2MyMzNlZjkxYzk5NjQyYTdjIiwidGFnIjoiIn0%3D"],"priority":["u=2, i"],"accept-language":["en-GB,en-US;q=0.9,en;q=0.8"],"accept-encoding":["gzip, deflate, br, zstd"],"user-agent":["Mozilla\\/5.0 (Windows NT 10.0; Win64; x64) AppleWebKit\\/537.36 (KHTML, like Gecko) Chrome\\/149.0.0.0 Safari\\/537.36"],"referer":["https:\\/\\/salem-store.test\\/"],"sec-fetch-dest":["document"],"sec-fetch-mode":["navigate"],"sec-fetch-site":["none"],"sec-ch-ua-platform":["\\"Windows\\""],"sec-ch-ua-mobile":["?0"],"sec-ch-ua":["\\"Google Chrome\\";v=\\"149\\", \\"Chromium\\";v=\\"149\\", \\"Not)A;Brand\\";v=\\"24\\""],"accept":["text\\/html,application\\/xhtml+xml,application\\/xml;q=0.9,image\\/avif,image\\/webp,image\\/apng,*\\/*;q=0.8,application\\/signed-exchange;v=b3;q=0.7"],"sec-speculation-tags":["null"],"sec-purpose":["prefetch;prerender"],"upgrade-insecure-requests":["1"],"host":["salem-store.test"]}', '', 'Windows', 'Chrome', '127.0.0.1', 'Webkul\\Category\\Models\\Category', 74, NULL, NULL, 1, '2026-06-11 14:19:55', '2026-06-11 14:19:55'), (189, 'GET', '[]', 'https://salem-store.test/anker-audio', 'https://salem-store.test/', '[]', 'Mozilla/5.0 (Windows NT 10.0; Win64; x64) AppleWebKit/537.36 (KHTML, like Gecko) Chrome/149.0.0.0 Safari/537.36', '{"cookie":["XSRF-TOKEN=eyJpdiI6IkZrS3Z0Qk1FT24vZlQ0TWYyY3VTYUE9PSIsInZhbHVlIjoiSE84ODFQeTJRSS9hemdhZGxYay9POE1VVHgxNWFzYnVkOGNST1ZSYXVCVjRWREZrYjlib3JLb0lSYjVnWXpQOE83SGtJUTRqU2ZiWW5FU0dwY1owaUVQUmUvcFFTRGs1dE1CVE40NlQzdlZtOHBOUlhjS0xkR3V2SktCSzFBQzYiLCJtYWMiOiI2YTg4MzcxMDMxNDNiMGI4ZWY2NWQxYjhkYmFmNTE5NDc1MmJjN2ZmMDQ0MDQyNzc5YThlMGY4ODQzMDRjNmU1IiwidGFnIjoiIn0%3D; salem_store_session=eyJpdiI6InFxQ25ZMFhBOW45Q0lseVlLWldDbGc9PSIsInZhbHVlIjoiVUI1QlZ2a1BQcEZ1dldvY3ZyWnZvOWU5LzNicDJWV0FvRGpyRzFMdU9JUU13OU55ZmRrK0wzQWtIWU15Ulk5MitVL1lJdlJlTlg4cHVmZFdyZlY2U21DSnJ1aGVzUE9PWFZqWWU0Mi9acVgwM1Z1aFQrei9SZFRFMjBncEhTK0oiLCJtYWMiOiJmNjVkNmZiZTJiYmY0YTE1MDZkNWU5MmZjZDkxZWZhYTZjYjFkZGY0MmE2ZmVhYWY5ODJmZGEzMDkwNTEyNDlmIiwidGFnIjoiIn0%3D"],"priority":["u=2, i"],"accept-language":["en-GB,en-US;q=0.9,en;q=0.8"],"accept-encoding":["gzip, deflate, br, zstd"],"user-agent":["Mozilla\\/5.0 (Windows NT 10.0; Win64; x64) AppleWebKit\\/537.36 (KHTML, like Gecko) Chrome\\/149.0.0.0 Safari\\/537.36"],"referer":["https:\\/\\/salem-store.test\\/"],"sec-fetch-dest":["document"],"sec-fetch-mode":["navigate"],"sec-fetch-site":["none"],"sec-ch-ua-platform":["\\"Windows\\""],"sec-ch-ua-mobile":["?0"],"sec-ch-ua":["\\"Google Chrome\\";v=\\"149\\", \\"Chromium\\";v=\\"149\\", \\"Not)A;Brand\\";v=\\"24\\""],"accept":["text\\/html,application\\/xhtml+xml,application\\/xml;q=0.9,image\\/avif,image\\/webp,image\\/apng,*\\/*;q=0.8,application\\/signed-exchange;v=b3;q=0.7"],"sec-speculation-tags":["null"],"sec-purpose":["prefetch;prerender"],"upgrade-insecure-requests":["1"],"host":["salem-store.test"]}', '', 'Windows', 'Chrome', '127.0.0.1', 'Webkul\\Category\\Models\\Category', 73, NULL, NULL, 1, '2026-06-11 14:19:56', '2026-06-11 14:19:56'), (190, 'GET', '[]', 'https://salem-store.test/anker-nebula', 'https://salem-store.test/', '[]', 'Mozilla/5.0 (Windows NT 10.0; Win64; x64) AppleWebKit/537.36 (KHTML, like Gecko) Chrome/149.0.0.0 Safari/537.36', '{"cookie":["XSRF-TOKEN=eyJpdiI6IjJhVFlWZ3pLYmlWR0RBRFlOY083SlE9PSIsInZhbHVlIjoidjJ5Q2NNRVIwWUlWeWhkQUNFRy95Mm1KMVdSTDBKaERQay9hdDQ1YVFIYzl6MXNGVXppZHdEQmxDTm5NWVV1WUVQWS9pRk5CZUdhaWJEYW5ZRWtzM041TlJsdVdTcWRUeG9seUJtS1V2djZaaTM4c0l3cVJCMWNhczBmVWFvMHYiLCJtYWMiOiIzZDEwMDJjYmVmM2RkMTk5ZTgzZmRiZjczMzE3MzhlOTc5MTljMWI1OGQ5MzFiYTZhZDhiZDViN2ZlZGM1ZGU5IiwidGFnIjoiIn0%3D; salem_store_session=eyJpdiI6Ik5ZMzc1cU5YS2laUHpBU0tMUEdQTVE9PSIsInZhbHVlIjoicFV2Ny9aeS85NnpYOUZkR05jZEE0UEFFSFZoSXZXWTRtOTM0WEt5QTgzamZpek5uUTUyUTV2NEEyb3RUOGwzZzBYZ2w4L1RxaCtpSmdVNmt4QXpHYnZPM3VIMHdYSElIVk1kaVVLTDVWVk5uSU96bm0xRTVESUJRbkxLeWZ3VTAiLCJtYWMiOiJkZjA4ZTE4YjIyYTcxZTM5MTdmYzhhOTI4MmViNDEwZjQxOTk0YjE3MWQ4ZDJhYWEyOTNhZjg5YTZhY2U1YTMzIiwidGFnIjoiIn0%3D"],"priority":["u=2, i"],"accept-language":["en-GB,en-US;q=0.9,en;q=0.8"],"accept-encoding":["gzip, deflate, br, zstd"],"user-agent":["Mozilla\\/5.0 (Windows NT 10.0; Win64; x64) AppleWebKit\\/537.36 (KHTML, like Gecko) Chrome\\/149.0.0.0 Safari\\/537.36"],"referer":["https:\\/\\/salem-store.test\\/"],"sec-fetch-dest":["document"],"sec-fetch-mode":["navigate"],"sec-fetch-site":["none"],"sec-ch-ua-platform":["\\"Windows\\""],"sec-ch-ua-mobile":["?0"],"sec-ch-ua":["\\"Google Chrome\\";v=\\"149\\", \\"Chromium\\";v=\\"149\\", \\"Not)A;Brand\\";v=\\"24\\""],"accept":["text\\/html,application\\/xhtml+xml,application\\/xml;q=0.9,image\\/avif,image\\/webp,image\\/apng,*\\/*;q=0.8,application\\/signed-exchange;v=b3;q=0.7"],"sec-speculation-tags":["null"],"sec-purpose":["prefetch;prerender"],"upgrade-insecure-requests":["1"],"host":["salem-store.test"]}', '', 'Windows', 'Chrome', '127.0.0.1', 'Webkul\\Category\\Models\\Category', 82, NULL, NULL, 1, '2026-06-11 14:25:57', '2026-06-11 14:25:57'), (191, 'GET', '[]', 'https://salem-store.test/anker-3d-printers', 'https://salem-store.test/', '[]', 'Mozilla/5.0 (Windows NT 10.0; Win64; x64) AppleWebKit/537.36 (KHTML, like Gecko) Chrome/149.0.0.0 Safari/537.36', '{"cookie":["XSRF-TOKEN=eyJpdiI6Ik5iYUZreGpjdEQ5aVVGK3JSVXJoSEE9PSIsInZhbHVlIjoiTVB5MWQwWlc5YXNvSTdOQkt4TFhvdlpFSXNmZ3NPK1YzVkdLVnp3UTFSMEk4a05jMUN3VnpxQkxNZmRSaWluOXBEMVJJSldoeVdWbndFVkpVVzQ5a0tSV2ZDOHFZVGdqMmxyZk81dUV6U0FYWFc2LzF3WHpwZjR6aHIxbFJEdW0iLCJtYWMiOiJmMmQyZWZhMzZhMmZlM2E4NmU1YmQ5ZjY3NDljMTdkMzg1YzExMzMzMWE1ZmE2MDkwZTA1ODk3ODdjY2FmODM0IiwidGFnIjoiIn0%3D; salem_store_session=eyJpdiI6IktwMVozWVlSNnFaQXpiaGYxY3ZYdWc9PSIsInZhbHVlIjoidk5jS1dtNDhya1d2SC9CdzVOZGV3OTFadmorVE9TVEpnZ3gwSFpod2txV3MzQlhUbU5HV3gwcUt5YkhadndtdUJDZUt5c01WZmprSmRHUm5oTU1iNlNYaDcxbzVaOVF6WDU0R1pnZEZKTTZRQ2d2dDlxTS9TMW5QZUdRZEtqeEMiLCJtYWMiOiJkYTc0NGJjNGI5YzRkYjM0NjNjODcxNmY4YjI2NGMyZjM3MTdmOGI3Y2Q0YjU0YWNlNzAzMmMzN2E3OWMzNTY3IiwidGFnIjoiIn0%3D"],"priority":["u=2, i"],"accept-language":["en-GB,en-US;q=0.9,en;q=0.8"],"accept-encoding":["gzip, deflate, br, zstd"],"user-agent":["Mozilla\\/5.0 (Windows NT 10.0; Win64; x64) AppleWebKit\\/537.36 (KHTML, like Gecko) Chrome\\/149.0.0.0 Safari\\/537.36"],"referer":["https:\\/\\/salem-store.test\\/"],"sec-fetch-dest":["document"],"sec-fetch-mode":["navigate"],"sec-fetch-site":["none"],"sec-ch-ua-platform":["\\"Windows\\""],"sec-ch-ua-mobile":["?0"],"sec-ch-ua":["\\"Google Chrome\\";v=\\"149\\", \\"Chromium\\";v=\\"149\\", \\"Not)A;Brand\\";v=\\"24\\""],"accept":["text\\/html,application\\/xhtml+xml,application\\/xml;q=0.9,image\\/avif,image\\/webp,image\\/apng,*\\/*;q=0.8,application\\/signed-exchange;v=b3;q=0.7"],"sec-speculation-tags":["null"],"sec-purpose":["prefetch;prerender"],"upgrade-insecure-requests":["1"],"host":["salem-store.test"]}', '', 'Windows', 'Chrome', '127.0.0.1', 'Webkul\\Category\\Models\\Category', 83, NULL, NULL, 1, '2026-06-11 14:25:57', '2026-06-11 14:25:57'), (192, 'GET', '[]', 'https://salem-store.test/anker-smart-cleaning', 'https://salem-store.test/', '[]', 'Mozilla/5.0 (Windows NT 10.0; Win64; x64) AppleWebKit/537.36 (KHTML, like Gecko) Chrome/149.0.0.0 Safari/537.36', '{"cookie":["XSRF-TOKEN=eyJpdiI6IktMY3BvWStCQnJ1Mmg5U1FPYzlnZGc9PSIsInZhbHVlIjoiWFJSWkVaRWpjaWE0SXludHpubm1XaXRDVlRyNlVVRVZkQm1kbnZVM205SWNPYkF3eUJ4M0czdkpOZytSUStJM3NhQkpUbVVUSTZUbko2cERqZW12TzF6MU1hVTV0UTd2VFhIa01IOU1KcS9NbFE1UDdLSTNJdzNiWUdoZCtOVEUiLCJtYWMiOiJhYWY5YWI3ZTgwZTZjZWFlOGJkYWNhZmFhYjVkOTg5ZWMzOGM0OTZkOTk1YjFjZDgzYmUyYjhhNGM0YmJmMjdiIiwidGFnIjoiIn0%3D; salem_store_session=eyJpdiI6IkFGV2R2MWJhK28rK2JzTlpreDNoUkE9PSIsInZhbHVlIjoiMWJRbGZXRkt2K1JsTFcraGNSb0FxSitjMVo5VmMybTd5NFp1QnBDMUhUTS96bU4ra04vOVNaUXBGelBLUXpYR20rcUpxZW9KclV5U2RwMldFZWVyYTUrZzMydm1KbHR4dmMwYk1qZis4NDRFcHVXL0c2b3ZyMWVna1QyY25pSk0iLCJtYWMiOiJiOGZhODFhODhiYWE3ZWMxYzI5ODRjODI5YTM0YTE3MzM4NDFmYmE5NzIzN2NlNjc4YzZmMzZlNmJkZjgzOTJiIiwidGFnIjoiIn0%3D"],"priority":["u=2, i"],"accept-language":["en-GB,en-US;q=0.9,en;q=0.8"],"accept-encoding":["gzip, deflate, br, zstd"],"user-agent":["Mozilla\\/5.0 (Windows NT 10.0; Win64; x64) AppleWebKit\\/537.36 (KHTML, like Gecko) Chrome\\/149.0.0.0 Safari\\/537.36"],"referer":["https:\\/\\/salem-store.test\\/"],"sec-fetch-dest":["document"],"sec-fetch-mode":["navigate"],"sec-fetch-site":["none"],"sec-ch-ua-platform":["\\"Windows\\""],"sec-ch-ua-mobile":["?0"],"sec-ch-ua":["\\"Google Chrome\\";v=\\"149\\", \\"Chromium\\";v=\\"149\\", \\"Not)A;Brand\\";v=\\"24\\""],"accept":["text\\/html,application\\/xhtml+xml,application\\/xml;q=0.9,image\\/avif,image\\/webp,image\\/apng,*\\/*;q=0.8,application\\/signed-exchange;v=b3;q=0.7"],"sec-speculation-tags":["null"],"sec-purpose":["prefetch;prerender"],"upgrade-insecure-requests":["1"],"host":["salem-store.test"]}', '', 'Windows', 'Chrome', '127.0.0.1', 'Webkul\\Category\\Models\\Category', 84, NULL, NULL, 1, '2026-06-11 14:25:57', '2026-06-11 14:25:57'), (193, 'GET', '[]', 'https://salem-store.test/anker-solix', 'https://salem-store.test/', '[]', 'Mozilla/5.0 (Windows NT 10.0; Win64; x64) AppleWebKit/537.36 (KHTML, like Gecko) Chrome/149.0.0.0 Safari/537.36', '{"cookie":["XSRF-TOKEN=eyJpdiI6IkVFOXBnWEJnamVtN0F2cXZibEMrN0E9PSIsInZhbHVlIjoiMzZPZjBzNjBWSXRBeDRNdkl5bXFWWkY0U3VoT3JPU0lwQngwRndJeGhZREkyMVVJZ2xyKzUrZzA2NHFFYW5CbmRTanJYOXVWUlh5Z0JBZ0pkTVRTM3lCZmFnVThYS2oydzM4bTJNVE0zRVhBc2lwSUdZQWFZbW5sVXc0R0RkLzciLCJtYWMiOiI1MGRjZWQzZjMxYzk1NWQxYTI3MzQ3NWFhZTM3MDUxMjkyMzlhMGNmOTBhOGUwMDc3NDM0YTJhY2Q1NzQzMTlmIiwidGFnIjoiIn0%3D; salem_store_session=eyJpdiI6InNoOTNPdzlLcVJxMHNzVkF2ME52Ymc9PSIsInZhbHVlIjoiN211Qlk2Q1FjV2VCd0RlMkY0TDFDWTZ2aFloZzFtNXVid1NsYXpaa1VLNUgyZGRjaXFPTGVPU2VXN0hhdWdDVTdvdFRhYVRtcXkxTTNzczNUbFBWZDlqUlcyaFRCbmJzN2tYRUlPbHpKMURQa1o1NnU3MmU2WS9lNjVKcWxKU1IiLCJtYWMiOiI1NGJkYjI4ZDBiMzcyNWJjMjRjYjdkZGExZDZmNGY4MWQxZDI0ZjE4MWVkYjE0MzU2ODZiY2M5OTg1N2ZhZWU0IiwidGFnIjoiIn0%3D"],"priority":["u=2, i"],"accept-language":["en-GB,en-US;q=0.9,en;q=0.8"],"accept-encoding":["gzip, deflate, br, zstd"],"user-agent":["Mozilla\\/5.0 (Windows NT 10.0; Win64; x64) AppleWebKit\\/537.36 (KHTML, like Gecko) Chrome\\/149.0.0.0 Safari\\/537.36"],"referer":["https:\\/\\/salem-store.test\\/"],"sec-fetch-dest":["document"],"sec-fetch-mode":["navigate"],"sec-fetch-site":["none"],"sec-ch-ua-platform":["\\"Windows\\""],"sec-ch-ua-mobile":["?0"],"sec-ch-ua":["\\"Google Chrome\\";v=\\"149\\", \\"Chromium\\";v=\\"149\\", \\"Not)A;Brand\\";v=\\"24\\""],"accept":["text\\/html,application\\/xhtml+xml,application\\/xml;q=0.9,image\\/avif,image\\/webp,image\\/apng,*\\/*;q=0.8,application\\/signed-exchange;v=b3;q=0.7"],"sec-speculation-tags":["null"],"sec-purpose":["prefetch;prerender"],"upgrade-insecure-requests":["1"],"host":["salem-store.test"]}', '', 'Windows', 'Chrome', '127.0.0.1', 'Webkul\\Category\\Models\\Category', 85, NULL, NULL, 1, '2026-06-11 14:26:23', '2026-06-11 14:26:23'), (194, 'GET', '[]', 'https://salem-store.test/anker-personal-health', 'https://salem-store.test/', '[]', 'Mozilla/5.0 (Windows NT 10.0; Win64; x64) AppleWebKit/537.36 (KHTML, like Gecko) Chrome/149.0.0.0 Safari/537.36', '{"cookie":["XSRF-TOKEN=eyJpdiI6IkVFOXBnWEJnamVtN0F2cXZibEMrN0E9PSIsInZhbHVlIjoiMzZPZjBzNjBWSXRBeDRNdkl5bXFWWkY0U3VoT3JPU0lwQngwRndJeGhZREkyMVVJZ2xyKzUrZzA2NHFFYW5CbmRTanJYOXVWUlh5Z0JBZ0pkTVRTM3lCZmFnVThYS2oydzM4bTJNVE0zRVhBc2lwSUdZQWFZbW5sVXc0R0RkLzciLCJtYWMiOiI1MGRjZWQzZjMxYzk1NWQxYTI3MzQ3NWFhZTM3MDUxMjkyMzlhMGNmOTBhOGUwMDc3NDM0YTJhY2Q1NzQzMTlmIiwidGFnIjoiIn0%3D; salem_store_session=eyJpdiI6InNoOTNPdzlLcVJxMHNzVkF2ME52Ymc9PSIsInZhbHVlIjoiN211Qlk2Q1FjV2VCd0RlMkY0TDFDWTZ2aFloZzFtNXVid1NsYXpaa1VLNUgyZGRjaXFPTGVPU2VXN0hhdWdDVTdvdFRhYVRtcXkxTTNzczNUbFBWZDlqUlcyaFRCbmJzN2tYRUlPbHpKMURQa1o1NnU3MmU2WS9lNjVKcWxKU1IiLCJtYWMiOiI1NGJkYjI4ZDBiMzcyNWJjMjRjYjdkZGExZDZmNGY4MWQxZDI0ZjE4MWVkYjE0MzU2ODZiY2M5OTg1N2ZhZWU0IiwidGFnIjoiIn0%3D"],"priority":["u=2, i"],"accept-language":["en-GB,en-US;q=0.9,en;q=0.8"],"accept-encoding":["gzip, deflate, br, zstd"],"user-agent":["Mozilla\\/5.0 (Windows NT 10.0; Win64; x64) AppleWebKit\\/537.36 (KHTML, like Gecko) Chrome\\/149.0.0.0 Safari\\/537.36"],"referer":["https:\\/\\/salem-store.test\\/"],"sec-fetch-dest":["document"],"sec-fetch-mode":["navigate"],"sec-fetch-site":["none"],"sec-ch-ua-platform":["\\"Windows\\""],"sec-ch-ua-mobile":["?0"],"sec-ch-ua":["\\"Google Chrome\\";v=\\"149\\", \\"Chromium\\";v=\\"149\\", \\"Not)A;Brand\\";v=\\"24\\""],"accept":["text\\/html,application\\/xhtml+xml,application\\/xml;q=0.9,image\\/avif,image\\/webp,image\\/apng,*\\/*;q=0.8,application\\/signed-exchange;v=b3;q=0.7"],"sec-speculation-tags":["null"],"sec-purpose":["prefetch;prerender"],"upgrade-insecure-requests":["1"],"host":["salem-store.test"]}', '', 'Windows', 'Chrome', '127.0.0.1', 'Webkul\\Category\\Models\\Category', 86, NULL, NULL, 1, '2026-06-11 14:26:23', '2026-06-11 14:26:23'), (195, 'GET', '[]', 'https://salem-store.test/%D9%83%DA%A4%D8%B1%D8%A7%D8%AA-pitaka', 'https://salem-store.test/', '[]', 'Mozilla/5.0 (Windows NT 10.0; Win64; x64) AppleWebKit/537.36 (KHTML, like Gecko) Chrome/149.0.0.0 Safari/537.36', '{"cookie":["XSRF-TOKEN=eyJpdiI6IjAxWHJQQzNETUo2Tm9jZHN6bGlUb1E9PSIsInZhbHVlIjoibHJYdjRWZGg3MVBBdkNzSzY5cXZaN0JEeUdnalp5N3V1YkhXV29FbEV2M1VZYnNZVk83TTRTNjArbWRVNVVSSEQ3VkxlYk4vbDIrMUFxY2xuYTFtSWwxQ1JHRkprQnoxY1ROd2VSVTlyQVZ2dEdtZ3k2ZXRzTHpMKzc0OUpIRk4iLCJtYWMiOiJlNzgzZDU2MmExN2ZhMTM4YzU0NzRhNzJiZjA1NzViYTZjYjExOTVkMGFhMTRlYjA2MDY2OGQ4ZDc1M2VlNjQ1IiwidGFnIjoiIn0%3D; salem_store_session=eyJpdiI6IjRwK2dzLzhvT25VdW41S2dBSXlGOFE9PSIsInZhbHVlIjoibTlTOEFiMldWSEhmQWZqYUs4Zm04SzhFaE9jZVh5cjRVZ3I5citybjUwa0RMRXQxOCtWcWpiYUN1ZW1DendDNGxjZ1IvbVFxUEZMOSthZkdZMkxQVzhZOFV3enBkcG1taU00OVBXUVJROHJxSWMzNDJNcDJvR3FQVDQ5WnVBMXciLCJtYWMiOiI0NTE3NTBjYWM1MDYyODExMjc2ZWM4M2I4M2MxMzExOWU3NTNiMTBmNTQ4OTU3YWNlNzdiNjE5ZDlkZGZlYzBiIiwidGFnIjoiIn0%3D"],"priority":["u=2, i"],"accept-language":["en-GB,en-US;q=0.9,en;q=0.8"],"accept-encoding":["gzip, deflate, br, zstd"],"user-agent":["Mozilla\\/5.0 (Windows NT 10.0; Win64; x64) AppleWebKit\\/537.36 (KHTML, like Gecko) Chrome\\/149.0.0.0 Safari\\/537.36"],"referer":["https:\\/\\/salem-store.test\\/"],"sec-fetch-dest":["document"],"sec-fetch-mode":["navigate"],"sec-fetch-site":["none"],"sec-ch-ua-platform":["\\"Windows\\""],"sec-ch-ua-mobile":["?0"],"sec-ch-ua":["\\"Google Chrome\\";v=\\"149\\", \\"Chromium\\";v=\\"149\\", \\"Not)A;Brand\\";v=\\"24\\""],"accept":["text\\/html,application\\/xhtml+xml,application\\/xml;q=0.9,image\\/avif,image\\/webp,image\\/apng,*\\/*;q=0.8,application\\/signed-exchange;v=b3;q=0.7"],"sec-speculation-tags":["null"],"sec-purpose":["prefetch;prerender"],"upgrade-insecure-requests":["1"],"host":["salem-store.test"]}', '', 'Windows', 'Chrome', '127.0.0.1', 'Webkul\\Product\\Models\\Product', 1, NULL, NULL, 1, '2026-06-11 14:26:45', '2026-06-11 14:26:45'), (196, 'GET', '[]', 'https://salem-store.test/%D8%AC%D8%B1%D8%A7%D8%A8-%D8%B3%D9%8A%D9%84%D9%8A%D9%83%D9%88%D9%86', 'https://salem-store.test/', '[]', 'Mozilla/5.0 (Windows NT 10.0; Win64; x64) AppleWebKit/537.36 (KHTML, like Gecko) Chrome/149.0.0.0 Safari/537.36', '{"cookie":["XSRF-TOKEN=eyJpdiI6Ilo3OG9NakZNVGFWeFN3UVlTdUt6cHc9PSIsInZhbHVlIjoiSGo3WmkvdE11K0x0cWluWEtEWFBTd3U0U3RrWDl4R0h2S08yMmRMM0ZvK1pZUGFrR2VpNnBEUmMwNWoydDduRXRtNjRGS2dRaklEYlFqTVpsMGpGd1ZkVmdNYmFMYVh3cnNuQ3pMMDUyMHUyVnJ0ZGE4a3p6M2pqcndXMG5UODMiLCJtYWMiOiJmOWU0NjFkNGI4ZTJkOWQ4MGEzZmJlZTA4NTRhMTI4ODVkZGMyYmQ3ZDZkNzNlOGE4ZGQ2MjQ1ZTNkZGE5NGYzIiwidGFnIjoiIn0%3D; salem_store_session=eyJpdiI6Iks1TU1JSmJmamNOU29pb3RaYlRsREE9PSIsInZhbHVlIjoiREQ4Q0o3ekdIbHVkTGVDelhsVHhYb1MrYTQyQ1JwS3Y0VjJrNVBzeFVVZDRXZFNSZlNwRm5KKzhWWU4zT2dBTmt2VU5sVmVwUzdEUXk5WE5KS2NBRVZvRlRWclM1bmJzTnhyNXBIaHEybVk0OG5OekhaaVkwaGZxRFNzTjZOSWkiLCJtYWMiOiIwNTA4MjliNGFmYmMzYTg5ODhkOTU2MWQ5N2VjYmEyNTM4ZDJlNTE2NDAyZGNmMGM0NDJlZGY5NzI3NzQ2ODUyIiwidGFnIjoiIn0%3D"],"priority":["u=2, i"],"accept-language":["en-GB,en-US;q=0.9,en;q=0.8"],"accept-encoding":["gzip, deflate, br, zstd"],"user-agent":["Mozilla\\/5.0 (Windows NT 10.0; Win64; x64) AppleWebKit\\/537.36 (KHTML, like Gecko) Chrome\\/149.0.0.0 Safari\\/537.36"],"referer":["https:\\/\\/salem-store.test\\/"],"sec-fetch-dest":["document"],"sec-fetch-mode":["navigate"],"sec-fetch-site":["none"],"sec-ch-ua-platform":["\\"Windows\\""],"sec-ch-ua-mobile":["?0"],"sec-ch-ua":["\\"Google Chrome\\";v=\\"149\\", \\"Chromium\\";v=\\"149\\", \\"Not)A;Brand\\";v=\\"24\\""],"accept":["text\\/html,application\\/xhtml+xml,application\\/xml;q=0.9,image\\/avif,image\\/webp,image\\/apng,*\\/*;q=0.8,application\\/signed-exchange;v=b3;q=0.7"],"sec-speculation-tags":["null"],"sec-purpose":["prefetch;prerender"],"upgrade-insecure-requests":["1"],"host":["salem-store.test"]}', '', 'Windows', 'Chrome', '127.0.0.1', 'Webkul\\Product\\Models\\Product', 43, NULL, NULL, 1, '2026-06-11 14:36:18', '2026-06-11 14:36:18'), (197, 'GET', '[]', 'https://salem-store.test/pitaka', 'https://salem-store.test/', '[]', 'Mozilla/5.0 (Windows NT 10.0; Win64; x64) AppleWebKit/537.36 (KHTML, like Gecko) Chrome/149.0.0.0 Safari/537.36', '{"cookie":["XSRF-TOKEN=eyJpdiI6Ii8rUHF2R3U1L2hhN082TDdjcHk5WHc9PSIsInZhbHVlIjoidFlsTmptcUl0b1ZSdS9JOFRzUEN2dGpXZVdHWHdiT1NkR281cldMTzdXbFdTZGozR25EUVNJN2o2amY0Tnk5MzJTTEFIS21HU25yOVlCTEdCenBOUjg5TFBSSTNLaTRvbWNHVXlnSi9HQkMxRWp3VjJNaDRFRldXU0lLWFdXbnEiLCJtYWMiOiI5YWIyOTI0ZDA5NDU3MTRlZThjNDZhNzZkMjliZTY2NzUyNjFkOGZmYjM0OGIwOTVjZTJmNzZkZWFjMGJjZDg1IiwidGFnIjoiIn0%3D; salem_store_session=eyJpdiI6Im1nbi9HWjZ4a3Bpd28rTGo5TWtWMUE9PSIsInZhbHVlIjoiSzdYRE5NSnJuT3U0WFRtOHgyckNKYjhKRWNjMDRXZFRLUll4a3VKMEtQbSs1V1d3YUZXNm1lK2x2UG5qYVVGOWhyYldJcCs0azNlTERoNENIYUZNZlBvY1ZpOW0wclNPQ1VLakZzeTU2Tk5Gckg1Zkw1RzAzZGhWaG1SNGNLUWYiLCJtYWMiOiJhNjc4NDI5OTkyMTNiNjE0Mzc1ZWQ0Y2Q1MzRlZTJiMGM2YWEyMDNmOWUzNTIxNGNjZTZkYTJjNzg5ZDUwYzNmIiwidGFnIjoiIn0%3D"],"priority":["u=2, i"],"accept-language":["en-GB,en-US;q=0.9,en;q=0.8"],"accept-encoding":["gzip, deflate, br, zstd"],"user-agent":["Mozilla\\/5.0 (Windows NT 10.0; Win64; x64) AppleWebKit\\/537.36 (KHTML, like Gecko) Chrome\\/149.0.0.0 Safari\\/537.36"],"referer":["https:\\/\\/salem-store.test\\/"],"sec-fetch-dest":["document"],"sec-fetch-mode":["navigate"],"sec-fetch-site":["none"],"sec-ch-ua-platform":["\\"Windows\\""],"sec-ch-ua-mobile":["?0"],"sec-ch-ua":["\\"Google Chrome\\";v=\\"149\\", \\"Chromium\\";v=\\"149\\", \\"Not)A;Brand\\";v=\\"24\\""],"accept":["text\\/html,application\\/xhtml+xml,application\\/xml;q=0.9,image\\/avif,image\\/webp,image\\/apng,*\\/*;q=0.8,application\\/signed-exchange;v=b3;q=0.7"],"sec-speculation-tags":["null"],"sec-purpose":["prefetch;prerender"],"upgrade-insecure-requests":["1"],"host":["salem-store.test"]}', '', 'Windows', 'Chrome', '127.0.0.1', 'Webkul\\Product\\Models\\Product', 2, NULL, NULL, 1, '2026-06-11 15:28:29', '2026-06-11 15:28:29'), (198, 'GET', '[]', 'https://salem-store.test/%D8%A7%D9%84%D9%87%D9%88%D8%A7%D8%AA%D9%81-%D8%A7%D9%84%D8%A7%D8%B3%D8%A7%D8%B3%D9%8A%D8%A9', 'https://salem-store.test/', '[]', 'Mozilla/5.0 (Windows NT 10.0; Win64; x64) AppleWebKit/537.36 (KHTML, like Gecko) Chrome/149.0.0.0 Safari/537.36', '{"cookie":["XSRF-TOKEN=eyJpdiI6IndWUXJ2SXljRWpaenpHdWV4NmtKTWc9PSIsInZhbHVlIjoiK1hDM2lUZXEvaDNHc0tlSFNhQXhhTnFpdXhnclE5UnpFSXZXNEpZeWE2ZW5CaDFubm1pN0RrNGhWK1UzWUJIRGhBN2FnT29LUkJ2ZWJsMi9tUVN4czhES1dyaGZkK3hlQWUzZitoZVFvVEZGTXAvNkRPN2ZYS0ovMWJHWVMwajAiLCJtYWMiOiI1YzIzNDQ2M2VjNDY0ZTM4ZTE0Yjg3NzM0OTE3MWIzMGMzZmY1NzI3ZTQ1MmQ4YzA0ZDhjODljYTcxYTE5NzQ0IiwidGFnIjoiIn0%3D; salem_store_session=eyJpdiI6IktRWEkyVWVRY0dzaDQySXhEUlRodlE9PSIsInZhbHVlIjoiYXFwSkd3M2d6RzAxN0t5QnpUWVpUNmFvZCtOVTFVSGk2OFB4Y0dld3VqS0xYaWZmTSswOWRzQlduYnRaaThDOVRCUUpsOUR1YzNibktNeWJNTnh4UmpzOFdlZmZjTC91eGFydHk0SGkxSjFPWU15R25mZFk1QTlQeklkRUtqOUsiLCJtYWMiOiI2YWE2YjM0NzQ5MmZlZjU1MDI4ZjRlMGJiOTQxYzRkNjU0MGM5YWJhMDMyNWEzMzkzNjY0ZmU3ZGNjN2Y2N2Y5IiwidGFnIjoiIn0%3D"],"priority":["u=2, i"],"accept-language":["en-GB,en-US;q=0.9,en;q=0.8"],"accept-encoding":["gzip, deflate, br, zstd"],"user-agent":["Mozilla\\/5.0 (Windows NT 10.0; Win64; x64) AppleWebKit\\/537.36 (KHTML, like Gecko) Chrome\\/149.0.0.0 Safari\\/537.36"],"referer":["https:\\/\\/salem-store.test\\/"],"sec-fetch-dest":["document"],"sec-fetch-mode":["navigate"],"sec-fetch-site":["none"],"sec-ch-ua-platform":["\\"Windows\\""],"sec-ch-ua-mobile":["?0"],"sec-ch-ua":["\\"Google Chrome\\";v=\\"149\\", \\"Chromium\\";v=\\"149\\", \\"Not)A;Brand\\";v=\\"24\\""],"accept":["text\\/html,application\\/xhtml+xml,application\\/xml;q=0.9,image\\/avif,image\\/webp,image\\/apng,*\\/*;q=0.8,application\\/signed-exchange;v=b3;q=0.7"],"sec-speculation-tags":["null"],"sec-purpose":["prefetch;prerender"],"upgrade-insecure-requests":["1"],"host":["salem-store.test"]}', '', 'Windows', 'Chrome', '127.0.0.1', 'Webkul\\Category\\Models\\Category', 4, NULL, NULL, 1, '2026-06-11 21:34:35', '2026-06-11 21:34:35'), (199, 'GET', '[]', 'https://salem-store.test/%D8%A7%D9%84%D9%87%D9%88%D8%A7%D8%AA%D9%81-%D8%A7%D9%84%D8%B0%D9%83%D9%8A%D8%A9', 'https://salem-store.test/', '[]', 'Mozilla/5.0 (Windows NT 10.0; Win64; x64) AppleWebKit/537.36 (KHTML, like Gecko) Chrome/149.0.0.0 Safari/537.36', '{"cookie":["XSRF-TOKEN=eyJpdiI6IndWUXJ2SXljRWpaenpHdWV4NmtKTWc9PSIsInZhbHVlIjoiK1hDM2lUZXEvaDNHc0tlSFNhQXhhTnFpdXhnclE5UnpFSXZXNEpZeWE2ZW5CaDFubm1pN0RrNGhWK1UzWUJIRGhBN2FnT29LUkJ2ZWJsMi9tUVN4czhES1dyaGZkK3hlQWUzZitoZVFvVEZGTXAvNkRPN2ZYS0ovMWJHWVMwajAiLCJtYWMiOiI1YzIzNDQ2M2VjNDY0ZTM4ZTE0Yjg3NzM0OTE3MWIzMGMzZmY1NzI3ZTQ1MmQ4YzA0ZDhjODljYTcxYTE5NzQ0IiwidGFnIjoiIn0%3D; salem_store_session=eyJpdiI6IktRWEkyVWVRY0dzaDQySXhEUlRodlE9PSIsInZhbHVlIjoiYXFwSkd3M2d6RzAxN0t5QnpUWVpUNmFvZCtOVTFVSGk2OFB4Y0dld3VqS0xYaWZmTSswOWRzQlduYnRaaThDOVRCUUpsOUR1YzNibktNeWJNTnh4UmpzOFdlZmZjTC91eGFydHk0SGkxSjFPWU15R25mZFk1QTlQeklkRUtqOUsiLCJtYWMiOiI2YWE2YjM0NzQ5MmZlZjU1MDI4ZjRlMGJiOTQxYzRkNjU0MGM5YWJhMDMyNWEzMzkzNjY0ZmU3ZGNjN2Y2N2Y5IiwidGFnIjoiIn0%3D"],"priority":["u=2, i"],"accept-language":["en-GB,en-US;q=0.9,en;q=0.8"],"accept-encoding":["gzip, deflate, br, zstd"],"user-agent":["Mozilla\\/5.0 (Windows NT 10.0; Win64; x64) AppleWebKit\\/537.36 (KHTML, like Gecko) Chrome\\/149.0.0.0 Safari\\/537.36"],"referer":["https:\\/\\/salem-store.test\\/"],"sec-fetch-dest":["document"],"sec-fetch-mode":["navigate"],"sec-fetch-site":["none"],"sec-ch-ua-platform":["\\"Windows\\""],"sec-ch-ua-mobile":["?0"],"sec-ch-ua":["\\"Google Chrome\\";v=\\"149\\", \\"Chromium\\";v=\\"149\\", \\"Not)A;Brand\\";v=\\"24\\""],"accept":["text\\/html,application\\/xhtml+xml,application\\/xml;q=0.9,image\\/avif,image\\/webp,image\\/apng,*\\/*;q=0.8,application\\/signed-exchange;v=b3;q=0.7"],"sec-speculation-tags":["null"],"sec-purpose":["prefetch;prerender"],"upgrade-insecure-requests":["1"],"host":["salem-store.test"]}', '', 'Windows', 'Chrome', '127.0.0.1', 'Webkul\\Category\\Models\\Category', 3, NULL, NULL, 1, '2026-06-11 21:34:36', '2026-06-11 21:34:36'), (200, 'GET', '[]', 'https://salem-store.test', 'https://salem-store.test/%D8%A7%D9%84%D9%87%D9%88%D8%A7%D8%AA%D9%81-%D8%A7%D9%84%D9%85%D8%AD%D9%85%D9%88%D9%84%D8%A9?', '[]', 'Mozilla/5.0 (Windows NT 10.0; Win64; x64) AppleWebKit/537.36 (KHTML, like Gecko) Chrome/149.0.0.0 Safari/537.36', '{"priority":["u=0, i"],"accept-language":["en-GB,en-US;q=0.9,en;q=0.8"],"accept-encoding":["gzip, deflate, br, zstd"],"referer":["https:\\/\\/salem-store.test\\/%D8%A7%D9%84%D9%87%D9%88%D8%A7%D8%AA%D9%81-%D8%A7%D9%84%D9%85%D8%AD%D9%85%D9%88%D9%84%D8%A9?"],"sec-fetch-dest":["document"],"sec-fetch-user":["?1"],"sec-fetch-mode":["navigate"],"sec-fetch-site":["same-origin"],"accept":["text\\/html,application\\/xhtml+xml,application\\/xml;q=0.9,image\\/avif,image\\/webp,image\\/apng,*\\/*;q=0.8,application\\/signed-exchange;v=b3;q=0.7"],"user-agent":["Mozilla\\/5.0 (Windows NT 10.0; Win64; x64) AppleWebKit\\/537.36 (KHTML, like Gecko) Chrome\\/149.0.0.0 Safari\\/537.36"],"upgrade-insecure-requests":["1"],"sec-ch-ua-platform":["\\"Windows\\""],"sec-ch-ua-mobile":["?0"],"sec-ch-ua":["\\"Google Chrome\\";v=\\"149\\", \\"Chromium\\";v=\\"149\\", \\"Not)A;Brand\\";v=\\"24\\""],"host":["salem-store.test"]}', '', 'Windows', 'Chrome', '127.0.0.1', NULL, NULL, NULL, NULL, 1, '2026-06-14 22:37:05', '2026-06-14 22:37:05');
INSERT INTO `visits` VALUES (201, 'GET', '[]', 'https://salem-store.test/%D8%A7%D9%84%D9%84%D8%A7%D8%A8%D8%AA%D9%88%D8%A8', 'https://salem-store.test/', '[]', 'Mozilla/5.0 (Windows NT 10.0; Win64; x64) AppleWebKit/537.36 (KHTML, like Gecko) Chrome/149.0.0.0 Safari/537.36', '{"cookie":["XSRF-TOKEN=eyJpdiI6IjFpVStUaUdPOEY1SVhGRlMrT2tMdXc9PSIsInZhbHVlIjoieFF3R3NYT0JsQkNvZmN5YVZ2N1dTdjRYcFZ3bU9HM01GVnFvak9HdnNLZGdVUzhGdTdmS3BaQ0syMTlGSG9ybnZCQ1FQSDE0Y1dMRGMvVVBVQkhuT1o3NHFST2JCcThUMTRBb2lkWEwwdC9nZlNyMTJIUFJpN0prblFETVVNdlkiLCJtYWMiOiJjYTU5OWQ4NGZkOTNmYjY2MzY5NTU0NjhjMGViMzc4M2Y1YTY0MTM0Y2I5Mjg5ODFlN2FiNTJiODQwZDJiMjk1IiwidGFnIjoiIn0%3D; salem_store_session=eyJpdiI6ImVIaTdPcFN1MHQxTVhTNk55anFQWkE9PSIsInZhbHVlIjoickhzSitoK25RaVNJY3BKTW03K2svbkczVTJiUmV0bmNJVTdBSHNpUkFoY1pSQVp4MnNzaWVMQWxsaUs5L3c1QUhvU0EyeVNDV2V4THNNREdYdzBUL3I4MW1LK040SFV4bFQ5TVRNNktKeDhQd0FlOWxEL3N2UDNmcEE5Z040TEUiLCJtYWMiOiIyNzU2OTFjYmU3ZTMzYTFhMWY3ODVhNmZjZGM0ODMzNzA5ODM2MzVmNWM3NTFhYjU1NjVmNTljOGM0NDJhYjFiIiwidGFnIjoiIn0%3D"],"priority":["u=2, i"],"accept-language":["en-GB,en-US;q=0.9,en;q=0.8"],"accept-encoding":["gzip, deflate, br, zstd"],"user-agent":["Mozilla\\/5.0 (Windows NT 10.0; Win64; x64) AppleWebKit\\/537.36 (KHTML, like Gecko) Chrome\\/149.0.0.0 Safari\\/537.36"],"referer":["https:\\/\\/salem-store.test\\/"],"sec-fetch-dest":["document"],"sec-fetch-mode":["navigate"],"sec-fetch-site":["none"],"sec-ch-ua-platform":["\\"Windows\\""],"sec-ch-ua-mobile":["?0"],"sec-ch-ua":["\\"Google Chrome\\";v=\\"149\\", \\"Chromium\\";v=\\"149\\", \\"Not)A;Brand\\";v=\\"24\\""],"accept":["text\\/html,application\\/xhtml+xml,application\\/xml;q=0.9,image\\/avif,image\\/webp,image\\/apng,*\\/*;q=0.8,application\\/signed-exchange;v=b3;q=0.7"],"sec-speculation-tags":["null"],"sec-purpose":["prefetch;prerender"],"upgrade-insecure-requests":["1"],"host":["salem-store.test"]}', '', 'Windows', 'Chrome', '127.0.0.1', 'Webkul\\Category\\Models\\Category', 15, NULL, NULL, 1, '2026-06-14 22:38:38', '2026-06-14 22:38:38'), (202, 'GET', '[]', 'https://salem-store.test/%D8%AC%D8%B1%D8%A7%D8%A8-%D8%B3%D9%8A%D9%84%D9%8A%D9%83%D9%88%D9%86', 'https://salem-store.test/', '[]', 'Mozilla/5.0 (Windows NT 10.0; Win64; x64) AppleWebKit/537.36 (KHTML, like Gecko) Chrome/149.0.0.0 Safari/537.36', '{"cookie":["XSRF-TOKEN=eyJpdiI6Imc0a2hZdW9xN0RlVTJ6ZGF2NWU3RXc9PSIsInZhbHVlIjoiWXdwT0o0R1JXVDlqclhnVGpQQ2U0dXRDaS92UGwrcVgrSi90UWd5emRQall3TDN3a0tjT1lGNHhlUTlRaGlDbDZlNlF6RUNBaWZoOXlhWXp6MFZpS1BaM08wbHFFc001eTllZkJjMXAzK3lFN2RWSU9tRlFoTHFId3hwQzZneEsiLCJtYWMiOiIyZjY1NjRkNDdhY2Y2Mzk0ODI1ZWM4ODY0YjYxNTA4ZTc1MDdiMDAwMzg0ZTg0Zjc4ZmZmMTQ2YTQ5YjU0NjEzIiwidGFnIjoiIn0%3D; salem_store_session=eyJpdiI6InEyclJVSWwxc3Noa2xyU294OXh6N2c9PSIsInZhbHVlIjoicURjcU9SZ1RKWG5tL2ZGbDlRcU5oZkVnRVdOdGlJalVvU084VWFYdk4vc2NMVHBING1mL0I0OWIrRkxvZGhDdVRNM0l3cWhVVzRNOWN5S0UyQ0FoMlpkNjN0YTI1Z0JaTlpSTnVwbkhqOEUzWk9LZjBHZ2lRQTBPTTJUOS9vbm0iLCJtYWMiOiI3NDZkYmNmMjc2OTc2YzJiNzNiM2NiODk3MzNkMjNlNjRhNzVmYzllOWUzOWIxYTIwZGJhMTc1ZTY1ODI0MmE4IiwidGFnIjoiIn0%3D"],"priority":["u=2, i"],"accept-language":["en-GB,en-US;q=0.9,en;q=0.8"],"accept-encoding":["gzip, deflate, br, zstd"],"user-agent":["Mozilla\\/5.0 (Windows NT 10.0; Win64; x64) AppleWebKit\\/537.36 (KHTML, like Gecko) Chrome\\/149.0.0.0 Safari\\/537.36"],"referer":["https:\\/\\/salem-store.test\\/"],"sec-fetch-dest":["document"],"sec-fetch-mode":["navigate"],"sec-fetch-site":["none"],"sec-ch-ua-platform":["\\"Windows\\""],"sec-ch-ua-mobile":["?0"],"sec-ch-ua":["\\"Google Chrome\\";v=\\"149\\", \\"Chromium\\";v=\\"149\\", \\"Not)A;Brand\\";v=\\"24\\""],"accept":["text\\/html,application\\/xhtml+xml,application\\/xml;q=0.9,image\\/avif,image\\/webp,image\\/apng,*\\/*;q=0.8,application\\/signed-exchange;v=b3;q=0.7"],"sec-speculation-tags":["null"],"sec-purpose":["prefetch;prerender"],"upgrade-insecure-requests":["1"],"host":["salem-store.test"]}', '', 'Windows', 'Chrome', '127.0.0.1', 'Webkul\\Product\\Models\\Product', 43, NULL, NULL, 1, '2026-06-14 22:41:04', '2026-06-14 22:41:04'), (203, 'GET', '[]', 'https://salem-store.test/anker-smart-home', 'https://salem-store.test/', '[]', 'Mozilla/5.0 (Windows NT 10.0; Win64; x64) AppleWebKit/537.36 (KHTML, like Gecko) Chrome/149.0.0.0 Safari/537.36', '{"cookie":["XSRF-TOKEN=eyJpdiI6IkIweWJsMURmZG9EclA5RGFTZElGNEE9PSIsInZhbHVlIjoiZEwvZzcxODc0K1Q1T1llMms5dkxqSHVaUzBmYmdHNXkvK3oxcXh3WkplOGxtRW9nZU56VzAvUGpTcDV0bDVZRE9vZ1lCdXd3Z29jUHFSc1E4OExYejFLaEhyT3kxSHpWeTNzTzg3eHlYUTlYOWRCMCs2NnZVWU95TDZjM0NkZDkiLCJtYWMiOiJkN2Y4MTI4ZDY1YTk0YzAzM2ZlOTI2MDlmMzZjZGJjZmQ0NjIzOTEzMDE0ODFkZTlmM2MxMjY1NmM5MWU5NzUzIiwidGFnIjoiIn0%3D; salem_store_session=eyJpdiI6Ik9MdkxNRiswZTNSYVozeFprdG9GMFE9PSIsInZhbHVlIjoiZVlHYVBJcXlCSGlVbGdZVTFUQXdyL2F2M3VmL3FsVlpTR2JvOE54NXFsV3hXTkI3K1AwWkE0NEVuc3FPZ1NjR003MTRXSHNXWGhxK0pYYU1YTTZIQUhuMDN4YlZHVzczWlBtWkRUQURCK0ZReHoyOTNYbFFQeklUZmgwTEI0N3kiLCJtYWMiOiJkNjExYTUwOTA0OWJjNGUzMDllNDBkZWEyYmEwOTljYjNjZWUxMGNiN2Q1NzRmZTQzZjRlZjgxNDI5ZGQ4MjU1IiwidGFnIjoiIn0%3D"],"priority":["u=2, i"],"accept-language":["en-GB,en-US;q=0.9,en;q=0.8"],"accept-encoding":["gzip, deflate, br, zstd"],"user-agent":["Mozilla\\/5.0 (Windows NT 10.0; Win64; x64) AppleWebKit\\/537.36 (KHTML, like Gecko) Chrome\\/149.0.0.0 Safari\\/537.36"],"referer":["https:\\/\\/salem-store.test\\/"],"sec-fetch-dest":["document"],"sec-fetch-mode":["navigate"],"sec-fetch-site":["none"],"sec-ch-ua-platform":["\\"Windows\\""],"sec-ch-ua-mobile":["?0"],"sec-ch-ua":["\\"Google Chrome\\";v=\\"149\\", \\"Chromium\\";v=\\"149\\", \\"Not)A;Brand\\";v=\\"24\\""],"accept":["text\\/html,application\\/xhtml+xml,application\\/xml;q=0.9,image\\/avif,image\\/webp,image\\/apng,*\\/*;q=0.8,application\\/signed-exchange;v=b3;q=0.7"],"sec-speculation-tags":["null"],"sec-purpose":["prefetch;prerender"],"upgrade-insecure-requests":["1"],"host":["salem-store.test"]}', '', 'Windows', 'Chrome', '127.0.0.1', 'Webkul\\Category\\Models\\Category', 80, NULL, NULL, 1, '2026-06-14 22:41:07', '2026-06-14 22:41:07'), (204, 'GET', '[]', 'https://salem-store.test/anker-connectivity', 'https://salem-store.test/', '[]', 'Mozilla/5.0 (Windows NT 10.0; Win64; x64) AppleWebKit/537.36 (KHTML, like Gecko) Chrome/149.0.0.0 Safari/537.36', '{"cookie":["XSRF-TOKEN=eyJpdiI6Ik1nTkVTanhIbGNEeUVzdlYraEdJUkE9PSIsInZhbHVlIjoiM1pkYXNWbVNIalBBSWcydVE5djdkRElhODljK0tFS2o5eElPeXBjdk5kNDdhQTU3UmN6VGlURTNlZTFiYTJSOWVxeVJJOWJtWU01VWQ2R09HaGVpcU1aYU8zelBPQnc3c1Nwend1NjZaWklwb1JqQUFOKzNEc3ZVVTZrWTRhK2wiLCJtYWMiOiI4ZDk0ZTk3ODU2NjM5ZTM0ZDY4NGYzZTUzMzRjMzdmMGFlZTg3MmE0ODQ1OGE2Y2ZmZTYwYTEzYmQ5M2QyMmQ4IiwidGFnIjoiIn0%3D; salem_store_session=eyJpdiI6IlZPc1JXZGRXZGZqSHpSTUFCQ1d4ekE9PSIsInZhbHVlIjoiU2RVU2diTUFiRG04ZVpncTZLcFJmcDhVR2pOUE0xT0ZjVGJvTEZsKzV2RjRuRTBRZXFtYVEzVHZOdzBJTkZqbVl0bWpyNjNkcDM5SCtFbk0ybWFidm5BNVdxOUFsbERtMmxuWGlMRm9HUGx0SmdPZnFwODBIWG5mYlFabUF0RVgiLCJtYWMiOiIwMTZmMDM2MTFlMTkyNTViNDdiZDUwNmM4ODNhZmZiYjEwYWNmNTcxZTEzOTU3YWE3NDYzMTcwMzQ5Zjg5MDQ3IiwidGFnIjoiIn0%3D"],"priority":["u=2, i"],"accept-language":["en-GB,en-US;q=0.9,en;q=0.8"],"accept-encoding":["gzip, deflate, br, zstd"],"user-agent":["Mozilla\\/5.0 (Windows NT 10.0; Win64; x64) AppleWebKit\\/537.36 (KHTML, like Gecko) Chrome\\/149.0.0.0 Safari\\/537.36"],"referer":["https:\\/\\/salem-store.test\\/"],"sec-fetch-dest":["document"],"sec-fetch-mode":["navigate"],"sec-fetch-site":["none"],"sec-ch-ua-platform":["\\"Windows\\""],"sec-ch-ua-mobile":["?0"],"sec-ch-ua":["\\"Google Chrome\\";v=\\"149\\", \\"Chromium\\";v=\\"149\\", \\"Not)A;Brand\\";v=\\"24\\""],"accept":["text\\/html,application\\/xhtml+xml,application\\/xml;q=0.9,image\\/avif,image\\/webp,image\\/apng,*\\/*;q=0.8,application\\/signed-exchange;v=b3;q=0.7"],"sec-speculation-tags":["null"],"sec-purpose":["prefetch;prerender"],"upgrade-insecure-requests":["1"],"host":["salem-store.test"]}', '', 'Windows', 'Chrome', '127.0.0.1', 'Webkul\\Category\\Models\\Category', 81, NULL, NULL, 1, '2026-06-14 22:41:08', '2026-06-14 22:41:08'), (205, 'GET', '[]', 'https://salem-store.test/anker-3d-printers', 'https://salem-store.test/', '[]', 'Mozilla/5.0 (Windows NT 10.0; Win64; x64) AppleWebKit/537.36 (KHTML, like Gecko) Chrome/149.0.0.0 Safari/537.36', '{"cookie":["XSRF-TOKEN=eyJpdiI6Ik1nTkVTanhIbGNEeUVzdlYraEdJUkE9PSIsInZhbHVlIjoiM1pkYXNWbVNIalBBSWcydVE5djdkRElhODljK0tFS2o5eElPeXBjdk5kNDdhQTU3UmN6VGlURTNlZTFiYTJSOWVxeVJJOWJtWU01VWQ2R09HaGVpcU1aYU8zelBPQnc3c1Nwend1NjZaWklwb1JqQUFOKzNEc3ZVVTZrWTRhK2wiLCJtYWMiOiI4ZDk0ZTk3ODU2NjM5ZTM0ZDY4NGYzZTUzMzRjMzdmMGFlZTg3MmE0ODQ1OGE2Y2ZmZTYwYTEzYmQ5M2QyMmQ4IiwidGFnIjoiIn0%3D; salem_store_session=eyJpdiI6IlZPc1JXZGRXZGZqSHpSTUFCQ1d4ekE9PSIsInZhbHVlIjoiU2RVU2diTUFiRG04ZVpncTZLcFJmcDhVR2pOUE0xT0ZjVGJvTEZsKzV2RjRuRTBRZXFtYVEzVHZOdzBJTkZqbVl0bWpyNjNkcDM5SCtFbk0ybWFidm5BNVdxOUFsbERtMmxuWGlMRm9HUGx0SmdPZnFwODBIWG5mYlFabUF0RVgiLCJtYWMiOiIwMTZmMDM2MTFlMTkyNTViNDdiZDUwNmM4ODNhZmZiYjEwYWNmNTcxZTEzOTU3YWE3NDYzMTcwMzQ5Zjg5MDQ3IiwidGFnIjoiIn0%3D"],"priority":["u=2, i"],"accept-language":["en-GB,en-US;q=0.9,en;q=0.8"],"accept-encoding":["gzip, deflate, br, zstd"],"user-agent":["Mozilla\\/5.0 (Windows NT 10.0; Win64; x64) AppleWebKit\\/537.36 (KHTML, like Gecko) Chrome\\/149.0.0.0 Safari\\/537.36"],"referer":["https:\\/\\/salem-store.test\\/"],"sec-fetch-dest":["document"],"sec-fetch-mode":["navigate"],"sec-fetch-site":["none"],"sec-ch-ua-platform":["\\"Windows\\""],"sec-ch-ua-mobile":["?0"],"sec-ch-ua":["\\"Google Chrome\\";v=\\"149\\", \\"Chromium\\";v=\\"149\\", \\"Not)A;Brand\\";v=\\"24\\""],"accept":["text\\/html,application\\/xhtml+xml,application\\/xml;q=0.9,image\\/avif,image\\/webp,image\\/apng,*\\/*;q=0.8,application\\/signed-exchange;v=b3;q=0.7"],"sec-speculation-tags":["null"],"sec-purpose":["prefetch;prerender"],"upgrade-insecure-requests":["1"],"host":["salem-store.test"]}', '', 'Windows', 'Chrome', '127.0.0.1', 'Webkul\\Category\\Models\\Category', 83, NULL, NULL, 1, '2026-06-14 22:41:08', '2026-06-14 22:41:08'), (206, 'GET', '[]', 'https://salem-store.test/anker-charging', 'https://salem-store.test/', '[]', 'Mozilla/5.0 (Windows NT 10.0; Win64; x64) AppleWebKit/537.36 (KHTML, like Gecko) Chrome/149.0.0.0 Safari/537.36', '{"cookie":["XSRF-TOKEN=eyJpdiI6IkdHMU9OWk9QOHlHaFZLQnFCYWpNanc9PSIsInZhbHVlIjoiSTl4UUpadSs5MkZMUms4My9YcU9CaC91SS83MFpXQTRZdmR1eDdIVzhEZ1IvSUp2cGRyMlpCdVR4eTNxRTN0eVFCTnVUa1ZwWE1TNjNVT0xqV01FbVpLUmJGL1QzQUt2bVNIQUJIL2NtbHRuTkNLUk1YODN6cGpYWFUwTWRzQWEiLCJtYWMiOiI4NGMyMmMyYThhNzIwMTljZWU4NTI1YTViY2M2OTBiNjg0ZDRiMzc2ODhkMGJkM2Q4ZTJiMDk0NDVmNjdhOGFkIiwidGFnIjoiIn0%3D; salem_store_session=eyJpdiI6Iit5dGhDVDhsWjBtWG1DbGZUSGZOV1E9PSIsInZhbHVlIjoiOHBwVC9PUytSVEd5d3l0YTVIMHJTcUdZYjRRcnN3aG9RdU8wakc3UDRMb2tWclZ2Y2I1V3Z6QmpTcitKRzZxRXJjUS96d0R3M20xRHBTQ3JWYzk1d0dKWnF4OGJJT0c3YWpWVW02TjlublV0R2tUc3F3TTFkTlh0b3E5dzBHZW4iLCJtYWMiOiJkMjYxOGExZTVkOWFlY2M1MDVkMzdlMTM3NDdmOTMwOWY1MDExYTNjOGZkZjUxYzNjZTY0NzRlNzZlOWMyNjIzIiwidGFnIjoiIn0%3D"],"priority":["u=2, i"],"accept-language":["en-GB,en-US;q=0.9,en;q=0.8"],"accept-encoding":["gzip, deflate, br, zstd"],"user-agent":["Mozilla\\/5.0 (Windows NT 10.0; Win64; x64) AppleWebKit\\/537.36 (KHTML, like Gecko) Chrome\\/149.0.0.0 Safari\\/537.36"],"referer":["https:\\/\\/salem-store.test\\/"],"sec-fetch-dest":["document"],"sec-fetch-mode":["navigate"],"sec-fetch-site":["none"],"sec-ch-ua-platform":["\\"Windows\\""],"sec-ch-ua-mobile":["?0"],"sec-ch-ua":["\\"Google Chrome\\";v=\\"149\\", \\"Chromium\\";v=\\"149\\", \\"Not)A;Brand\\";v=\\"24\\""],"accept":["text\\/html,application\\/xhtml+xml,application\\/xml;q=0.9,image\\/avif,image\\/webp,image\\/apng,*\\/*;q=0.8,application\\/signed-exchange;v=b3;q=0.7"],"sec-speculation-tags":["null"],"sec-purpose":["prefetch;prerender"],"upgrade-insecure-requests":["1"],"host":["salem-store.test"]}', '', 'Windows', 'Chrome', '127.0.0.1', 'Webkul\\Category\\Models\\Category', 77, NULL, NULL, 1, '2026-06-14 22:41:11', '2026-06-14 22:41:11'), (207, 'GET', '[]', 'https://salem-store.test/pitaka', 'https://salem-store.test/', '[]', 'Mozilla/5.0 (Windows NT 10.0; Win64; x64) AppleWebKit/537.36 (KHTML, like Gecko) Chrome/149.0.0.0 Safari/537.36', '{"cookie":["XSRF-TOKEN=eyJpdiI6IjN6czd0V01BUGtoc3JPVlVySGlORlE9PSIsInZhbHVlIjoidzA2WGZsSXNRdVNZbU16ekZPSkFkN3Y1Y1FOZXNyVkV2VVVTQnI1V3laTHhldC8wenIybmpUZlNDNlJSTS9iSUtPbWxFcmRUTmVHd1Y4bisxM3p5b3BYWGtqdk5FUU42VjFoeXBlMjcyUXp6U3ZJUWYxb0FkVDMveHZ2QTF1a3MiLCJtYWMiOiIwOTJlNzllNWI3OGY2MzE1YzRlOTljNjI0NWM4NTJlNjA5YTcwZWE2OGQyYzAwNTM0NGYzMDk0NzY2MzI0OTdjIiwidGFnIjoiIn0%3D; salem_store_session=eyJpdiI6Im9GanBEcG5DMXRZWFFDN2xxZzVEc2c9PSIsInZhbHVlIjoibnc1UUI0UHhGWUJrVUJhRkIzL3B5RTlXbVB3QkVjZ0dvZnU5Nm5wdzZwb1FsN0NmeldIQmtlY0MrZzJYUUtOZGd3WE9SMFhCcjRtKzh0RkVSZmhDazBFMkpZKzdldEZScjAvWkxmRDVZWEJXcW5KcGpvcG1zRXBkSjhOOHk0WDUiLCJtYWMiOiI2YTA4Y2RiOTkyMmYxMzAwMTE2ZWVlZTZhNDdjYTAyNDcyODU0ZGU4MjEyY2QyMDcwMzQ2NjM2YjE5YWQzMmZkIiwidGFnIjoiIn0%3D"],"priority":["u=2, i"],"accept-language":["en-GB,en-US;q=0.9,en;q=0.8"],"accept-encoding":["gzip, deflate, br, zstd"],"user-agent":["Mozilla\\/5.0 (Windows NT 10.0; Win64; x64) AppleWebKit\\/537.36 (KHTML, like Gecko) Chrome\\/149.0.0.0 Safari\\/537.36"],"referer":["https:\\/\\/salem-store.test\\/"],"sec-fetch-dest":["document"],"sec-fetch-mode":["navigate"],"sec-fetch-site":["none"],"sec-ch-ua-platform":["\\"Windows\\""],"sec-ch-ua-mobile":["?0"],"sec-ch-ua":["\\"Google Chrome\\";v=\\"149\\", \\"Chromium\\";v=\\"149\\", \\"Not)A;Brand\\";v=\\"24\\""],"accept":["text\\/html,application\\/xhtml+xml,application\\/xml;q=0.9,image\\/avif,image\\/webp,image\\/apng,*\\/*;q=0.8,application\\/signed-exchange;v=b3;q=0.7"],"sec-speculation-tags":["null"],"sec-purpose":["prefetch;prerender"],"upgrade-insecure-requests":["1"],"host":["salem-store.test"]}', '', 'Windows', 'Chrome', '127.0.0.1', 'Webkul\\Product\\Models\\Product', 2, NULL, NULL, 1, '2026-06-14 22:42:51', '2026-06-14 22:42:51'), (208, 'GET', '[]', 'https://salem-store.test/%D8%A7%D9%83%D8%B3%D8%B3%D9%88%D8%A7%D8%B1%D8%A7%D8%AA', 'https://salem-store.test/', '[]', 'Mozilla/5.0 (Windows NT 10.0; Win64; x64) AppleWebKit/537.36 (KHTML, like Gecko) Chrome/149.0.0.0 Safari/537.36', '{"cookie":["XSRF-TOKEN=eyJpdiI6InVIR2dtU1V6SDdJSzRlSEVac2c0OXc9PSIsInZhbHVlIjoiQVVsTHp4cXpuYWpCcThUQXJmS1pveFI0cXZYaTJqQjlHSlVoaWVOeFI3VEVwcjlxN2NqbTRHSTAxRUFwT3o4TWltTXRDMEwwOGsyQ0U5MlRNc2FvY084TkVTaWFRZVd1VWlnVFc4WDF1bE5Wd1JOd0V1ZG1ONGd6THBreTlkN1oiLCJtYWMiOiIyNDg0YmM5MTYyYjIxZjYyMGM0NTE0NDYwMDdiZTMzZTMwNjQ4YzQwMTNkNmViMTI5MzhlYzEwNGRkODIwY2JmIiwidGFnIjoiIn0%3D; salem_store_session=eyJpdiI6IlVPYjhMRWlGYUpNV1NxSkxuNVBwN0E9PSIsInZhbHVlIjoiNnhuVUFweis5ZjlHL1h1aVIvaGlNRU1lM2c1SkY5dXM2dWZaOWpZaHRCdjNRVFVEWHRZZU8yck9seWtTSkdvUTRlOVRrNWVnaXdQd0xHSTNwM1pha0pVUlhpazk5a1hnMGhGMzJOa1plNnNIc1FUVUNzY1lxc2ZpcVYweWYyWmoiLCJtYWMiOiI4YzAzMzdiNzhlNWJiMDQwY2ExNDhlM2Q4NDk1NTVmZDJiYzM4M2VkZTUyYmUwNDc0NTBmMzQ4OTU3NDhmNmM0IiwidGFnIjoiIn0%3D"],"priority":["u=2, i"],"accept-language":["en-GB,en-US;q=0.9,en;q=0.8"],"accept-encoding":["gzip, deflate, br, zstd"],"user-agent":["Mozilla\\/5.0 (Windows NT 10.0; Win64; x64) AppleWebKit\\/537.36 (KHTML, like Gecko) Chrome\\/149.0.0.0 Safari\\/537.36"],"referer":["https:\\/\\/salem-store.test\\/"],"sec-fetch-dest":["document"],"sec-fetch-mode":["navigate"],"sec-fetch-site":["none"],"sec-ch-ua-platform":["\\"Windows\\""],"sec-ch-ua-mobile":["?0"],"sec-ch-ua":["\\"Google Chrome\\";v=\\"149\\", \\"Chromium\\";v=\\"149\\", \\"Not)A;Brand\\";v=\\"24\\""],"accept":["text\\/html,application\\/xhtml+xml,application\\/xml;q=0.9,image\\/avif,image\\/webp,image\\/apng,*\\/*;q=0.8,application\\/signed-exchange;v=b3;q=0.7"],"sec-speculation-tags":["null"],"sec-purpose":["prefetch;prerender"],"upgrade-insecure-requests":["1"],"host":["salem-store.test"]}', '', 'Windows', 'Chrome', '127.0.0.1', 'Webkul\\Category\\Models\\Category', 22, NULL, NULL, 1, '2026-06-14 23:17:53', '2026-06-14 23:17:53'), (209, 'GET', '[]', 'https://salem-store.test/%D8%A7%D9%84%D9%87%D9%88%D8%A7%D8%AA%D9%81-%D8%A7%D9%84%D9%85%D8%AD%D9%85%D9%88%D9%84%D8%A9', 'https://salem-store.test/', '[]', 'Mozilla/5.0 (Windows NT 10.0; Win64; x64) AppleWebKit/537.36 (KHTML, like Gecko) Chrome/149.0.0.0 Safari/537.36', '{"cookie":["XSRF-TOKEN=eyJpdiI6Im0wWjNXRE9aa2lrdjZ1RWtVYUR4ZVE9PSIsInZhbHVlIjoiWUZ5eWhtRkoxWEgrTjVLcUFsQ2ZkUkRMVmNLREFBOTZqcHlLc0JXM2hjQ1ZNWGZhRHp4UnA2WGJERE1vaXFuazhnOVFuVUlmbG1nejNhdWowaEVOWXo0N3IzMG5pZk5wcFVGc0hlUnYzeC9pTlc0cmV2aUZyV1ZwWFZKMzNTbHciLCJtYWMiOiJjOWVjNTFmNzhjNGQ0ODYyZWM5MjgwOWFmY2Y4OTg1NDNiYWQ5YjNmNTAxZGUzMTkwNTViMmU2Y2U0MjAzZmM3IiwidGFnIjoiIn0%3D; salem_store_session=eyJpdiI6IkJKdURLUm9BOGw3Z0RwSU02VTRNc3c9PSIsInZhbHVlIjoiVFAyMFgxRTY1SGZHMHVwNkc1Y3dWS3RVNDJvREt0VmlGZEU1NjlKUnc0Y2ZwSGF3OXBPQ1FCVGRyRTh2cWxPSjgvY3oyT0UyVGhMVjI2QmV3OEdFditrWjREOHdoMmN0QWFCWkZnVWtkNVh5NGNBZ3Vnd1lQS3p4blNxdGlsRWYiLCJtYWMiOiJjNjZjODg4NzIxZDc5YmRjNzU2ZDNjNTNmYmM0YjgzYjZjYWUyNDU1Y2NmNGU5MzdiYmFkMGI2ZTBmNWI1MWE1IiwidGFnIjoiIn0%3D"],"priority":["u=2, i"],"accept-language":["en-GB,en-US;q=0.9,en;q=0.8"],"accept-encoding":["gzip, deflate, br, zstd"],"user-agent":["Mozilla\\/5.0 (Windows NT 10.0; Win64; x64) AppleWebKit\\/537.36 (KHTML, like Gecko) Chrome\\/149.0.0.0 Safari\\/537.36"],"referer":["https:\\/\\/salem-store.test\\/"],"sec-fetch-dest":["document"],"sec-fetch-mode":["navigate"],"sec-fetch-site":["none"],"sec-ch-ua-platform":["\\"Windows\\""],"sec-ch-ua-mobile":["?0"],"sec-ch-ua":["\\"Google Chrome\\";v=\\"149\\", \\"Chromium\\";v=\\"149\\", \\"Not)A;Brand\\";v=\\"24\\""],"accept":["text\\/html,application\\/xhtml+xml,application\\/xml;q=0.9,image\\/avif,image\\/webp,image\\/apng,*\\/*;q=0.8,application\\/signed-exchange;v=b3;q=0.7"],"sec-speculation-tags":["null"],"sec-purpose":["prefetch;prerender"],"upgrade-insecure-requests":["1"],"host":["salem-store.test"]}', '', 'Windows', 'Chrome', '127.0.0.1', 'Webkul\\Category\\Models\\Category', 2, NULL, NULL, 1, '2026-06-14 23:18:26', '2026-06-14 23:18:26'), (210, 'GET', '[]', 'https://salem-store.test/anker-nebula', 'https://salem-store.test/', '[]', 'Mozilla/5.0 (Windows NT 10.0; Win64; x64) AppleWebKit/537.36 (KHTML, like Gecko) Chrome/149.0.0.0 Safari/537.36', '{"cookie":["XSRF-TOKEN=eyJpdiI6IjY3bTV6OWZQV3RjTFFCRFlUcTZrdUE9PSIsInZhbHVlIjoibjNLdFRySm15K3lkMjBlbm41cjVNK2Y0am5GTXlpaHpkSGZERjR0QVBBRE5td2NzaC9aanZCc3MvN0JIRldDNXNncUx1WGVTVWU5VTJDNzhYSExMYStKSlJUNnByVFIyanE3ME0vVS9pSnlGK3JPTnEzNUp6aHZNSUtjaUxGMlQiLCJtYWMiOiI5MmQxZjIzZjY2ZDBlMGE5OTViZGJhNzRlY2YzMDdmMmMwZmJiZTllZWQwNjJlMjZiM2RjODg4OWJhOWM5ZTRmIiwidGFnIjoiIn0%3D; salem_store_session=eyJpdiI6IldPREIxeTY3bzhYTFVETEdQQmw5YVE9PSIsInZhbHVlIjoiUGRNNDFaZDdGSUV0TEljdm03dHVtUkF1VlMxVGFpOGdWckpNTFNnZ3pUeTZOMHM0Nnc0Um5zc2NWZSt2bG40TzNZSUJ3Tm5QSUVEeGlLRjQwSFhpSUdRb0RPUnpvVHp6NDFIbHZwaVhTR2pQL0d0YTBWanRaclFWMTJQSWdjdzgiLCJtYWMiOiJmODBmNDI4NzI4N2Q0NWRhOTBhM2RiMGEzOTlhYmI0NzgyODE1NzFjZjNiNDgzMjIzNWVkYTYzZjRiMzJkODc5IiwidGFnIjoiIn0%3D"],"priority":["u=2, i"],"accept-language":["en-GB,en-US;q=0.9,en;q=0.8"],"accept-encoding":["gzip, deflate, br, zstd"],"user-agent":["Mozilla\\/5.0 (Windows NT 10.0; Win64; x64) AppleWebKit\\/537.36 (KHTML, like Gecko) Chrome\\/149.0.0.0 Safari\\/537.36"],"referer":["https:\\/\\/salem-store.test\\/"],"sec-fetch-dest":["document"],"sec-fetch-mode":["navigate"],"sec-fetch-site":["none"],"sec-ch-ua-platform":["\\"Windows\\""],"sec-ch-ua-mobile":["?0"],"sec-ch-ua":["\\"Google Chrome\\";v=\\"149\\", \\"Chromium\\";v=\\"149\\", \\"Not)A;Brand\\";v=\\"24\\""],"accept":["text\\/html,application\\/xhtml+xml,application\\/xml;q=0.9,image\\/avif,image\\/webp,image\\/apng,*\\/*;q=0.8,application\\/signed-exchange;v=b3;q=0.7"],"sec-speculation-tags":["null"],"sec-purpose":["prefetch;prerender"],"upgrade-insecure-requests":["1"],"host":["salem-store.test"]}', '', 'Windows', 'Chrome', '127.0.0.1', 'Webkul\\Category\\Models\\Category', 108, NULL, NULL, 1, '2026-06-14 23:18:27', '2026-06-14 23:18:27'), (211, 'GET', '[]', 'https://salem-store.test/anker-solix', 'https://salem-store.test/', '[]', 'Mozilla/5.0 (Windows NT 10.0; Win64; x64) AppleWebKit/537.36 (KHTML, like Gecko) Chrome/149.0.0.0 Safari/537.36', '{"cookie":["XSRF-TOKEN=eyJpdiI6IkF5U1pud251ako1Y1Y2R2JvTnYrMXc9PSIsInZhbHVlIjoiZWNTaTk3Z2JhaFIwQXdCblZBRzhlVFlxV0lhNXk3NEtrcjdxcklnOFpORnRrV3RibXJCQm5qNnBPZ1lES2N2WGthdHVMOXU0SmNCVjFXWXNkc2p5ZmVCWGpaMTYvbkpobis2cGE4WFQxa01sQmduWURDYWF2ejN5YWRJL3RLRzQiLCJtYWMiOiI0ZDUxYzZhNzI2YmFhYzE0MmIwYjQ3N2IzOTgxOGVlZWNjZWMzZTM3ZDlkMjRjMzBkNWI0NjZhYTEyNTMxNTE2IiwidGFnIjoiIn0%3D; salem_store_session=eyJpdiI6IitMV0pEMDkrdHRLOTRUVmVBS0N2c3c9PSIsInZhbHVlIjoiRlR1TzI2b1NQM1EvSDdiT3BqZ0RtaWdlVkd6N3RVWVZGcndOZUhuV3VuUEk3ek80M01qZXVQVnlmRWhIcWRCN2pJWVRaRitmWkpsdlIvMUxpcnZmTUNxalVBUW40RnpmSGY1U2hrUHVUdDBjSjh3QUFvNlBydlV4UjQrZi9hSXMiLCJtYWMiOiJkMGNiNmJjNjA2ZjY2NGY5NjQyMzgyYTUyMjU4OTczYTljNTM3YzNmMmIzYzE0ZGE5NjU3YmRjOWNiYTMzODMwIiwidGFnIjoiIn0%3D"],"priority":["u=2, i"],"accept-language":["en-GB,en-US;q=0.9,en;q=0.8"],"accept-encoding":["gzip, deflate, br, zstd"],"user-agent":["Mozilla\\/5.0 (Windows NT 10.0; Win64; x64) AppleWebKit\\/537.36 (KHTML, like Gecko) Chrome\\/149.0.0.0 Safari\\/537.36"],"referer":["https:\\/\\/salem-store.test\\/"],"sec-fetch-dest":["document"],"sec-fetch-mode":["navigate"],"sec-fetch-site":["none"],"sec-ch-ua-platform":["\\"Windows\\""],"sec-ch-ua-mobile":["?0"],"sec-ch-ua":["\\"Google Chrome\\";v=\\"149\\", \\"Chromium\\";v=\\"149\\", \\"Not)A;Brand\\";v=\\"24\\""],"accept":["text\\/html,application\\/xhtml+xml,application\\/xml;q=0.9,image\\/avif,image\\/webp,image\\/apng,*\\/*;q=0.8,application\\/signed-exchange;v=b3;q=0.7"],"sec-speculation-tags":["null"],"sec-purpose":["prefetch;prerender"],"upgrade-insecure-requests":["1"],"host":["salem-store.test"]}', '', 'Windows', 'Chrome', '127.0.0.1', 'Webkul\\Category\\Models\\Category', 111, NULL, NULL, 1, '2026-06-14 23:18:29', '2026-06-14 23:18:29'), (212, 'GET', '[]', 'https://salem-store.test/anker-personal-health', 'https://salem-store.test/', '[]', 'Mozilla/5.0 (Windows NT 10.0; Win64; x64) AppleWebKit/537.36 (KHTML, like Gecko) Chrome/149.0.0.0 Safari/537.36', '{"cookie":["XSRF-TOKEN=eyJpdiI6IkF5U1pud251ako1Y1Y2R2JvTnYrMXc9PSIsInZhbHVlIjoiZWNTaTk3Z2JhaFIwQXdCblZBRzhlVFlxV0lhNXk3NEtrcjdxcklnOFpORnRrV3RibXJCQm5qNnBPZ1lES2N2WGthdHVMOXU0SmNCVjFXWXNkc2p5ZmVCWGpaMTYvbkpobis2cGE4WFQxa01sQmduWURDYWF2ejN5YWRJL3RLRzQiLCJtYWMiOiI0ZDUxYzZhNzI2YmFhYzE0MmIwYjQ3N2IzOTgxOGVlZWNjZWMzZTM3ZDlkMjRjMzBkNWI0NjZhYTEyNTMxNTE2IiwidGFnIjoiIn0%3D; salem_store_session=eyJpdiI6IitMV0pEMDkrdHRLOTRUVmVBS0N2c3c9PSIsInZhbHVlIjoiRlR1TzI2b1NQM1EvSDdiT3BqZ0RtaWdlVkd6N3RVWVZGcndOZUhuV3VuUEk3ek80M01qZXVQVnlmRWhIcWRCN2pJWVRaRitmWkpsdlIvMUxpcnZmTUNxalVBUW40RnpmSGY1U2hrUHVUdDBjSjh3QUFvNlBydlV4UjQrZi9hSXMiLCJtYWMiOiJkMGNiNmJjNjA2ZjY2NGY5NjQyMzgyYTUyMjU4OTczYTljNTM3YzNmMmIzYzE0ZGE5NjU3YmRjOWNiYTMzODMwIiwidGFnIjoiIn0%3D"],"priority":["u=2, i"],"accept-language":["en-GB,en-US;q=0.9,en;q=0.8"],"accept-encoding":["gzip, deflate, br, zstd"],"user-agent":["Mozilla\\/5.0 (Windows NT 10.0; Win64; x64) AppleWebKit\\/537.36 (KHTML, like Gecko) Chrome\\/149.0.0.0 Safari\\/537.36"],"referer":["https:\\/\\/salem-store.test\\/"],"sec-fetch-dest":["document"],"sec-fetch-mode":["navigate"],"sec-fetch-site":["none"],"sec-ch-ua-platform":["\\"Windows\\""],"sec-ch-ua-mobile":["?0"],"sec-ch-ua":["\\"Google Chrome\\";v=\\"149\\", \\"Chromium\\";v=\\"149\\", \\"Not)A;Brand\\";v=\\"24\\""],"accept":["text\\/html,application\\/xhtml+xml,application\\/xml;q=0.9,image\\/avif,image\\/webp,image\\/apng,*\\/*;q=0.8,application\\/signed-exchange;v=b3;q=0.7"],"sec-speculation-tags":["null"],"sec-purpose":["prefetch;prerender"],"upgrade-insecure-requests":["1"],"host":["salem-store.test"]}', '', 'Windows', 'Chrome', '127.0.0.1', 'Webkul\\Category\\Models\\Category', 112, NULL, NULL, 1, '2026-06-14 23:18:29', '2026-06-14 23:18:29'), (213, 'GET', '[]', 'https://salem-store.test/anker-wfh', 'https://salem-store.test/', '[]', 'Mozilla/5.0 (Windows NT 10.0; Win64; x64) AppleWebKit/537.36 (KHTML, like Gecko) Chrome/149.0.0.0 Safari/537.36', '{"cookie":["XSRF-TOKEN=eyJpdiI6IkNNek9hdGZoSmoyeWpURDhwQ0tKWVE9PSIsInZhbHVlIjoidlNqcmVwdmp4MFNsbGc3WDcwQndqTFl0VXpTdWlld1BxZkkyS2NLcGVYSlU3VXI4OGdSSmVHKzg5RW4zeXpnZHdzUWw3STUxYXBTL090MWFJNFRDS3UrVkRqeXhKYkU1a2hBL0N3alhQMmJ5cjdQVkEzUVlRbmpac0s1QTY1T2QiLCJtYWMiOiI4YWJmMTIzYjU4NGE2NGEzNTY5ODQyNjU3MjM1ZmIxZGM0NzllYjMzNDk1YTlmYjFlOGVjNDljN2JlZDkwNTIyIiwidGFnIjoiIn0%3D; salem_store_session=eyJpdiI6ImM3OWs1SmFmWW9CK2JwVGN5KzR2L2c9PSIsInZhbHVlIjoiYU1sMVEvaExiZ0MxV0Z6MitQOExLS09ZclBML3ZqVHFNZEZKUmRmV3JWOC81NEtlMzdOSnpPVnpQSU5VUFVqTmhwR3Y3L00rWlZ6S0c4T2U2UmVnNTUzZWVoa1F0ai9Vdm1selVCeGIvZHVCM1R5WnUzdnF3UmFHNWNyR0lCK2MiLCJtYWMiOiI2OWUwYThiNzM3NjRiNTU2M2FkODhjZmI1ZTk2ZjAwODQ4Y2U5OTFjYzhmNTBjZTRmZjQ0ZTk1YWRmNmU0MjQ5IiwidGFnIjoiIn0%3D"],"priority":["u=2, i"],"accept-language":["en-GB,en-US;q=0.9,en;q=0.8"],"accept-encoding":["gzip, deflate, br, zstd"],"user-agent":["Mozilla\\/5.0 (Windows NT 10.0; Win64; x64) AppleWebKit\\/537.36 (KHTML, like Gecko) Chrome\\/149.0.0.0 Safari\\/537.36"],"referer":["https:\\/\\/salem-store.test\\/"],"sec-fetch-dest":["document"],"sec-fetch-mode":["navigate"],"sec-fetch-site":["none"],"sec-ch-ua-platform":["\\"Windows\\""],"sec-ch-ua-mobile":["?0"],"sec-ch-ua":["\\"Google Chrome\\";v=\\"149\\", \\"Chromium\\";v=\\"149\\", \\"Not)A;Brand\\";v=\\"24\\""],"accept":["text\\/html,application\\/xhtml+xml,application\\/xml;q=0.9,image\\/avif,image\\/webp,image\\/apng,*\\/*;q=0.8,application\\/signed-exchange;v=b3;q=0.7"],"sec-speculation-tags":["null"],"sec-purpose":["prefetch;prerender"],"upgrade-insecure-requests":["1"],"host":["salem-store.test"]}', '', 'Windows', 'Chrome', '127.0.0.1', 'Webkul\\Category\\Models\\Category', 114, NULL, NULL, 1, '2026-06-14 23:18:30', '2026-06-14 23:18:30'), (214, 'GET', '[]', 'https://salem-store.test/electric-scooters', 'https://salem-store.test/', '[]', 'Mozilla/5.0 (Windows NT 10.0; Win64; x64) AppleWebKit/537.36 (KHTML, like Gecko) Chrome/149.0.0.0 Safari/537.36', '{"cookie":["XSRF-TOKEN=eyJpdiI6Ijk1TmFPM3dtckwwQUFPcGZvaTk3Wmc9PSIsInZhbHVlIjoiWHZRWVcwMHpmclpDT1BxaFUrdE01YnIrSi9pYXVDa2JjT3hWdUFWbmlHT2pwckV2MFI2ajhLbjdsNDNJVzd3c0JqOTFHcWlhanZsN1ViRnk3SkFsbWhYU3lMQ2FVeWUrNTM0MmNtZGNVcWZtRGdTcVJsK2xqY2h1Vng4a2RJbisiLCJtYWMiOiIwMWMxZWU3NDQ0ZGRmODZjYTY1MmY1OTQyYzNiMDg4Y2Q4OGY0MmRmZTBlOWM5ZDI3M2Y4N2U5NjBlOGI0MGFmIiwidGFnIjoiIn0%3D; salem_store_session=eyJpdiI6IkJvYU5ZRTVMWUVFVUFqSzlNWjdIcmc9PSIsInZhbHVlIjoiaXRJNVljL2VER2tRV3pUQTNZQXJZUW5iZm83SitPR0xsTjVlVmRjVTRlLzRLQXF1dEdxeUVrY3pCMnE4aEo1bVViNFhTNEhRN1k3c1p4bXBGdGZDSnUwSkQvcDZWd0tFSkRnME5jTGo2TWJpOTd3WWpQWUt0dGVLYjFJK0hrUkQiLCJtYWMiOiI1MDgxMjNlYzM5YmFiNWYzNTVlOWUyZDk2ZWVkYmYyZGNhM2E0ZmUxOGVlNDVhMGNhZTk3YTFhYjA1NjgzNDBmIiwidGFnIjoiIn0%3D"],"priority":["u=2, i"],"accept-language":["en-GB,en-US;q=0.9,en;q=0.8"],"accept-encoding":["gzip, deflate, br, zstd"],"user-agent":["Mozilla\\/5.0 (Windows NT 10.0; Win64; x64) AppleWebKit\\/537.36 (KHTML, like Gecko) Chrome\\/149.0.0.0 Safari\\/537.36"],"referer":["https:\\/\\/salem-store.test\\/"],"sec-fetch-dest":["document"],"sec-fetch-mode":["navigate"],"sec-fetch-site":["none"],"sec-ch-ua-platform":["\\"Windows\\""],"sec-ch-ua-mobile":["?0"],"sec-ch-ua":["\\"Google Chrome\\";v=\\"149\\", \\"Chromium\\";v=\\"149\\", \\"Not)A;Brand\\";v=\\"24\\""],"accept":["text\\/html,application\\/xhtml+xml,application\\/xml;q=0.9,image\\/avif,image\\/webp,image\\/apng,*\\/*;q=0.8,application\\/signed-exchange;v=b3;q=0.7"],"sec-speculation-tags":["null"],"sec-purpose":["prefetch;prerender"],"upgrade-insecure-requests":["1"],"host":["salem-store.test"]}', '', 'Windows', 'Chrome', '127.0.0.1', 'Webkul\\Category\\Models\\Category', 143, NULL, NULL, 1, '2026-06-14 23:36:39', '2026-06-14 23:36:39'), (215, 'GET', '[]', 'https://salem-store.test/smart-tvs', 'https://salem-store.test/', '[]', 'Mozilla/5.0 (Windows NT 10.0; Win64; x64) AppleWebKit/537.36 (KHTML, like Gecko) Chrome/149.0.0.0 Safari/537.36', '{"cookie":["XSRF-TOKEN=eyJpdiI6IjJpOFVMYTFzdm1hdGJkczh4YkxzZ3c9PSIsInZhbHVlIjoiN0VyNHYvcE4xWC9uSyt1WUZiREw1V0JXMDBkOW81Z1J2QWk3c3YzVW5rbzl6SXRsQW5tbHd1NHdtdVlseThmdXFRc1M2a0dnbFB1THJpZTVGOEVLODZZRG93elFkTng1K3FvYktHOEZmVHNBMEJtQ0doUjhTN3NkMjkrUVBqaEkiLCJtYWMiOiJmN2EzZDhmMDAyODJiODJhOTQ2MjRjYzkwYmU0YmEwNDhjOWI3ZmExNzEzYTI0OTlkYjNiYTFhNWFjNjQ4ZDRlIiwidGFnIjoiIn0%3D; salem_store_session=eyJpdiI6IlhNN21OT0JnUVJSSG5EVk5FU1prOUE9PSIsInZhbHVlIjoiTE5lZFRiUkx0UEtDaS9YbWdwRzZBZkFrZzBralQ1ZmJyMEFZZU5Rc0JXS25FMkNWeW4wcEE5WG44YytJQXE5Z2RQc3drS2gyMUVuQTFneWJMM084YXhYU2tCbFBoaTN2YVp1c1ZndDk3aW5FRGRiTVI0UmdwSHZDSEVMV2JRb04iLCJtYWMiOiJkZTY2MDAyYWQ0ZGE3NzFhNDU0MWVhMWYzMDE0ODZhZmJlZTdiYmMyYzE5ZWQ5ODhkZjU3NWIxNmUzMjA2ZDgwIiwidGFnIjoiIn0%3D"],"priority":["u=2, i"],"accept-language":["en-GB,en-US;q=0.9,en;q=0.8"],"accept-encoding":["gzip, deflate, br, zstd"],"user-agent":["Mozilla\\/5.0 (Windows NT 10.0; Win64; x64) AppleWebKit\\/537.36 (KHTML, like Gecko) Chrome\\/149.0.0.0 Safari\\/537.36"],"referer":["https:\\/\\/salem-store.test\\/"],"sec-fetch-dest":["document"],"sec-fetch-mode":["navigate"],"sec-fetch-site":["none"],"sec-ch-ua-platform":["\\"Windows\\""],"sec-ch-ua-mobile":["?0"],"sec-ch-ua":["\\"Google Chrome\\";v=\\"149\\", \\"Chromium\\";v=\\"149\\", \\"Not)A;Brand\\";v=\\"24\\""],"accept":["text\\/html,application\\/xhtml+xml,application\\/xml;q=0.9,image\\/avif,image\\/webp,image\\/apng,*\\/*;q=0.8,application\\/signed-exchange;v=b3;q=0.7"],"sec-speculation-tags":["null"],"sec-purpose":["prefetch;prerender"],"upgrade-insecure-requests":["1"],"host":["salem-store.test"]}', '', 'Windows', 'Chrome', '127.0.0.1', 'Webkul\\Category\\Models\\Category', 134, NULL, NULL, 1, '2026-06-14 23:40:33', '2026-06-14 23:40:33'), (216, 'GET', '[]', 'https://salem-store.test/wearables', 'https://salem-store.test/', '[]', 'Mozilla/5.0 (Windows NT 10.0; Win64; x64) AppleWebKit/537.36 (KHTML, like Gecko) Chrome/149.0.0.0 Safari/537.36', '{"cookie":["XSRF-TOKEN=eyJpdiI6Imh6VVdEWjloTmJjaVpNRnV4bzlSamc9PSIsInZhbHVlIjoiMVBheW14ZGRuWXRSV2JHbWNlWGRzK2FpKy82M0VVcUJxK2dmUlhRM3ZXdzAzZ3FqWng1TzZ4dldqZmdzeGNjWEZaek5tVnpNWDJBaitsUzNxeE5UZ1JIUmpLcUJoK05Oc0xWSFlPUXdKKzhUVDBvT2lmYkJMS0lrbVN1TzJkczMiLCJtYWMiOiJjOWU1N2U3YmMwZDYwYzY5ZWRlNGMzOWI4MjdiZDBjZTJhZDYyZGI1NGRmYjllNDJmYTU5NTY4OGExOTRiZGYyIiwidGFnIjoiIn0%3D; salem_store_session=eyJpdiI6ImlLeG9yTmxuK2l2bWxEdUQvU2tPOWc9PSIsInZhbHVlIjoiQ0hWdkdJelpYUHdkVE9nTXNGNzBwL1FiUCtnMm5NNisreVJwWmN5TTJzZGFKM1B2OFlMclRJZWJNWGUyb0RkTEsyMzFQTDZod0JVOEc4dW1LYzdBM1JkaUhzeXhpTkcyRmJ2OEk2OW41RlZ2dFQybEcwdjgyWW5WMHFtNmxSaEoiLCJtYWMiOiI0ZWU4NjMyMGNiMWNlNDM1NGMwMjVkZjdiZTYzZGE3NDgwMDE1MWIzZjc2NzE3M2MyOTc4Mjg5ODI2YWY3NGY1IiwidGFnIjoiIn0%3D"],"priority":["u=2, i"],"accept-language":["en-GB,en-US;q=0.9,en;q=0.8"],"accept-encoding":["gzip, deflate, br, zstd"],"user-agent":["Mozilla\\/5.0 (Windows NT 10.0; Win64; x64) AppleWebKit\\/537.36 (KHTML, like Gecko) Chrome\\/149.0.0.0 Safari\\/537.36"],"referer":["https:\\/\\/salem-store.test\\/"],"sec-fetch-dest":["document"],"sec-fetch-mode":["navigate"],"sec-fetch-site":["none"],"sec-ch-ua-platform":["\\"Windows\\""],"sec-ch-ua-mobile":["?0"],"sec-ch-ua":["\\"Google Chrome\\";v=\\"149\\", \\"Chromium\\";v=\\"149\\", \\"Not)A;Brand\\";v=\\"24\\""],"accept":["text\\/html,application\\/xhtml+xml,application\\/xml;q=0.9,image\\/avif,image\\/webp,image\\/apng,*\\/*;q=0.8,application\\/signed-exchange;v=b3;q=0.7"],"sec-speculation-tags":["null"],"sec-purpose":["prefetch;prerender"],"upgrade-insecure-requests":["1"],"host":["salem-store.test"]}', '', 'Windows', 'Chrome', '127.0.0.1', 'Webkul\\Category\\Models\\Category', 135, NULL, NULL, 1, '2026-06-14 23:40:43', '2026-06-14 23:40:43'), (217, 'GET', '[]', 'https://salem-store.test/tablets', 'https://salem-store.test/', '[]', 'Mozilla/5.0 (Windows NT 10.0; Win64; x64) AppleWebKit/537.36 (KHTML, like Gecko) Chrome/149.0.0.0 Safari/537.36', '{"cookie":["XSRF-TOKEN=eyJpdiI6IllDZ3FoZHY5RUI0dWJPOFRyakQ2c2c9PSIsInZhbHVlIjoielhueitFRHZCeU1GWHdVTGJib21XMUMwZnRTV2pxeTlldDkrbFY5WFFJZlV5RDZQZU1lemdMdndPemdUOUlIZ2I5VDVLUzFFRW14b3pVM2kxRHdaWi9tQjZxNkpEeGFFeW9xZk41MGRvenJlUVNSNkQ5R1NHZk1PZWIvVDR4dk8iLCJtYWMiOiIwMTVmMWU1NDRkOWVhMGUzMjZlNGYxZjQzNTdjM2IyMDNjMWE3ZTQzZDJhOTdlMTQ0NjQwYTVhODAxYjdlZjNkIiwidGFnIjoiIn0%3D; salem_store_session=eyJpdiI6IkM0cXlRR2g1UG5wYzdBSFJqRlpQVEE9PSIsInZhbHVlIjoiSnU0ZjBTK2JieXMyRDhmejJwdXpUTFovSmJ0WmZ1U1MrQVR2RTltalJZWGtWMFB2dzlRR0YzdURWcE52ZjFMcDlka1oyNnR6eGsxVDZUTXJzT2kzeEg4cmlRZDJmOVZQTCtWUldud21oR1MrN0FkU1Y1dnFObzA2MmlBODFpZ3oiLCJtYWMiOiI5YTg0ODg4ZTU2NDczYmY1MDJiYmRlMGJlNzJhNGNkMDEyZmEzNWY2ZGE0YjZkNTQzY2IxNDM1MTA5ZWZjMWQ5IiwidGFnIjoiIn0%3D"],"priority":["u=2, i"],"accept-language":["en-GB,en-US;q=0.9,en;q=0.8"],"accept-encoding":["gzip, deflate, br, zstd"],"user-agent":["Mozilla\\/5.0 (Windows NT 10.0; Win64; x64) AppleWebKit\\/537.36 (KHTML, like Gecko) Chrome\\/149.0.0.0 Safari\\/537.36"],"referer":["https:\\/\\/salem-store.test\\/"],"sec-fetch-dest":["document"],"sec-fetch-mode":["navigate"],"sec-fetch-site":["none"],"sec-ch-ua-platform":["\\"Windows\\""],"sec-ch-ua-mobile":["?0"],"sec-ch-ua":["\\"Google Chrome\\";v=\\"149\\", \\"Chromium\\";v=\\"149\\", \\"Not)A;Brand\\";v=\\"24\\""],"accept":["text\\/html,application\\/xhtml+xml,application\\/xml;q=0.9,image\\/avif,image\\/webp,image\\/apng,*\\/*;q=0.8,application\\/signed-exchange;v=b3;q=0.7"],"sec-speculation-tags":["null"],"sec-purpose":["prefetch;prerender"],"upgrade-insecure-requests":["1"],"host":["salem-store.test"]}', '', 'Windows', 'Chrome', '127.0.0.1', 'Webkul\\Category\\Models\\Category', 136, NULL, NULL, 1, '2026-06-14 23:40:49', '2026-06-14 23:40:49'), (218, 'GET', '[]', 'https://salem-store.test/anker', 'https://salem-store.test/', '[]', 'Mozilla/5.0 (Windows NT 10.0; Win64; x64) AppleWebKit/537.36 (KHTML, like Gecko) Chrome/149.0.0.0 Safari/537.36', '{"cookie":["XSRF-TOKEN=eyJpdiI6ImZOSlZ5VStSMzRYRCtKU1MvaUczaGc9PSIsInZhbHVlIjoicVZ0MGVXVUl4V2NzM0pBVmZBbkdBV2QveTlaVENURWFxMThHblZIaU1ndkRnMm9Qbkk2cWw1TUFJMTB5Uno5OVFnN1oxUXlUTENaTEUySUV4aUtuSHRNcEtEMVVqVEtubzdoRFk0cTFxSENRV3p4NXcvY2hHOHdzZldMQjZzcU0iLCJtYWMiOiJhOTBjMWFjMzUwOWFkMzk1Mjc1NWNjMjEwMjgwNzYwNTE5MWU2NDEyYWY4ZTQ4OGQwZWMzOTdmYzlmZDgxOWFkIiwidGFnIjoiIn0%3D; salem_store_session=eyJpdiI6IkpDQjFWTXNmWkFFdUZKQjNveXY2b1E9PSIsInZhbHVlIjoiWE5MK2NFa3NxaWJpZ0ZoMFFiZVNEcVpuYlFDa3djM2pqcE9HRHc1T2l2clZ0SmJ4MTZTNHRUSElTUDhvZ08yMzFmOGlCc1NCMTNmTWhWczJNSFUxU0M2MCtvL0ZlN21WYkxPNHNWK09YTGZaZ012YXFib0xsd0pISXNYa3dIelAiLCJtYWMiOiIxYTdlMGNmNmU3YTY0OWY5NDBlZGNkMmFkMWRmNmYxZWQ0ZGMzNjczY2I0ZDY4MTUyMjcyOTQ5YmEyZTM0YTBiIiwidGFnIjoiIn0%3D"],"priority":["u=2, i"],"accept-language":["en-GB,en-US;q=0.9,en;q=0.8"],"accept-encoding":["gzip, deflate, br, zstd"],"user-agent":["Mozilla\\/5.0 (Windows NT 10.0; Win64; x64) AppleWebKit\\/537.36 (KHTML, like Gecko) Chrome\\/149.0.0.0 Safari\\/537.36"],"referer":["https:\\/\\/salem-store.test\\/"],"sec-fetch-dest":["document"],"sec-fetch-mode":["navigate"],"sec-fetch-site":["none"],"sec-ch-ua-platform":["\\"Windows\\""],"sec-ch-ua-mobile":["?0"],"sec-ch-ua":["\\"Google Chrome\\";v=\\"149\\", \\"Chromium\\";v=\\"149\\", \\"Not)A;Brand\\";v=\\"24\\""],"accept":["text\\/html,application\\/xhtml+xml,application\\/xml;q=0.9,image\\/avif,image\\/webp,image\\/apng,*\\/*;q=0.8,application\\/signed-exchange;v=b3;q=0.7"],"sec-speculation-tags":["null"],"sec-purpose":["prefetch;prerender"],"upgrade-insecure-requests":["1"],"host":["salem-store.test"]}', '', 'Windows', 'Chrome', '127.0.0.1', 'Webkul\\Category\\Models\\Category', 118, NULL, NULL, 1, '2026-06-14 23:41:19', '2026-06-14 23:41:19'), (219, 'GET', '[]', 'https://salem-store.test/%D9%83%DA%A4%D8%B1%D8%A7%D8%AA-pitaka', 'https://salem-store.test/', '[]', 'Mozilla/5.0 (Windows NT 10.0; Win64; x64) AppleWebKit/537.36 (KHTML, like Gecko) Chrome/149.0.0.0 Safari/537.36', '{"cookie":["XSRF-TOKEN=eyJpdiI6ImhjTTRhNTRXYlN2TkkyQmVMaHdYNUE9PSIsInZhbHVlIjoiMzJoMWQ0MzJNbzdZWm9pZk9ySmFKQmZwMUt1NEIyNGF2UkVZQzVpSG9FQkFWN0h2TnhIM2hBaFkyYTFFK2s5K2Y3RHUrOVA3ajJFZVZleFBrVGFPTUJ4MDY0ZlVwR0tvcUN2VTdUVGZaUEw1cEk1ZWluTlR5citVbDl5SmgyRmMiLCJtYWMiOiIzYzQ4YTQ5MjMzMWIxZjI5NWNmYjk3Y2M2ZjcwMTg2NWRhOTFjNmVlYmQyZjU5NmVhMTY3ZTUxNTEwMWJlMWRmIiwidGFnIjoiIn0%3D; salem_store_session=eyJpdiI6IktISXZ1ZXllZmRqZndxOStEcXVMVFE9PSIsInZhbHVlIjoiRVFPZXpHczQ2dHJqY2EyRXpEQ3VwOE1wSDdXaEhvZkFySjJtMDJkSDFpVVMxMFRiWGwwdzF1M2ZveC9UUksyaXhPc1dWSWI1U0UzU3doNTVteEtxeHNTeUdSR1lzenFzcmdzYm1KWXRuQk5NekNjb2c0c3NhUDMwdmJDWG1YUlMiLCJtYWMiOiI1ZDRiMzRiODQ3MTIzNDlhZjIwNzhiZWY0ZWNlYmJmNDBhM2U2YzM5NmJiYmVlMjYyZDkyYjg2YTM1ODMxZjg4IiwidGFnIjoiIn0%3D"],"priority":["u=2, i"],"accept-language":["en-GB,en-US;q=0.9,en;q=0.8"],"accept-encoding":["gzip, deflate, br, zstd"],"user-agent":["Mozilla\\/5.0 (Windows NT 10.0; Win64; x64) AppleWebKit\\/537.36 (KHTML, like Gecko) Chrome\\/149.0.0.0 Safari\\/537.36"],"referer":["https:\\/\\/salem-store.test\\/"],"sec-fetch-dest":["document"],"sec-fetch-mode":["navigate"],"sec-fetch-site":["none"],"sec-ch-ua-platform":["\\"Windows\\""],"sec-ch-ua-mobile":["?0"],"sec-ch-ua":["\\"Google Chrome\\";v=\\"149\\", \\"Chromium\\";v=\\"149\\", \\"Not)A;Brand\\";v=\\"24\\""],"accept":["text\\/html,application\\/xhtml+xml,application\\/xml;q=0.9,image\\/avif,image\\/webp,image\\/apng,*\\/*;q=0.8,application\\/signed-exchange;v=b3;q=0.7"],"sec-speculation-tags":["null"],"sec-purpose":["prefetch;prerender"],"upgrade-insecure-requests":["1"],"host":["salem-store.test"]}', '', 'Windows', 'Chrome', '127.0.0.1', 'Webkul\\Product\\Models\\Product', 1, NULL, NULL, 1, '2026-06-14 23:42:26', '2026-06-14 23:42:26'), (220, 'GET', '[]', 'https://salem-store.test/%D9%84%D9%88%D8%AD%D8%A7%D8%AA-%D8%A7%D9%84%D9%85%D9%81%D8%A7%D8%AA%D9%8A%D8%AD', 'https://salem-store.test/', '[]', 'Mozilla/5.0 (Windows NT 10.0; Win64; x64) AppleWebKit/537.36 (KHTML, like Gecko) Chrome/149.0.0.0 Safari/537.36', '{"cookie":["XSRF-TOKEN=eyJpdiI6Ijhwc3UzNkRhMTczdGd0cmt2UEwwQ1E9PSIsInZhbHVlIjoiODdQZmNOTGltekpONVlITlRmNjhMMmFJMkVETWV5bjVSVnB0NXFaYlZ1a0puc09KL0htaUhzUFRCUC9WME96ZEYxWXdJa3owVFdGSHlXUWo2ajBOMWx2Z2ZucUs5OVFFUURZMHNmdWE3Z1JUcWZ0b0xuNkdFOEd5TUxqUXhVMzAiLCJtYWMiOiI0NTdmNzA4ZjFlNTQxNWFiNmMxODcxZmIxOTE3YTAzZWU1MGZmNDFiYmYxN2I4ODcwMDU1ZTAzNzc2NDBjY2FkIiwidGFnIjoiIn0%3D; salem_store_session=eyJpdiI6InhBVnVFb3c3K2xKeEw5V1ZBRkU1Q3c9PSIsInZhbHVlIjoiaTZRRFJjdGdOMnNET2FUSWxPZjdNQkxrbW8vQUlsaVdHQ1c1bGpkdG9HRXIyOVRtdlFDKzB1OVM5bVZ6dmN4RE5ONXpJVHVxYmY0S2ZTUWhML3YzemkyTWYxWXEwOUgwenhHMXBHSDUxMmZ2ZHZpQnlzeTRmUkg1dXNxM25ZM0YiLCJtYWMiOiIzMzI4NDVkMjAwZGNkZjNhYjRlNTVhNDA4YmRkM2E1MzVkN2UxZTE3OTQ2YmM4N2IyN2RlMzVjMjlmM2M5MDAxIiwidGFnIjoiIn0%3D"],"priority":["u=2, i"],"accept-language":["en-GB,en-US;q=0.9,en;q=0.8"],"accept-encoding":["gzip, deflate, br, zstd"],"user-agent":["Mozilla\\/5.0 (Windows NT 10.0; Win64; x64) AppleWebKit\\/537.36 (KHTML, like Gecko) Chrome\\/149.0.0.0 Safari\\/537.36"],"referer":["https:\\/\\/salem-store.test\\/"],"sec-fetch-dest":["document"],"sec-fetch-mode":["navigate"],"sec-fetch-site":["none"],"sec-ch-ua-platform":["\\"Windows\\""],"sec-ch-ua-mobile":["?0"],"sec-ch-ua":["\\"Google Chrome\\";v=\\"149\\", \\"Chromium\\";v=\\"149\\", \\"Not)A;Brand\\";v=\\"24\\""],"accept":["text\\/html,application\\/xhtml+xml,application\\/xml;q=0.9,image\\/avif,image\\/webp,image\\/apng,*\\/*;q=0.8,application\\/signed-exchange;v=b3;q=0.7"],"sec-speculation-tags":["null"],"sec-purpose":["prefetch;prerender"],"upgrade-insecure-requests":["1"],"host":["salem-store.test"]}', '', 'Windows', 'Chrome', '127.0.0.1', 'Webkul\\Category\\Models\\Category', 23, NULL, NULL, 1, '2026-06-14 23:42:52', '2026-06-14 23:42:52'), (221, 'GET', '[]', 'https://salem-store.test/%D8%A7%D9%84%D9%85%D8%A7%D9%88%D8%B3', 'https://salem-store.test/', '[]', 'Mozilla/5.0 (Windows NT 10.0; Win64; x64) AppleWebKit/537.36 (KHTML, like Gecko) Chrome/149.0.0.0 Safari/537.36', '{"cookie":["XSRF-TOKEN=eyJpdiI6InppSjlZTDVZdTBsNm00a0VMMXUvTnc9PSIsInZhbHVlIjoiZVZJcTRSLzZiMVk3bElZTCtleWsyYkVlK3lnRU5iTUY2dnFMZHhEWEJOMElaM3RlR3VFOU5ncEE5ODBUZ1JMVHRKUHZWYkpVaC82N3A2SHdxVmlmcWwwTzNWRmVubHhRdnd5dDIwb3ZXQThIT1JwNkl1MkUzMVdYTGdFT0t0Nk4iLCJtYWMiOiI5NThiNTY3MWU4NGVkNTA1YzVjMzZkYThjY2U2MGZlZjMxMTE2ZDMyMDc3ZWEzNDc0YmMwNDYzMGY3ODM0MTY1IiwidGFnIjoiIn0%3D; salem_store_session=eyJpdiI6IkhkQzhycm9uazVEL1BiUjhZK1pPK1E9PSIsInZhbHVlIjoiK3FWYlpCSmlNdlhiWG0rMmJxdEZsMDRXTFEwY2RicG5wYVU4Vm5zRFpxNzdVdlZHeW1jR3YzWUVhcFQxbEJabDRMSEFzYWsrb3dkeS9ra2pWT0xSNWU2VWxKc0U4cG5TOWdWNmZ3V0lwMnlVdkRsd0dqWTkwZDRlQ3ZmV3lZOGgiLCJtYWMiOiIxNzk1OGEwZjgzZDQwYzY0MGNlNTU3ODEzOWIzMTc2MGIyNmUwMjQ5NjE1ZTM4NGYyZDk0MmE0ZmNlYTVhNjQyIiwidGFnIjoiIn0%3D"],"priority":["u=2, i"],"accept-language":["en-GB,en-US;q=0.9,en;q=0.8"],"accept-encoding":["gzip, deflate, br, zstd"],"user-agent":["Mozilla\\/5.0 (Windows NT 10.0; Win64; x64) AppleWebKit\\/537.36 (KHTML, like Gecko) Chrome\\/149.0.0.0 Safari\\/537.36"],"referer":["https:\\/\\/salem-store.test\\/"],"sec-fetch-dest":["document"],"sec-fetch-mode":["navigate"],"sec-fetch-site":["none"],"sec-ch-ua-platform":["\\"Windows\\""],"sec-ch-ua-mobile":["?0"],"sec-ch-ua":["\\"Google Chrome\\";v=\\"149\\", \\"Chromium\\";v=\\"149\\", \\"Not)A;Brand\\";v=\\"24\\""],"accept":["text\\/html,application\\/xhtml+xml,application\\/xml;q=0.9,image\\/avif,image\\/webp,image\\/apng,*\\/*;q=0.8,application\\/signed-exchange;v=b3;q=0.7"],"sec-speculation-tags":["null"],"sec-purpose":["prefetch;prerender"],"upgrade-insecure-requests":["1"],"host":["salem-store.test"]}', '', 'Windows', 'Chrome', '127.0.0.1', 'Webkul\\Category\\Models\\Category', 24, NULL, NULL, 1, '2026-06-14 23:42:53', '2026-06-14 23:42:53'), (222, 'GET', '[]', 'https://salem-store.test/anker-audio', 'https://salem-store.test/', '[]', 'Mozilla/5.0 (Windows NT 10.0; Win64; x64) AppleWebKit/537.36 (KHTML, like Gecko) Chrome/149.0.0.0 Safari/537.36', '{"cookie":["XSRF-TOKEN=eyJpdiI6Ik54RjR0OTloMUlYME4rMUJkakR1Rnc9PSIsInZhbHVlIjoiSThSNlVMNUZHaVlXdTlEeHRhSVYwQ29sb042VXZrZjZBdk8xMzQ3MjA4V2JVaUJ1Sk41MGhDMDc1K3BsRlhnS1YwRGpra1ZETzRTSjZoZ1E0elRtWEk2djFKRE1NczJyelJCOEhFZWVTTU1FdEZQaEJXeWQwUm85a1RWRFkyNEciLCJtYWMiOiI0ZTAyZDQ0MjMzMDVhNjEyMjNhMjRmOGZiMzM4YWJjYTU5YTdkNmI3ZjAxNmYwMDc3YTM1ZjEzODc5Mjk5Y2IxIiwidGFnIjoiIn0%3D; salem_store_session=eyJpdiI6IktPN0dvZ3ZUVHpkdG12bnE3aGJ5MkE9PSIsInZhbHVlIjoiVjFJejRJb3N1Y2lsekdUS3NST2RsUU9wWmp4am9PaTZBRmdGeEpFaVZ6blo1OTMxRXRUUmVGSnJENnpDQlV4MFJmcjdXQVNZSzN0RFprY1d5VkdSRDYwYXlmcmpPZGFNejY0bk9wQlRidldYcHZHSHI1ZFUvbkFVL1RQSjdWOWYiLCJtYWMiOiJlYjBlYzliODhhMWRiM2Q2N2U4NzM5OTFmODVjMzZmMzQ0NDRiYTc0YTYwYTA1MjBiZDk4ZDE5OWY3ZGM0NjNlIiwidGFnIjoiIn0%3D"],"priority":["u=2, i"],"accept-language":["en-GB,en-US;q=0.9,en;q=0.8"],"accept-encoding":["gzip, deflate, br, zstd"],"user-agent":["Mozilla\\/5.0 (Windows NT 10.0; Win64; x64) AppleWebKit\\/537.36 (KHTML, like Gecko) Chrome\\/149.0.0.0 Safari\\/537.36"],"referer":["https:\\/\\/salem-store.test\\/"],"sec-fetch-dest":["document"],"sec-fetch-mode":["navigate"],"sec-fetch-site":["none"],"sec-ch-ua-platform":["\\"Windows\\""],"sec-ch-ua-mobile":["?0"],"sec-ch-ua":["\\"Google Chrome\\";v=\\"149\\", \\"Chromium\\";v=\\"149\\", \\"Not)A;Brand\\";v=\\"24\\""],"accept":["text\\/html,application\\/xhtml+xml,application\\/xml;q=0.9,image\\/avif,image\\/webp,image\\/apng,*\\/*;q=0.8,application\\/signed-exchange;v=b3;q=0.7"],"sec-speculation-tags":["null"],"sec-purpose":["prefetch;prerender"],"upgrade-insecure-requests":["1"],"host":["salem-store.test"]}', '', 'Windows', 'Chrome', '127.0.0.1', 'Webkul\\Category\\Models\\Category', 121, NULL, NULL, 1, '2026-06-14 23:48:36', '2026-06-14 23:48:36'), (223, 'GET', '[]', 'https://salem-store.test/anker-power-stations', 'https://salem-store.test/', '[]', 'Mozilla/5.0 (Windows NT 10.0; Win64; x64) AppleWebKit/537.36 (KHTML, like Gecko) Chrome/149.0.0.0 Safari/537.36', '{"cookie":["XSRF-TOKEN=eyJpdiI6IkE2ZXFLMGdrUVFKYVMvWjB0d05McEE9PSIsInZhbHVlIjoiQU5kc0gzaUhSbzNRSVZJTExwWW55QmVqVVkxc0lvY3ljNWY5WGM4WVNkUTNEWlhnMUdwcTBHTXhBOCtlRjRwV2hiYzd3clRQL2tpOGNBQzB3dHBMdE5SK0xadnI4aWlDZDU0V3UvTWI1cFQzY2dXSC9SQWZwTFlTV2p3dFZQdFAiLCJtYWMiOiIyZWFiZjNiYjM4MDRiMDNlYWM0YzZmMTBkMDU4YjQ1Yzg0MDMyNDg2ZmNmNzJiMTRhMWE2MjMxNjg3NTRlOGU3IiwidGFnIjoiIn0%3D; salem_store_session=eyJpdiI6IjNZbktFWSt2dSt4bnVwYTRZTXB1eXc9PSIsInZhbHVlIjoiem1MdmVwT2tCZ1h1S0xYVUptSlVHaEx2TTE1Ti8xOVh0MExJejYzNkEwSFk1ZnlRWU9wWldBYmVJdXJOOXBZZkdzeU9JdmR0K3pPRmtVU1NjQ1B5QzdqQmpwRmJscDBNcXJkbXkyb2h6aUhKcnJwUlMvUlFoV3Q4a0JpNmNPTksiLCJtYWMiOiI2OTQyZWFmZTJmY2UwOGI0OWY5OTY1MmVhNTk0ZDg5MjZkYjFmZDNmMmUzYWMyNjk3MzQ2MmQxNjY1NzNiZTIxIiwidGFnIjoiIn0%3D"],"priority":["u=2, i"],"accept-language":["en-GB,en-US;q=0.9,en;q=0.8"],"accept-encoding":["gzip, deflate, br, zstd"],"user-agent":["Mozilla\\/5.0 (Windows NT 10.0; Win64; x64) AppleWebKit\\/537.36 (KHTML, like Gecko) Chrome\\/149.0.0.0 Safari\\/537.36"],"referer":["https:\\/\\/salem-store.test\\/"],"sec-fetch-dest":["document"],"sec-fetch-mode":["navigate"],"sec-fetch-site":["none"],"sec-ch-ua-platform":["\\"Windows\\""],"sec-ch-ua-mobile":["?0"],"sec-ch-ua":["\\"Google Chrome\\";v=\\"149\\", \\"Chromium\\";v=\\"149\\", \\"Not)A;Brand\\";v=\\"24\\""],"accept":["text\\/html,application\\/xhtml+xml,application\\/xml;q=0.9,image\\/avif,image\\/webp,image\\/apng,*\\/*;q=0.8,application\\/signed-exchange;v=b3;q=0.7"],"sec-speculation-tags":["null"],"sec-purpose":["prefetch;prerender"],"upgrade-insecure-requests":["1"],"host":["salem-store.test"]}', '', 'Windows', 'Chrome', '127.0.0.1', 'Webkul\\Category\\Models\\Category', 120, NULL, NULL, 1, '2026-06-14 23:53:11', '2026-06-14 23:53:11'), (224, 'GET', '[]', 'https://salem-store.test/%D8%A7%D9%83%D8%B3%D8%B3%D9%88%D8%A7%D8%B1%D8%A7%D8%AA', 'https://salem-store.test/', '[]', 'Mozilla/5.0 (Windows NT 10.0; Win64; x64) AppleWebKit/537.36 (KHTML, like Gecko) Chrome/149.0.0.0 Safari/537.36', '{"priority":["u=2, i"],"accept-language":["en-GB,en-US;q=0.9,en;q=0.8"],"accept-encoding":["gzip, deflate, br, zstd"],"user-agent":["Mozilla\\/5.0 (Windows NT 10.0; Win64; x64) AppleWebKit\\/537.36 (KHTML, like Gecko) Chrome\\/149.0.0.0 Safari\\/537.36"],"referer":["https:\\/\\/salem-store.test\\/"],"sec-fetch-dest":["document"],"sec-fetch-mode":["navigate"],"sec-fetch-site":["none"],"sec-ch-ua-platform":["\\"Windows\\""],"sec-ch-ua-mobile":["?0"],"sec-ch-ua":["\\"Google Chrome\\";v=\\"149\\", \\"Chromium\\";v=\\"149\\", \\"Not)A;Brand\\";v=\\"24\\""],"accept":["text\\/html,application\\/xhtml+xml,application\\/xml;q=0.9,image\\/avif,image\\/webp,image\\/apng,*\\/*;q=0.8,application\\/signed-exchange;v=b3;q=0.7"],"sec-speculation-tags":["null"],"sec-purpose":["prefetch;prerender"],"upgrade-insecure-requests":["1"],"host":["salem-store.test"]}', '', 'Windows', 'Chrome', '127.0.0.1', 'Webkul\\Category\\Models\\Category', 22, NULL, NULL, 1, '2026-06-15 11:03:03', '2026-06-15 11:03:03'), (225, 'GET', '[]', 'https://salem-store.test/%D8%A7%D9%84%D9%84%D8%A7%D8%A8%D8%AA%D9%88%D8%A8', 'https://salem-store.test/', '[]', 'Mozilla/5.0 (Windows NT 10.0; Win64; x64) AppleWebKit/537.36 (KHTML, like Gecko) Chrome/149.0.0.0 Safari/537.36', '{"cookie":["XSRF-TOKEN=eyJpdiI6ImJwWTUyTk4rWWlQbXdkbTA1OUZmc1E9PSIsInZhbHVlIjoiUk9aRWtLM1ZXUEQzOXB3ME5VZ3VEZS92MHlyb0IxTjBJOGFlZkJDNmdyVE4zVDkvaE9odE9MVGN3eHAveFNiRU1LRERueWtpR0hJdEFyUHI1YXg4Q0tQNUJFYWw2SVdpZSttZC9lTDdQYis5THBTOEZnQUhaWUFhRHUyTkNIbkYiLCJtYWMiOiI3MjM5NDlmZjBkMTFmZGUwMTE4NTUyYzNlMDQ0YjgwNDZhYTc5OTFlMWU5YmRiZTMwYzdmZjk0OWQ4MGU3YWQ5IiwidGFnIjoiIn0%3D; salem_store_session=eyJpdiI6IldzT1JIYkNvUkQvbFVRaWw5dFVhU1E9PSIsInZhbHVlIjoiQVdyenVXcTFiOEg3Vmxnekc3RmIxellqQ0h1SzNabFdJQlFQZ0FqZUZUTG1oYmtMdTgzbEcwU01oVXc0RU5jYVFmeTFZMHBVNlFUZ0VnSTRlcFpOZGlnZVVCaFFJbUlPYmtBa1hVbEpoWWRvVWJXTlVXNmtvK0ZXSENFRlNpQ2giLCJtYWMiOiJiZDQ2YWU5ZmU1YzE2YTVmYzJmMWM3ZmZmN2Q1N2VkNGIwYWNlZjZiZTY0M2Q3OTI2Mzk3YWRjODVhOTNkYmI5IiwidGFnIjoiIn0%3D"],"priority":["u=2, i"],"accept-language":["en-GB,en-US;q=0.9,en;q=0.8"],"accept-encoding":["gzip, deflate, br, zstd"],"user-agent":["Mozilla\\/5.0 (Windows NT 10.0; Win64; x64) AppleWebKit\\/537.36 (KHTML, like Gecko) Chrome\\/149.0.0.0 Safari\\/537.36"],"referer":["https:\\/\\/salem-store.test\\/"],"sec-fetch-dest":["document"],"sec-fetch-mode":["navigate"],"sec-fetch-site":["none"],"sec-ch-ua-platform":["\\"Windows\\""],"sec-ch-ua-mobile":["?0"],"sec-ch-ua":["\\"Google Chrome\\";v=\\"149\\", \\"Chromium\\";v=\\"149\\", \\"Not)A;Brand\\";v=\\"24\\""],"accept":["text\\/html,application\\/xhtml+xml,application\\/xml;q=0.9,image\\/avif,image\\/webp,image\\/apng,*\\/*;q=0.8,application\\/signed-exchange;v=b3;q=0.7"],"sec-speculation-tags":["null"],"sec-purpose":["prefetch;prerender"],"upgrade-insecure-requests":["1"],"host":["salem-store.test"]}', '', 'Windows', 'Chrome', '127.0.0.1', 'Webkul\\Category\\Models\\Category', 15, NULL, NULL, 1, '2026-06-15 11:03:03', '2026-06-15 11:03:03'), (226, 'GET', '[]', 'https://salem-store.test/%D8%A7%D8%AC%D9%87%D8%B2%D8%A9-%D8%A7%D9%84%D9%83%D9%85%D8%A8%D9%8A%D9%88%D8%AA%D8%B1', 'https://salem-store.test/', '[]', 'Mozilla/5.0 (Windows NT 10.0; Win64; x64) AppleWebKit/537.36 (KHTML, like Gecko) Chrome/149.0.0.0 Safari/537.36', '{"cookie":["XSRF-TOKEN=eyJpdiI6IkNBYWhXYWowT3VFdjVFWWtLTDdScHc9PSIsInZhbHVlIjoiTnQwVlJKSlhXSFgxMGMyajJYL3gyQWM2ZzQxSDNkQW1KWGlIeVdmdlNoTGZmSW1zL3lxMnl1enhlNlY5dlVlcURDcjRiQ1JXekxLcFZ0dS9yYmtzQ2g2U1VYZ01iL3EwTDdpek5ma09wUnNYN1FFS3RyTDFuOXdEVXFobjRLNUEiLCJtYWMiOiJhMjRlNDIwYWI4NmFiZTc1YTg4NTA1OWYxOTg4ZmQ4ZDY5NmZlNmVlZmJjYzc1NGI0NDJjOGI5NzRmZThhYWJjIiwidGFnIjoiIn0%3D; salem_store_session=eyJpdiI6InNJVHFJRGdqaHNiNTJnMmF0VGVnRXc9PSIsInZhbHVlIjoiTjcxS056eTcrMFVqYVZNSmYzcmY3NUsvM1B1TUJIcWVpYVZTeXFqWk1mVnFELzdwa05oUFJiL3B2dEtSL2wwTHA3T1pxSnVVNWxZSXVKVGJpTWhIdnhRcXdpMC9zUWt0Y1Qra05GM3NrRENER2JiOWxNRHdWV21sYzNoVDBrc20iLCJtYWMiOiIzYjMwZmJjZTNiZGI2YTE0Y2I3NmU5OWRkNzcxNGNmNTM1OGZlNjg1Y2MyYmQyNTY3M2FlNGQ1ZDVmNzNiNmU2IiwidGFnIjoiIn0%3D"],"priority":["u=2, i"],"accept-language":["en-GB,en-US;q=0.9,en;q=0.8"],"accept-encoding":["gzip, deflate, br, zstd"],"user-agent":["Mozilla\\/5.0 (Windows NT 10.0; Win64; x64) AppleWebKit\\/537.36 (KHTML, like Gecko) Chrome\\/149.0.0.0 Safari\\/537.36"],"referer":["https:\\/\\/salem-store.test\\/"],"sec-fetch-dest":["document"],"sec-fetch-mode":["navigate"],"sec-fetch-site":["none"],"sec-ch-ua-platform":["\\"Windows\\""],"sec-ch-ua-mobile":["?0"],"sec-ch-ua":["\\"Google Chrome\\";v=\\"149\\", \\"Chromium\\";v=\\"149\\", \\"Not)A;Brand\\";v=\\"24\\""],"accept":["text\\/html,application\\/xhtml+xml,application\\/xml;q=0.9,image\\/avif,image\\/webp,image\\/apng,*\\/*;q=0.8,application\\/signed-exchange;v=b3;q=0.7"],"sec-speculation-tags":["null"],"sec-purpose":["prefetch;prerender"],"upgrade-insecure-requests":["1"],"host":["salem-store.test"]}', '', 'Windows', 'Chrome', '127.0.0.1', 'Webkul\\Category\\Models\\Category', 9, NULL, NULL, 1, '2026-06-15 11:03:03', '2026-06-15 11:03:03'), (227, 'GET', '[]', 'https://salem-store.test/%D9%83%DA%A4%D8%B1%D8%A7%D8%AA-pitaka', 'https://salem-store.test/', '[]', 'Mozilla/5.0 (Windows NT 10.0; Win64; x64) AppleWebKit/537.36 (KHTML, like Gecko) Chrome/149.0.0.0 Safari/537.36', '{"cookie":["XSRF-TOKEN=eyJpdiI6ImhJVnR3SUpDVExoWjNmRVp1N0tkTXc9PSIsInZhbHVlIjoiMTF0LzhoWkFRUnZFTHRpamNBMWJCTmQvc0s5RUFLa3ltQU1IMFFKTGhnNkZTT2xOcXJCZEpKOVRjNzFBeXZaMXI2aU1UN00yM0dmK0hNa3JmMFRXQm9UTE1IdXVPRzFEeElEUHpuT1YvYXhMbmMrVmNmZ0RWMFVVeWtNa3J4Z2UiLCJtYWMiOiI4NDQ1OTVlZDZhYTkyYzE2NDE5OTkwMjkyZTY2ZWVmZjg5ZTkwZmU2YzBhMzg1NWQyMzQ5ZTRkMDU0M2YxZmRiIiwidGFnIjoiIn0%3D; salem_store_session=eyJpdiI6IjFNTFpXVGdZZC8yVUFhNzhwN1lqV2c9PSIsInZhbHVlIjoibUZ4c05lWDFoUklIWGpTVWxYVzNTK0tXRzl5R2ZFQWlwbDRVNHhURXFYbkNKdjVXaFkyaEFRRkp6aVlMeGRRRFExN0pGSDVCZXNENzM4OUxPcnlacUJnb3JiSWwwSXprWmJsNmRIUU5meGw2ODk1dFVqQWlNUlRMU2NhY1l5YXYiLCJtYWMiOiIyZWU0Mzk3MDgwZjFkZTFjNWYwYmEwYWYwMDhlOTYyMDM5NDVkMjY2MjE0NzM3YzI0MjFhMTU3NDk4MjNkYjYyIiwidGFnIjoiIn0%3D"],"priority":["u=2, i"],"accept-language":["en-GB,en-US;q=0.9,en;q=0.8"],"accept-encoding":["gzip, deflate, br, zstd"],"user-agent":["Mozilla\\/5.0 (Windows NT 10.0; Win64; x64) AppleWebKit\\/537.36 (KHTML, like Gecko) Chrome\\/149.0.0.0 Safari\\/537.36"],"referer":["https:\\/\\/salem-store.test\\/"],"sec-fetch-dest":["document"],"sec-fetch-mode":["navigate"],"sec-fetch-site":["none"],"sec-ch-ua-platform":["\\"Windows\\""],"sec-ch-ua-mobile":["?0"],"sec-ch-ua":["\\"Google Chrome\\";v=\\"149\\", \\"Chromium\\";v=\\"149\\", \\"Not)A;Brand\\";v=\\"24\\""],"accept":["text\\/html,application\\/xhtml+xml,application\\/xml;q=0.9,image\\/avif,image\\/webp,image\\/apng,*\\/*;q=0.8,application\\/signed-exchange;v=b3;q=0.7"],"sec-speculation-tags":["null"],"sec-purpose":["prefetch;prerender"],"upgrade-insecure-requests":["1"],"host":["salem-store.test"]}', '', 'Windows', 'Chrome', '127.0.0.1', NULL, NULL, NULL, NULL, 1, '2026-06-15 11:03:06', '2026-06-15 11:03:06'), (228, 'GET', '[]', 'https://salem-store.test/%D8%AC%D8%B1%D8%A7%D8%A8-%D8%B3%D9%8A%D9%84%D9%8A%D9%83%D9%88%D9%86', 'https://salem-store.test/', '[]', 'Mozilla/5.0 (Windows NT 10.0; Win64; x64) AppleWebKit/537.36 (KHTML, like Gecko) Chrome/149.0.0.0 Safari/537.36', '{"cookie":["XSRF-TOKEN=eyJpdiI6IjhTWHJvTEtYTUhvVW5ObzhFcE51OUE9PSIsInZhbHVlIjoiZFNLaXBCZ3gyNnU4YVpBSkxCYmZ2SDd5NXBLVEk2K2U1UTQwbjJqMUxJZEM0ZjF0OWc3dndaQnQ1V1d2eEFONWRlNzErOEZFUVowenkvQnkveU0rWHZ1M2tCZllIMi9aekhlVC8venU5dHlaRHdzZDlCVHNwTmVDVi8yTFNtWnQiLCJtYWMiOiIwOWIyYTQyNTBkYTNjMjM5ODZiYzQwMmVmNWI5MmYzMGU2ZDdmOWEwNTNhODQyNmJlYmZjZmQ4YzI5OGQ2ZDA0IiwidGFnIjoiIn0%3D; salem_store_session=eyJpdiI6IkcvQWlaZlpnS2Z0b1FFY0pQcG9NakE9PSIsInZhbHVlIjoiNWRNOVlBMTlEdlRpMmhrY3BVMmc0R3hYei9KQlMxVStLeC9wc1orb1RqWTBmaTZxU3FBSUVRYlZsT0JFbWU0cVorNU1qM0Y4QVI2RGJRSUZjbGVmcWUxaFcyZEl3OFBxOWtCR2VvMklLazE3bkptTW1VNUJ5R0Q0RHRFdUwwdXAiLCJtYWMiOiI5ZGFkMzM4MDg3MDczNWU0MjNmZWFlYWNkNzJkM2RhZTQxOTM5MWFhYWQwNWQ3ZDBiODcwMjUwNzA4NDJkNjAzIiwidGFnIjoiIn0%3D"],"priority":["u=2, i"],"accept-language":["en-GB,en-US;q=0.9,en;q=0.8"],"accept-encoding":["gzip, deflate, br, zstd"],"user-agent":["Mozilla\\/5.0 (Windows NT 10.0; Win64; x64) AppleWebKit\\/537.36 (KHTML, like Gecko) Chrome\\/149.0.0.0 Safari\\/537.36"],"referer":["https:\\/\\/salem-store.test\\/"],"sec-fetch-dest":["document"],"sec-fetch-mode":["navigate"],"sec-fetch-site":["none"],"sec-ch-ua-platform":["\\"Windows\\""],"sec-ch-ua-mobile":["?0"],"sec-ch-ua":["\\"Google Chrome\\";v=\\"149\\", \\"Chromium\\";v=\\"149\\", \\"Not)A;Brand\\";v=\\"24\\""],"accept":["text\\/html,application\\/xhtml+xml,application\\/xml;q=0.9,image\\/avif,image\\/webp,image\\/apng,*\\/*;q=0.8,application\\/signed-exchange;v=b3;q=0.7"],"sec-speculation-tags":["null"],"sec-purpose":["prefetch;prerender"],"upgrade-insecure-requests":["1"],"host":["salem-store.test"]}', '', 'Windows', 'Chrome', '127.0.0.1', 'Webkul\\Product\\Models\\Product', 43, NULL, NULL, 1, '2026-06-15 11:03:07', '2026-06-15 11:03:07'), (229, 'GET', '[]', 'https://salem-store.test/anker-charging', 'https://salem-store.test/', '[]', 'Mozilla/5.0 (Windows NT 10.0; Win64; x64) AppleWebKit/537.36 (KHTML, like Gecko) Chrome/149.0.0.0 Safari/537.36', '{"cookie":["XSRF-TOKEN=eyJpdiI6IkNOTEwyRmVIaWpTOWUrV3JPSFp4blE9PSIsInZhbHVlIjoidTNFVzUwS0J6cVNVY2VZaldhY1RVQlF1TXdDVEZ6Qi8yQlNWbHFFcnVrb2FzdlJRWXdlN09lZU5LQnJXeHp6bjhZUTJvWUlpZGNFWnNKUEJZU05hR2tvK3BOV0dwbHR5MGJKMnVleDMrZW9yQzF0blVZUks2NDV5VUtiUjhtYVAiLCJtYWMiOiJkY2E0NGY2NWRhNTU3MzU4ZGI0MWRiMzA5NDdhZmZhZDViNGRiODcxOTQ1YTJhYjBmYmUxMDgwNzliZGU5MGZjIiwidGFnIjoiIn0%3D; salem_store_session=eyJpdiI6IkZkU25TV1pSdU5RcjN6M2hXdU4yV2c9PSIsInZhbHVlIjoibUlNQk42cm85bU8zS1llZzNlOXBCRDRUNS9CYWoxeDVxMGpGZGRDTng3MlVKMFVDVEc3eUErb1hBQkd6b0tUb2hlNUZNUkpCQkwrRDJmZzlQSitUWlJSQzZVcVRobzVBbmdGbWlEaG4xaDlxOE1RN1FZeVh0OUZkZnZLRUMvWmUiLCJtYWMiOiJkNjZjN2M5NDdiMjk2YWZjZDc0ZmEwNGIwYjczNmYwN2M3OTcyMjlkZWZhYWE0MjhlMjQwOGY4NGFiMWJlNjBjIiwidGFnIjoiIn0%3D"],"priority":["u=2, i"],"accept-language":["en-GB,en-US;q=0.9,en;q=0.8"],"accept-encoding":["gzip, deflate, br, zstd"],"user-agent":["Mozilla\\/5.0 (Windows NT 10.0; Win64; x64) AppleWebKit\\/537.36 (KHTML, like Gecko) Chrome\\/149.0.0.0 Safari\\/537.36"],"referer":["https:\\/\\/salem-store.test\\/"],"sec-fetch-dest":["document"],"sec-fetch-mode":["navigate"],"sec-fetch-site":["none"],"sec-ch-ua-platform":["\\"Windows\\""],"sec-ch-ua-mobile":["?0"],"sec-ch-ua":["\\"Google Chrome\\";v=\\"149\\", \\"Chromium\\";v=\\"149\\", \\"Not)A;Brand\\";v=\\"24\\""],"accept":["text\\/html,application\\/xhtml+xml,application\\/xml;q=0.9,image\\/avif,image\\/webp,image\\/apng,*\\/*;q=0.8,application\\/signed-exchange;v=b3;q=0.7"],"sec-speculation-tags":["null"],"sec-purpose":["prefetch;prerender"],"upgrade-insecure-requests":["1"],"host":["salem-store.test"]}', '', 'Windows', 'Chrome', '127.0.0.1', 'Webkul\\Category\\Models\\Category', 119, NULL, NULL, 1, '2026-06-15 11:03:26', '2026-06-15 11:03:26'), (230, 'GET', '[]', 'https://salem-store.test/anker-nebula', 'https://salem-store.test/', '[]', 'Mozilla/5.0 (Windows NT 10.0; Win64; x64) AppleWebKit/537.36 (KHTML, like Gecko) Chrome/149.0.0.0 Safari/537.36', '{"cookie":["XSRF-TOKEN=eyJpdiI6Im93V0oxUStlSUZCaDBQb2ppT3VwS2c9PSIsInZhbHVlIjoibWtic3pTQ3F3TmN6Y1h0R1Y0bGZ0RVRrS0NDZE5iQnRjMWRGV1lWZ0xnNjNpUHdCbkUxMnZkd2FmWnpwWUpXVUwxYm1vV1hjay96ZGFnL284MVRyY2ZkQTFvNG1XSXJjcHJWYmtycGdiZDhwQ2JyRHRCTTlPMjJyZ2dvbWJES3EiLCJtYWMiOiI5NzRlNmM2YzNiOGFkY2ZlNjIxZjQyMDVmODc2N2QxZTc3YTUxOGMyM2ZiNTFkYmI5ZmFjY2RlNWU0NDg0YzhhIiwidGFnIjoiIn0%3D; salem_store_session=eyJpdiI6IndHcGxQczdseTFtQXFTYTJoc0RzWGc9PSIsInZhbHVlIjoiWC9lUHpUa3ZhOFhBRWlpY1UvSHEycDMrQlFNR21EOGVER2xTdDdoMGUzQTVwZ0RpSTB5VFI0RG55bHVuNWt2MlpkckFYMCt0aUNieFh3d21TbHRlT1pZRklxZmNWRTJmNUNwZTBDV2JVeWZNcktCL2lTV2pJT0VDaktyVXprSzIiLCJtYWMiOiJhMWM4MzA5ZGE2Zjk5NGE3NzU0YWYyMzExMzMyZmZlNWVlMmIxOWY1MTkwMTdhZmRkN2JlODg3ZjE5OWIwZmVjIiwidGFnIjoiIn0%3D"],"priority":["u=2, i"],"accept-language":["en-GB,en-US;q=0.9,en;q=0.8"],"accept-encoding":["gzip, deflate, br, zstd"],"user-agent":["Mozilla\\/5.0 (Windows NT 10.0; Win64; x64) AppleWebKit\\/537.36 (KHTML, like Gecko) Chrome\\/149.0.0.0 Safari\\/537.36"],"referer":["https:\\/\\/salem-store.test\\/"],"sec-fetch-dest":["document"],"sec-fetch-mode":["navigate"],"sec-fetch-site":["none"],"sec-ch-ua-platform":["\\"Windows\\""],"sec-ch-ua-mobile":["?0"],"sec-ch-ua":["\\"Google Chrome\\";v=\\"149\\", \\"Chromium\\";v=\\"149\\", \\"Not)A;Brand\\";v=\\"24\\""],"accept":["text\\/html,application\\/xhtml+xml,application\\/xml;q=0.9,image\\/avif,image\\/webp,image\\/apng,*\\/*;q=0.8,application\\/signed-exchange;v=b3;q=0.7"],"sec-speculation-tags":["null"],"sec-purpose":["prefetch;prerender"],"upgrade-insecure-requests":["1"],"host":["salem-store.test"]}', '', 'Windows', 'Chrome', '127.0.0.1', 'Webkul\\Category\\Models\\Category', 124, NULL, NULL, 1, '2026-06-15 11:03:27', '2026-06-15 11:03:27'), (231, 'GET', '[]', 'https://salem-store.test', 'https://salem-store.test/customer/login', '[]', 'Mozilla/5.0 (Windows NT 10.0; Win64; x64) AppleWebKit/537.36 (KHTML, like Gecko) Chrome/149.0.0.0 Safari/537.36', '{"cookie":["XSRF-TOKEN=eyJpdiI6IkZkSWtFdEtscGxVK043YUZnZGU4VkE9PSIsInZhbHVlIjoiYVdZbFlRb3BmVC9KZjU0eTdlb0JMKzJ3Z1M2TDVCVDZzeDczMENtVGJROWV5M3FLeG0xNHFTZjdQOHhleXZQUWFEdmFmVTRHTktoRFd6UnB1ZTZLZmNOUkdFVzMzb0swRWR5djRRMVVFMFlzTU0yNmEwQkZRb003d0J0cklQci8iLCJtYWMiOiI1OTJmMTJlOWNkZmRkM2YwMDZiOGU2YjRiYjc1NTdlODMwNTQ3NjBiYThkN2QwMTFmZjZhMjQzMDIzNWQ2YzAyIiwidGFnIjoiIn0%3D; salem_store_session=eyJpdiI6ImZQQS9OZUc1VDNUSUMxQkFxMkV4eEE9PSIsInZhbHVlIjoiZ00yZkhRNnE0NnFLSytTaTVZMnc1Q2RKM280ajFQd2w0Q2Vlc3prQ2RwcGhJOFJ6clo1NFhDQTFNTENaQ0RrSUJCL3pCR3h4dUZhZnZMdmRjQnZBdFgyZk9odlliam5HMGlmQ2J4ZjFLcXc1M3kwRFBuOHJYTXlHN2JCYWRqSlMiLCJtYWMiOiIzOWRlZGI5MTE0NjE2YTMxNzkyZWQxNWFlMDQ3NjViZTNjNjM3ZmExZDM1OTgxYTdiYzI2MmNhZDgyZmFlYWZiIiwidGFnIjoiIn0%3D"],"priority":["u=0, i"],"accept-language":["en-GB,en-US;q=0.9,en;q=0.8"],"accept-encoding":["gzip, deflate, br, zstd"],"referer":["https:\\/\\/salem-store.test\\/customer\\/login"],"sec-fetch-dest":["document"],"sec-fetch-user":["?1"],"sec-fetch-mode":["navigate"],"sec-fetch-site":["same-origin"],"accept":["text\\/html,application\\/xhtml+xml,application\\/xml;q=0.9,image\\/avif,image\\/webp,image\\/apng,*\\/*;q=0.8,application\\/signed-exchange;v=b3;q=0.7"],"user-agent":["Mozilla\\/5.0 (Windows NT 10.0; Win64; x64) AppleWebKit\\/537.36 (KHTML, like Gecko) Chrome\\/149.0.0.0 Safari\\/537.36"],"upgrade-insecure-requests":["1"],"sec-ch-ua-platform":["\\"Windows\\""],"sec-ch-ua-mobile":["?0"],"sec-ch-ua":["\\"Google Chrome\\";v=\\"149\\", \\"Chromium\\";v=\\"149\\", \\"Not)A;Brand\\";v=\\"24\\""],"cache-control":["no-cache"],"pragma":["no-cache"],"host":["salem-store.test"]}', '', 'Windows', 'Chrome', '127.0.0.1', NULL, NULL, NULL, NULL, 1, '2026-06-15 11:25:00', '2026-06-15 11:25:00'), (232, 'GET', '[]', 'https://salem-store.test/joyroom', 'https://salem-store.test/', '[]', 'Mozilla/5.0 (Windows NT 10.0; Win64; x64) AppleWebKit/537.36 (KHTML, like Gecko) Chrome/149.0.0.0 Safari/537.36', '{"cookie":["XSRF-TOKEN=eyJpdiI6ImJ5SDhsTXYra21BV01CcFBaRVVpZVE9PSIsInZhbHVlIjoidzgwejZNOUtvbVoyb04zVGhnS0ExaUFORWpjekNQaFJDNmJ0TnlmUXJtRDR0eEkzeEhaVzMrS0J4WHNGSElBajNXdTVuOW5Jc3d5QnZqTExCalkxcXliTkJlYmJCSjNjVlB3UzM0bVZuU3dRUjNwWmF1MEgvdzF0TWdkR1N2MXQiLCJtYWMiOiIwYWZkNzljODM3MGViNDczMzZhODkzZThiNDY0N2ZjNTRkMTczZjNkMTNhZDkxNjIwMDk4ZGZkYzEyMGY4NWEwIiwidGFnIjoiIn0%3D; salem_store_session=eyJpdiI6InBFT3NGcks5TW5QYlhraWd5VGxITHc9PSIsInZhbHVlIjoibzJiQ3V1YVluOWpXWTVKd1Bic2o3RjNqT1FWWG5NS1djZFpNRVQrSUF1WVA2SHVGUFpPL1c0am9WYXZ6bHdTU1hHV0hsdUJQMVlZZFlCeXVYOHN3OXkzSlpYM2FqMWdtamk5enR0OFk3QU1YVFZwOURXWDVST240N1Q3dEllZW8iLCJtYWMiOiIwMzk0MDg4Y2I3MTk2M2RlNmU3NTVmYzU0ZjdlN2FiM2MyY2EyNjk1MTQ3YzUwOGJiZWRiOTc3YTllMjk4ZmU5IiwidGFnIjoiIn0%3D"],"priority":["u=2, i"],"accept-language":["en-GB,en-US;q=0.9,en;q=0.8"],"accept-encoding":["gzip, deflate, br, zstd"],"user-agent":["Mozilla\\/5.0 (Windows NT 10.0; Win64; x64) AppleWebKit\\/537.36 (KHTML, like Gecko) Chrome\\/149.0.0.0 Safari\\/537.36"],"referer":["https:\\/\\/salem-store.test\\/"],"sec-fetch-dest":["document"],"sec-fetch-mode":["navigate"],"sec-fetch-site":["none"],"sec-ch-ua-platform":["\\"Windows\\""],"sec-ch-ua-mobile":["?0"],"sec-ch-ua":["\\"Google Chrome\\";v=\\"149\\", \\"Chromium\\";v=\\"149\\", \\"Not)A;Brand\\";v=\\"24\\""],"accept":["text\\/html,application\\/xhtml+xml,application\\/xml;q=0.9,image\\/avif,image\\/webp,image\\/apng,*\\/*;q=0.8,application\\/signed-exchange;v=b3;q=0.7"],"sec-speculation-tags":["null"],"sec-purpose":["prefetch;prerender"],"upgrade-insecure-requests":["1"],"host":["salem-store.test"]}', '', 'Windows', 'Chrome', '127.0.0.1', 'Webkul\\Category\\Models\\Category', 144, NULL, NULL, 1, '2026-06-15 11:25:03', '2026-06-15 11:25:03'), (233, 'GET', '[]', 'https://salem-store.test/joyroom-charging', 'https://salem-store.test/', '[]', 'Mozilla/5.0 (Windows NT 10.0; Win64; x64) AppleWebKit/537.36 (KHTML, like Gecko) Chrome/149.0.0.0 Safari/537.36', '{"cookie":["XSRF-TOKEN=eyJpdiI6IkIrRnkzOFJYMEN5Z1hFMDAydys2YWc9PSIsInZhbHVlIjoiUitRS01EOE45YWp4dVR1YXBzMjVLSkZXS1l6eHY2dDYySWJGOGwxSzFUV3lGQlArTFh2d0ZrUDg1UzU0RWRvU2VyQTQwYzNnaU5lalkzTlRFZTlLRDh5S2dDYlRUaytGS3lDM2FSS2plMm9CRURpM3MwYzhheVFuc0tMV2gwemEiLCJtYWMiOiJkNWM4ZjMyYWYyYjJhMDhhZGZkYzRmMjFiYzA1NjdhZjYyNWM5ODJlNTVlZDc4NjNkMWZhNWMxMzE1MjQ5ZjJiIiwidGFnIjoiIn0%3D; salem_store_session=eyJpdiI6IjBFVVpsb1pqSzlKZWQvUWRGNURlelE9PSIsInZhbHVlIjoiY1NwQXgxRkpnVWJKQ1k3SUg4eHBnNjA1dkUxNi9qeFdYbjZxcDZzdFZ6ZW40ckhaSUNzbnI4SGRuMHZRa0V0cFd4QTFNekhaMER5cGxqdHVpT3hlS1Jldnp4VERWd1RaaUNJVS9XMDBQUE03a0RJQ1V4K2Ztb3FNVldpNkp0VFciLCJtYWMiOiI5OGM3ZDFmN2Q5NzdmNWNmNjI2ZDhiZTdmMTQzMjA1MWM2ZWFkMWQ1NTM5NjMwOGI4ODc4ZDE2Njg1YWJhZDE5IiwidGFnIjoiIn0%3D"],"priority":["u=2, i"],"accept-language":["en-GB,en-US;q=0.9,en;q=0.8"],"accept-encoding":["gzip, deflate, br, zstd"],"user-agent":["Mozilla\\/5.0 (Windows NT 10.0; Win64; x64) AppleWebKit\\/537.36 (KHTML, like Gecko) Chrome\\/149.0.0.0 Safari\\/537.36"],"referer":["https:\\/\\/salem-store.test\\/"],"sec-fetch-dest":["document"],"sec-fetch-mode":["navigate"],"sec-fetch-site":["none"],"sec-ch-ua-platform":["\\"Windows\\""],"sec-ch-ua-mobile":["?0"],"sec-ch-ua":["\\"Google Chrome\\";v=\\"149\\", \\"Chromium\\";v=\\"149\\", \\"Not)A;Brand\\";v=\\"24\\""],"accept":["text\\/html,application\\/xhtml+xml,application\\/xml;q=0.9,image\\/avif,image\\/webp,image\\/apng,*\\/*;q=0.8,application\\/signed-exchange;v=b3;q=0.7"],"sec-speculation-tags":["null"],"sec-purpose":["prefetch;prerender"],"upgrade-insecure-requests":["1"],"host":["salem-store.test"]}', '', 'Windows', 'Chrome', '127.0.0.1', 'Webkul\\Category\\Models\\Category', 145, NULL, NULL, 1, '2026-06-15 11:25:04', '2026-06-15 11:25:04'), (234, 'GET', '[]', 'https://salem-store.test/joyroom-cables', 'https://salem-store.test/', '[]', 'Mozilla/5.0 (Windows NT 10.0; Win64; x64) AppleWebKit/537.36 (KHTML, like Gecko) Chrome/149.0.0.0 Safari/537.36', '{"cookie":["XSRF-TOKEN=eyJpdiI6Ink0M0h4Q3hLZFdoMHhpYWdvRGtiWEE9PSIsInZhbHVlIjoiVDZsUTRBL0RocTFySEFDZ3I1TFFnaVJDSWc1MGFySDB6R1NMaXVhQWF0VU94cjVkdjhrcTZBcUNISEtTdG50THBZYXYzQTMvWmhZTEttVFJ5Q0hkNUxRb3lpWDc3ZkRnbktkbTFmT2xESWppdE5qNElVOE9kVlRiMGpIbzJxdDQiLCJtYWMiOiJmMmQ2Mjg0NDQ0YjkzZjQzMDhmNDczYzIzZTcyMGY2MWRhZGUyYjVjZDYwM2U3Nzk0OWVlNTU1ZTA0Y2VmNDE0IiwidGFnIjoiIn0%3D; salem_store_session=eyJpdiI6InVTTUhXbkJ4MjNhM2hhc0oxS3UwaEE9PSIsInZhbHVlIjoiUDhvNkVqRG5GWEg3NHJjRDJOZWRsS3p1cVBlTG9SWFphRTNkN3FXclFTM0U0SGpCZnZXcEFhMVVlLzdQc0hGSnE3YSt1QThLY09LM3VBakx1UnhGS0FzNVh5bjl3RkVidDZ2VmJiVFlRREQ5UVRDNHVIMTNhRmR0V09kVC8vOTAiLCJtYWMiOiJjZTg5MzViZTUzNzBkZWVhZmY2YTRlZWFmZTE2YjUyZGZmYThiOTkwMmEzZGZiMzQ4YmIyOWM1MDRkNTZiMzMwIiwidGFnIjoiIn0%3D"],"priority":["u=2, i"],"accept-language":["en-GB,en-US;q=0.9,en;q=0.8"],"accept-encoding":["gzip, deflate, br, zstd"],"user-agent":["Mozilla\\/5.0 (Windows NT 10.0; Win64; x64) AppleWebKit\\/537.36 (KHTML, like Gecko) Chrome\\/149.0.0.0 Safari\\/537.36"],"referer":["https:\\/\\/salem-store.test\\/"],"sec-fetch-dest":["document"],"sec-fetch-mode":["navigate"],"sec-fetch-site":["none"],"sec-ch-ua-platform":["\\"Windows\\""],"sec-ch-ua-mobile":["?0"],"sec-ch-ua":["\\"Google Chrome\\";v=\\"149\\", \\"Chromium\\";v=\\"149\\", \\"Not)A;Brand\\";v=\\"24\\""],"accept":["text\\/html,application\\/xhtml+xml,application\\/xml;q=0.9,image\\/avif,image\\/webp,image\\/apng,*\\/*;q=0.8,application\\/signed-exchange;v=b3;q=0.7"],"sec-speculation-tags":["null"],"sec-purpose":["prefetch;prerender"],"upgrade-insecure-requests":["1"],"host":["salem-store.test"]}', '', 'Windows', 'Chrome', '127.0.0.1', 'Webkul\\Category\\Models\\Category', 146, NULL, NULL, 1, '2026-06-15 11:25:05', '2026-06-15 11:25:05'), (235, 'GET', '[]', 'https://salem-store.test/joyroom-wireless-chargers', 'https://salem-store.test/', '[]', 'Mozilla/5.0 (Windows NT 10.0; Win64; x64) AppleWebKit/537.36 (KHTML, like Gecko) Chrome/149.0.0.0 Safari/537.36', '{"cookie":["XSRF-TOKEN=eyJpdiI6Ink0M0h4Q3hLZFdoMHhpYWdvRGtiWEE9PSIsInZhbHVlIjoiVDZsUTRBL0RocTFySEFDZ3I1TFFnaVJDSWc1MGFySDB6R1NMaXVhQWF0VU94cjVkdjhrcTZBcUNISEtTdG50THBZYXYzQTMvWmhZTEttVFJ5Q0hkNUxRb3lpWDc3ZkRnbktkbTFmT2xESWppdE5qNElVOE9kVlRiMGpIbzJxdDQiLCJtYWMiOiJmMmQ2Mjg0NDQ0YjkzZjQzMDhmNDczYzIzZTcyMGY2MWRhZGUyYjVjZDYwM2U3Nzk0OWVlNTU1ZTA0Y2VmNDE0IiwidGFnIjoiIn0%3D; salem_store_session=eyJpdiI6InVTTUhXbkJ4MjNhM2hhc0oxS3UwaEE9PSIsInZhbHVlIjoiUDhvNkVqRG5GWEg3NHJjRDJOZWRsS3p1cVBlTG9SWFphRTNkN3FXclFTM0U0SGpCZnZXcEFhMVVlLzdQc0hGSnE3YSt1QThLY09LM3VBakx1UnhGS0FzNVh5bjl3RkVidDZ2VmJiVFlRREQ5UVRDNHVIMTNhRmR0V09kVC8vOTAiLCJtYWMiOiJjZTg5MzViZTUzNzBkZWVhZmY2YTRlZWFmZTE2YjUyZGZmYThiOTkwMmEzZGZiMzQ4YmIyOWM1MDRkNTZiMzMwIiwidGFnIjoiIn0%3D"],"priority":["u=2, i"],"accept-language":["en-GB,en-US;q=0.9,en;q=0.8"],"accept-encoding":["gzip, deflate, br, zstd"],"user-agent":["Mozilla\\/5.0 (Windows NT 10.0; Win64; x64) AppleWebKit\\/537.36 (KHTML, like Gecko) Chrome\\/149.0.0.0 Safari\\/537.36"],"referer":["https:\\/\\/salem-store.test\\/"],"sec-fetch-dest":["document"],"sec-fetch-mode":["navigate"],"sec-fetch-site":["none"],"sec-ch-ua-platform":["\\"Windows\\""],"sec-ch-ua-mobile":["?0"],"sec-ch-ua":["\\"Google Chrome\\";v=\\"149\\", \\"Chromium\\";v=\\"149\\", \\"Not)A;Brand\\";v=\\"24\\""],"accept":["text\\/html,application\\/xhtml+xml,application\\/xml;q=0.9,image\\/avif,image\\/webp,image\\/apng,*\\/*;q=0.8,application\\/signed-exchange;v=b3;q=0.7"],"sec-speculation-tags":["null"],"sec-purpose":["prefetch;prerender"],"upgrade-insecure-requests":["1"],"host":["salem-store.test"]}', '', 'Windows', 'Chrome', '127.0.0.1', 'Webkul\\Category\\Models\\Category', 147, NULL, NULL, 1, '2026-06-15 11:25:05', '2026-06-15 11:25:05'), (236, 'GET', '[]', 'https://salem-store.test/joyroom-audio', 'https://salem-store.test/', '[]', 'Mozilla/5.0 (Windows NT 10.0; Win64; x64) AppleWebKit/537.36 (KHTML, like Gecko) Chrome/149.0.0.0 Safari/537.36', '{"cookie":["XSRF-TOKEN=eyJpdiI6Im5RN1RFSW1lWk5hcGNkVkpzNGhFUWc9PSIsInZhbHVlIjoiTXE2RUVmRFY5WXFueS9BekpqYXZMR1pyWmx4MDdHWnBheWpXamRnQWtqWDh2d1RTbklvNXpHa2JxcWNWK1NkcFpvVTc4S2hRdzIvNkdLOUoxTWZaejFzSXFxSklxcTRqUTE0Nk1xbjNOVk9YMmdCMUc2MGdUMTlLYmk1WUwxaVEiLCJtYWMiOiJmNzA3ZWUyZDYxNmE2NWQ3Y2Q4MjIzZDgxOWVhYzRlZGVmY2E0YzMzNzU3M2NlYmNmOTNkMmQ2M2VjOWQ0YjM2IiwidGFnIjoiIn0%3D; salem_store_session=eyJpdiI6IlNXZGlmRE8zOGI5WVdkUWx3WkJRWkE9PSIsInZhbHVlIjoib1Bxck85dWo1REFDeGszS1BHOFRYNUZQVDhaeUU0akg1Q3IwM0hIYkxpTEpKdmd1TkFDRmVVNGs4OEV5ZjZqV0RqVXFubG55TmRxdzEwZ1ZJSDkxTzk5MkZydUJBV1A1UU14YnRSbW5yekdqNjlGVU1mb0Y2b2hST25sWGVPVVAiLCJtYWMiOiJmYzhhM2ZjZmMwZmViYjVmMzY3MDdmNzRjZGU3Y2EwMDNkYWNhYWY3NzBkZjg3ZWU3NzM3ZGJhMjA4NjU3NTA1IiwidGFnIjoiIn0%3D"],"priority":["u=2, i"],"accept-language":["en-GB,en-US;q=0.9,en;q=0.8"],"accept-encoding":["gzip, deflate, br, zstd"],"user-agent":["Mozilla\\/5.0 (Windows NT 10.0; Win64; x64) AppleWebKit\\/537.36 (KHTML, like Gecko) Chrome\\/149.0.0.0 Safari\\/537.36"],"referer":["https:\\/\\/salem-store.test\\/"],"sec-fetch-dest":["document"],"sec-fetch-mode":["navigate"],"sec-fetch-site":["none"],"sec-ch-ua-platform":["\\"Windows\\""],"sec-ch-ua-mobile":["?0"],"sec-ch-ua":["\\"Google Chrome\\";v=\\"149\\", \\"Chromium\\";v=\\"149\\", \\"Not)A;Brand\\";v=\\"24\\""],"accept":["text\\/html,application\\/xhtml+xml,application\\/xml;q=0.9,image\\/avif,image\\/webp,image\\/apng,*\\/*;q=0.8,application\\/signed-exchange;v=b3;q=0.7"],"sec-speculation-tags":["null"],"sec-purpose":["prefetch;prerender"],"upgrade-insecure-requests":["1"],"host":["salem-store.test"]}', '', 'Windows', 'Chrome', '127.0.0.1', 'Webkul\\Category\\Models\\Category', 148, NULL, NULL, 1, '2026-06-15 11:25:05', '2026-06-15 11:25:05'), (237, 'GET', '[]', 'https://salem-store.test/joyroom-mounts', 'https://salem-store.test/', '[]', 'Mozilla/5.0 (Windows NT 10.0; Win64; x64) AppleWebKit/537.36 (KHTML, like Gecko) Chrome/149.0.0.0 Safari/537.36', '{"cookie":["XSRF-TOKEN=eyJpdiI6IlpTZ1o4ZENmd0JYVklHMFhEL2xJdXc9PSIsInZhbHVlIjoiWWE2SVZLSVFwdUJ4eElxVTRkd3B4bUdsckN4cHV1SkJkZG10L1hWdkJ3VHpKVytiMitMbnVldW9CaUw2ejQweDVoa2c2K1djNzI3dXhBYXpKcFlqL20veEJiMzgyYjJDY08vQmhlSUdlQjVucCtPamI2QUdqeHpzREtNNEsrTGYiLCJtYWMiOiI4MDgxNzI0Njk2NjNmNWYwMDBhMmM5YmViNDkxYTg1ODBlOWQ1ODVmMzNlMWE4ZjA2NGY2YzJkNDljYWI3M2E5IiwidGFnIjoiIn0%3D; salem_store_session=eyJpdiI6IkhtZ1NRajJjSTZ1c0JUUFhFS3JvRFE9PSIsInZhbHVlIjoiWVFEV3hSZm16Y2I5cDlSbmFaN2hxWkU5Zm96cndFNnlIMGN4WWUvZ1JBYUFHK2V6cm41Zkk5L1doSGpVV1dlSzBidjNad00zRXVUL2ZyVlJ1YzRQVWJvd1VjUFJjR3k3L0hDYmhNT1N2QnhQTm84TFhJbEp5WFovTEFnVDhBUmMiLCJtYWMiOiI0OWE1ZDk2MmU3NGM3NTUzNzA3YWU0YzA3NjBkMWVkMzc4OGM0ZTIxOTljMjUzNmRlMjFkYmMyODdhNDlkZTRiIiwidGFnIjoiIn0%3D"],"priority":["u=2, i"],"accept-language":["en-GB,en-US;q=0.9,en;q=0.8"],"accept-encoding":["gzip, deflate, br, zstd"],"user-agent":["Mozilla\\/5.0 (Windows NT 10.0; Win64; x64) AppleWebKit\\/537.36 (KHTML, like Gecko) Chrome\\/149.0.0.0 Safari\\/537.36"],"referer":["https:\\/\\/salem-store.test\\/"],"sec-fetch-dest":["document"],"sec-fetch-mode":["navigate"],"sec-fetch-site":["none"],"sec-ch-ua-platform":["\\"Windows\\""],"sec-ch-ua-mobile":["?0"],"sec-ch-ua":["\\"Google Chrome\\";v=\\"149\\", \\"Chromium\\";v=\\"149\\", \\"Not)A;Brand\\";v=\\"24\\""],"accept":["text\\/html,application\\/xhtml+xml,application\\/xml;q=0.9,image\\/avif,image\\/webp,image\\/apng,*\\/*;q=0.8,application\\/signed-exchange;v=b3;q=0.7"],"sec-speculation-tags":["null"],"sec-purpose":["prefetch;prerender"],"upgrade-insecure-requests":["1"],"host":["salem-store.test"]}', '', 'Windows', 'Chrome', '127.0.0.1', 'Webkul\\Category\\Models\\Category', 149, NULL, NULL, 1, '2026-06-15 11:25:06', '2026-06-15 11:25:06'), (238, 'GET', '[]', 'https://salem-store.test/joyroom-wearables', 'https://salem-store.test/', '[]', 'Mozilla/5.0 (Windows NT 10.0; Win64; x64) AppleWebKit/537.36 (KHTML, like Gecko) Chrome/149.0.0.0 Safari/537.36', '{"cookie":["XSRF-TOKEN=eyJpdiI6IldEL1ZEeGtSTE4wMzFUV1JKdllsaVE9PSIsInZhbHVlIjoiREUxaGVmeThZeTBQTXRFYVVaaWJVeWY4UjNoV25BcU00Y2VoT2Zzcm1qOWp5Ri8ySEtPa2Z6ejE0UDc3VkpqK0lOdUhGWkpieXZFRWdvenJSQmhZcFdpOWhQRTg1RWNHMTk5ZzB4dkZmU0ZlNEdoNC96QWpyWUx0d29SYVFFc3oiLCJtYWMiOiJhMjFlNWYxNGY5ZDIwNDYxMDg1YTZkMmUyZDdiZDczNDJlMzI0MzAzNGNiNmZkMjk3NWFiNDg5N2UxZmFjZjNkIiwidGFnIjoiIn0%3D; salem_store_session=eyJpdiI6Ikc4TG5UcHU4c2dkclVES001ajV2eEE9PSIsInZhbHVlIjoidTRVWTBYZlFidTRvdk9DakoraWVlSzhIMVBjRktyb1NVTXozSDVHRG9XT3Jxd2JZeUkrR09XZkVUYzZPMGFyUWFyTEZERy9Wa0ttTytoVSt1Y1RCbzVDbXJ3WXVUZmpta3ByZEFXV25yYnp2N2psUGVRb1Z3MnZETlYwbnVQd0wiLCJtYWMiOiIxZGFiYjFkYzFjODA2MDhjYmY5ZjkzMTQ1MTQ2ZjM1OWUxYzI0ZmE2NmE2NjA1YTk1ZjRjZmM4YzAxMGY3Mzg5IiwidGFnIjoiIn0%3D"],"priority":["u=2, i"],"accept-language":["en-GB,en-US;q=0.9,en;q=0.8"],"accept-encoding":["gzip, deflate, br, zstd"],"user-agent":["Mozilla\\/5.0 (Windows NT 10.0; Win64; x64) AppleWebKit\\/537.36 (KHTML, like Gecko) Chrome\\/149.0.0.0 Safari\\/537.36"],"referer":["https:\\/\\/salem-store.test\\/"],"sec-fetch-dest":["document"],"sec-fetch-mode":["navigate"],"sec-fetch-site":["none"],"sec-ch-ua-platform":["\\"Windows\\""],"sec-ch-ua-mobile":["?0"],"sec-ch-ua":["\\"Google Chrome\\";v=\\"149\\", \\"Chromium\\";v=\\"149\\", \\"Not)A;Brand\\";v=\\"24\\""],"accept":["text\\/html,application\\/xhtml+xml,application\\/xml;q=0.9,image\\/avif,image\\/webp,image\\/apng,*\\/*;q=0.8,application\\/signed-exchange;v=b3;q=0.7"],"sec-speculation-tags":["null"],"sec-purpose":["prefetch;prerender"],"upgrade-insecure-requests":["1"],"host":["salem-store.test"]}', '', 'Windows', 'Chrome', '127.0.0.1', 'Webkul\\Category\\Models\\Category', 150, NULL, NULL, 1, '2026-06-15 11:25:06', '2026-06-15 11:25:06'), (239, 'GET', '[]', 'https://salem-store.test/joyroom-protection', 'https://salem-store.test/', '[]', 'Mozilla/5.0 (Windows NT 10.0; Win64; x64) AppleWebKit/537.36 (KHTML, like Gecko) Chrome/149.0.0.0 Safari/537.36', '{"cookie":["XSRF-TOKEN=eyJpdiI6IjI5T3Q4UFdYbHEvbDVuZlZ4dG9udXc9PSIsInZhbHVlIjoiR1lRZlV2YVhFMlNqeTkxV0JPNWlVOWFxRjNjeUJpUjgrNzVlK3IwL0RuYUVLcWIrUStpOUZlTGFVZFBNUVlJdFowemg0SHZtY0lzSjQzZ2xVWk5iSTBFMU0zeDRIMTdMeGxrLzlDNnJSQytWNnViYkVrdXNiRkFIM2lhUm1PczYiLCJtYWMiOiJkZWY5YjcwZjY2ZmVkODc0NDhkYjgzMmU5YmU5MTIyNzM3ODA4YWE2NWYxYzJkMzZiY2JmN2MzNDYyOWIzYTYyIiwidGFnIjoiIn0%3D; salem_store_session=eyJpdiI6Iis5MjdOYnRoa01rdGdCZVVIVEtJOXc9PSIsInZhbHVlIjoiRkV3NGVBOUh2Ymc0NkozczY1bVc5SU9GWHdVZDk5ZVdHWHBQSVYxNHFHbk9CWmFCQXF2MmpDRDFScmpiMmR2dFZPMUkrQ2dYbnliY08zUjhHRDhMb3BOMkRQcVBQNE5FdXhscHdiZWJyOTJVNHBuMWw5ZklWR0JtVzhBNDZoeDMiLCJtYWMiOiIyMzA0ODhhZDE2YTNlYTdmNWYyNGU3MjY3MWU4ODYxZWJiNmU5NjliNzExMTJlZmZiY2ZjMjMzN2I1ZDFiMWM4IiwidGFnIjoiIn0%3D"],"priority":["u=2, i"],"accept-language":["en-GB,en-US;q=0.9,en;q=0.8"],"accept-encoding":["gzip, deflate, br, zstd"],"user-agent":["Mozilla\\/5.0 (Windows NT 10.0; Win64; x64) AppleWebKit\\/537.36 (KHTML, like Gecko) Chrome\\/149.0.0.0 Safari\\/537.36"],"referer":["https:\\/\\/salem-store.test\\/"],"sec-fetch-dest":["document"],"sec-fetch-mode":["navigate"],"sec-fetch-site":["none"],"sec-ch-ua-platform":["\\"Windows\\""],"sec-ch-ua-mobile":["?0"],"sec-ch-ua":["\\"Google Chrome\\";v=\\"149\\", \\"Chromium\\";v=\\"149\\", \\"Not)A;Brand\\";v=\\"24\\""],"accept":["text\\/html,application\\/xhtml+xml,application\\/xml;q=0.9,image\\/avif,image\\/webp,image\\/apng,*\\/*;q=0.8,application\\/signed-exchange;v=b3;q=0.7"],"sec-speculation-tags":["null"],"sec-purpose":["prefetch;prerender"],"upgrade-insecure-requests":["1"],"host":["salem-store.test"]}', '', 'Windows', 'Chrome', '127.0.0.1', 'Webkul\\Category\\Models\\Category', 151, NULL, NULL, 1, '2026-06-15 11:25:06', '2026-06-15 11:25:06'), (240, 'GET', '[]', 'https://salem-store.test/joyroom-functional', 'https://salem-store.test/', '[]', 'Mozilla/5.0 (Windows NT 10.0; Win64; x64) AppleWebKit/537.36 (KHTML, like Gecko) Chrome/149.0.0.0 Safari/537.36', '{"cookie":["XSRF-TOKEN=eyJpdiI6IktLMy8yeVJuRnhzU1h3elBsSWdWTmc9PSIsInZhbHVlIjoicmpQZWs5NXh3clhPNERtNGJRbGVsNm9yQUJVVU9DS2RpR2NGNmplUEpzR2RYWGxhRG0zdWllWFUrbDBDc0tJdUw0YUtQT0w3SzdiMW1vbXBDTUxheWltZCs2SFBzQ0lnNytDbnVHVHdwSDFCQnp0YnhpMGIxSnF4NU5hM1o5dHkiLCJtYWMiOiIzNWZmYmVlMDhhMmFlYWM4OTU1NGI2ZTBkNGMxMWE2OGY0ZjkxOGI4ZGE5OTI3YmJhNDM1NTZjZjQ0YWM4NTFlIiwidGFnIjoiIn0%3D; salem_store_session=eyJpdiI6IlJrYW1ad1F5Z3V1WHNrZ3dTalBEOWc9PSIsInZhbHVlIjoiY0pYODdaaHpQQUc0dUpBQmdoK0dhbE9OMjJXRzE1bkNBVjZOb2VWS25kdm5sdkFRekw4MTVZakFnWXBDV1ZLclJsTTVwS1pWbVFvVHdEK1E5S0tDWnM2ajZnMEZWZ2s4elVweTNxZ1dDTEpWR1Zpc3M4UWdpQXNZZ3BwaXlhZWUiLCJtYWMiOiJlNWI4YTg3MTk3ODg1ZmU0ZGIyN2MwNGNjOTBhMWFjODUxOTg0ODA2YmE4NmFjZDA5NjdiNGU4MjkzOTZlNDMwIiwidGFnIjoiIn0%3D"],"priority":["u=2, i"],"accept-language":["en-GB,en-US;q=0.9,en;q=0.8"],"accept-encoding":["gzip, deflate, br, zstd"],"user-agent":["Mozilla\\/5.0 (Windows NT 10.0; Win64; x64) AppleWebKit\\/537.36 (KHTML, like Gecko) Chrome\\/149.0.0.0 Safari\\/537.36"],"referer":["https:\\/\\/salem-store.test\\/"],"sec-fetch-dest":["document"],"sec-fetch-mode":["navigate"],"sec-fetch-site":["none"],"sec-ch-ua-platform":["\\"Windows\\""],"sec-ch-ua-mobile":["?0"],"sec-ch-ua":["\\"Google Chrome\\";v=\\"149\\", \\"Chromium\\";v=\\"149\\", \\"Not)A;Brand\\";v=\\"24\\""],"accept":["text\\/html,application\\/xhtml+xml,application\\/xml;q=0.9,image\\/avif,image\\/webp,image\\/apng,*\\/*;q=0.8,application\\/signed-exchange;v=b3;q=0.7"],"sec-speculation-tags":["null"],"sec-purpose":["prefetch;prerender"],"upgrade-insecure-requests":["1"],"host":["salem-store.test"]}', '', 'Windows', 'Chrome', '127.0.0.1', 'Webkul\\Category\\Models\\Category', 152, NULL, NULL, 1, '2026-06-15 11:25:07', '2026-06-15 11:25:07'), (241, 'GET', '[]', 'https://salem-store.test/anker-audio', 'https://salem-store.test/', '[]', 'Mozilla/5.0 (Windows NT 10.0; Win64; x64) AppleWebKit/537.36 (KHTML, like Gecko) Chrome/149.0.0.0 Safari/537.36', '{"cookie":["XSRF-TOKEN=eyJpdiI6Im1oMmZJQjFHd3BEWSswenFJL0pTZVE9PSIsInZhbHVlIjoiWURCM0hjaHFWKzNHZGhoSkppWDZESCtlaGlJdWhNNkx5R3Q5TkJJQnhLN3ZxNDNQc1NKOUJ1TGtyajAwWkh2NXdjQzh1Ry92YWFzNmVONFpSYkZsY1JFUll5VDEwOTlINUovUko3SDJWMktJeGEyend0R0hsYzJyWE9FT0pTNjEiLCJtYWMiOiJmNDY5NzM0Nzc0MzE1YmJiNzlkYjM3ZWY0NGE2MjI0MmNkOGNhYTdlMmViNDk3Y2I5NTg1YmQxODllOWUyMjEyIiwidGFnIjoiIn0%3D; salem_store_session=eyJpdiI6IkR1TlMzRFNQN2tySkdYeFNjZjk5T1E9PSIsInZhbHVlIjoiM0hCUVR5U3Y0L0xHcjlNWERwbmRsNktFNmRLdWI2U1FqY2txVkhvZWVSaUJRRmFNWGpiWW0zZUFMUWxVUG11KzdOc25Td2I0NXg0b0dlWU5PUE15SmxkdFQ2K2lzdWwzSkJSc2V1dVN6SFQ3UExVa0U3TFYvb21jT3JRKytoVmMiLCJtYWMiOiI2NDYzNDQzMGI0NjAyZTQ5NDJmZDYzZjI5N2IxZDJiYTg0NzY3ZDRkMDExNzEzM2RlNjU5MGM1YTY1N2ViYzVhIiwidGFnIjoiIn0%3D"],"priority":["u=2, i"],"accept-language":["en-GB,en-US;q=0.9,en;q=0.8"],"accept-encoding":["gzip, deflate, br, zstd"],"user-agent":["Mozilla\\/5.0 (Windows NT 10.0; Win64; x64) AppleWebKit\\/537.36 (KHTML, like Gecko) Chrome\\/149.0.0.0 Safari\\/537.36"],"referer":["https:\\/\\/salem-store.test\\/"],"sec-fetch-dest":["document"],"sec-fetch-mode":["navigate"],"sec-fetch-site":["none"],"sec-ch-ua-platform":["\\"Windows\\""],"sec-ch-ua-mobile":["?0"],"sec-ch-ua":["\\"Google Chrome\\";v=\\"149\\", \\"Chromium\\";v=\\"149\\", \\"Not)A;Brand\\";v=\\"24\\""],"accept":["text\\/html,application\\/xhtml+xml,application\\/xml;q=0.9,image\\/avif,image\\/webp,image\\/apng,*\\/*;q=0.8,application\\/signed-exchange;v=b3;q=0.7"],"sec-speculation-tags":["null"],"sec-purpose":["prefetch;prerender"],"upgrade-insecure-requests":["1"],"host":["salem-store.test"]}', '', 'Windows', 'Chrome', '127.0.0.1', 'Webkul\\Category\\Models\\Category', 121, NULL, NULL, 1, '2026-06-15 11:25:19', '2026-06-15 11:25:19'), (242, 'GET', '[]', 'https://salem-store.test/pitaka', 'https://salem-store.test/', '[]', 'Mozilla/5.0 (Windows NT 10.0; Win64; x64) AppleWebKit/537.36 (KHTML, like Gecko) Chrome/149.0.0.0 Safari/537.36', '{"cookie":["XSRF-TOKEN=eyJpdiI6ImJjT0tlb2FCaXdTUzM5U3lPMUhIRXc9PSIsInZhbHVlIjoiREp3SnhmRkxnd1JJaWNiTk53K0NFWUd4MWRxUUd1SG5mcWo0Y09vWmN0TkRrRm9nVmlJYUE0SkJGQXVrME1YNGxmTFZmMkRMdXFOb3FkMmFRcGZEdUlweWdhYXFrRG9mQU9lT2ZoTTVBMVNhd1NQMkpuMHlIMGRsRDZ6aEJjcEMiLCJtYWMiOiI3ZDY3Y2Q1ZDljMjExZmFiNjRhYjcxNjQzZDU4NWUyOGY5Nzk3YzgzMDQyYzE0NGI0OTJiOTcxMzQyNzUyOGVlIiwidGFnIjoiIn0%3D; salem_store_session=eyJpdiI6Im9vVFJ5U2c3MnN6Szd2VlRUMEV1Qmc9PSIsInZhbHVlIjoiNm5EcnZhZys5cmp6QlZsZHpiQ0NtQy9xa0JYTnZ0N1VJbWwrdW1lUkwxN09seU5yckk2Yld0R1A3aWF2YXdNd0tqVDI5RmhqTzlwRGMvSUN0Mm5WMW9oeFhTUS9kNHJ4L29wZllKeWd0b0hiTlFtdy95NmhEK3NqWFF2M3E1M2QiLCJtYWMiOiJmMDcxYjVlMGQ3OWJiMGFiOTQ1ZjI3MTY5M2NjZDk1OTc3MTg4Mzc0MjYwYzE1NWIzYWNkMzNlMmNhMzI3NDA4IiwidGFnIjoiIn0%3D"],"priority":["u=2, i"],"accept-language":["en-GB,en-US;q=0.9,en;q=0.8"],"accept-encoding":["gzip, deflate, br, zstd"],"user-agent":["Mozilla\\/5.0 (Windows NT 10.0; Win64; x64) AppleWebKit\\/537.36 (KHTML, like Gecko) Chrome\\/149.0.0.0 Safari\\/537.36"],"referer":["https:\\/\\/salem-store.test\\/"],"sec-fetch-dest":["document"],"sec-fetch-mode":["navigate"],"sec-fetch-site":["none"],"sec-ch-ua-platform":["\\"Windows\\""],"sec-ch-ua-mobile":["?0"],"sec-ch-ua":["\\"Google Chrome\\";v=\\"149\\", \\"Chromium\\";v=\\"149\\", \\"Not)A;Brand\\";v=\\"24\\""],"accept":["text\\/html,application\\/xhtml+xml,application\\/xml;q=0.9,image\\/avif,image\\/webp,image\\/apng,*\\/*;q=0.8,application\\/signed-exchange;v=b3;q=0.7"],"sec-speculation-tags":["null"],"sec-purpose":["prefetch;prerender"],"upgrade-insecure-requests":["1"],"host":["salem-store.test"]}', '', 'Windows', 'Chrome', '127.0.0.1', 'Webkul\\Product\\Models\\Product', 2, NULL, NULL, 1, '2026-06-15 11:34:21', '2026-06-15 11:34:21'), (243, 'GET', '[]', 'https://salem-store.test/anker-smart-home', 'https://salem-store.test/', '[]', 'Mozilla/5.0 (Windows NT 10.0; Win64; x64) AppleWebKit/537.36 (KHTML, like Gecko) Chrome/149.0.0.0 Safari/537.36', '{"cookie":["XSRF-TOKEN=eyJpdiI6IitiK05mUWF1VldKL3lxVGtWTjIwdGc9PSIsInZhbHVlIjoia3lzQVBJY3hUNmNvNjBRdEEvQnc1MllrNGROWTFmZzJhdGRQVEdOcDNjaGJVd2JuOEUzZXRTTld1RDVRZUgyY1FnM0VzVS9rWDR6UDRScFlDdGppREJYdDRtbWNXWlhiSVg5WUxnNWZmWDFEQWIyYXo0UFFvc0s5RnMrWTZzSE4iLCJtYWMiOiJlZWY0NTQ5NGYxODg1ODJlNjdiODkyMWFkODlhYzE1NjFjYjUwZjY1MTM0MmQxNDJjNTg3ZDQ4ODBjYjBjYzkzIiwidGFnIjoiIn0%3D; salem_store_session=eyJpdiI6IkxoQVBEelZpOWNtRWRmTG1seWs3YUE9PSIsInZhbHVlIjoicDQ1S1JBRXNTYWRUcGg0dnMxSExIUmVMdFZSWlhNbFlLS2pLanhvaUs0QmdVRFVsOEJrcWU0MHhXaFJqOWtBUFNtTlluWlZoYTNwVlhVUzhSenZ1SFBXbTRTQjhxeTRQMHNvNjNQYUIwSXBEbUJLcWRUcTh5VlZ6YWhUeUVRU2oiLCJtYWMiOiJjZmVjM2MwMzcyNjFmNzY1Njg4ZTQ3YTViNTM3NGMwYzMzMWFmYjk3Y2FlYmQ5NzdhZWE0MGNiNmI4N2E2ZTU0IiwidGFnIjoiIn0%3D"],"priority":["u=2, i"],"accept-language":["en-GB,en-US;q=0.9,en;q=0.8"],"accept-encoding":["gzip, deflate, br, zstd"],"user-agent":["Mozilla\\/5.0 (Windows NT 10.0; Win64; x64) AppleWebKit\\/537.36 (KHTML, like Gecko) Chrome\\/149.0.0.0 Safari\\/537.36"],"referer":["https:\\/\\/salem-store.test\\/"],"sec-fetch-dest":["document"],"sec-fetch-mode":["navigate"],"sec-fetch-site":["none"],"sec-ch-ua-platform":["\\"Windows\\""],"sec-ch-ua-mobile":["?0"],"sec-ch-ua":["\\"Google Chrome\\";v=\\"149\\", \\"Chromium\\";v=\\"149\\", \\"Not)A;Brand\\";v=\\"24\\""],"accept":["text\\/html,application\\/xhtml+xml,application\\/xml;q=0.9,image\\/avif,image\\/webp,image\\/apng,*\\/*;q=0.8,application\\/signed-exchange;v=b3;q=0.7"],"sec-speculation-tags":["null"],"sec-purpose":["prefetch;prerender"],"upgrade-insecure-requests":["1"],"host":["salem-store.test"]}', '', 'Windows', 'Chrome', '127.0.0.1', 'Webkul\\Category\\Models\\Category', 122, NULL, NULL, 1, '2026-06-15 13:37:48', '2026-06-15 13:37:48'), (244, 'GET', '[]', 'https://salem-store.test/%D8%A7%D9%84%D9%87%D9%88%D8%A7%D8%AA%D9%81-%D8%A7%D9%84%D9%85%D8%AD%D9%85%D9%88%D9%84%D8%A9', 'https://salem-store.test/', '[]', 'Mozilla/5.0 (Windows NT 10.0; Win64; x64) AppleWebKit/537.36 (KHTML, like Gecko) Chrome/149.0.0.0 Safari/537.36', '{"cookie":["XSRF-TOKEN=eyJpdiI6IlgveXBDM2cvTDBKZDlLUGVIYmZWdlE9PSIsInZhbHVlIjoiSnpMMFNsMExlUVpiR3M3VzB3R2JqSjFrV1EwNHoybUJlZDR3eERkWUZFZ3p2MzU3VUJNcEx4U25URmE5OVRZd1c4R3FSclFhc2VTUk1RREZ1Q1VsMzY2dXFvZnB6SGtpaUFHZ0RGbm5Xam9Qand0amVhUzVVRDkvcW1ZcUUxVTIiLCJtYWMiOiI2MTljNzcxMDM4YTYxZTc5ZDk1NDNhZTE3YjcyODA3ZTZlOWM3ZTU4Zjc1ZDk5NzVlYmY4YmQ0ZjIzYmY4YWZjIiwidGFnIjoiIn0%3D; salem_store_session=eyJpdiI6ImhjT2QzVm15eTlhNXh0Z1dxMHpQU0E9PSIsInZhbHVlIjoiUmdPWmhZNU5kZ3RkTDlvTnJtQTNyZ3k0cUE4ajJEVFY1UDhDRFlLbi9Ya1BTdElOVDlScitsVjgrbWpmbWZjbHNOWTd3T29oS3RITjZib0R3QW1mLzNod2wyOUJSTkE4VDNiU2hqNTEvdWRuWXNyZGVlUzdCZG9scDBBallMaEYiLCJtYWMiOiI3YWFhYWQxM2Y5NjYyNjZkMDVjMWRkNWRjOTc3NTgyYzE5ZDJkNjNmOGU5YzM1NDhjYzM1OTg4MTNmMDdiNDhiIiwidGFnIjoiIn0%3D"],"priority":["u=2, i"],"accept-language":["en-GB,en-US;q=0.9,en;q=0.8"],"accept-encoding":["gzip, deflate, br, zstd"],"user-agent":["Mozilla\\/5.0 (Windows NT 10.0; Win64; x64) AppleWebKit\\/537.36 (KHTML, like Gecko) Chrome\\/149.0.0.0 Safari\\/537.36"],"referer":["https:\\/\\/salem-store.test\\/"],"sec-fetch-dest":["document"],"sec-fetch-mode":["navigate"],"sec-fetch-site":["none"],"sec-ch-ua-platform":["\\"Windows\\""],"sec-ch-ua-mobile":["?0"],"sec-ch-ua":["\\"Google Chrome\\";v=\\"149\\", \\"Chromium\\";v=\\"149\\", \\"Not)A;Brand\\";v=\\"24\\""],"accept":["text\\/html,application\\/xhtml+xml,application\\/xml;q=0.9,image\\/avif,image\\/webp,image\\/apng,*\\/*;q=0.8,application\\/signed-exchange;v=b3;q=0.7"],"sec-speculation-tags":["null"],"sec-purpose":["prefetch;prerender"],"upgrade-insecure-requests":["1"],"host":["salem-store.test"]}', '', 'Windows', 'Chrome', '127.0.0.1', 'Webkul\\Category\\Models\\Category', 2, NULL, NULL, 1, '2026-06-15 13:41:50', '2026-06-15 13:41:50'), (245, 'GET', '[]', 'https://salem-store.test/anker-connectivity', 'https://salem-store.test/', '[]', 'Mozilla/5.0 (Windows NT 10.0; Win64; x64) AppleWebKit/537.36 (KHTML, like Gecko) Chrome/149.0.0.0 Safari/537.36', '{"cookie":["XSRF-TOKEN=eyJpdiI6InlNSEN1bG9SVXFIWHZUQjY3OEVkelE9PSIsInZhbHVlIjoiSVE4REdocG5hMlg2RmVPc0F3VTh3MjRCRVdNWUc2MU04eHRtb1ExaytuRGNidktXRXNqMGhJcUJmMXk2enVBM21RVktmZkpqNVdETk1lZ0RjNlkwdzREZDBzbXVlbk5uc2VzYmFKSUpYei9hV0NDRVBnemU5MG9JbFRMSTdkYWUiLCJtYWMiOiI1OTM5ZWMxZDhlNDE4ZDZiMWU3M2ZmNmYzZmE2ZTE3MjhiOWZlZDJmZmQ0ZmQ3YTBjZDdmOWI5YTg1YzkzZWM4IiwidGFnIjoiIn0%3D; salem_store_session=eyJpdiI6IlNubEdmTURaQlVWQmNueTAyd0hqalE9PSIsInZhbHVlIjoiVnRCVDhESEpJelRFclRvcWNjR3RNVnhzNHdoMDRnRUI5czdmbkdwTWs3ZENqMUZNWFJiQ2JZbC91UjU3RXoxQjVuMXM5Wkl0WWVmNnhiYzlCOTdHRnY2UUgrTmU4ZUx6Zkp4UFJBOWRZU1lFWVJHRmsxZGgremhSNllDY0llWW4iLCJtYWMiOiIwYjZiMDZiYWNmYWI4ZDYzMzdiMDBhZDcxZGFjY2FkZDIzZDMzNWU0ZGY2ZDA2MDlmMjhhYzM4NTllMWVhZDVmIiwidGFnIjoiIn0%3D"],"priority":["u=2, i"],"accept-language":["en-GB,en-US;q=0.9,en;q=0.8"],"accept-encoding":["gzip, deflate, br, zstd"],"user-agent":["Mozilla\\/5.0 (Windows NT 10.0; Win64; x64) AppleWebKit\\/537.36 (KHTML, like Gecko) Chrome\\/149.0.0.0 Safari\\/537.36"],"referer":["https:\\/\\/salem-store.test\\/"],"sec-fetch-dest":["document"],"sec-fetch-mode":["navigate"],"sec-fetch-site":["none"],"sec-ch-ua-platform":["\\"Windows\\""],"sec-ch-ua-mobile":["?0"],"sec-ch-ua":["\\"Google Chrome\\";v=\\"149\\", \\"Chromium\\";v=\\"149\\", \\"Not)A;Brand\\";v=\\"24\\""],"accept":["text\\/html,application\\/xhtml+xml,application\\/xml;q=0.9,image\\/avif,image\\/webp,image\\/apng,*\\/*;q=0.8,application\\/signed-exchange;v=b3;q=0.7"],"sec-speculation-tags":["null"],"sec-purpose":["prefetch;prerender"],"upgrade-insecure-requests":["1"],"host":["salem-store.test"]}', '', 'Windows', 'Chrome', '127.0.0.1', 'Webkul\\Category\\Models\\Category', 123, NULL, NULL, 1, '2026-06-15 13:58:05', '2026-06-15 13:58:05'), (246, 'GET', '[]', 'https://salem-store.test/smart-tvs', 'https://salem-store.test/', '[]', 'Mozilla/5.0 (Windows NT 10.0; Win64; x64) AppleWebKit/537.36 (KHTML, like Gecko) Chrome/149.0.0.0 Safari/537.36', '{"cookie":["XSRF-TOKEN=eyJpdiI6IkRzZW9mSzVHTElaeTJJZWxuMUsvWVE9PSIsInZhbHVlIjoiL1FEOFZsbXNzQ2FUT1JNeDlVYU5aN1IrQ0JOT0c3Nlg4NXVraHhET3hyUjdjQ0VTSGM2TDNLLzM1ZmhnUk94bmJhTXAxSmtMU2hPU0t1OXR6RFFoKzRKZjlXSHBaaTYyMWN5MmRZMi9PclMvYkF5cUFOQmIwb2M5OUxrTU11SXEiLCJtYWMiOiI0N2UyN2E2ZWRlZDY0MWRkNmEyODA1NGE1Mzc3MGQ3MzZkMzkzZDM3ZTFkZDA1NzcxNTU1NzVhZTRmZDFkNDBjIiwidGFnIjoiIn0%3D; salem_store_session=eyJpdiI6IjJyaTZWT3JyNWQ3TzBuQllYNUNBcFE9PSIsInZhbHVlIjoibW5KNDYyb20yU2VjMHkwSit3RzhmU05ZcXB2MzkrVGJGMDQ5OTNkbW02TTBCdkpCQ0sxYXhiMWNYWjBNOEY1SzlSa3V1VU43Mlk0RHhZZmx5b0tQZ2hGVy8rNlRWeHZvN2pUN0RRRDBmZXY2ZzRUbFBONDdRWE96SHJveTBjM1giLCJtYWMiOiIyMDRiODhkNDgwOTM5YmU2MDhkM2UyN2ZiZWM3MTkwMGEyYzk4NzQ5ZWU1ZDMyOTk4ODZjYTZkZmFjOTU1NDZhIiwidGFnIjoiIn0%3D"],"priority":["u=2, i"],"accept-language":["en-GB,en-US;q=0.9,en;q=0.8"],"accept-encoding":["gzip, deflate, br, zstd"],"user-agent":["Mozilla\\/5.0 (Windows NT 10.0; Win64; x64) AppleWebKit\\/537.36 (KHTML, like Gecko) Chrome\\/149.0.0.0 Safari\\/537.36"],"referer":["https:\\/\\/salem-store.test\\/"],"sec-fetch-dest":["document"],"sec-fetch-mode":["navigate"],"sec-fetch-site":["none"],"sec-ch-ua-platform":["\\"Windows\\""],"sec-ch-ua-mobile":["?0"],"sec-ch-ua":["\\"Google Chrome\\";v=\\"149\\", \\"Chromium\\";v=\\"149\\", \\"Not)A;Brand\\";v=\\"24\\""],"accept":["text\\/html,application\\/xhtml+xml,application\\/xml;q=0.9,image\\/avif,image\\/webp,image\\/apng,*\\/*;q=0.8,application\\/signed-exchange;v=b3;q=0.7"],"sec-speculation-tags":["null"],"sec-purpose":["prefetch;prerender"],"upgrade-insecure-requests":["1"],"host":["salem-store.test"]}', '', 'Windows', 'Chrome', '127.0.0.1', 'Webkul\\Category\\Models\\Category', 134, NULL, NULL, 1, '2026-06-15 14:17:43', '2026-06-15 14:17:43'), (247, 'GET', '[]', 'https://salem-store.test/gaming-consoles', 'https://salem-store.test/', '[]', 'Mozilla/5.0 (Windows NT 10.0; Win64; x64) AppleWebKit/537.36 (KHTML, like Gecko) Chrome/149.0.0.0 Safari/537.36', '{"cookie":["XSRF-TOKEN=eyJpdiI6IldZRzJBVmpiaFZudy9hVmlJV29FQ3c9PSIsInZhbHVlIjoieGdrMEFEUGJiVFJKS3lMVWtYTEdYQmZHajJZendTR1o3TVc1elNqSEVOMG9HVkxGcTdnWGNhczNjUUg5YnlDWUpYM2loRFE4bFl0cXFFQTVHdmp1WlpiNVI2dzdFMUViVGVtNUVheFdUQmpzcTZoc09DUkdDejdwMDAzRlhyY2siLCJtYWMiOiJhOTQwZmQzMzc4ZWE1OTc4OTY5Mzg2ZTE2YzA4ZmIwYTcxMTIxMTQ0YWRjNTY1ZTdmODFjNzdkNTEzYzI0NGU5IiwidGFnIjoiIn0%3D; salem_store_session=eyJpdiI6IjBPdWV1em1UN2ZidTU0RDdjdnNDUUE9PSIsInZhbHVlIjoiZ2RXWkt3YjZ6SjN0aElRRHdaZTh1Z3RQRUVNQkI3VUM2b2x0VUV5OVBWQThhakNtUDAyRGd5c3pRNXJYZUVvNHpnM2pqQ3V5dE5mRTIyamlmNTBUZWZiamp6MGpjRmZVMXk3b3hqWGlyM3lwNkdjSDdUcktiSWdQQjVkYkNoRU4iLCJtYWMiOiIzYzk0ZTgxZjA0YWIwNmNjOWVhMDk4NTcyOTNkNTJjOTE0OTJiYTk0NDhlZmFjZjY4NGE4YmZhOTNhYzZiYTkzIiwidGFnIjoiIn0%3D"],"priority":["u=2, i"],"accept-language":["en-GB,en-US;q=0.9,en;q=0.8"],"accept-encoding":["gzip, deflate, br, zstd"],"user-agent":["Mozilla\\/5.0 (Windows NT 10.0; Win64; x64) AppleWebKit\\/537.36 (KHTML, like Gecko) Chrome\\/149.0.0.0 Safari\\/537.36"],"referer":["https:\\/\\/salem-store.test\\/"],"sec-fetch-dest":["document"],"sec-fetch-mode":["navigate"],"sec-fetch-site":["none"],"sec-ch-ua-platform":["\\"Windows\\""],"sec-ch-ua-mobile":["?0"],"sec-ch-ua":["\\"Google Chrome\\";v=\\"149\\", \\"Chromium\\";v=\\"149\\", \\"Not)A;Brand\\";v=\\"24\\""],"accept":["text\\/html,application\\/xhtml+xml,application\\/xml;q=0.9,image\\/avif,image\\/webp,image\\/apng,*\\/*;q=0.8,application\\/signed-exchange;v=b3;q=0.7"],"sec-speculation-tags":["null"],"sec-purpose":["prefetch;prerender"],"upgrade-insecure-requests":["1"],"host":["salem-store.test"]}', '', 'Windows', 'Chrome', '127.0.0.1', 'Webkul\\Category\\Models\\Category', 138, NULL, NULL, 1, '2026-06-15 14:17:46', '2026-06-15 14:17:46'), (248, 'GET', '[]', 'https://salem-store.test/networking', 'https://salem-store.test/', '[]', 'Mozilla/5.0 (Windows NT 10.0; Win64; x64) AppleWebKit/537.36 (KHTML, like Gecko) Chrome/149.0.0.0 Safari/537.36', '{"cookie":["XSRF-TOKEN=eyJpdiI6IldZRzJBVmpiaFZudy9hVmlJV29FQ3c9PSIsInZhbHVlIjoieGdrMEFEUGJiVFJKS3lMVWtYTEdYQmZHajJZendTR1o3TVc1elNqSEVOMG9HVkxGcTdnWGNhczNjUUg5YnlDWUpYM2loRFE4bFl0cXFFQTVHdmp1WlpiNVI2dzdFMUViVGVtNUVheFdUQmpzcTZoc09DUkdDejdwMDAzRlhyY2siLCJtYWMiOiJhOTQwZmQzMzc4ZWE1OTc4OTY5Mzg2ZTE2YzA4ZmIwYTcxMTIxMTQ0YWRjNTY1ZTdmODFjNzdkNTEzYzI0NGU5IiwidGFnIjoiIn0%3D; salem_store_session=eyJpdiI6IjBPdWV1em1UN2ZidTU0RDdjdnNDUUE9PSIsInZhbHVlIjoiZ2RXWkt3YjZ6SjN0aElRRHdaZTh1Z3RQRUVNQkI3VUM2b2x0VUV5OVBWQThhakNtUDAyRGd5c3pRNXJYZUVvNHpnM2pqQ3V5dE5mRTIyamlmNTBUZWZiamp6MGpjRmZVMXk3b3hqWGlyM3lwNkdjSDdUcktiSWdQQjVkYkNoRU4iLCJtYWMiOiIzYzk0ZTgxZjA0YWIwNmNjOWVhMDk4NTcyOTNkNTJjOTE0OTJiYTk0NDhlZmFjZjY4NGE4YmZhOTNhYzZiYTkzIiwidGFnIjoiIn0%3D"],"priority":["u=2, i"],"accept-language":["en-GB,en-US;q=0.9,en;q=0.8"],"accept-encoding":["gzip, deflate, br, zstd"],"user-agent":["Mozilla\\/5.0 (Windows NT 10.0; Win64; x64) AppleWebKit\\/537.36 (KHTML, like Gecko) Chrome\\/149.0.0.0 Safari\\/537.36"],"referer":["https:\\/\\/salem-store.test\\/"],"sec-fetch-dest":["document"],"sec-fetch-mode":["navigate"],"sec-fetch-site":["none"],"sec-ch-ua-platform":["\\"Windows\\""],"sec-ch-ua-mobile":["?0"],"sec-ch-ua":["\\"Google Chrome\\";v=\\"149\\", \\"Chromium\\";v=\\"149\\", \\"Not)A;Brand\\";v=\\"24\\""],"accept":["text\\/html,application\\/xhtml+xml,application\\/xml;q=0.9,image\\/avif,image\\/webp,image\\/apng,*\\/*;q=0.8,application\\/signed-exchange;v=b3;q=0.7"],"sec-speculation-tags":["null"],"sec-purpose":["prefetch;prerender"],"upgrade-insecure-requests":["1"],"host":["salem-store.test"]}', '', 'Windows', 'Chrome', '127.0.0.1', 'Webkul\\Category\\Models\\Category', 140, NULL, NULL, 1, '2026-06-15 14:17:46', '2026-06-15 14:17:46'), (249, 'GET', '[]', 'https://salem-store.test/software', 'https://salem-store.test/', '[]', 'Mozilla/5.0 (Windows NT 10.0; Win64; x64) AppleWebKit/537.36 (KHTML, like Gecko) Chrome/149.0.0.0 Safari/537.36', '{"cookie":["XSRF-TOKEN=eyJpdiI6IndRRWZ5QVQ3NXdFUUtMTWtjQ0Y3eUE9PSIsInZhbHVlIjoib2FYSDJlUmFKdmZsaDZLZ0JzVTQyWnRwU1k3NUkycFRhbFo3Zm9rMGswZEJZbXFxSFVwVzZjWlhndTNGTmNCaXBNQSs2UG1qN05pYmlMSC90OURackIvM1czZEoxaU95UTg1dDVOMDlGUjZmck9QU2wyVWFFcEF0K3JqQ0Z2TzciLCJtYWMiOiI0MWYxNjBkNDIyOTE2ZjBiNDBhMmVmYTU5MWNiMjdhOWQwZjgzMDRmZGU1NWNmZGFlMDI4MDJiZmJlZmIyYmFlIiwidGFnIjoiIn0%3D; salem_store_session=eyJpdiI6IkZsVUgzeC9Pa2FTZnZycHpwMHY5bGc9PSIsInZhbHVlIjoibWNRKzcwa1dYZENqb2dxd01mMGRSUThzZW1DY2JScmNIMGpwRGFIckpLUEZmOGRhRkRYVkNqb2dERzhhaG5WY3FRNmhGTkYxa3BkK2tYdWNldnNlZzA3eTFJNkRETHJTa1B4dDN6S2ZBb0doM0huM0hjdXlJRzVlWjhrNzk4REsiLCJtYWMiOiIyOWQzMTI4Y2Y3ODFlODRiMTU1Zjg1OTdmODk4NWZjMWJkZTE1MDZlNTFmYTZjNmE3ZGEyM2RkODQ5ZThkNjk4IiwidGFnIjoiIn0%3D"],"priority":["u=2, i"],"accept-language":["en-GB,en-US;q=0.9,en;q=0.8"],"accept-encoding":["gzip, deflate, br, zstd"],"user-agent":["Mozilla\\/5.0 (Windows NT 10.0; Win64; x64) AppleWebKit\\/537.36 (KHTML, like Gecko) Chrome\\/149.0.0.0 Safari\\/537.36"],"referer":["https:\\/\\/salem-store.test\\/"],"sec-fetch-dest":["document"],"sec-fetch-mode":["navigate"],"sec-fetch-site":["none"],"sec-ch-ua-platform":["\\"Windows\\""],"sec-ch-ua-mobile":["?0"],"sec-ch-ua":["\\"Google Chrome\\";v=\\"149\\", \\"Chromium\\";v=\\"149\\", \\"Not)A;Brand\\";v=\\"24\\""],"accept":["text\\/html,application\\/xhtml+xml,application\\/xml;q=0.9,image\\/avif,image\\/webp,image\\/apng,*\\/*;q=0.8,application\\/signed-exchange;v=b3;q=0.7"],"sec-speculation-tags":["null"],"sec-purpose":["prefetch;prerender"],"upgrade-insecure-requests":["1"],"host":["salem-store.test"]}', '', 'Windows', 'Chrome', '127.0.0.1', 'Webkul\\Category\\Models\\Category', 141, NULL, NULL, 1, '2026-06-15 14:17:46', '2026-06-15 14:17:46'), (250, 'GET', '[]', 'https://salem-store.test/office-supplies', 'https://salem-store.test/', '[]', 'Mozilla/5.0 (Windows NT 10.0; Win64; x64) AppleWebKit/537.36 (KHTML, like Gecko) Chrome/149.0.0.0 Safari/537.36', '{"cookie":["XSRF-TOKEN=eyJpdiI6IkRlVW5XaExBNVB0MGM3NlFURXR2MFE9PSIsInZhbHVlIjoiTm1JQ0dBVStqMUtNSG44U2kwTVhBcFNGWXpEVVpsdGdlejRKN1pvUEh1Ujk3Q2p4SEI1enJweGMzdFVUcnlhU0dBZmlUcndsMzZTTlljMDJkcjJ2U0YrQ3hhMmZ5em1YY0o1ZFQrbUJ5d0RyaFlZSUM4REp5N0lQdDRCZmQxOUEiLCJtYWMiOiIyZjYzYTIwODhiZWYyMzU3MzQ2ZmIwOWRkMDIyMWY0ZDQ2MDIyYWM0ZDJhZjcyNzc2Yjg3YjhjNTNjMzE3MWQzIiwidGFnIjoiIn0%3D; salem_store_session=eyJpdiI6ImJod2dCNnFoQ1IwWkRCWUtadUEwQmc9PSIsInZhbHVlIjoibVRNY1lXK1ZuNW45em80MmJXMkwzS0R5ZnhMRHJndG9MWHdHaWlrcFdsU1U0MjIzT3RUZXBSL1RkQ1FKb1BFUm9EaVMySkdtVmpvbEQ4YzZRVW1mTkt5a1JVUU82bFZLOCtxbXUrV0tLNkJmOUJwMXZKVHRuWk9NQ0pTdFI0V08iLCJtYWMiOiI1MGY4M2ZhYmU5ZDdjNmNmZWYyZWY1NGU5OWUzY2M5YTI5OTBkY2Q3NmZhNDJiNTEzZWE3MmMwYmJlNzQ1YzA1IiwidGFnIjoiIn0%3D"],"priority":["u=2, i"],"accept-language":["en-GB,en-US;q=0.9,en;q=0.8"],"accept-encoding":["gzip, deflate, br, zstd"],"user-agent":["Mozilla\\/5.0 (Windows NT 10.0; Win64; x64) AppleWebKit\\/537.36 (KHTML, like Gecko) Chrome\\/149.0.0.0 Safari\\/537.36"],"referer":["https:\\/\\/salem-store.test\\/"],"sec-fetch-dest":["document"],"sec-fetch-mode":["navigate"],"sec-fetch-site":["none"],"sec-ch-ua-platform":["\\"Windows\\""],"sec-ch-ua-mobile":["?0"],"sec-ch-ua":["\\"Google Chrome\\";v=\\"149\\", \\"Chromium\\";v=\\"149\\", \\"Not)A;Brand\\";v=\\"24\\""],"accept":["text\\/html,application\\/xhtml+xml,application\\/xml;q=0.9,image\\/avif,image\\/webp,image\\/apng,*\\/*;q=0.8,application\\/signed-exchange;v=b3;q=0.7"],"sec-speculation-tags":["null"],"sec-purpose":["prefetch;prerender"],"upgrade-insecure-requests":["1"],"host":["salem-store.test"]}', '', 'Windows', 'Chrome', '127.0.0.1', 'Webkul\\Category\\Models\\Category', 142, NULL, NULL, 1, '2026-06-15 14:17:47', '2026-06-15 14:17:47'), (251, 'GET', '[]', 'https://salem-store.test/anker', 'https://salem-store.test/', '[]', 'Mozilla/5.0 (Windows NT 10.0; Win64; x64) AppleWebKit/537.36 (KHTML, like Gecko) Chrome/149.0.0.0 Safari/537.36', '{"cookie":["XSRF-TOKEN=eyJpdiI6IkJOdmZCUTQ0Uy9SZEpBYUxPZWV3V2c9PSIsInZhbHVlIjoiNXpvRFdJMFRoT0hoUEN5MUNka0ZSVmpTUjd5TkJjcnFzWVdOemxRU0FFdXEvanFKMmxyK1FVUTI0M1lxWWdRUldNcUJ6M1ZYVHVHbFZBWlR5bDNsWGFtSUZ3UVpaZkp4V291U21MMUF2M2FMR1hxQlM2UmZQV3B0a1owRCs2aHciLCJtYWMiOiIyNjQ0Njg4OTYwZGE1MTY3NGNmNmE0MDliZDIzYTg2MTQzNTA5M2UwZjQ3ZjE2YjlmOWFmY2Y3YmU1ODA5MmU5IiwidGFnIjoiIn0%3D; salem_store_session=eyJpdiI6InhqdVhaZXFHWWxLY2VFZE9JdzAxU2c9PSIsInZhbHVlIjoiUVpkckM1SGhrZ0cydXZ0WU1vZEZUQUJ3eE55dVNDOGx6bXRRS3JBQUlDL29FSU9QY2RDNlNQV3h4UkNpbU82dUtMTzlXV1J2Y0tiS2R1TzJXN0JuNzNMc01vS214bUlkUG1naXAxTWcwZWoxT0FIdG92SE03MDJRVm5IUnNXaS8iLCJtYWMiOiI2YTNkNGJmM2JkYzJiNWNmYWY3MjQ0MzJlOTViMTU0NjhhYWRhYTE4OTk5OTE0OWExZDczN2MyZjEyZWNlMWZjIiwidGFnIjoiIn0%3D"],"priority":["u=2, i"],"accept-language":["en-US,en;q=0.9"],"accept-encoding":["gzip, deflate, br, zstd"],"user-agent":["Mozilla\\/5.0 (Windows NT 10.0; Win64; x64) AppleWebKit\\/537.36 (KHTML, like Gecko) Chrome\\/149.0.0.0 Safari\\/537.36"],"referer":["https:\\/\\/salem-store.test\\/"],"sec-fetch-dest":["document"],"sec-fetch-mode":["navigate"],"sec-fetch-site":["none"],"sec-ch-ua-platform":["\\"Windows\\""],"sec-ch-ua-mobile":["?0"],"sec-ch-ua":["\\"Google Chrome\\";v=\\"149\\", \\"Chromium\\";v=\\"149\\", \\"Not)A;Brand\\";v=\\"24\\""],"accept":["text\\/html,application\\/xhtml+xml,application\\/xml;q=0.9,image\\/avif,image\\/webp,image\\/apng,*\\/*;q=0.8,application\\/signed-exchange;v=b3;q=0.7"],"sec-speculation-tags":["null"],"sec-purpose":["prefetch;prerender"],"upgrade-insecure-requests":["1"],"host":["salem-store.test"]}', '', 'Windows', 'Chrome', '127.0.0.1', 'Webkul\\Category\\Models\\Category', 118, NULL, NULL, 1, '2026-06-15 14:42:14', '2026-06-15 14:42:14'), (252, 'GET', '[]', 'https://salem-store.test/themes/shop/default/build/assets/app-Bj6CmTrS.css', 'https://salem-store.test/', '[]', 'Mozilla/5.0 (Windows NT 10.0; Win64; x64) AppleWebKit/537.36 (KHTML, like Gecko) Chrome/149.0.0.0 Safari/537.36', '{"cookie":["XSRF-TOKEN=eyJpdiI6IlpHWG4zT3FwYUNkdW1JbDVYdkpzWWc9PSIsInZhbHVlIjoib1UrU3pZUGJoa3ZBNURhc3NYQk1BNEFScTZDUzNlNmJiUUpiT2RmUzJjQ0pXUHBlaVNxYUpqVnd2S2p3Ym42cGJTOEJYMzB2WUZqUGZlSW90RXlCdm9mZjI5bnFMNUczQ2R6Ti9yamVWeTNZYmJNNlNLclBzZkR2ZytjRlVoRnUiLCJtYWMiOiJhYTQ3MzczYzZiY2UzMGIyZjRlZTNjYTBiOGQ5ZDk3Y2VlNjQzOGEzYWQ0NDRiODI2ZWY2ZjlhMWM2ODliN2U0IiwidGFnIjoiIn0%3D; salem_store_session=eyJpdiI6IlVlNmlwZ2RlU3FPYk56UHJ4bE9lcWc9PSIsInZhbHVlIjoieDVUekpSWFpreGRjemJXVWZ4S1JkenAwRGlEMlZLMTBvcDdaVUFkMmV0dGNxYXhjTGhvOXdPRk0rZXBsWlJlZGp5QXdiR1NnNXhKWjJhRzNpNG9USGlRVFRMUnM2bW9WeHhEemVWRnQ4N21RK3Y4L0NnSWtBVzdVWjFpNmxlelciLCJtYWMiOiJlNTA3NDBjMWQzMzI2NTlmMWNmNmJkNWNmMDJlYjc2MmExMmMyOTNlMmExMDUzNzgyZDI4Nzc4OWQzY2Q1MjAyIiwidGFnIjoiIn0%3D"],"priority":["u=0"],"accept-language":["en-GB,en-US;q=0.9,en;q=0.8"],"accept-encoding":["gzip, deflate, br, zstd"],"referer":["https:\\/\\/salem-store.test\\/"],"sec-fetch-dest":["style"],"sec-fetch-mode":["no-cors"],"sec-fetch-site":["same-origin"],"accept":["text\\/css,*\\/*;q=0.1"],"sec-ch-ua-mobile":["?0"],"sec-ch-ua":["\\"Google Chrome\\";v=\\"149\\", \\"Chromium\\";v=\\"149\\", \\"Not)A;Brand\\";v=\\"24\\""],"user-agent":["Mozilla\\/5.0 (Windows NT 10.0; Win64; x64) AppleWebKit\\/537.36 (KHTML, like Gecko) Chrome\\/149.0.0.0 Safari\\/537.36"],"sec-ch-ua-platform":["\\"Windows\\""],"cache-control":["no-cache"],"pragma":["no-cache"],"host":["salem-store.test"]}', '', 'Windows', 'Chrome', '127.0.0.1', NULL, NULL, NULL, NULL, 1, '2026-06-15 14:52:28', '2026-06-15 14:52:28'), (253, 'GET', '[]', 'https://salem-store.test/tablets', 'https://salem-store.test/', '[]', 'Mozilla/5.0 (iPhone; CPU iPhone OS 18_5 like Mac OS X) AppleWebKit/605.1.15 (KHTML, like Gecko) Version/18.5 Mobile/15E148 Safari/604.1', '{"cookie":["XSRF-TOKEN=eyJpdiI6Im9KdnpEK2lHeFNFdTJVdVpxaUdpVnc9PSIsInZhbHVlIjoiOTdNN0FmNll0WVZ1MG1aTUdrVDd5ZlYwclo0Q3ZLems1RnRrNHBTdlVXKzhmbGkvU3I1UVpaUjdDSll3cDYrNGJTU3dja011Z3d2Y2tuNktBSjJ0VHVjaTBSVUlzYklkTi9qMDdFL2R4Wm9ERVRxNzNGcEErZ3dtRDVQbWhZQ2YiLCJtYWMiOiI0YzI5YmFjMmEzZDU1MmM1ZjA2ODA1NWVlYWIzZTllMmVhOTllOTI0N2U2YzI2ZDNmNWFhOGJlYmE3MzVkMTdmIiwidGFnIjoiIn0%3D; salem_store_session=eyJpdiI6IkQ5K3FxRjFSdUhyeHlCWWc3cXRaeVE9PSIsInZhbHVlIjoiNEZOQkVmUnp4US9CWnRrQ2kxRXVMTjRwaGVKd2F4N2dXcm1FanIzQ0Y2WWR2NkFHeHV4MndYeDVDT0ZXQ2VQbjlKVXp5RFprajl6Z29CeGRjZGR2RFR4VGUxcWcwd251SCt4OXJOSytkakYzOTlRWGhYQ1I0UXo0bnFZblZub20iLCJtYWMiOiIzMWEyZmNiNzRjOTU1YTVjNWRmNGMyY2U2YWEwZWU5Yzg1ZWIyZTY4NzYyNzFiYWI2YzI1Y2U0OWIwZDgzY2I1IiwidGFnIjoiIn0%3D"],"priority":["u=2, i"],"accept-language":["en-GB,en-US;q=0.9,en;q=0.8"],"accept-encoding":["gzip, deflate, br, zstd"],"referer":["https:\\/\\/salem-store.test\\/"],"sec-fetch-dest":["document"],"sec-fetch-mode":["navigate"],"sec-fetch-site":["none"],"user-agent":["Mozilla\\/5.0 (iPhone; CPU iPhone OS 18_5 like Mac OS X) AppleWebKit\\/605.1.15 (KHTML, like Gecko) Version\\/18.5 Mobile\\/15E148 Safari\\/604.1"],"sec-ch-ua-platform":["\\"iOS\\""],"sec-ch-ua-mobile":["?1"],"sec-ch-ua":["\\"Google Chrome\\";v=\\"149\\", \\"Chromium\\";v=\\"149\\", \\"Not)A;Brand\\";v=\\"24\\""],"accept":["text\\/html,application\\/xhtml+xml,application\\/xml;q=0.9,image\\/avif,image\\/webp,image\\/apng,*\\/*;q=0.8,application\\/signed-exchange;v=b3;q=0.7"],"sec-speculation-tags":["null"],"sec-purpose":["prefetch;prerender"],"upgrade-insecure-requests":["1"],"host":["salem-store.test"]}', 'iPhone', 'OS X', 'Safari', '127.0.0.1', 'Webkul\\Category\\Models\\Category', 136, NULL, NULL, 1, '2026-06-15 15:04:33', '2026-06-15 15:04:33'), (254, 'GET', '[]', 'https://salem-store.test/cameras', 'https://salem-store.test/', '[]', 'Mozilla/5.0 (iPhone; CPU iPhone OS 18_5 like Mac OS X) AppleWebKit/605.1.15 (KHTML, like Gecko) Version/18.5 Mobile/15E148 Safari/604.1', '{"cookie":["XSRF-TOKEN=eyJpdiI6IkNxbmFibjdtbEtiMmpVVzZyalZsdEE9PSIsInZhbHVlIjoiMWVxV3d2N2Z3RGI2aUY1Q2NPQkFMVmhSUTlIckRNTFVpZk1YSW5GQ21PSC9rWDJYRVN0TGE1NlJzYm80WllRa1ZVNmZxa1JsSjlNbGkwVlluUWNxMDhiOW10MW5QZ3dkUEQ3VDlrVEhpWXU0QTRCRGFla2l1YzhxY3pZbUtLVXkiLCJtYWMiOiIyZGFmNGQ2OTRjNDJiZTMyMzVlZWY0M2UyYWM4NTE5MDY4NDViNGJiZTVjYWUzZmRhNTA1NDc5NmI5OTBjZmZhIiwidGFnIjoiIn0%3D; salem_store_session=eyJpdiI6InAvSG03NGZoMXFxU2owbk1uSUw0SGc9PSIsInZhbHVlIjoiTERKL2lweENmd3RDOEtDaXFyQ3RHVCtIRVBPVDRsTmYzVEVqcGdUY1g1WGhUT2dMakxHWFJEa205b0twY0dzQVJCZk10VTVnZFl5YWJiZURUOFoxcEluK1JiZ2o5bzhVQkdyZkV5Z3FacXdDb1FQQ21FSDh5MUdKV0xuSTd1dXkiLCJtYWMiOiJiYTIyZjdhMDkyY2I1NzI3ZGM2MDMyNTllNzhiMTVhNTllNTkzYmQzMDdhY2FkM2JkMTE1YTUyMzg4OTQ2MjBhIiwidGFnIjoiIn0%3D"],"priority":["u=2, i"],"accept-language":["en-GB,en-US;q=0.9,en;q=0.8"],"accept-encoding":["gzip, deflate, br, zstd"],"referer":["https:\\/\\/salem-store.test\\/"],"sec-fetch-dest":["document"],"sec-fetch-mode":["navigate"],"sec-fetch-site":["none"],"user-agent":["Mozilla\\/5.0 (iPhone; CPU iPhone OS 18_5 like Mac OS X) AppleWebKit\\/605.1.15 (KHTML, like Gecko) Version\\/18.5 Mobile\\/15E148 Safari\\/604.1"],"sec-ch-ua-platform":["\\"iOS\\""],"sec-ch-ua-mobile":["?1"],"sec-ch-ua":["\\"Google Chrome\\";v=\\"149\\", \\"Chromium\\";v=\\"149\\", \\"Not)A;Brand\\";v=\\"24\\""],"accept":["text\\/html,application\\/xhtml+xml,application\\/xml;q=0.9,image\\/avif,image\\/webp,image\\/apng,*\\/*;q=0.8,application\\/signed-exchange;v=b3;q=0.7"],"sec-speculation-tags":["null"],"sec-purpose":["prefetch;prerender"],"upgrade-insecure-requests":["1"],"host":["salem-store.test"]}', 'iPhone', 'OS X', 'Safari', '127.0.0.1', 'Webkul\\Category\\Models\\Category', 137, NULL, NULL, 1, '2026-06-15 20:01:09', '2026-06-15 20:01:09'), (255, 'GET', '[]', 'https://salem-store.test/home-appliances', 'https://salem-store.test/', '[]', 'Mozilla/5.0 (iPhone; CPU iPhone OS 18_5 like Mac OS X) AppleWebKit/605.1.15 (KHTML, like Gecko) Version/18.5 Mobile/15E148 Safari/604.1', '{"cookie":["XSRF-TOKEN=eyJpdiI6IkNxbmFibjdtbEtiMmpVVzZyalZsdEE9PSIsInZhbHVlIjoiMWVxV3d2N2Z3RGI2aUY1Q2NPQkFMVmhSUTlIckRNTFVpZk1YSW5GQ21PSC9rWDJYRVN0TGE1NlJzYm80WllRa1ZVNmZxa1JsSjlNbGkwVlluUWNxMDhiOW10MW5QZ3dkUEQ3VDlrVEhpWXU0QTRCRGFla2l1YzhxY3pZbUtLVXkiLCJtYWMiOiIyZGFmNGQ2OTRjNDJiZTMyMzVlZWY0M2UyYWM4NTE5MDY4NDViNGJiZTVjYWUzZmRhNTA1NDc5NmI5OTBjZmZhIiwidGFnIjoiIn0%3D; salem_store_session=eyJpdiI6InAvSG03NGZoMXFxU2owbk1uSUw0SGc9PSIsInZhbHVlIjoiTERKL2lweENmd3RDOEtDaXFyQ3RHVCtIRVBPVDRsTmYzVEVqcGdUY1g1WGhUT2dMakxHWFJEa205b0twY0dzQVJCZk10VTVnZFl5YWJiZURUOFoxcEluK1JiZ2o5bzhVQkdyZkV5Z3FacXdDb1FQQ21FSDh5MUdKV0xuSTd1dXkiLCJtYWMiOiJiYTIyZjdhMDkyY2I1NzI3ZGM2MDMyNTllNzhiMTVhNTllNTkzYmQzMDdhY2FkM2JkMTE1YTUyMzg4OTQ2MjBhIiwidGFnIjoiIn0%3D"],"priority":["u=2, i"],"accept-language":["en-GB,en-US;q=0.9,en;q=0.8"],"accept-encoding":["gzip, deflate, br, zstd"],"referer":["https:\\/\\/salem-store.test\\/"],"sec-fetch-dest":["document"],"sec-fetch-mode":["navigate"],"sec-fetch-site":["none"],"user-agent":["Mozilla\\/5.0 (iPhone; CPU iPhone OS 18_5 like Mac OS X) AppleWebKit\\/605.1.15 (KHTML, like Gecko) Version\\/18.5 Mobile\\/15E148 Safari\\/604.1"],"sec-ch-ua-platform":["\\"iOS\\""],"sec-ch-ua-mobile":["?1"],"sec-ch-ua":["\\"Google Chrome\\";v=\\"149\\", \\"Chromium\\";v=\\"149\\", \\"Not)A;Brand\\";v=\\"24\\""],"accept":["text\\/html,application\\/xhtml+xml,application\\/xml;q=0.9,image\\/avif,image\\/webp,image\\/apng,*\\/*;q=0.8,application\\/signed-exchange;v=b3;q=0.7"],"sec-speculation-tags":["null"],"sec-purpose":["prefetch;prerender"],"upgrade-insecure-requests":["1"],"host":["salem-store.test"]}', 'iPhone', 'OS X', 'Safari', '127.0.0.1', 'Webkul\\Category\\Models\\Category', 139, NULL, NULL, 1, '2026-06-15 20:01:10', '2026-06-15 20:01:10'), (256, 'GET', '[]', 'https://salem-store.test/%D8%A8%D8%B7%D8%A7%D8%B1%D9%8A%D8%A7%D8%AA-%D9%85%D8%AD%D9%85%D9%88%D9%84%D8%A9', 'https://salem-store.test/', '[]', 'Mozilla/5.0 (Windows NT 10.0; Win64; x64) AppleWebKit/537.36 (KHTML, like Gecko) Chrome/149.0.0.0 Safari/537.36', '{"cookie":["XSRF-TOKEN=eyJpdiI6IkVlSkwrWG1uV2ljM3VKdVREVWh3Z3c9PSIsInZhbHVlIjoibGZZaWIyRkhiaGJhbjVmMHQ1bGhhcThSVThXVWNvSWFMeTlaM3JPdXltcS94VXhXZklENHplVkhOSFNQZE9qNEpMY0JZZklIOFN2dStkMFR4UkZZdnkraklBd2sxOFhFeHVLQmEzbkJERExtQzhQUXIxWm55SExtNzhEL1l3NTIiLCJtYWMiOiI5ZDhkZDU2NzE1YWJlY2EyYjM4M2M3YTQzNGI0MTI4YjFkYjY0YjY1ZjNiYjc3NmZkYmIyNDczNGI1MjhjZTMzIiwidGFnIjoiIn0%3D; salem_store_session=eyJpdiI6Im5mdXZsUkkwaUloTVM3aEIyVFhPTHc9PSIsInZhbHVlIjoicUtta0d4MFZ3U1MvcFYwMVplWVRPQU9xbCtlRXFjWlFzQStFVmhuVExSZVJGc0xEZWFJZUZUc3QvNEdvYm5weS9zM1ZjN1N5SkFvb3hNWmUxL1VJQTlOOFlyMmE1ZHhMdlowbDU1RUN1bG5JOGhRZkJzTmg0UFc2SUdOa0hXNUIiLCJtYWMiOiI2MzNkMDdkMDU5ZTMyNDVkNGViOTk1MWI5Y2RhNzRhYTM4ZGM0OGFmN2FiZmQ3OTE0ZDNhMWU4YjA4NTNmYTY0IiwidGFnIjoiIn0%3D"],"priority":["u=2, i"],"accept-language":["en-GB,en-US;q=0.9,en;q=0.8"],"accept-encoding":["gzip, deflate, br, zstd"],"user-agent":["Mozilla\\/5.0 (Windows NT 10.0; Win64; x64) AppleWebKit\\/537.36 (KHTML, like Gecko) Chrome\\/149.0.0.0 Safari\\/537.36"],"referer":["https:\\/\\/salem-store.test\\/"],"sec-fetch-dest":["document"],"sec-fetch-mode":["navigate"],"sec-fetch-site":["none"],"sec-ch-ua-platform":["\\"Windows\\""],"sec-ch-ua-mobile":["?0"],"sec-ch-ua":["\\"Google Chrome\\";v=\\"149\\", \\"Chromium\\";v=\\"149\\", \\"Not)A;Brand\\";v=\\"24\\""],"accept":["text\\/html,application\\/xhtml+xml,application\\/xml;q=0.9,image\\/avif,image\\/webp,image\\/apng,*\\/*;q=0.8,application\\/signed-exchange;v=b3;q=0.7"],"sec-speculation-tags":["null"],"sec-purpose":["prefetch;prerender"],"upgrade-insecure-requests":["1"],"host":["salem-store.test"]}', '', 'Windows', 'Chrome', '127.0.0.1', 'Webkul\\Category\\Models\\Category', 8, NULL, NULL, 1, '2026-06-15 20:02:34', '2026-06-15 20:02:34'), (257, 'GET', '[]', 'https://salem-store.test/anker-power-stations', 'https://salem-store.test/', '[]', 'Mozilla/5.0 (Windows NT 10.0; Win64; x64) AppleWebKit/537.36 (KHTML, like Gecko) Chrome/149.0.0.0 Safari/537.36', '{"cookie":["XSRF-TOKEN=eyJpdiI6Inc0dmVmK1pFZ1NQK1BwOWtVeEttN0E9PSIsInZhbHVlIjoiVm5JZW1sMWgzWk16RGhlR2NNWm9FMFdKZ0Y1ODQvNzc5bmNsTmxteUxxU3RwaFdlUXdjRjBRWVJ3ZkNkMVkyRUtxZVNQTjRzck5rWHNTaHloajZmeHBXL090UEJvVEdkKzR1TWJYd3l2Zmo2alczaGxxVHdTeCt6QlNacnh6Z2YiLCJtYWMiOiJhMGEzNzg1YTUzZGZlMWUxNmNmZmVkODg1NmQ4ZDdlMjM2NDJkMDNlNTg0MmNlM2UyYmM3ZWY4NDE0NWIxNmMyIiwidGFnIjoiIn0%3D; salem_store_session=eyJpdiI6IldaTzAxZVhnQytvVytzZHU3TTIxcVE9PSIsInZhbHVlIjoiYlRpMEw3NTUrT1RSTTU4N3BLOWJFUnFLZDFla3ZiVklCN1piK1IrN05GemJDQ0VkNU1zd3JxVXlyNmpzT0M4aytJWFVzTm92cTZzUnpSL0FjOE15Q0QydGgzb0diWFBOaDcxVGpLeTJPNlpCNDdLVEIvemtJWlU4Z0JzODVldUgiLCJtYWMiOiJhNDkwMTVkOWY3YTBkYTMyNWEwNDY5YTU2OTY0NWFlOWY1YWE5MDJiZWI1ZDRlNjkyMDNmYzQzMzJmZGFjZGUyIiwidGFnIjoiIn0%3D"],"priority":["u=2, i"],"accept-language":["en-GB,en-US;q=0.9,en;q=0.8"],"accept-encoding":["gzip, deflate, br, zstd"],"user-agent":["Mozilla\\/5.0 (Windows NT 10.0; Win64; x64) AppleWebKit\\/537.36 (KHTML, like Gecko) Chrome\\/149.0.0.0 Safari\\/537.36"],"referer":["https:\\/\\/salem-store.test\\/"],"sec-fetch-dest":["document"],"sec-fetch-mode":["navigate"],"sec-fetch-site":["none"],"sec-ch-ua-platform":["\\"Windows\\""],"sec-ch-ua-mobile":["?0"],"sec-ch-ua":["\\"Google Chrome\\";v=\\"149\\", \\"Chromium\\";v=\\"149\\", \\"Not)A;Brand\\";v=\\"24\\""],"accept":["text\\/html,application\\/xhtml+xml,application\\/xml;q=0.9,image\\/avif,image\\/webp,image\\/apng,*\\/*;q=0.8,application\\/signed-exchange;v=b3;q=0.7"],"sec-speculation-tags":["null"],"sec-purpose":["prefetch;prerender"],"upgrade-insecure-requests":["1"],"host":["salem-store.test"]}', '', 'Windows', 'Chrome', '127.0.0.1', 'Webkul\\Category\\Models\\Category', 120, NULL, NULL, 1, '2026-06-15 20:02:46', '2026-06-15 20:02:46'), (258, 'GET', '[]', 'https://salem-store.test/anker-3d-printers', 'https://salem-store.test/', '[]', 'Mozilla/5.0 (Windows NT 10.0; Win64; x64) AppleWebKit/537.36 (KHTML, like Gecko) Chrome/149.0.0.0 Safari/537.36', '{"cookie":["XSRF-TOKEN=eyJpdiI6IllzWUJ6K01GV1FPSll1MEFDM3RPTmc9PSIsInZhbHVlIjoiaHhGbHJMS0c1ZEdHcCt1elBySWFsMDUyU1ZqMlVVdHI0bmFKRzdoYWxYMjVaTEV2T0MxbU9CVHVscnl1WkJlS0tNeDAyTEhjMEFEYVg3MnVtRE1qeHR0VHVVeGZRRHlxZGkzYk9Ra1R2emY1blBHUnpqWlF4Zng1WGNpNXBGSEUiLCJtYWMiOiIxYjljMzM0ZTQyODIzMTliYWUzZDM4ZDY1MTE2NjhhNjgwMzlkYTU1ZjhjZTMzYTAyY2MwOGU3YThiNmU4ZDM3IiwidGFnIjoiIn0%3D; salem_store_session=eyJpdiI6IjJSeUlqYlV0NEh3WkkzaTU4U2MyK1E9PSIsInZhbHVlIjoiWTBrV08yYjZKODcvWmdhYktFOXNmeE5mVnJ6UHlaWW9sYWZsd3VnSUovTlhlUGRlWC84aVV1TzE1OXYxcnQ5dEM2em1oajJodnFEZnJZdUtmaklYT3NtQmZ6bW9ncHpFSVBqUjcyT0Z1ajdrS0FaS3dHa1BsdzZRaDJsbkJiUDkiLCJtYWMiOiI1NjU5OWRhOWM0MDgzZThhMjQ5NTM0NGVjMmMxNTNkMGU1YjIxM2UyMGJkNTAzMTU5ZWFiOWZkNTU5ZmE5ZmQzIiwidGFnIjoiIn0%3D"],"priority":["u=2, i"],"accept-language":["en-GB,en-US;q=0.9,en;q=0.8"],"accept-encoding":["gzip, deflate, br, zstd"],"user-agent":["Mozilla\\/5.0 (Windows NT 10.0; Win64; x64) AppleWebKit\\/537.36 (KHTML, like Gecko) Chrome\\/149.0.0.0 Safari\\/537.36"],"referer":["https:\\/\\/salem-store.test\\/"],"sec-fetch-dest":["document"],"sec-fetch-mode":["navigate"],"sec-fetch-site":["none"],"sec-ch-ua-platform":["\\"Windows\\""],"sec-ch-ua-mobile":["?0"],"sec-ch-ua":["\\"Google Chrome\\";v=\\"149\\", \\"Chromium\\";v=\\"149\\", \\"Not)A;Brand\\";v=\\"24\\""],"accept":["text\\/html,application\\/xhtml+xml,application\\/xml;q=0.9,image\\/avif,image\\/webp,image\\/apng,*\\/*;q=0.8,application\\/signed-exchange;v=b3;q=0.7"],"sec-speculation-tags":["null"],"sec-purpose":["prefetch;prerender"],"upgrade-insecure-requests":["1"],"host":["salem-store.test"]}', '', 'Windows', 'Chrome', '127.0.0.1', 'Webkul\\Category\\Models\\Category', 125, NULL, NULL, 1, '2026-06-15 20:02:49', '2026-06-15 20:02:49'), (259, 'GET', '[]', 'https://salem-store.test/anker-smart-cleaning', 'https://salem-store.test/', '[]', 'Mozilla/5.0 (Windows NT 10.0; Win64; x64) AppleWebKit/537.36 (KHTML, like Gecko) Chrome/149.0.0.0 Safari/537.36', '{"cookie":["XSRF-TOKEN=eyJpdiI6Im8yM01NYUZObU4wS3dMR2FYd0FGZkE9PSIsInZhbHVlIjoiNSt0Nk53bzgyRlVuRnpEVVI2ZEEyK1pYUWFIRnRZRzJvcFV6Rjl6S2ZuOVFEV3ZPWGVQbDNYSTY1eUo2RWMrRW9YZDYyMVlIWWZ1bVRjMHpVSnNwZTlHbXJJRkxUQXlzVEo5ZFdaczk5REZqOFV5dFc3Z1JmM1ZUTjhzNVB5clciLCJtYWMiOiI2NWY2NzNiZGE1ZmVjNDBkZjEyNDU3MjNmYWFjOThlNTc4MGRmODRlN2MzZmQyYzNhYTFmOTJhNjg3MWIyMjE4IiwidGFnIjoiIn0%3D; salem_store_session=eyJpdiI6ImQ2d2RZUkUyZlBMVGdDb2lyUWdkb2c9PSIsInZhbHVlIjoibytiMkxwc3BxeG14M004dVZjd29TYXNuSkd4YmxuTElGOVl5bUk5R05kc3diKzIzdXUxVy9QMXdxRDIzQWRVeGIxdFdSNy9oU0ZGZFpZelJrd3lSdWJyS1FLTHJsYmZsaVNCdmUzUzFRajJ1cFZXTjd2ZVhCZklBdlV5VjJ0Mm4iLCJtYWMiOiJkNTYyZTZmOTZmZGJhNzM1MzcyMTQyMDNmYjU2MzI5MzE0YjhlYzNiNTBkYzVlZWY1NWZiYzFjNWU3ODk1OTY3IiwidGFnIjoiIn0%3D"],"priority":["u=2, i"],"accept-language":["en-GB,en-US;q=0.9,en;q=0.8"],"accept-encoding":["gzip, deflate, br, zstd"],"user-agent":["Mozilla\\/5.0 (Windows NT 10.0; Win64; x64) AppleWebKit\\/537.36 (KHTML, like Gecko) Chrome\\/149.0.0.0 Safari\\/537.36"],"referer":["https:\\/\\/salem-store.test\\/"],"sec-fetch-dest":["document"],"sec-fetch-mode":["navigate"],"sec-fetch-site":["none"],"sec-ch-ua-platform":["\\"Windows\\""],"sec-ch-ua-mobile":["?0"],"sec-ch-ua":["\\"Google Chrome\\";v=\\"149\\", \\"Chromium\\";v=\\"149\\", \\"Not)A;Brand\\";v=\\"24\\""],"accept":["text\\/html,application\\/xhtml+xml,application\\/xml;q=0.9,image\\/avif,image\\/webp,image\\/apng,*\\/*;q=0.8,application\\/signed-exchange;v=b3;q=0.7"],"sec-speculation-tags":["null"],"sec-purpose":["prefetch;prerender"],"upgrade-insecure-requests":["1"],"host":["salem-store.test"]}', '', 'Windows', 'Chrome', '127.0.0.1', 'Webkul\\Category\\Models\\Category', 126, NULL, NULL, 1, '2026-06-15 20:10:10', '2026-06-15 20:10:10'), (260, 'GET', '[]', 'https://salem-store.test/anker-personal-health', 'https://salem-store.test/', '[]', 'Mozilla/5.0 (Windows NT 10.0; Win64; x64) AppleWebKit/537.36 (KHTML, like Gecko) Chrome/149.0.0.0 Safari/537.36', '{"cookie":["XSRF-TOKEN=eyJpdiI6IkRrNzI4QzJ5czVPbjFySEkwa3lsV2c9PSIsInZhbHVlIjoiZXNXY3ZHR25rbXhRc0MvajJMTFZVTDF6aDQ1WnVENVlFZC80TXdXTnF3QXdKNUZxZkNIblUzczFMczhkQ2NBR2NwVWZiL01vRW1RQWJlejllTVpITm9mR2Q3dkswVFpJUXkvQUhIT2tDeFdWWW15Nkw5dDFpZTN4R3loQ1hiSnUiLCJtYWMiOiJkZTliZTgzYWU1MTFmN2Q0NDQ1NjkzMzIwNDFkMmI5N2U2YzQzYzkzZTYyZDY0NTI3ZDBlZjU2MDM3OGQyMGYyIiwidGFnIjoiIn0%3D; salem_store_session=eyJpdiI6InU2ZW5DZHJheUJEQ3hweTJPZkpPUnc9PSIsInZhbHVlIjoibXRESlZBK3BGT0pwOHNwTlpkQm9oT0ppci9qNkg1cERYbkY0TXR1c1hLb3FiNXFsM2xCMm5xeUFzdllmWkt6TEMxUTlLa2JTMVQyQ1JLSSsyVlZ4dmI3NHd3bHQxZjBzdlc2d1FmbnZIK2VoU0NEcWlXVjRkeTFHOEFJMURRWisiLCJtYWMiOiJkNDg1ZmJiZjBiMDQ0N2QxY2ZkODdiODdiN2MwZGRiZDE4ZmEyOTE0YmJlNzg5NGJhNWVmMWRiZjYyZTMwNzBhIiwidGFnIjoiIn0%3D"],"priority":["u=2, i"],"accept-language":["en-GB,en-US;q=0.9,en;q=0.8"],"accept-encoding":["gzip, deflate, br, zstd"],"user-agent":["Mozilla\\/5.0 (Windows NT 10.0; Win64; x64) AppleWebKit\\/537.36 (KHTML, like Gecko) Chrome\\/149.0.0.0 Safari\\/537.36"],"referer":["https:\\/\\/salem-store.test\\/"],"sec-fetch-dest":["document"],"sec-fetch-mode":["navigate"],"sec-fetch-site":["none"],"sec-ch-ua-platform":["\\"Windows\\""],"sec-ch-ua-mobile":["?0"],"sec-ch-ua":["\\"Google Chrome\\";v=\\"149\\", \\"Chromium\\";v=\\"149\\", \\"Not)A;Brand\\";v=\\"24\\""],"accept":["text\\/html,application\\/xhtml+xml,application\\/xml;q=0.9,image\\/avif,image\\/webp,image\\/apng,*\\/*;q=0.8,application\\/signed-exchange;v=b3;q=0.7"],"sec-speculation-tags":["null"],"sec-purpose":["prefetch;prerender"],"upgrade-insecure-requests":["1"],"host":["salem-store.test"]}', '', 'Windows', 'Chrome', '127.0.0.1', 'Webkul\\Category\\Models\\Category', 128, NULL, NULL, 1, '2026-06-15 20:10:30', '2026-06-15 20:10:30'), (261, 'GET', '[]', 'https://salem-store.test/%D8%A7%D9%84%D9%87%D9%88%D8%A7%D8%AA%D9%81-%D8%A7%D9%84%D8%B0%D9%83%D9%8A%D8%A9', 'https://salem-store.test/search?sort=name-desc', '[]', 'Mozilla/5.0 (Windows NT 10.0; Win64; x64) AppleWebKit/537.36 (KHTML, like Gecko) Chrome/149.0.0.0 Safari/537.36', '{"cookie":["XSRF-TOKEN=eyJpdiI6IkdUbmJVZnliZzU5aEZNZktlZmFBMEE9PSIsInZhbHVlIjoidGRHRVdmb0hZSFJZQUlnVllQa1FNVjlWczhCbzF5Q1p6NS9hTnoraitkK2svbmE1a1p1ekFOczh0YmsxcUlpeUcxVHFoVmpJOEh0NFNGeE5oaWNvQU9aY1FrRUl3M0pZNzdVMktienZrQXlVQmFib3VTeHdTMDc1N3hEeWY2RXAiLCJtYWMiOiI1NmI0YmE1OTIzY2NiYzFmNGY1NTIxOTMzNWY0N2UzNmM2M2FkZjI4MjQxZTQ5ODc1ZmUwZjQwNDNiOGNiYjcwIiwidGFnIjoiIn0%3D; salem_store_session=eyJpdiI6IjRDR0VmVUY0NlBGeUxUenRnakVCaXc9PSIsInZhbHVlIjoiR0JmT0ZHWmY2d0pKdHZoVUYrY3pBQ0kxaFcvajVIZ1JlSjVtT1licytuTlRSUTNTQVVHWjdJcG5OelJQYWJsL0xoNnhYayt1dCszNjh2ampYRjJDVDF1bDNTc3MvVncwcVhtV3h0c2ZVUm50WmFMSkF3ZDdiS09ZeTB5UGtlZlkiLCJtYWMiOiIxYjU4MGMwYjg3YjVhNTQxNGMzMzFhY2ZiOTAxNDYwZWRlNTZlNmQ1ODMzYzAyNjQwOTZlNWE3NzdjZTgxYTg4IiwidGFnIjoiIn0%3D"],"priority":["u=2, i"],"accept-language":["en-GB,en-US;q=0.9,en;q=0.8"],"accept-encoding":["gzip, deflate, br, zstd"],"user-agent":["Mozilla\\/5.0 (Windows NT 10.0; Win64; x64) AppleWebKit\\/537.36 (KHTML, like Gecko) Chrome\\/149.0.0.0 Safari\\/537.36"],"referer":["https:\\/\\/salem-store.test\\/search?sort=name-desc"],"sec-fetch-dest":["document"],"sec-fetch-mode":["navigate"],"sec-fetch-site":["none"],"sec-ch-ua-platform":["\\"Windows\\""],"sec-ch-ua-mobile":["?0"],"sec-ch-ua":["\\"Google Chrome\\";v=\\"149\\", \\"Chromium\\";v=\\"149\\", \\"Not)A;Brand\\";v=\\"24\\""],"accept":["text\\/html,application\\/xhtml+xml,application\\/xml;q=0.9,image\\/avif,image\\/webp,image\\/apng,*\\/*;q=0.8,application\\/signed-exchange;v=b3;q=0.7"],"sec-speculation-tags":["null"],"sec-purpose":["prefetch;prerender"],"upgrade-insecure-requests":["1"],"host":["salem-store.test"]}', '', 'Windows', 'Chrome', '127.0.0.1', 'Webkul\\Category\\Models\\Category', 3, NULL, NULL, 1, '2026-06-15 21:06:59', '2026-06-15 21:06:59'), (262, 'GET', '[]', 'https://salem-store.test/%D8%A7%D9%84%D9%87%D9%88%D8%A7%D8%AA%D9%81-%D8%A7%D9%84%D8%A7%D8%B3%D8%A7%D8%B3%D9%8A%D8%A9', 'https://salem-store.test/%D8%A7%D9%84%D9%87%D9%88%D8%A7%D8%AA%D9%81-%D8%A7%D9%84%D8%B0%D9%83%D9%8A%D8%A9', '[]', 'Mozilla/5.0 (Windows NT 10.0; Win64; x64) AppleWebKit/537.36 (KHTML, like Gecko) Chrome/149.0.0.0 Safari/537.36', '{"cookie":["XSRF-TOKEN=eyJpdiI6IkFuZGNlL3Fra2V3RFN6N3QzVlAvMmc9PSIsInZhbHVlIjoiT0piNE93eFoyRlVRVXAvdzdlRnRaZW1XSFY1aFFhcElYcEhPUEt6UXBFRE5zUXF1N3Fmbk5aMHhWN3VjbTF0ZEVBbkw5MU1qaXBzVmJwN2hJM3JoRm1SSWlVbnU4dVZYT2tiR3lKT3gzRkdpaEVTcE95REdGMUg5VXZiRjgxeEUiLCJtYWMiOiI3YzVlOTg4YWMxMTE4Mjc3YzMyZDJiNzg0NGU4OGQ5ODRlOTVhYTFkZDc0ODY3ZjkwYTAzN2VkMGRhNDE3Mjc0IiwidGFnIjoiIn0%3D; salem_store_session=eyJpdiI6IjR2RTdXL3Qzd0VQemh4dVQ3R0FIS1E9PSIsInZhbHVlIjoiOThjWVBKVzkvUkxreFd2R1gzdnY4ckJNWmswL284T08yR3V0WnY4dm94V1NjdjgzVHlTMmpXT0FUcWgwTGptWTJHQlNxT1N0aytMeGhRZkxuWXJHSUo2ZzIzT1kzWDBtVXRVemphQUt4NkFySTh4ODA2WEIrY3htNTd5SzFSa1AiLCJtYWMiOiJjODY4ZWE0MGU3Mzk3YmI2MTdiMGQwMTEyYzMwN2MyMDk4YTI1ZDA5MjJmYmJlZjk2MWYxM2E5MTMxNzI0MGQzIiwidGFnIjoiIn0%3D"],"priority":["u=2, i"],"accept-language":["en-GB,en-US;q=0.9,en;q=0.8"],"accept-encoding":["gzip, deflate, br, zstd"],"user-agent":["Mozilla\\/5.0 (Windows NT 10.0; Win64; x64) AppleWebKit\\/537.36 (KHTML, like Gecko) Chrome\\/149.0.0.0 Safari\\/537.36"],"referer":["https:\\/\\/salem-store.test\\/%D8%A7%D9%84%D9%87%D9%88%D8%A7%D8%AA%D9%81-%D8%A7%D9%84%D8%B0%D9%83%D9%8A%D8%A9"],"sec-fetch-dest":["document"],"sec-fetch-mode":["navigate"],"sec-fetch-site":["none"],"sec-ch-ua-platform":["\\"Windows\\""],"sec-ch-ua-mobile":["?0"],"sec-ch-ua":["\\"Google Chrome\\";v=\\"149\\", \\"Chromium\\";v=\\"149\\", \\"Not)A;Brand\\";v=\\"24\\""],"accept":["text\\/html,application\\/xhtml+xml,application\\/xml;q=0.9,image\\/avif,image\\/webp,image\\/apng,*\\/*;q=0.8,application\\/signed-exchange;v=b3;q=0.7"],"sec-speculation-tags":["null"],"sec-purpose":["prefetch;prerender"],"upgrade-insecure-requests":["1"],"host":["salem-store.test"]}', '', 'Windows', 'Chrome', '127.0.0.1', 'Webkul\\Category\\Models\\Category', 4, NULL, NULL, 1, '2026-06-15 21:07:02', '2026-06-15 21:07:02'), (263, 'GET', '[]', 'https://salem-store.test/%D9%84%D9%88%D8%AD%D8%A7%D8%AA-%D8%A7%D9%84%D9%85%D9%81%D8%A7%D8%AA%D9%8A%D8%AD', 'https://salem-store.test/', '[]', 'Mozilla/5.0 (Windows NT 10.0; Win64; x64) AppleWebKit/537.36 (KHTML, like Gecko) Chrome/149.0.0.0 Safari/537.36', '{"cookie":["XSRF-TOKEN=eyJpdiI6IldKRCtxczhDYkJycDhBSTljaVFDWGc9PSIsInZhbHVlIjoicGoxcnFRWjNUZEhlTDREaTBYSFBWVkpkVGEzK1ZMWjlrVkczU3pWZ2s1MmViSVFnZUprSkJDb0VINnNXUjF6L0JPTnlNQmdhaGR2ci9VUlpNQkxGY01vcDJkZ25JRndpa0VQeUcrYjMyMFVUWWMySmRqRm1sNHd5cTJjWTZEM0ciLCJtYWMiOiI4NTgyYzkxMTIxZWFiNmUwYjg5ZmRhMDk2M2NmZGI1Mzg2ZDg1ZDAyMzIyOGU0YzVjNTM1ZDZiZmNkZjliYTBiIiwidGFnIjoiIn0%3D; salem_store_session=eyJpdiI6Imwva0ZCRkhxMWdNRXhyU1JxeWVHOXc9PSIsInZhbHVlIjoiQ1ZMRlJHWkRyZGpIMFBrd0pMVk50SXBCYkJ1b3RBaTdDQmFmVkNxVXRPYUJrRHkya2tNZW5xaEVCNkQvU29RbWlwbnVNM3d6cUNFVzlEby9yN0tTeDZxV3p0bE1jVitCYndxZkk2SHRSa2VtY056SUM4YUkxUnhIanhmZWNjUS8iLCJtYWMiOiIxZTI5Mzg4Y2FhODQyMjc2NzgwZTY4MjBkYWIxZTA0ZDQ5YTE1OGQ5N2EyNGEyNjVhM2U2YTgxMTA0MjNjZjBjIiwidGFnIjoiIn0%3D"],"priority":["u=2, i"],"accept-language":["en-GB,en-US;q=0.9,en;q=0.8"],"accept-encoding":["gzip, deflate, br, zstd"],"user-agent":["Mozilla\\/5.0 (Windows NT 10.0; Win64; x64) AppleWebKit\\/537.36 (KHTML, like Gecko) Chrome\\/149.0.0.0 Safari\\/537.36"],"referer":["https:\\/\\/salem-store.test\\/"],"sec-fetch-dest":["document"],"sec-fetch-mode":["navigate"],"sec-fetch-site":["none"],"sec-ch-ua-platform":["\\"Windows\\""],"sec-ch-ua-mobile":["?0"],"sec-ch-ua":["\\"Google Chrome\\";v=\\"149\\", \\"Chromium\\";v=\\"149\\", \\"Not)A;Brand\\";v=\\"24\\""],"accept":["text\\/html,application\\/xhtml+xml,application\\/xml;q=0.9,image\\/avif,image\\/webp,image\\/apng,*\\/*;q=0.8,application\\/signed-exchange;v=b3;q=0.7"],"sec-speculation-tags":["null"],"sec-purpose":["prefetch;prerender"],"upgrade-insecure-requests":["1"],"host":["salem-store.test"]}', '', 'Windows', 'Chrome', '127.0.0.1', 'Webkul\\Category\\Models\\Category', 23, NULL, NULL, 1, '2026-06-15 21:07:42', '2026-06-15 21:07:42'), (264, 'GET', '[]', 'https://salem-store.test/%D8%A7%D8%AC%D9%87%D8%B2%D8%A9-%D8%A7%D9%84%D9%83%D9%85%D8%A8%D9%8A%D9%88%D8%AA%D8%B1', 'https://salem-store.test/', '[]', 'Mozilla/5.0 (Windows NT 10.0; Win64; x64) AppleWebKit/537.36 (KHTML, like Gecko) Chrome/149.0.0.0 Safari/537.36', '{"priority":["u=2, i"],"accept-language":["en-GB,en-US;q=0.9,en;q=0.8"],"accept-encoding":["gzip, deflate, br, zstd"],"user-agent":["Mozilla\\/5.0 (Windows NT 10.0; Win64; x64) AppleWebKit\\/537.36 (KHTML, like Gecko) Chrome\\/149.0.0.0 Safari\\/537.36"],"referer":["https:\\/\\/salem-store.test\\/"],"sec-fetch-dest":["document"],"sec-fetch-mode":["navigate"],"sec-fetch-site":["none"],"sec-ch-ua-platform":["\\"Windows\\""],"sec-ch-ua-mobile":["?0"],"sec-ch-ua":["\\"Google Chrome\\";v=\\"149\\", \\"Chromium\\";v=\\"149\\", \\"Not)A;Brand\\";v=\\"24\\""],"accept":["text\\/html,application\\/xhtml+xml,application\\/xml;q=0.9,image\\/avif,image\\/webp,image\\/apng,*\\/*;q=0.8,application\\/signed-exchange;v=b3;q=0.7"],"sec-speculation-tags":["null"],"sec-purpose":["prefetch;prerender"],"upgrade-insecure-requests":["1"],"host":["salem-store.test"]}', '', 'Windows', 'Chrome', '127.0.0.1', 'Webkul\\Category\\Models\\Category', 9, NULL, NULL, 1, '2026-06-16 00:07:55', '2026-06-16 00:07:55'), (265, 'GET', '[]', 'https://salem-store.test/%D8%A7%D9%84%D9%84%D8%A7%D8%A8%D8%AA%D9%88%D8%A8', 'https://salem-store.test/', '[]', 'Mozilla/5.0 (Windows NT 10.0; Win64; x64) AppleWebKit/537.36 (KHTML, like Gecko) Chrome/149.0.0.0 Safari/537.36', '{"cookie":["XSRF-TOKEN=eyJpdiI6IkJDTlJVYmlENmxFenpNTGNoZUdtbmc9PSIsInZhbHVlIjoiSjRybzhYWTBCcjRaRGxrcmUvQjRYZzNYSmpzZ0dYdVNXa2VyZEw2VWpNd2xuRkx1NnlCTjFvcm5RbnlUSnVWMzBQbTJVc3V0VHpuZ1g4N3VITmN4NDEyUmR1RnpTamJ0RlQrTGszaWQvdVZ2blBCMmhDV2R4MVpidWFpVlZsb00iLCJtYWMiOiJlZjkwMmQ1ZTAxZjQ2YzdkZmZlZjBlMWI4OTIzMjc1MTNjNDczMDkxN2NmNThmZDU4NDk4YjZhODQ0NzI4ZWEyIiwidGFnIjoiIn0%3D; salem_store_session=eyJpdiI6IkVYQm12MWgwV3ExYnBJUDl6UmxSbnc9PSIsInZhbHVlIjoidkxOSXhJbW11VFBvbjdEeG5Gem5rQStPQkxOSElzNlBUN08zYnRibTQwVkpOdHBiOGRnUXNIZWN4SGVOT01nLzQrOGVnNVQxWEFPNkc3RUlQOXRTRkljQWJ5WWhiNzk3a0dhZVUwd1JTV3RySUVSU2RkdVVEd3c1ZmpZL3M5NUEiLCJtYWMiOiJlYzYwMmQ2NjQzNjc0YzkzOWM5NGM0NDBlZDFkNDQ0NWE0MmRlMzY5OWY0ZjEzNjdlZTM2YmJhNTIyZTYwNDAzIiwidGFnIjoiIn0%3D"],"priority":["u=2, i"],"accept-language":["en-GB,en-US;q=0.9,en;q=0.8"],"accept-encoding":["gzip, deflate, br, zstd"],"user-agent":["Mozilla\\/5.0 (Windows NT 10.0; Win64; x64) AppleWebKit\\/537.36 (KHTML, like Gecko) Chrome\\/149.0.0.0 Safari\\/537.36"],"referer":["https:\\/\\/salem-store.test\\/"],"sec-fetch-dest":["document"],"sec-fetch-mode":["navigate"],"sec-fetch-site":["none"],"sec-ch-ua-platform":["\\"Windows\\""],"sec-ch-ua-mobile":["?0"],"sec-ch-ua":["\\"Google Chrome\\";v=\\"149\\", \\"Chromium\\";v=\\"149\\", \\"Not)A;Brand\\";v=\\"24\\""],"accept":["text\\/html,application\\/xhtml+xml,application\\/xml;q=0.9,image\\/avif,image\\/webp,image\\/apng,*\\/*;q=0.8,application\\/signed-exchange;v=b3;q=0.7"],"sec-speculation-tags":["null"],"sec-purpose":["prefetch;prerender"],"upgrade-insecure-requests":["1"],"host":["salem-store.test"]}', '', 'Windows', 'Chrome', '127.0.0.1', 'Webkul\\Category\\Models\\Category', 15, NULL, NULL, 1, '2026-06-16 00:07:55', '2026-06-16 00:07:55'), (266, 'GET', '[]', 'https://salem-store.test/%D8%A7%D9%83%D8%B3%D8%B3%D9%88%D8%A7%D8%B1%D8%A7%D8%AA', 'https://salem-store.test/', '[]', 'Mozilla/5.0 (Windows NT 10.0; Win64; x64) AppleWebKit/537.36 (KHTML, like Gecko) Chrome/149.0.0.0 Safari/537.36', '{"cookie":["XSRF-TOKEN=eyJpdiI6IkwzbENNVVdZVGRCcTZpdU8rejNGTXc9PSIsInZhbHVlIjoiVU03T3ZKOTZCT1RkWXlGMVF6T2tvTW9nT0lyRENUK3pVMy80R0h1bFZsc204dFNPUWM2c0k2Y2hLQmRHdTJqMkNlcTJ3K1JwVGhMcHFacThxbEoyTkJrczRwR3lVUGxBWnE5VjdyZ0JKQTI3U1Rub2IzMmxmTzAvR3RsM3RYSmMiLCJtYWMiOiJmNjQwNDZmMGYxNWQ0YmJhYWI1NGEyZTk2YjM3NjgwM2UzNjY5ZWRlM2I3ZTdiODQ5ZWUwYTNiZGI4YTFhYjM3IiwidGFnIjoiIn0%3D; salem_store_session=eyJpdiI6Ii9DenZ0SGt6TXUzeWVvL290UndkUmc9PSIsInZhbHVlIjoiNmxQcFhNV3pDbXNaVVVIUHpZbWxkQTBtZ3NIYWd5Z3JvM2FsbWNwYjJrcG9PSUFaeWlCeGgxbFl3U1I5OUlzU1VNbXc0emI5QkRaVFBSekNzQnVqbGpXdG9haGZHUXN5WHQxMjNZZlRldU1hUUR0UERPYmVPVzVNRjNTRlp5VGsiLCJtYWMiOiIwYThhNjVkZmQ0MDRjYTcwNjg4OGZhODJlMTMxZTAzZGE1YjVlNGQyMTdlMzg1MzFkY2FhMjQyYTE4M2M3Y2Y2IiwidGFnIjoiIn0%3D"],"priority":["u=2, i"],"accept-language":["en-GB,en-US;q=0.9,en;q=0.8"],"accept-encoding":["gzip, deflate, br, zstd"],"user-agent":["Mozilla\\/5.0 (Windows NT 10.0; Win64; x64) AppleWebKit\\/537.36 (KHTML, like Gecko) Chrome\\/149.0.0.0 Safari\\/537.36"],"referer":["https:\\/\\/salem-store.test\\/"],"sec-fetch-dest":["document"],"sec-fetch-mode":["navigate"],"sec-fetch-site":["none"],"sec-ch-ua-platform":["\\"Windows\\""],"sec-ch-ua-mobile":["?0"],"sec-ch-ua":["\\"Google Chrome\\";v=\\"149\\", \\"Chromium\\";v=\\"149\\", \\"Not)A;Brand\\";v=\\"24\\""],"accept":["text\\/html,application\\/xhtml+xml,application\\/xml;q=0.9,image\\/avif,image\\/webp,image\\/apng,*\\/*;q=0.8,application\\/signed-exchange;v=b3;q=0.7"],"sec-speculation-tags":["null"],"sec-purpose":["prefetch;prerender"],"upgrade-insecure-requests":["1"],"host":["salem-store.test"]}', '', 'Windows', 'Chrome', '127.0.0.1', 'Webkul\\Category\\Models\\Category', 22, NULL, NULL, 1, '2026-06-16 00:07:56', '2026-06-16 00:07:56'), (267, 'GET', '[]', 'https://salem-store.test/wearables', 'https://salem-store.test/', '[]', 'Mozilla/5.0 (Windows NT 10.0; Win64; x64) AppleWebKit/537.36 (KHTML, like Gecko) Chrome/149.0.0.0 Safari/537.36', '{"cookie":["XSRF-TOKEN=eyJpdiI6InJVM0hCWU5nT2pSeTRpL0QxK1VCZkE9PSIsInZhbHVlIjoiQUNFSGFLZ1FYZ2pTd0NZck1OZ0pBUkVuZ1lpZEtzWHFsODNZK0JHcis2UWwrTnBsajdIWWVsWlRKajVlalE3am5XVnc0KzZjTmZMWFE3OWIybXN6VGlyVXE5L1d0SFY1Rno1MWJHTmtFVU9GNi84VHhuZy9hYzlNeldFQWhiTFkiLCJtYWMiOiI5NGIwM2NhOGM1M2NjNmVjOWI4ZWYxZDcyYTcwYjRkMjZlNGQ3YmRlZDljYWI0MmE3NGM5YzY0YWY0YzFhOGQzIiwidGFnIjoiIn0%3D; salem_store_session=eyJpdiI6Iit1OXlaMlVFNnd3SHJrd3VZaU00Y1E9PSIsInZhbHVlIjoiZk1aTUlSSTVkRVpMUUVTcU96Z1g3ajRFME1jTWdFZStHRkl2RENqWXlhQjVtcnlIU3R1YnlhWmZlVWxQUE5wMmFxM3hjZzZ4Q1QwSmczZk5QQlh0WEJTS3ZDc2ZoUVFpb1J4dkNPOXlsTXJ0WEdkN2N5dGVCQ0l5cy8xdXpVVU4iLCJtYWMiOiJiZDAyOTYzMjYyZmVhZGU0YmZjOTViZDA0NWEwYWMzNzI2YmI5OTkwNTIwZDhiNzAzN2E3MDUyNGI0MWVhNDBmIiwidGFnIjoiIn0%3D"],"priority":["u=2, i"],"accept-language":["en-GB,en-US;q=0.9,en;q=0.8"],"accept-encoding":["gzip, deflate, br, zstd"],"user-agent":["Mozilla\\/5.0 (Windows NT 10.0; Win64; x64) AppleWebKit\\/537.36 (KHTML, like Gecko) Chrome\\/149.0.0.0 Safari\\/537.36"],"referer":["https:\\/\\/salem-store.test\\/"],"sec-fetch-dest":["document"],"sec-fetch-mode":["navigate"],"sec-fetch-site":["none"],"sec-ch-ua-platform":["\\"Windows\\""],"sec-ch-ua-mobile":["?0"],"sec-ch-ua":["\\"Google Chrome\\";v=\\"149\\", \\"Chromium\\";v=\\"149\\", \\"Not)A;Brand\\";v=\\"24\\""],"accept":["text\\/html,application\\/xhtml+xml,application\\/xml;q=0.9,image\\/avif,image\\/webp,image\\/apng,*\\/*;q=0.8,application\\/signed-exchange;v=b3;q=0.7"],"sec-speculation-tags":["null"],"sec-purpose":["prefetch;prerender"],"upgrade-insecure-requests":["1"],"host":["salem-store.test"]}', '', 'Windows', 'Chrome', '127.0.0.1', 'Webkul\\Category\\Models\\Category', 135, NULL, NULL, 1, '2026-06-16 00:08:45', '2026-06-16 00:08:45'), (268, 'GET', '[]', 'https://salem-store.test/anker-power-stations', 'https://salem-store.test/', '[]', 'Mozilla/5.0 (Windows NT 10.0; Win64; x64) AppleWebKit/537.36 (KHTML, like Gecko) Chrome/149.0.0.0 Safari/537.36', '{"cookie":["XSRF-TOKEN=eyJpdiI6IllsV2RJUmVpaG5xSFJrRHR4Y2plTWc9PSIsInZhbHVlIjoiOEcxSzRlOHVzTEhIVWZGVzhHT01aMjdlZktQZnhkaXNVL05GakIzbEdhbXYyTktxSDQ0a1ZndEs1TUxUUGJha1ZLZEduUHVzK3Zoc09PaWtjbGV0QXI2TWVWVDhLZVNUamI4TG51UEs2Q2Y4RTh1emRHdlRRbVFvM09YQW1HN1QiLCJtYWMiOiI0OGM5YTdmZmI0MTIxNjZmN2ZiZmUyMGQxMzljM2MzMWRjMjQ1ZjBlNzE2NTgzMDQwNDMyYTEzYzk1MGU1NzVlIiwidGFnIjoiIn0%3D; salem_store_session=eyJpdiI6IkludXFMRVQ5eVdqeEp1Z0c1dnlaS3c9PSIsInZhbHVlIjoidFRBTDhuM05HQTlFalhmQnovbm4xcVFtTGNUZjRPelI1ZkRBRndkeXlPRmRWcS9xTHRYQkRBQXkzZjJsakVZdllieVRnTEVONkd2N1FpWU5tcU1WYVpBSTFEVmdieGZnWkZ3TWhyMDBvSFhtanpXWFFXL1E1RkhNaFdDQTQrR1ciLCJtYWMiOiIzM2MzNjJlYjE4NjM1YzlkOWNiNTU4NTFjYzczOWY0MzJiZWY1NzZkM2Y5MjRiNzkzMGFmMzM3OWJkMThiNGIyIiwidGFnIjoiIn0%3D"],"priority":["u=2, i"],"accept-language":["en-GB,en-US;q=0.9,en;q=0.8"],"accept-encoding":["gzip, deflate, br, zstd"],"user-agent":["Mozilla\\/5.0 (Windows NT 10.0; Win64; x64) AppleWebKit\\/537.36 (KHTML, like Gecko) Chrome\\/149.0.0.0 Safari\\/537.36"],"referer":["https:\\/\\/salem-store.test\\/"],"sec-fetch-dest":["document"],"sec-fetch-mode":["navigate"],"sec-fetch-site":["none"],"sec-ch-ua-platform":["\\"Windows\\""],"sec-ch-ua-mobile":["?0"],"sec-ch-ua":["\\"Google Chrome\\";v=\\"149\\", \\"Chromium\\";v=\\"149\\", \\"Not)A;Brand\\";v=\\"24\\""],"accept":["text\\/html,application\\/xhtml+xml,application\\/xml;q=0.9,image\\/avif,image\\/webp,image\\/apng,*\\/*;q=0.8,application\\/signed-exchange;v=b3;q=0.7"],"sec-speculation-tags":["null"],"sec-purpose":["prefetch;prerender"],"upgrade-insecure-requests":["1"],"host":["salem-store.test"]}', '', 'Windows', 'Chrome', '127.0.0.1', 'Webkul\\Category\\Models\\Category', 120, NULL, NULL, 1, '2026-06-16 00:09:50', '2026-06-16 00:09:50'), (269, 'GET', '[]', 'https://salem-store.test/anker-nebula', 'https://salem-store.test/', '[]', 'Mozilla/5.0 (Windows NT 10.0; Win64; x64) AppleWebKit/537.36 (KHTML, like Gecko) Chrome/149.0.0.0 Safari/537.36', '{"cookie":["XSRF-TOKEN=eyJpdiI6Ikx0R01rUnA5bHR4LzZiejNpMElBRmc9PSIsInZhbHVlIjoiaDMxS3dvNzVDcVorSW5CMVRFeU51MHQ0cFdDOXdleTIvblJCYnRQa0lQRGhwWVQwNHNxQUthejZ6VFljMkk1dG5SOENGSXhybTl1akszQ3JQclRNQkRNbGhZNE1FMWNYQi9DMTFuQ0VZRlV1SnNBU28veWVmNnBxWjdIcWRDVkciLCJtYWMiOiI3N2Y4YTg3NzNhMDVjYmNkNzZiYzk0MjEzNmY2NzJjNTI1ZmI2N2Y0ZjBhN2MzOGY4YTkxMzFjNDc1ODI4YzJhIiwidGFnIjoiIn0%3D; salem_store_session=eyJpdiI6IjVQQ3VCMDlMRWhIdWdJVE10eEtnMEE9PSIsInZhbHVlIjoiREdpRytjOHptT1ZkS01oU21UaE9nVmw4d0xiVUVvSDBkdnB0T3FmWlF0WFhTb2RYb0d1OW5jM01FSnFKcWp1dnE3Ym9pMHdQVytmUGZBYUN1SHllMm5MeE1oQndSTWFzM0h2MFUvVmQydVZVWnF0TzdId2RWNGN3cHhyZm9lcHQiLCJtYWMiOiI5MGU3NWEzZTdhMmExN2ZjYWRkMjhlMDRmMjVmMWE3ZDMwMDY5YWU1ZWFiOTJhMzI0MDgzZTExYTQxMzY3MDgyIiwidGFnIjoiIn0%3D"],"priority":["u=2, i"],"accept-language":["en-GB,en-US;q=0.9,en;q=0.8"],"accept-encoding":["gzip, deflate, br, zstd"],"user-agent":["Mozilla\\/5.0 (Windows NT 10.0; Win64; x64) AppleWebKit\\/537.36 (KHTML, like Gecko) Chrome\\/149.0.0.0 Safari\\/537.36"],"referer":["https:\\/\\/salem-store.test\\/"],"sec-fetch-dest":["document"],"sec-fetch-mode":["navigate"],"sec-fetch-site":["none"],"sec-ch-ua-platform":["\\"Windows\\""],"sec-ch-ua-mobile":["?0"],"sec-ch-ua":["\\"Google Chrome\\";v=\\"149\\", \\"Chromium\\";v=\\"149\\", \\"Not)A;Brand\\";v=\\"24\\""],"accept":["text\\/html,application\\/xhtml+xml,application\\/xml;q=0.9,image\\/avif,image\\/webp,image\\/apng,*\\/*;q=0.8,application\\/signed-exchange;v=b3;q=0.7"],"sec-speculation-tags":["null"],"sec-purpose":["prefetch;prerender"],"upgrade-insecure-requests":["1"],"host":["salem-store.test"]}', '', 'Windows', 'Chrome', '127.0.0.1', 'Webkul\\Category\\Models\\Category', 124, NULL, NULL, 1, '2026-06-16 00:09:52', '2026-06-16 00:09:52'), (270, 'GET', '[]', 'https://salem-store.test/joyroom-wearables', 'https://salem-store.test/', '[]', 'Mozilla/5.0 (Windows NT 10.0; Win64; x64) AppleWebKit/537.36 (KHTML, like Gecko) Chrome/149.0.0.0 Safari/537.36', '{"cookie":["XSRF-TOKEN=eyJpdiI6ImwwSGhOUXVibUJBd1NpNXJzZXEvcmc9PSIsInZhbHVlIjoiU1pQZmxNc0NwOUQzUVlqM1FnWWJMRkhwWXo3dHhRVjd2MmZjV1g5ZlBSQy9tU2ZONnJNbWUvNjdKN2hOYVU5amROUWcvdHhYMEdYWmFXeThXWjVxTVZmTWZkdXZnVndURHhrOWV0eG1qSVhkSFUzSzMrQXkxclVBMFF3ZXlSelAiLCJtYWMiOiI3N2MyNWNhZTliM2RkZTY3YmQ1ZDA4NjNhNjViNDgyZDU1ZDc1MTFlMzY2MjU2OWEzNDRhZjk3NGM3MGMyN2FlIiwidGFnIjoiIn0%3D; salem_store_session=eyJpdiI6IkVEMWZlNFZsMzk3Q0M4WGl6dkYvY1E9PSIsInZhbHVlIjoiQk5jb3o0b3JZMERlbmRnNlo4VXlDeVEyTjNybktxREpLeW9yanVGZElsSWE5VUlwbEV6QyswL2FNajZUcWh4dU5xanZkeG0xdlRlUXJPMVRSOHVlZVVCaHhVSE9hRUQ5WWUza2ZTakhQSTZiOVlXSHV1Zk9KSlhFRy96aGZLdnciLCJtYWMiOiIxMTdlYjkzMjBhNTNhNWRkOTQ0NTYzZmFlZDBmYmM1ZTM2Mjc0YWE0MmNhY2Y2NDUwNmJmNTg5Mjg0MjlmNDkzIiwidGFnIjoiIn0%3D"],"priority":["u=2, i"],"accept-language":["en-GB,en-US;q=0.9,en;q=0.8"],"accept-encoding":["gzip, deflate, br, zstd"],"user-agent":["Mozilla\\/5.0 (Windows NT 10.0; Win64; x64) AppleWebKit\\/537.36 (KHTML, like Gecko) Chrome\\/149.0.0.0 Safari\\/537.36"],"referer":["https:\\/\\/salem-store.test\\/"],"sec-fetch-dest":["document"],"sec-fetch-mode":["navigate"],"sec-fetch-site":["none"],"sec-ch-ua-platform":["\\"Windows\\""],"sec-ch-ua-mobile":["?0"],"sec-ch-ua":["\\"Google Chrome\\";v=\\"149\\", \\"Chromium\\";v=\\"149\\", \\"Not)A;Brand\\";v=\\"24\\""],"accept":["text\\/html,application\\/xhtml+xml,application\\/xml;q=0.9,image\\/avif,image\\/webp,image\\/apng,*\\/*;q=0.8,application\\/signed-exchange;v=b3;q=0.7"],"sec-speculation-tags":["null"],"sec-purpose":["prefetch;prerender"],"upgrade-insecure-requests":["1"],"host":["salem-store.test"]}', '', 'Windows', 'Chrome', '127.0.0.1', 'Webkul\\Category\\Models\\Category', 150, NULL, NULL, 1, '2026-06-16 00:10:03', '2026-06-16 00:10:03'), (271, 'GET', '[]', 'https://salem-store.test/joyroom-charging', 'https://salem-store.test/', '[]', 'Mozilla/5.0 (Windows NT 10.0; Win64; x64) AppleWebKit/537.36 (KHTML, like Gecko) Chrome/149.0.0.0 Safari/537.36', '{"cookie":["XSRF-TOKEN=eyJpdiI6ImFPaUtRKytkNGxCS2k0TE9wTFlYd1E9PSIsInZhbHVlIjoiWVFrNE4ybmV6L0s4UFgyTWo3RkJ6dkxXQUJkcHFuMVhsZUJMSGQrUUo0ZDdGcEdmQVVsNTVSU3lNOSs0KzhYalE3KzZsTDlYZ0toaTkyS29TWE5WSVZMdTlUb1RTWFQwNTh5VkJSZjNPc2FFcUdXUXNCNERXTmo5ZWZacjZZQmIiLCJtYWMiOiI5YzYxZjI3YjViNjUzYTc2ZjI0OWNlNTcxZTE1ODMyOGRhZjdiYzZhNTdhOWZhZmY1NzIzMThhMWM4NWQ1YTEyIiwidGFnIjoiIn0%3D; salem_store_session=eyJpdiI6InhpYVljYmNaK1ZEVkMwNFR4WStsUWc9PSIsInZhbHVlIjoiQmNFd0R2TUhLUVVGYVczN3lHZzF5MlRQb2xJd0lxOVFsT0hBK2RDVVE0cy9vZjVKM21KbWVySE5DcHpnYUxNTUZXZ2pQeEZ4aVNjTnNsM2hlUXV3blFneDhMcnQrRVBaOUx2YTR5bzI5c2pvMllaVXJnMlphaVdGOS9lOGpBRlMiLCJtYWMiOiI3YTQ4NjBlYzhiY2M4M2I1OTViYzFjYzRmMjAxZjMwMmQ5NmIyYTFjZDFiODhlMjcxNzQ5NTM2NTY3YjMwOGYxIiwidGFnIjoiIn0%3D"],"priority":["u=2, i"],"accept-language":["en-GB,en-US;q=0.9,en;q=0.8"],"accept-encoding":["gzip, deflate, br, zstd"],"user-agent":["Mozilla\\/5.0 (Windows NT 10.0; Win64; x64) AppleWebKit\\/537.36 (KHTML, like Gecko) Chrome\\/149.0.0.0 Safari\\/537.36"],"referer":["https:\\/\\/salem-store.test\\/"],"sec-fetch-dest":["document"],"sec-fetch-mode":["navigate"],"sec-fetch-site":["none"],"sec-ch-ua-platform":["\\"Windows\\""],"sec-ch-ua-mobile":["?0"],"sec-ch-ua":["\\"Google Chrome\\";v=\\"149\\", \\"Chromium\\";v=\\"149\\", \\"Not)A;Brand\\";v=\\"24\\""],"accept":["text\\/html,application\\/xhtml+xml,application\\/xml;q=0.9,image\\/avif,image\\/webp,image\\/apng,*\\/*;q=0.8,application\\/signed-exchange;v=b3;q=0.7"],"sec-speculation-tags":["null"],"sec-purpose":["prefetch;prerender"],"upgrade-insecure-requests":["1"],"host":["salem-store.test"]}', '', 'Windows', 'Chrome', '127.0.0.1', 'Webkul\\Category\\Models\\Category', 145, NULL, NULL, 1, '2026-06-16 00:10:05', '2026-06-16 00:10:05'), (272, 'GET', '[]', 'https://salem-store.test/joyroom-functional', 'https://salem-store.test/', '[]', 'Mozilla/5.0 (Windows NT 10.0; Win64; x64) AppleWebKit/537.36 (KHTML, like Gecko) Chrome/149.0.0.0 Safari/537.36', '{"cookie":["XSRF-TOKEN=eyJpdiI6Ik4xb1I3RVcwZ002em1TY0VaQUxIQmc9PSIsInZhbHVlIjoiS3FzZXVKTGowTEczV2pSNi9wNFoyak5wZGVEZDA2ZUgrVGZqWlltdWliQ25SSEVHUGNFZzMraEdzSTg1SVcvbmV1MTFMRWlvRDJJTkVSRlRqby9JMW1EcUc1M3hWbzNLUVFLWUhEWVd0N3R5VFRnN1RoNWhnMmwycDBiREpKaFMiLCJtYWMiOiJhNDg0NzM2MzhlZDllYTA4M2ViMmYyNGFjN2M3NmNiZWMxOWZmNWI4ODczZjQ5YWZiMzM1YzM5NWMxMmZiODdiIiwidGFnIjoiIn0%3D; salem_store_session=eyJpdiI6IkZjcjJzeVd4d1BKVFpqWFUyRDQzZXc9PSIsInZhbHVlIjoiZjVnTTNZN0UrQkhlRC9XZnVBMnlBeGxJcG5CVllEUU5iYlhscUx5UmlRYjIxR081TEV4SGtrSnFLU3ZaOTdiZ0pxUWZNa1dnbmpnVWEveFFOcEFkd1pXbjFrMHNhRWc1Z3ZoSFYwcGY5R1pQdm9YclpvRXBtTmlmZjJOUzNXZXAiLCJtYWMiOiJiOGZjNTVkOGI2ODdmY2ZiMmFhZGU5MTA4MWQ5NWYyZGI5NzFiZGZhNTM1MDdmMDVhMTNjYjdhODAyYjQxOWRjIiwidGFnIjoiIn0%3D"],"priority":["u=2, i"],"accept-language":["en-GB,en-US;q=0.9,en;q=0.8"],"accept-encoding":["gzip, deflate, br, zstd"],"user-agent":["Mozilla\\/5.0 (Windows NT 10.0; Win64; x64) AppleWebKit\\/537.36 (KHTML, like Gecko) Chrome\\/149.0.0.0 Safari\\/537.36"],"referer":["https:\\/\\/salem-store.test\\/"],"sec-fetch-dest":["document"],"sec-fetch-mode":["navigate"],"sec-fetch-site":["none"],"sec-ch-ua-platform":["\\"Windows\\""],"sec-ch-ua-mobile":["?0"],"sec-ch-ua":["\\"Google Chrome\\";v=\\"149\\", \\"Chromium\\";v=\\"149\\", \\"Not)A;Brand\\";v=\\"24\\""],"accept":["text\\/html,application\\/xhtml+xml,application\\/xml;q=0.9,image\\/avif,image\\/webp,image\\/apng,*\\/*;q=0.8,application\\/signed-exchange;v=b3;q=0.7"],"sec-speculation-tags":["null"],"sec-purpose":["prefetch;prerender"],"upgrade-insecure-requests":["1"],"host":["salem-store.test"]}', '', 'Windows', 'Chrome', '127.0.0.1', 'Webkul\\Category\\Models\\Category', 152, NULL, NULL, 1, '2026-06-16 00:10:10', '2026-06-16 00:10:10'), (273, 'GET', '[]', 'https://salem-store.test/anker-personal-health', 'https://salem-store.test/', '[]', 'Mozilla/5.0 (Windows NT 10.0; Win64; x64) AppleWebKit/537.36 (KHTML, like Gecko) Chrome/149.0.0.0 Safari/537.36', '{"cookie":["XSRF-TOKEN=eyJpdiI6IkdLYXRuWmZkQ0xRNGFxL0E2Zllqdnc9PSIsInZhbHVlIjoiaHozVVBLKzlXTExrbXVLY1FjbVBmMUtLbkFsNmdyWTZXTzdSazN0OE10aitvbm1OcTdabVZaRU02VndCbXJnbFFBdDh1NEZMVUV0VXEzMS92eXF6dlFJMUR3YmRFRmxpdmEzNFFMQjhpdk1zbE8zZzVNNnlBelRMUE9jSGtyRFEiLCJtYWMiOiJmMzFjZWUwNGZhZjI5ZDgyYzAyNzRmYTQyMWZmZTRhY2NlZTE0MTA2MjQyODg0ZDM1ZjdkZDYyZDQ0MTRhNzJkIiwidGFnIjoiIn0%3D; salem_store_session=eyJpdiI6IlZ1VnBtbmZaRVhJM2tLLzRSQndJUWc9PSIsInZhbHVlIjoiZXRQemJEaUZ0T21kZ3NLdVlubHVGTzl6QmVuNm1jRTc0aEtQa3kvbnNxVFozTUlmK2xlYjB5S3FEUXJJRzJCUHh2bTk4Q05aKzRrNU4yNXRkWkpjT3lZblpxaVdwSiswdEVDbzRRWTUvRUhKNTJvd0kwUlFaRFFWZXhYMEYveGMiLCJtYWMiOiJjMDRlNWE2MDUwMjYzZTBlMDUyNGI0MDU1YTNiNTJkMDYzMzU1YjI0MGY2ZTI0M2Y2NTBlYjVjMTY4MjVlZmRhIiwidGFnIjoiIn0%3D"],"priority":["u=2, i"],"accept-language":["en-GB,en-US;q=0.9,en;q=0.8"],"accept-encoding":["gzip, deflate, br, zstd"],"user-agent":["Mozilla\\/5.0 (Windows NT 10.0; Win64; x64) AppleWebKit\\/537.36 (KHTML, like Gecko) Chrome\\/149.0.0.0 Safari\\/537.36"],"referer":["https:\\/\\/salem-store.test\\/"],"sec-fetch-dest":["document"],"sec-fetch-mode":["navigate"],"sec-fetch-site":["none"],"sec-ch-ua-platform":["\\"Windows\\""],"sec-ch-ua-mobile":["?0"],"sec-ch-ua":["\\"Google Chrome\\";v=\\"149\\", \\"Chromium\\";v=\\"149\\", \\"Not)A;Brand\\";v=\\"24\\""],"accept":["text\\/html,application\\/xhtml+xml,application\\/xml;q=0.9,image\\/avif,image\\/webp,image\\/apng,*\\/*;q=0.8,application\\/signed-exchange;v=b3;q=0.7"],"sec-speculation-tags":["null"],"sec-purpose":["prefetch;prerender"],"upgrade-insecure-requests":["1"],"host":["salem-store.test"]}', '', 'Windows', 'Chrome', '127.0.0.1', 'Webkul\\Category\\Models\\Category', 128, NULL, NULL, 1, '2026-06-16 00:10:33', '2026-06-16 00:10:33'), (274, 'GET', '[]', 'https://salem-store.test/%D8%AC%D8%B1%D8%A7%D8%A8-%D8%B3%D9%8A%D9%84%D9%8A%D9%83%D9%88%D9%86', 'https://salem-store.test/search?sort=name-desc', '[]', 'Mozilla/5.0 (Windows NT 10.0; Win64; x64) AppleWebKit/537.36 (KHTML, like Gecko) Chrome/149.0.0.0 Safari/537.36', '{"cookie":["XSRF-TOKEN=eyJpdiI6InpuYWxjZ2ljTWlYRm1EVWc2ZXh3WWc9PSIsInZhbHVlIjoib3VxekNSbktkU0dUNkNab1NoZGhOcWJ1VG9UTms1Y3dFMzRNV3krSFlTZWxIOVlEREUzc2Q5K2JINGRxN0ZnajlEVXU5aHovc3ZTcGVpVHJxSzFWd1RPSWJqZWdBcjY4eE0ydTlZcFdWcllKN0I4dnNpaHpZMFhEb3ZaMTJqMGkiLCJtYWMiOiJhZWU3MzViNzhiZTE3MjlhNTJiNDkxYWE1OGU3NTllMzY0MWFlYTg0MmI0MTA1ZTk0MjZmMjQwMTgyY2M0NzI4IiwidGFnIjoiIn0%3D; salem_store_session=eyJpdiI6IlRObDNQYWoyNHBlMXlqS3JpN0Z0M2c9PSIsInZhbHVlIjoieEdVYmdkSWI4UDh6enErTFdvYWlvemZlVVVucHg2SG5VbXU3R01sRkMwbHdES1krTW1wRjdscnUvekVuMVVsbTA0WWlWTjZodHRyRmtmdFptYU9xcXVpOFJEWVJMM0NyRE5na09NQWRkSDkxcnRoMmxlNGlGU2VTNTY4NzFBZ0siLCJtYWMiOiIwZDgzZDJhMDg0YmZhYjkyOGFmNDc2N2U2NDk3MDgyNjc4YmQ5MzA4ZjE1ZGI4NTk4MGI1ZWFjM2VhOTVjZGFmIiwidGFnIjoiIn0%3D"],"priority":["u=2, i"],"accept-language":["en-GB,en-US;q=0.9,en;q=0.8"],"accept-encoding":["gzip, deflate, br, zstd"],"user-agent":["Mozilla\\/5.0 (Windows NT 10.0; Win64; x64) AppleWebKit\\/537.36 (KHTML, like Gecko) Chrome\\/149.0.0.0 Safari\\/537.36"],"referer":["https:\\/\\/salem-store.test\\/search?sort=name-desc"],"sec-fetch-dest":["document"],"sec-fetch-mode":["navigate"],"sec-fetch-site":["none"],"sec-ch-ua-platform":["\\"Windows\\""],"sec-ch-ua-mobile":["?0"],"sec-ch-ua":["\\"Google Chrome\\";v=\\"149\\", \\"Chromium\\";v=\\"149\\", \\"Not)A;Brand\\";v=\\"24\\""],"accept":["text\\/html,application\\/xhtml+xml,application\\/xml;q=0.9,image\\/avif,image\\/webp,image\\/apng,*\\/*;q=0.8,application\\/signed-exchange;v=b3;q=0.7"],"sec-speculation-tags":["null"],"sec-purpose":["prefetch;prerender"],"upgrade-insecure-requests":["1"],"host":["salem-store.test"]}', '', 'Windows', 'Chrome', '127.0.0.1', 'Webkul\\Product\\Models\\Product', 43, NULL, NULL, 1, '2026-06-16 00:11:21', '2026-06-16 00:11:21'), (275, 'GET', '[]', 'https://salem-store.test/%D9%83%DA%A4%D8%B1%D8%A7%D8%AA-pitaka', 'https://salem-store.test/search?query=pitaka', '[]', 'Mozilla/5.0 (Windows NT 10.0; Win64; x64) AppleWebKit/537.36 (KHTML, like Gecko) Chrome/149.0.0.0 Safari/537.36', '{"cookie":["XSRF-TOKEN=eyJpdiI6IkRzblRYYzNCU3NIcHlvVWhQaU9lM3c9PSIsInZhbHVlIjoiYm0zaUNZR2Y2WGlDQ3BkZHhoaUsyQ3VnbDZZRmN1SmJIYVZZdlAzcnRGTjErM0xBSUdGaE9KSWRISEZHMjZiU21Bd3Z2T3pzbzVEZFA3ZmRyblJqb09Ya3l4ZmV5RkFaUkFRMVNHMU1GekhYYWpOK3RxeVUwb1h2UzhiV0t4MGkiLCJtYWMiOiI4ODc2ZDcwZmE4OGVjNTA5ZmYzYzYyYjI1MTI0ZmE4MDNlMGFkYjNmOWE2N2M0NmZlN2RiYzcwYmRjOWVjMGM1IiwidGFnIjoiIn0%3D; salem_store_session=eyJpdiI6IjN6MDJHeDIzSmFvQXkvOWl1L2QxcHc9PSIsInZhbHVlIjoiTWZCYm9Uc0R2c3ZrNnE5M0VWazdKakdOY3RWQ3h3MEtDc3ZJWGlhMEVibmR3ZUVSalBZWlUzUVhvNlpOMWlFQThlZHQ1NjI2RVhaZmg3YUlIR3FRSHh3d1BneVhlNWtDMFNGRGd5bnNpVlIwY3MvaGdsbkx0KzRNVEVreW82aEkiLCJtYWMiOiI3YmJlYzA2MjA4YzRhZjQ4MDA3MjA4YTFjYTBkMWI5ZmEwN2Q3YjFmN2UzOWUwMWFjYmZiYjA5NGYzYTNkNGViIiwidGFnIjoiIn0%3D"],"priority":["u=2, i"],"accept-language":["en-GB,en-US;q=0.9,en;q=0.8"],"accept-encoding":["gzip, deflate, br, zstd"],"user-agent":["Mozilla\\/5.0 (Windows NT 10.0; Win64; x64) AppleWebKit\\/537.36 (KHTML, like Gecko) Chrome\\/149.0.0.0 Safari\\/537.36"],"referer":["https:\\/\\/salem-store.test\\/search?query=pitaka"],"sec-fetch-dest":["document"],"sec-fetch-mode":["navigate"],"sec-fetch-site":["none"],"sec-ch-ua-platform":["\\"Windows\\""],"sec-ch-ua-mobile":["?0"],"sec-ch-ua":["\\"Google Chrome\\";v=\\"149\\", \\"Chromium\\";v=\\"149\\", \\"Not)A;Brand\\";v=\\"24\\""],"accept":["text\\/html,application\\/xhtml+xml,application\\/xml;q=0.9,image\\/avif,image\\/webp,image\\/apng,*\\/*;q=0.8,application\\/signed-exchange;v=b3;q=0.7"],"sec-speculation-tags":["null"],"sec-purpose":["prefetch;prerender"],"upgrade-insecure-requests":["1"],"host":["salem-store.test"]}', '', 'Windows', 'Chrome', '127.0.0.1', NULL, NULL, NULL, NULL, 1, '2026-06-16 00:11:44', '2026-06-16 00:11:44'), (276, 'GET', '[]', 'https://salem-store.test/pitaka', 'https://salem-store.test/search?query=pitaka', '[]', 'Mozilla/5.0 (Windows NT 10.0; Win64; x64) AppleWebKit/537.36 (KHTML, like Gecko) Chrome/149.0.0.0 Safari/537.36', '{"cookie":["XSRF-TOKEN=eyJpdiI6Im5ZK3VDRUJIY1UzZmtsODBUaVd2T3c9PSIsInZhbHVlIjoiR0daVVY2TlF1TlVvNlBUaStlOU1rSHhKdzJQM2xZRm9TajRRQVR0ajdTYWt1bE5KS1Z3VlpRa1NoZUdISjJBdjgvVzJSYU5hQStNQVFmZ3Vsem5lQmgzV3diamYzRSsvemVTdGtiVXhHQTg4dXg5c0VaUXgrMkJkZnF4bTRlUnUiLCJtYWMiOiJhYWRhMzdlZTE1MTNhYzMxZjY3MDIyOTZmNDllNTYwY2I2M2YxM2QzYzFiYmI5MWQ5YzQ2M2U0MDQwZDVjMDEyIiwidGFnIjoiIn0%3D; salem_store_session=eyJpdiI6ImVrK2drUjV3b2ExVnY4NDVySmJ6NUE9PSIsInZhbHVlIjoiTU5hKy80aVZyQU1DY3pwYS9ZYkJWNkwyUFo4ME5KY0paVW9qSlYwUzZrNHgvNHp0d05VUTZYTlpDS20yTE1rUTBWTmNSZ2lRTWovTFV5aWNPTlR6TWMweVMxU0YxcjZWeHhiTHBzbDhNdUNXMnVLVnlZcHVUY2ZYSVZVeTNIOWMiLCJtYWMiOiI3ZDA4ZTI5ZjY1NzljN2ZkYmVmYzI0Y2M0NTcyNzE4ZmRlNmExZTcyNzgwMmNhNzEwNWE0ZGQwZTgxZGE2YzQwIiwidGFnIjoiIn0%3D"],"priority":["u=2, i"],"accept-language":["en-GB,en-US;q=0.9,en;q=0.8"],"accept-encoding":["gzip, deflate, br, zstd"],"user-agent":["Mozilla\\/5.0 (Windows NT 10.0; Win64; x64) AppleWebKit\\/537.36 (KHTML, like Gecko) Chrome\\/149.0.0.0 Safari\\/537.36"],"referer":["https:\\/\\/salem-store.test\\/search?query=pitaka"],"sec-fetch-dest":["document"],"sec-fetch-mode":["navigate"],"sec-fetch-site":["none"],"sec-ch-ua-platform":["\\"Windows\\""],"sec-ch-ua-mobile":["?0"],"sec-ch-ua":["\\"Google Chrome\\";v=\\"149\\", \\"Chromium\\";v=\\"149\\", \\"Not)A;Brand\\";v=\\"24\\""],"accept":["text\\/html,application\\/xhtml+xml,application\\/xml;q=0.9,image\\/avif,image\\/webp,image\\/apng,*\\/*;q=0.8,application\\/signed-exchange;v=b3;q=0.7"],"sec-speculation-tags":["null"],"sec-purpose":["prefetch;prerender"],"upgrade-insecure-requests":["1"],"host":["salem-store.test"]}', '', 'Windows', 'Chrome', '127.0.0.1', 'Webkul\\Product\\Models\\Product', 2, NULL, NULL, 1, '2026-06-16 00:11:45', '2026-06-16 00:11:45'), (277, 'GET', '[]', 'https://salem-store.test', 'https://salem-store.test/pitaka', '[]', 'Mozilla/5.0 (Windows NT 10.0; Win64; x64) AppleWebKit/537.36 (KHTML, like Gecko) Chrome/149.0.0.0 Safari/537.36', '{"cookie":["XSRF-TOKEN=eyJpdiI6Ik9QTjE3RHdvUHlldkp4NmVWcmlDRHc9PSIsInZhbHVlIjoiZDVITXZYSVBWbGFLTisrMm5zVzh3MlhCaTVhMW1lNWhiK1JFQ2dQOE12OEpsQ3JoUkZMNU5QTEdRRENDVndBOXpFS3FyMzE3UVozQ1pnQVk5VDBPenUxQnVWR3pYKzVuQmFIeFQvNlROTElHbmZXa3NmY2FSdkNiaUFLM1JJVjAiLCJtYWMiOiIyY2QzZGJhNjdjOWQ3ODg0OGVlZWI4ZGI4ZmEyZjA4ZmRmOTllM2FiMzQyZDg1MWNmYjUyZWY3OTFhYzMzMDRkIiwidGFnIjoiIn0%3D; salem_store_session=eyJpdiI6ImN4MmpwYkZncjV0ZTBrRkpjU09xZVE9PSIsInZhbHVlIjoiTHhYNkh4SUFhdEpVdHR3clFIZm55ZDFrVFpKVG5WTWI0a0lMVXdMbzE2Y1B4VWlwMmNPK0F4Mm5GeldhSkFsRFptV2tNaWU5NkNJNDEwdE1vcTRDa1NpOS9rMStDSlJXVHNuRXkwRjdWRHNTdW5NRmdUSEZ4ZW01OUU4N05wQzMiLCJtYWMiOiI4NWNhMTc2NTg5MzllY2FiNmJmMzgwZDJhZDI0ZTdlNjg2MWMwMjI2NGFiMGM4NjUwYmMwNDk5MDQyNTA0Zjg0IiwidGFnIjoiIn0%3D"],"priority":["u=2, i"],"accept-language":["en-GB,en-US;q=0.9,en;q=0.8"],"accept-encoding":["gzip, deflate, br, zstd"],"user-agent":["Mozilla\\/5.0 (Windows NT 10.0; Win64; x64) AppleWebKit\\/537.36 (KHTML, like Gecko) Chrome\\/149.0.0.0 Safari\\/537.36"],"referer":["https:\\/\\/salem-store.test\\/pitaka"],"sec-fetch-dest":["document"],"sec-fetch-mode":["navigate"],"sec-fetch-site":["none"],"sec-ch-ua-platform":["\\"Windows\\""],"sec-ch-ua-mobile":["?0"],"sec-ch-ua":["\\"Google Chrome\\";v=\\"149\\", \\"Chromium\\";v=\\"149\\", \\"Not)A;Brand\\";v=\\"24\\""],"accept":["text\\/html,application\\/xhtml+xml,application\\/xml;q=0.9,image\\/avif,image\\/webp,image\\/apng,*\\/*;q=0.8,application\\/signed-exchange;v=b3;q=0.7"],"sec-speculation-tags":["null"],"sec-purpose":["prefetch;prerender"],"upgrade-insecure-requests":["1"],"host":["salem-store.test"]}', '', 'Windows', 'Chrome', '127.0.0.1', NULL, NULL, NULL, NULL, 1, '2026-06-16 00:11:58', '2026-06-16 00:11:58'), (278, 'GET', '[]', 'https://salem-store.test', 'https://salem-store.test/customer/verify-phone', '[]', 'Mozilla/5.0 (Windows NT 10.0; Win64; x64) AppleWebKit/537.36 (KHTML, like Gecko) Chrome/149.0.0.0 Safari/537.36', '{"cookie":["XSRF-TOKEN=eyJpdiI6InNmcjIxMDFFWEdBWkNYd3BmRko1Q3c9PSIsInZhbHVlIjoiUk1wRVBwa0RUY1dLTFprNDZ2dnZkY0JndUVVOUducXNWRlFodjQ5K0d6WThJb1Y5dEpJUkFXb0NMZFN2WktXRkpaR3hzalhWazlRaUx1UEpCQkpYYUtpWGVUYXhyZXFlQTduVU9JK2dmU1hwbDBUeVlWZzRsa0ZBRW1qbXVtNUUiLCJtYWMiOiI3MDliMWE3MzlkZDM0ZWUzMTA2MjhmM2E4MjczYzZmY2E5YjhiMjA4MWI0Y2M2NjRkN2M2OGE3MDM0NTllMWE2IiwidGFnIjoiIn0%3D; salem_store_session=eyJpdiI6Ilo5WEFnS3VYVXVWMDZNdlRUUEduTnc9PSIsInZhbHVlIjoiRUVmYUF2ODdsY0RmdlpURzNkdXZhQnAra2pRTFpNaWluRFZMZ3YwYmtSd2owT0U4cUNUa1ZkcEh1ejNUdncwMXVrQm05Q2ZKNkNKYldpS3F6eXJvMng2SVgzR2gxcEQ3WXFLcVVuOVJBSVpIYU05ZlVTQkhrN2VSb2NzRGMyb2wiLCJtYWMiOiIyNGQ2N2Y4MjM1ZjBkMTFiYzZlMjJkZjIwMjM2M2FhNmViOTIzNmNiYzIyNGI1ZTMzYzQ3ZGQ5OTAxMzA1NDlhIiwidGFnIjoiIn0%3D"],"priority":["u=0, i"],"accept-language":["en-GB,en-US;q=0.9,en;q=0.8"],"accept-encoding":["gzip, deflate, br, zstd"],"referer":["https:\\/\\/salem-store.test\\/customer\\/verify-phone"],"sec-ch-ua-platform":["\\"Windows\\""],"sec-ch-ua-mobile":["?0"],"sec-ch-ua":["\\"Google Chrome\\";v=\\"149\\", \\"Chromium\\";v=\\"149\\", \\"Not)A;Brand\\";v=\\"24\\""],"sec-fetch-dest":["document"],"sec-fetch-user":["?1"],"sec-fetch-mode":["navigate"],"sec-fetch-site":["same-origin"],"accept":["text\\/html,application\\/xhtml+xml,application\\/xml;q=0.9,image\\/avif,image\\/webp,image\\/apng,*\\/*;q=0.8,application\\/signed-exchange;v=b3;q=0.7"],"user-agent":["Mozilla\\/5.0 (Windows NT 10.0; Win64; x64) AppleWebKit\\/537.36 (KHTML, like Gecko) Chrome\\/149.0.0.0 Safari\\/537.36"],"upgrade-insecure-requests":["1"],"cache-control":["max-age=0"],"host":["salem-store.test"]}', '', 'Windows', 'Chrome', '127.0.0.1', NULL, NULL, 'Webkul\\Customer\\Models\\Customer', 362, 1, '2026-06-16 00:15:12', '2026-06-16 00:15:12'), (279, 'GET', '[]', 'https://salem-store.test', NULL, '[]', 'Mozilla/5.0 (Windows NT 10.0; Win64; x64) AppleWebKit/537.36 (KHTML, like Gecko) Chrome/149.0.0.0 Safari/537.36', '{"cookie":["XSRF-TOKEN=eyJpdiI6IjdldUlLY1JjeFFRNEtvdFBkSGgvb1E9PSIsInZhbHVlIjoiVDN1UUROQmNOR1BLRzAvZGY4WHZMTUY4SXFhN0dHWExQS0UwUFlOVXF0TjNsQjBrcFdEcWRIVU10N1BMSkkxSkNkcjZPa0hsYitzSXZYTVM4amdjaVZxa0J6UEJGNTQvc3ZDRjJ4N05ZeEtWNk56czZITFhDcjNTQTF6YlVzUXUiLCJtYWMiOiI0MjhiM2MwZWVmZjM1ZmI0NTE4ZDI3YjRhOTZkYjQ0OTcxMmE5MjQ5NGJmZmNiMDkzNWM3MjQ1MGIxY2I3YTQ4IiwidGFnIjoiIn0%3D; salem_store_session=eyJpdiI6InFid2xybkJNZlBEOVlZUzNlNXpLZ3c9PSIsInZhbHVlIjoieHU3b2Y0YTFMNTBYMFl2b3llUWh4QTg1cjlUbmZJZDQydnlHNVJmTVhZcDhWdm9yaExwcDBFTitBN1l3blZtTlQ2MlVUazdnaFl2MEt6emZXSEFOdFRSUmZEZmF2b1VFcFB0N2o2dzg0SDlqenludU1wK053Y3IwU1RkRktWWDEiLCJtYWMiOiJiYTg5MGUwZTg0Yjc2MTBmNTgzNGRiNmVlNmVlNmYwZGI2ODg3MWJhNzIyNDFmZWJhODVhMzUzYWJhZjllNTYzIiwidGFnIjoiIn0%3D"],"priority":["u=0, i"],"accept-language":["en-GB,en-US;q=0.9,en;q=0.8"],"accept-encoding":["gzip, deflate, br, zstd"],"sec-fetch-dest":["document"],"sec-fetch-user":["?1"],"sec-fetch-mode":["navigate"],"sec-fetch-site":["none"],"accept":["text\\/html,application\\/xhtml+xml,application\\/xml;q=0.9,image\\/avif,image\\/webp,image\\/apng,*\\/*;q=0.8,application\\/signed-exchange;v=b3;q=0.7"],"user-agent":["Mozilla\\/5.0 (Windows NT 10.0; Win64; x64) AppleWebKit\\/537.36 (KHTML, like Gecko) Chrome\\/149.0.0.0 Safari\\/537.36"],"upgrade-insecure-requests":["1"],"sec-ch-ua-platform":["\\"Windows\\""],"sec-ch-ua-mobile":["?0"],"sec-ch-ua":["\\"Google Chrome\\";v=\\"149\\", \\"Chromium\\";v=\\"149\\", \\"Not)A;Brand\\";v=\\"24\\""],"cache-control":["no-cache"],"pragma":["no-cache"],"host":["salem-store.test"]}', '', 'Windows', 'Chrome', '127.0.0.1', NULL, NULL, NULL, NULL, 1, '2026-06-21 11:37:42', '2026-06-21 11:37:42'), (280, 'GET', '[]', 'https://salem-store.test', 'https://salem-store.test/customer/login', '[]', 'Mozilla/5.0 (Windows NT 10.0; Win64; x64) AppleWebKit/537.36 (KHTML, like Gecko) Chrome/149.0.0.0 Safari/537.36', '{"cookie":["XSRF-TOKEN=eyJpdiI6ImN4aXNDa1h3d25uOWNlYnRSUm9vaUE9PSIsInZhbHVlIjoiQzFMQVJQa2VGQVlhSEovb08wWXJNSTVYZFRKb0JGTCs5S241cDlvRTlKMWsvemovU0ZIUmZadTE2ay9wektKb0VBSUVQNysxMHZnUEF3VUNPbjNTZHV1bUk3LytwTEI2eWtlZFo4WFY4LzBwczk1MXlJQ1pOZ1NFakV5QkhtL2YiLCJtYWMiOiJiZGM0NzdlMmFmYWFmM2Q3NmNlNDI0MjdlNmYwZWY0YjdhYmI4YzgzZTc3ODU0MGU2NDAwZGIwODZiZThiN2U3IiwidGFnIjoiIn0%3D; salem_store_session=eyJpdiI6Ill6NUdSakU3MXUzY0NDRU4wSDkxSUE9PSIsInZhbHVlIjoiUmFyMHBJb2pZeU9LS1FqZUFNSjRTU05QNjBKOE8rM29EQ1dLR3J6OTVUcGUwSWRMOFZrK25sQ0JrSUJHVlF0TlN3UFNrelFaUVFKT0FUN2tyMkhwN3dtVnliY25lVTMvOTNqWHNsNXg5aG1SaGRiYXVxNVpjQ1RjS1I1eG9kVzAiLCJtYWMiOiJjOTRkODBmOWYxZjhiZmZhNGE0MjU1NmE3MzExNzc2NWRhZjgwMGZkZDdjMmEwZGUzNmM0OWNjMDYyNWVmMWU4IiwidGFnIjoiIn0%3D"],"priority":["u=0, i"],"accept-language":["en-GB,en-US;q=0.9,en;q=0.8"],"accept-encoding":["gzip, deflate, br, zstd"],"referer":["https:\\/\\/salem-store.test\\/customer\\/login"],"sec-ch-ua-platform":["\\"Windows\\""],"sec-ch-ua-mobile":["?0"],"sec-ch-ua":["\\"Google Chrome\\";v=\\"149\\", \\"Chromium\\";v=\\"149\\", \\"Not)A;Brand\\";v=\\"24\\""],"sec-fetch-dest":["document"],"sec-fetch-user":["?1"],"sec-fetch-mode":["navigate"],"sec-fetch-site":["same-origin"],"accept":["text\\/html,application\\/xhtml+xml,application\\/xml;q=0.9,image\\/avif,image\\/webp,image\\/apng,*\\/*;q=0.8,application\\/signed-exchange;v=b3;q=0.7"],"user-agent":["Mozilla\\/5.0 (Windows NT 10.0; Win64; x64) AppleWebKit\\/537.36 (KHTML, like Gecko) Chrome\\/149.0.0.0 Safari\\/537.36"],"upgrade-insecure-requests":["1"],"cache-control":["no-cache"],"pragma":["no-cache"],"host":["salem-store.test"]}', '', 'Windows', 'Chrome', '127.0.0.1', NULL, NULL, 'Webkul\\Customer\\Models\\Customer', 361, 1, '2026-06-21 11:38:56', '2026-06-21 11:38:56'), (281, 'GET', '[]', 'https://salem-store.test/%D8%A7%D9%83%D8%B3%D8%B3%D9%88%D8%A7%D8%B1%D8%A7%D8%AA', 'https://salem-store.test/', '[]', 'Mozilla/5.0 (Windows NT 10.0; Win64; x64) AppleWebKit/537.36 (KHTML, like Gecko) Chrome/149.0.0.0 Safari/537.36', '{"cookie":["XSRF-TOKEN=eyJpdiI6IjY2d3hCY0dWdm81WWsvTVpWYlAwalE9PSIsInZhbHVlIjoicVRvb0N1b2Y1NGwrblNpV05qQUlrRHBUYW1DNnRxQnBVSGhYUVY3T041RmRiN0JiQzRUQk83aldXeFRMZkkyelRYTGV3WWtTNFo2OTN0ZEVFMnVOS0w1dERpYjUvdENKN2g4YlhURWNhdmZoTmxObHBnZUhLTnY3aHYxaldueU0iLCJtYWMiOiI0YjMxMmNhZDZkY2U3MDhhNGRjZDU1YzI3OWZmNTU5Y2VjZWZkODJiOGRjNmU2OTliODc1NjI5ZTBmMWQ4YjI4IiwidGFnIjoiIn0%3D; salem_store_session=eyJpdiI6IjYzZm45QnZXNjQxKzJFOWx5TytsU1E9PSIsInZhbHVlIjoiT1lORXJFMmI2Yk56RE1GUW5qZkxybGdMeU8xdGpPVkN1OHI1dERKQm53YlpkS3liRnp2SGhzeUd2SkQyalRkUldSYWFaRFh0QWNZRlZlalpBVE80UjkyY0VVTmdiMldpcU1mbGRDZGQyajBzaTlFdnZGdDJPYnF3U21mRzRtTjAiLCJtYWMiOiJjODE4MDAyYzBmMDljNmFiMDJmNzhiNDVmMzdjNThiOTM0NGFlYWQ3ODQyMTc5YjEwY2JlNGExNGJlMDU2YTc1IiwidGFnIjoiIn0%3D"],"priority":["u=2, i"],"accept-language":["en-GB,en-US;q=0.9,en;q=0.8"],"accept-encoding":["gzip, deflate, br, zstd"],"user-agent":["Mozilla\\/5.0 (Windows NT 10.0; Win64; x64) AppleWebKit\\/537.36 (KHTML, like Gecko) Chrome\\/149.0.0.0 Safari\\/537.36"],"referer":["https:\\/\\/salem-store.test\\/"],"sec-fetch-dest":["document"],"sec-fetch-mode":["navigate"],"sec-fetch-site":["none"],"sec-ch-ua-platform":["\\"Windows\\""],"sec-ch-ua-mobile":["?0"],"sec-ch-ua":["\\"Google Chrome\\";v=\\"149\\", \\"Chromium\\";v=\\"149\\", \\"Not)A;Brand\\";v=\\"24\\""],"accept":["text\\/html,application\\/xhtml+xml,application\\/xml;q=0.9,image\\/avif,image\\/webp,image\\/apng,*\\/*;q=0.8,application\\/signed-exchange;v=b3;q=0.7"],"sec-speculation-tags":["null"],"sec-purpose":["prefetch;prerender"],"upgrade-insecure-requests":["1"],"host":["salem-store.test"]}', '', 'Windows', 'Chrome', '127.0.0.1', 'Webkul\\Category\\Models\\Category', 22, NULL, NULL, 1, '2026-06-21 11:39:25', '2026-06-21 11:39:25'), (282, 'GET', '[]', 'https://salem-store.test/%D8%A7%D9%84%D9%87%D9%88%D8%A7%D8%AA%D9%81-%D8%A7%D9%84%D9%85%D8%AD%D9%85%D9%88%D9%84%D8%A9', 'https://salem-store.test/', '[]', 'Mozilla/5.0 (Windows NT 10.0; Win64; x64) AppleWebKit/537.36 (KHTML, like Gecko) Chrome/149.0.0.0 Safari/537.36', '{"cookie":["XSRF-TOKEN=eyJpdiI6Inp0OUhkSDBKNWtLSmFDVFlmeHZKSnc9PSIsInZhbHVlIjoiUDJ4Q2E1QUMwOVVucVZsTEhRSEtzQWd4ZW4rTW1aUzV2V1ozaExjclE4YW0rOURSbTcwcTZraUlHaDhRRE9mREZqR3hnUzE3aWdsc0Q0TUFrS081LzR5Zis0Y0pXazZjVWFhbGFYdUhLRk42aFN1OXJ0WHZDWmg2NlljK29zOHYiLCJtYWMiOiJlZjc3MjNlYjAyNGNkYTY1MGRlZmJjOWMwMTc1OTBlZjNkYWNhMGNjZGQ3NWQ3YmQ1Y2VkZjZhOWY0ZjZmYWQ1IiwidGFnIjoiIn0%3D; salem_store_session=eyJpdiI6Ikl3bHNyZklsbEdxUTRHR28yL0JLZlE9PSIsInZhbHVlIjoiaSsySkhERVNaVThnWGZPMFRWNkJoaXhrQ1ZsQlNXU1B6djRjSi9PVzdLZFhRYUxZYVFsWkpRMUFYZnNuekdXMUV2N3BOcXBhSkVtRHhiZjBpQ1hDbmEwQXVVdytTRWxkYW16TllZdkdsdnhwK1FlcTdzcHFvNkQ4NnZrdUtSM2YiLCJtYWMiOiI1OTQ3YmU1Y2RkMTUxNjE1YTNkYTViZjA2NGI1NDJiNDZkZTEzODhlZjgyODk4YzE2NjEwMTY4ODc0ZGFkNWUzIiwidGFnIjoiIn0%3D"],"priority":["u=2, i"],"accept-language":["en-GB,en-US;q=0.9,en;q=0.8"],"accept-encoding":["gzip, deflate, br, zstd"],"user-agent":["Mozilla\\/5.0 (Windows NT 10.0; Win64; x64) AppleWebKit\\/537.36 (KHTML, like Gecko) Chrome\\/149.0.0.0 Safari\\/537.36"],"referer":["https:\\/\\/salem-store.test\\/"],"sec-fetch-dest":["document"],"sec-fetch-mode":["navigate"],"sec-fetch-site":["none"],"sec-ch-ua-platform":["\\"Windows\\""],"sec-ch-ua-mobile":["?0"],"sec-ch-ua":["\\"Google Chrome\\";v=\\"149\\", \\"Chromium\\";v=\\"149\\", \\"Not)A;Brand\\";v=\\"24\\""],"accept":["text\\/html,application\\/xhtml+xml,application\\/xml;q=0.9,image\\/avif,image\\/webp,image\\/apng,*\\/*;q=0.8,application\\/signed-exchange;v=b3;q=0.7"],"sec-speculation-tags":["null"],"sec-purpose":["prefetch;prerender"],"upgrade-insecure-requests":["1"],"host":["salem-store.test"]}', '', 'Windows', 'Chrome', '127.0.0.1', 'Webkul\\Category\\Models\\Category', 2, NULL, NULL, 1, '2026-06-21 11:39:26', '2026-06-21 11:39:26'), (283, 'GET', '[]', 'https://salem-store.test/%D9%83%DA%A4%D8%B1%D8%A7%D8%AA-pitaka', 'https://salem-store.test/', '[]', 'Mozilla/5.0 (Windows NT 10.0; Win64; x64) AppleWebKit/537.36 (KHTML, like Gecko) Chrome/149.0.0.0 Safari/537.36', '{"cookie":["XSRF-TOKEN=eyJpdiI6IjdUS0lzRDlKRndJKzRNVE11dUZKa3c9PSIsInZhbHVlIjoiQWRpT2xjTGVhRmozeFQrNnlSYVlOeTNBeVhDWUlwbjRlV2tYSXdzUkc1VUlDdW1uVG9oeDlyWUpvV1Q3NzZ6bHVVdi9iOUFDRzVUNzdNUGt5V3VMd3hoZlh6S1dSRFhQSXB4K2lKSFVIc0Rsb2JycEtUZjFrY0k2U05RMzlzcEoiLCJtYWMiOiIzMDEyNjhiNTg3ZWQxY2M0NmU2ZmVmYWYzNjdiMjU5MmM4NWRlZWUzMTUwNjRlZDdhZWE3ODcwZjhiMTQ0NjFlIiwidGFnIjoiIn0%3D; salem_store_session=eyJpdiI6IjBsczVHSUtiaEgyaG9KWUdMM2VQUnc9PSIsInZhbHVlIjoiY0sxMlorTisxakdMbFJEaVRsVFIrOURmY1N3aEhCVUJ5KzRBM3BVOUJlMEUwUFNlbnVsNG9qMU9qK1hiV0xLSXNrcW1pandBQjBqS08zb0trblg1MzFpVHRNaEV5VzdFNDNsRU1SZXpkWnJIdkwzdndQU2owdy93VFdYeFo0d2giLCJtYWMiOiI3MmY4ZWFiMDdkMDc4MDNmMTkwMWNhYjQ0MzYxZTk0ZTAzMDljOTUxN2Y4OWFjYTYxMzRkNmU1MDhhYmIwZmYxIiwidGFnIjoiIn0%3D"],"priority":["u=2, i"],"accept-language":["en-GB,en-US;q=0.9,en;q=0.8"],"accept-encoding":["gzip, deflate, br, zstd"],"user-agent":["Mozilla\\/5.0 (Windows NT 10.0; Win64; x64) AppleWebKit\\/537.36 (KHTML, like Gecko) Chrome\\/149.0.0.0 Safari\\/537.36"],"referer":["https:\\/\\/salem-store.test\\/"],"sec-fetch-dest":["document"],"sec-fetch-mode":["navigate"],"sec-fetch-site":["none"],"sec-ch-ua-platform":["\\"Windows\\""],"sec-ch-ua-mobile":["?0"],"sec-ch-ua":["\\"Google Chrome\\";v=\\"149\\", \\"Chromium\\";v=\\"149\\", \\"Not)A;Brand\\";v=\\"24\\""],"accept":["text\\/html,application\\/xhtml+xml,application\\/xml;q=0.9,image\\/avif,image\\/webp,image\\/apng,*\\/*;q=0.8,application\\/signed-exchange;v=b3;q=0.7"],"sec-speculation-tags":["null"],"sec-purpose":["prefetch;prerender"],"upgrade-insecure-requests":["1"],"host":["salem-store.test"]}', '', 'Windows', 'Chrome', '127.0.0.1', NULL, NULL, NULL, NULL, 1, '2026-06-21 11:39:27', '2026-06-21 11:39:27'), (284, 'GET', '[]', 'https://salem-store.test/%D8%A7%D9%84%D9%84%D8%A7%D8%A8%D8%AA%D9%88%D8%A8', 'https://salem-store.test/', '[]', 'Mozilla/5.0 (Windows NT 10.0; Win64; x64) AppleWebKit/537.36 (KHTML, like Gecko) Chrome/149.0.0.0 Safari/537.36', '{"cookie":["XSRF-TOKEN=eyJpdiI6ImV4bFFhaWlUZUxGbUpBUG5ZVGdoenc9PSIsInZhbHVlIjoiSTlDWGl0V1pmZUVmVU5vQVlTaGpmYlRaa1FoS3F5N2JTd3pFWlBXOG9RTUZjY2p0UHpHZXBXS01mRE1JS295Y3FsalRSTkkwQnhOcGt3ZjBrRk5rcmFPN2x2WEhWN3oxQTcyR3o1QUVOcmdOWWJqak00V29lOFBsL3dyNmUzN2oiLCJtYWMiOiJjY2NlMzcxZmRhNGQ4NDgxNjg3NzdkZDlmMzY4MjZmNzJhNDk3ZGQ4NGZhZjRiNDVjNTdhZDhiNjMyYzIzNjNkIiwidGFnIjoiIn0%3D; salem_store_session=eyJpdiI6IlFrN0g0azZqUENLV2dEZG9hT295WWc9PSIsInZhbHVlIjoiK1BEdlpleGNhWG9sc1YrOFdWRzVEQVFWR21SQ3B4VnlmSHRNWHJmanNETVdFRmprOEc0K2ZiOGNaLzQ1SVRUOE56N2RhVWw4UDI5azJvR0l6a1ZjZFVJdHZLQjZFZmFpZGZ0UGF0RUZKWWlmUG55SEZzcGZiMWtCY25vaG9mY3giLCJtYWMiOiJkZDY1ZjI4MjM1MTkzNTFmYjUwYWQ5ZWQ3ZTI1NTAyZDAwNWZmOWRhZDc0ODBjYmE2Njg2YTRhZjliZjk3MjNjIiwidGFnIjoiIn0%3D"],"priority":["u=2, i"],"accept-language":["en-GB,en-US;q=0.9,en;q=0.8"],"accept-encoding":["gzip, deflate, br, zstd"],"user-agent":["Mozilla\\/5.0 (Windows NT 10.0; Win64; x64) AppleWebKit\\/537.36 (KHTML, like Gecko) Chrome\\/149.0.0.0 Safari\\/537.36"],"referer":["https:\\/\\/salem-store.test\\/"],"sec-fetch-dest":["document"],"sec-fetch-mode":["navigate"],"sec-fetch-site":["none"],"sec-ch-ua-platform":["\\"Windows\\""],"sec-ch-ua-mobile":["?0"],"sec-ch-ua":["\\"Google Chrome\\";v=\\"149\\", \\"Chromium\\";v=\\"149\\", \\"Not)A;Brand\\";v=\\"24\\""],"accept":["text\\/html,application\\/xhtml+xml,application\\/xml;q=0.9,image\\/avif,image\\/webp,image\\/apng,*\\/*;q=0.8,application\\/signed-exchange;v=b3;q=0.7"],"sec-speculation-tags":["null"],"sec-purpose":["prefetch;prerender"],"upgrade-insecure-requests":["1"],"host":["salem-store.test"]}', '', 'Windows', 'Chrome', '127.0.0.1', 'Webkul\\Category\\Models\\Category', 15, NULL, NULL, 1, '2026-06-21 11:39:49', '2026-06-21 11:39:49'), (285, 'GET', '[]', 'https://salem-store.test/%D8%A7%D8%AC%D9%87%D8%B2%D8%A9-%D8%A7%D9%84%D9%83%D9%85%D8%A8%D9%8A%D9%88%D8%AA%D8%B1', 'https://salem-store.test/', '[]', 'Mozilla/5.0 (Windows NT 10.0; Win64; x64) AppleWebKit/537.36 (KHTML, like Gecko) Chrome/149.0.0.0 Safari/537.36', '{"cookie":["XSRF-TOKEN=eyJpdiI6IkVYbGlUY0Nwb3ZYZnNrcE5jYTRsd3c9PSIsInZhbHVlIjoiRnd4cng2NDd2K3BUTWpqdXpJR2FVbVUxbHVvUkFrTExsdTYwM1RHU2h2WVJoN2xkQzJrUk16TUVRTDJvNVNLc1cwallZbGY2REwrOTBtcDlXWnBvL2l1djZFUzkvOTNESXJaUmNDbnBybFFZVmVvdDhJT1IrQnBZdzJlbzZVcDAiLCJtYWMiOiI4YTZiNjFiZDBhODkzYTJhMGNmMTg5NmM1YTE3M2U0ODc4M2JkMTg3YTc0Mjk1YTMwYWU3YmY4Y2EzZjMzMzhjIiwidGFnIjoiIn0%3D; salem_store_session=eyJpdiI6IkFVdU9oNDdrRU9sSGJXaFd6R2MrM2c9PSIsInZhbHVlIjoiR2poZjh6OHp6dWF4Q043aTZlYko4M2x3MzdNeG9sWTh0emUyMFA0aG9OY3RLbVpWeHRoeWZmdzl3Y1c0cWQyVTUyazZUMkUwZHUwcHdEN1cxdG9UZ1dTM2lYTEFjb2hwdEFzbEtYajZaM3o5bDltNXZKWXRUeXJzc3huRjJlOGEiLCJtYWMiOiJhYzFiOWQzNzMwY2IyOGEwNDA0N2U2MDhhNjQxOGI5YzdiOGY2NzA0NGFiYjEzYThmZjhhODU1Y2QxOTAyZGU5IiwidGFnIjoiIn0%3D"],"priority":["u=2, i"],"accept-language":["en-GB,en-US;q=0.9,en;q=0.8"],"accept-encoding":["gzip, deflate, br, zstd"],"user-agent":["Mozilla\\/5.0 (Windows NT 10.0; Win64; x64) AppleWebKit\\/537.36 (KHTML, like Gecko) Chrome\\/149.0.0.0 Safari\\/537.36"],"referer":["https:\\/\\/salem-store.test\\/"],"sec-fetch-dest":["document"],"sec-fetch-mode":["navigate"],"sec-fetch-site":["none"],"sec-ch-ua-platform":["\\"Windows\\""],"sec-ch-ua-mobile":["?0"],"sec-ch-ua":["\\"Google Chrome\\";v=\\"149\\", \\"Chromium\\";v=\\"149\\", \\"Not)A;Brand\\";v=\\"24\\""],"accept":["text\\/html,application\\/xhtml+xml,application\\/xml;q=0.9,image\\/avif,image\\/webp,image\\/apng,*\\/*;q=0.8,application\\/signed-exchange;v=b3;q=0.7"],"sec-speculation-tags":["null"],"sec-purpose":["prefetch;prerender"],"upgrade-insecure-requests":["1"],"host":["salem-store.test"]}', '', 'Windows', 'Chrome', '127.0.0.1', 'Webkul\\Category\\Models\\Category', 9, NULL, NULL, 1, '2026-06-21 11:39:50', '2026-06-21 11:39:50'), (286, 'GET', '[]', 'https://salem-store.test/https://sstore.ams3.digitaloceanspaces.com/theme/1/vMb5LO7EGxMmXPnAvwdhL1hswFrHrx8GcvL1cEA1.webp', 'https://salem-store.test/admin/settings/themes/edit/1', '[]', 'Mozilla/5.0 (Windows NT 10.0; Win64; x64) AppleWebKit/537.36 (KHTML, like Gecko) Chrome/149.0.0.0 Safari/537.36', '{"cookie":["XSRF-TOKEN=eyJpdiI6Im9sL1U3Ni9vZitZMk1IeXBNaFNUb2c9PSIsInZhbHVlIjoiR0dXYW9pSGJyZXdCSFYzWEwwZUxRZG52TVozWjRydnBxbVk0c2VrQXAwK25qdkZSK0F6cUhXcTdHalFYQ0VYd0p6VVpvNW9nR1pzUEtPVzFWMmFCdmlKaXBJK2ZnSEVMTk5JeVhqd1pZTFFlby91K0drM1JlWmVSTjFLRDVtRDIiLCJtYWMiOiI3NDhlMDQ2MDY2N2Q3ZTRmYzQ2YzAwZjYyMjBmY2ViMjhhYmQ5YWQ5M2Y5M2Y0Yjk0ZDM4MjYyOWQ0NmViYzRlIiwidGFnIjoiIn0%3D; salem_store_session=eyJpdiI6IkVJZW8zUDRNS09QT0dDUmxWYVpud1E9PSIsInZhbHVlIjoieXQxc21YRThSc2NYNFViOWpLdHVlTHBMQ3RRdTJkZzZ2dWlmRkZyQXdJVDg5THl1ZW1zdG51N01QRWQvWGNuaGJMcVBwREZub2w0QlVWRlhPTVRGMWJ0MnBiT2RSdE9mRUs1V0E3QjFPNEp5OWQ4WFdXZVJxelIvZnZJM2w3bUwiLCJtYWMiOiI2Nzg5OTNhMzA1OWMzZjYzYzkwOTc4M2JlNTAyZWQ0ZmZiNWY4MzdhYTIwMzgyMTAxYjA0NTNjZTM0MjhjNzYwIiwidGFnIjoiIn0%3D"],"priority":["u=0, i"],"accept-language":["en-US,en;q=0.9"],"accept-encoding":["gzip, deflate, br, zstd"],"referer":["https:\\/\\/salem-store.test\\/admin\\/settings\\/themes\\/edit\\/1"],"sec-fetch-dest":["document"],"sec-fetch-user":["?1"],"sec-fetch-mode":["navigate"],"sec-fetch-site":["same-origin"],"accept":["text\\/html,application\\/xhtml+xml,application\\/xml;q=0.9,image\\/avif,image\\/webp,image\\/apng,*\\/*;q=0.8,application\\/signed-exchange;v=b3;q=0.7"],"user-agent":["Mozilla\\/5.0 (Windows NT 10.0; Win64; x64) AppleWebKit\\/537.36 (KHTML, like Gecko) Chrome\\/149.0.0.0 Safari\\/537.36"],"upgrade-insecure-requests":["1"],"sec-ch-ua-platform":["\\"Windows\\""],"sec-ch-ua-mobile":["?0"],"sec-ch-ua":["\\"Google Chrome\\";v=\\"149\\", \\"Chromium\\";v=\\"149\\", \\"Not)A;Brand\\";v=\\"24\\""],"host":["salem-store.test"]}', '', 'Windows', 'Chrome', '127.0.0.1', NULL, NULL, NULL, NULL, 1, '2026-06-21 16:01:58', '2026-06-21 16:01:58'), (287, 'GET', '[]', 'https://salem-store.test/https://sstore.ams3.digitaloceanspaces.com/theme/1/storage/theme/1/sTzrMJD2ISX3LXqZgjdvF6oNj7BhpVhYfd6Fg9L4.webp', 'https://salem-store.test/https://sstore.ams3.digitaloceanspaces.com/theme/1/vMb5LO7EGxMmXPnAvwdhL1hswFrHrx8GcvL1cEA1.webp', '[]', 'Mozilla/5.0 (Windows NT 10.0; Win64; x64) AppleWebKit/537.36 (KHTML, like Gecko) Chrome/149.0.0.0 Safari/537.36', '{"cookie":["XSRF-TOKEN=eyJpdiI6IlRPSUxZZnM2VmlyaWdvK1psS2NtTVE9PSIsInZhbHVlIjoiTE9nYmZEeW1UeTRQV2MwOTMveTRsYWNjN3pNY3lXV1NOUU5HcUdtQjJGSmdDWW9TQStLNlJvdlJxeFlvQmgyczlFK0x3QlFOVmhhaWpYNmlJVWNBakgwVEIyZWJxYW9DMW1wN1hXNVRFTlBKREU5bkhTaktJbTBzSTVGRVkyMGoiLCJtYWMiOiJkMjkxY2IxNzcxZGVmZDdjYjMxOTczMmFkMTdmMDQxMjFlNDQwZWFlMzQ2OThiODQ2NWMzZDcyOTkzMWJiN2NjIiwidGFnIjoiIn0%3D; salem_store_session=eyJpdiI6IkhHTXV2ZFZ3NnFKcHRuLzl4YTdQeWc9PSIsInZhbHVlIjoid2JGUDBVVUpTL2VadHhocWpiSzQ1aXhUZmd4Tjh4QklTRkZHcjZqVExrem5Zb0dTUHdJRXNMem9HVzFkNjUxd1RkcUNzcTBtdkltVXpMbVh4aTlHS0IvQXpObVptY1hVcmFnWFN3c3FFL2dzMnBwcGRYVER2SWlzRlZlSEI4bkYiLCJtYWMiOiJjZDdiZDE4Yzk5ZjU5NWFiYjQwOWU2NDY4NWU4ZWViMjA4YWNiMzNmNjU3ODMwMDhkZmZmYzJjMTg3YTBlZThjIiwidGFnIjoiIn0%3D"],"priority":["u=1, i"],"accept-language":["en-US,en;q=0.9"],"accept-encoding":["gzip, deflate, br, zstd"],"referer":["https:\\/\\/salem-store.test\\/https:\\/\\/sstore.ams3.digitaloceanspaces.com\\/theme\\/1\\/vMb5LO7EGxMmXPnAvwdhL1hswFrHrx8GcvL1cEA1.webp"],"sec-fetch-dest":["image"],"sec-fetch-mode":["no-cors"],"sec-fetch-site":["same-origin"],"accept":["image\\/avif,image\\/webp,image\\/apng,image\\/svg+xml,image\\/*,*\\/*;q=0.8"],"sec-ch-ua-mobile":["?0"],"sec-ch-ua":["\\"Google Chrome\\";v=\\"149\\", \\"Chromium\\";v=\\"149\\", \\"Not)A;Brand\\";v=\\"24\\""],"user-agent":["Mozilla\\/5.0 (Windows NT 10.0; Win64; x64) AppleWebKit\\/537.36 (KHTML, like Gecko) Chrome\\/149.0.0.0 Safari\\/537.36"],"sec-ch-ua-platform":["\\"Windows\\""],"host":["salem-store.test"]}', '', 'Windows', 'Chrome', '127.0.0.1', NULL, NULL, NULL, NULL, 1, '2026-06-21 16:02:00', '2026-06-21 16:02:00'), (288, 'GET', '[]', 'https://salem-store.test/https://sstore.ams3.digitaloceanspaces.com/theme/1/storage/theme/1/Kgt6MKyA3IeBgRIBgeMqo6JgynJeMokg4xMODoqP.webp', 'https://salem-store.test/https://sstore.ams3.digitaloceanspaces.com/theme/1/vMb5LO7EGxMmXPnAvwdhL1hswFrHrx8GcvL1cEA1.webp', '[]', 'Mozilla/5.0 (Windows NT 10.0; Win64; x64) AppleWebKit/537.36 (KHTML, like Gecko) Chrome/149.0.0.0 Safari/537.36', '{"cookie":["XSRF-TOKEN=eyJpdiI6IlRPSUxZZnM2VmlyaWdvK1psS2NtTVE9PSIsInZhbHVlIjoiTE9nYmZEeW1UeTRQV2MwOTMveTRsYWNjN3pNY3lXV1NOUU5HcUdtQjJGSmdDWW9TQStLNlJvdlJxeFlvQmgyczlFK0x3QlFOVmhhaWpYNmlJVWNBakgwVEIyZWJxYW9DMW1wN1hXNVRFTlBKREU5bkhTaktJbTBzSTVGRVkyMGoiLCJtYWMiOiJkMjkxY2IxNzcxZGVmZDdjYjMxOTczMmFkMTdmMDQxMjFlNDQwZWFlMzQ2OThiODQ2NWMzZDcyOTkzMWJiN2NjIiwidGFnIjoiIn0%3D; salem_store_session=eyJpdiI6IkhHTXV2ZFZ3NnFKcHRuLzl4YTdQeWc9PSIsInZhbHVlIjoid2JGUDBVVUpTL2VadHhocWpiSzQ1aXhUZmd4Tjh4QklTRkZHcjZqVExrem5Zb0dTUHdJRXNMem9HVzFkNjUxd1RkcUNzcTBtdkltVXpMbVh4aTlHS0IvQXpObVptY1hVcmFnWFN3c3FFL2dzMnBwcGRYVER2SWlzRlZlSEI4bkYiLCJtYWMiOiJjZDdiZDE4Yzk5ZjU5NWFiYjQwOWU2NDY4NWU4ZWViMjA4YWNiMzNmNjU3ODMwMDhkZmZmYzJjMTg3YTBlZThjIiwidGFnIjoiIn0%3D"],"priority":["u=1, i"],"accept-language":["en-US,en;q=0.9"],"accept-encoding":["gzip, deflate, br, zstd"],"referer":["https:\\/\\/salem-store.test\\/https:\\/\\/sstore.ams3.digitaloceanspaces.com\\/theme\\/1\\/vMb5LO7EGxMmXPnAvwdhL1hswFrHrx8GcvL1cEA1.webp"],"sec-fetch-dest":["image"],"sec-fetch-mode":["no-cors"],"sec-fetch-site":["same-origin"],"accept":["image\\/avif,image\\/webp,image\\/apng,image\\/svg+xml,image\\/*,*\\/*;q=0.8"],"sec-ch-ua-mobile":["?0"],"sec-ch-ua":["\\"Google Chrome\\";v=\\"149\\", \\"Chromium\\";v=\\"149\\", \\"Not)A;Brand\\";v=\\"24\\""],"user-agent":["Mozilla\\/5.0 (Windows NT 10.0; Win64; x64) AppleWebKit\\/537.36 (KHTML, like Gecko) Chrome\\/149.0.0.0 Safari\\/537.36"],"sec-ch-ua-platform":["\\"Windows\\""],"host":["salem-store.test"]}', '', 'Windows', 'Chrome', '127.0.0.1', NULL, NULL, NULL, NULL, 1, '2026-06-21 16:02:00', '2026-06-21 16:02:00'), (289, 'GET', '[]', 'https://salem-store.test/https://sstore.ams3.digitaloceanspaces.com/theme/1/storage/theme/1/fwXttEcwuZIiBLSmUgwoRmyZW67Ms9a4lOsCbIvb.webp', 'https://salem-store.test/https://sstore.ams3.digitaloceanspaces.com/theme/1/vMb5LO7EGxMmXPnAvwdhL1hswFrHrx8GcvL1cEA1.webp', '[]', 'Mozilla/5.0 (Windows NT 10.0; Win64; x64) AppleWebKit/537.36 (KHTML, like Gecko) Chrome/149.0.0.0 Safari/537.36', '{"cookie":["XSRF-TOKEN=eyJpdiI6IlRPSUxZZnM2VmlyaWdvK1psS2NtTVE9PSIsInZhbHVlIjoiTE9nYmZEeW1UeTRQV2MwOTMveTRsYWNjN3pNY3lXV1NOUU5HcUdtQjJGSmdDWW9TQStLNlJvdlJxeFlvQmgyczlFK0x3QlFOVmhhaWpYNmlJVWNBakgwVEIyZWJxYW9DMW1wN1hXNVRFTlBKREU5bkhTaktJbTBzSTVGRVkyMGoiLCJtYWMiOiJkMjkxY2IxNzcxZGVmZDdjYjMxOTczMmFkMTdmMDQxMjFlNDQwZWFlMzQ2OThiODQ2NWMzZDcyOTkzMWJiN2NjIiwidGFnIjoiIn0%3D; salem_store_session=eyJpdiI6IkhHTXV2ZFZ3NnFKcHRuLzl4YTdQeWc9PSIsInZhbHVlIjoid2JGUDBVVUpTL2VadHhocWpiSzQ1aXhUZmd4Tjh4QklTRkZHcjZqVExrem5Zb0dTUHdJRXNMem9HVzFkNjUxd1RkcUNzcTBtdkltVXpMbVh4aTlHS0IvQXpObVptY1hVcmFnWFN3c3FFL2dzMnBwcGRYVER2SWlzRlZlSEI4bkYiLCJtYWMiOiJjZDdiZDE4Yzk5ZjU5NWFiYjQwOWU2NDY4NWU4ZWViMjA4YWNiMzNmNjU3ODMwMDhkZmZmYzJjMTg3YTBlZThjIiwidGFnIjoiIn0%3D"],"priority":["u=1, i"],"accept-language":["en-US,en;q=0.9"],"accept-encoding":["gzip, deflate, br, zstd"],"referer":["https:\\/\\/salem-store.test\\/https:\\/\\/sstore.ams3.digitaloceanspaces.com\\/theme\\/1\\/vMb5LO7EGxMmXPnAvwdhL1hswFrHrx8GcvL1cEA1.webp"],"sec-fetch-dest":["image"],"sec-fetch-mode":["no-cors"],"sec-fetch-site":["same-origin"],"accept":["image\\/avif,image\\/webp,image\\/apng,image\\/svg+xml,image\\/*,*\\/*;q=0.8"],"sec-ch-ua-mobile":["?0"],"sec-ch-ua":["\\"Google Chrome\\";v=\\"149\\", \\"Chromium\\";v=\\"149\\", \\"Not)A;Brand\\";v=\\"24\\""],"user-agent":["Mozilla\\/5.0 (Windows NT 10.0; Win64; x64) AppleWebKit\\/537.36 (KHTML, like Gecko) Chrome\\/149.0.0.0 Safari\\/537.36"],"sec-ch-ua-platform":["\\"Windows\\""],"host":["salem-store.test"]}', '', 'Windows', 'Chrome', '127.0.0.1', NULL, NULL, NULL, NULL, 1, '2026-06-21 16:02:01', '2026-06-21 16:02:01'), (290, 'GET', '[]', 'https://salem-store.test/https://sstore.ams3.digitaloceanspaces.com/theme/1/storage/theme/1/IfW78fHjUmCVK7n4xgjS9jhXOqdKNQy2ZABISGE7.webp', 'https://salem-store.test/https://sstore.ams3.digitaloceanspaces.com/theme/1/vMb5LO7EGxMmXPnAvwdhL1hswFrHrx8GcvL1cEA1.webp', '[]', 'Mozilla/5.0 (Windows NT 10.0; Win64; x64) AppleWebKit/537.36 (KHTML, like Gecko) Chrome/149.0.0.0 Safari/537.36', '{"cookie":["XSRF-TOKEN=eyJpdiI6IlRPSUxZZnM2VmlyaWdvK1psS2NtTVE9PSIsInZhbHVlIjoiTE9nYmZEeW1UeTRQV2MwOTMveTRsYWNjN3pNY3lXV1NOUU5HcUdtQjJGSmdDWW9TQStLNlJvdlJxeFlvQmgyczlFK0x3QlFOVmhhaWpYNmlJVWNBakgwVEIyZWJxYW9DMW1wN1hXNVRFTlBKREU5bkhTaktJbTBzSTVGRVkyMGoiLCJtYWMiOiJkMjkxY2IxNzcxZGVmZDdjYjMxOTczMmFkMTdmMDQxMjFlNDQwZWFlMzQ2OThiODQ2NWMzZDcyOTkzMWJiN2NjIiwidGFnIjoiIn0%3D; salem_store_session=eyJpdiI6IkhHTXV2ZFZ3NnFKcHRuLzl4YTdQeWc9PSIsInZhbHVlIjoid2JGUDBVVUpTL2VadHhocWpiSzQ1aXhUZmd4Tjh4QklTRkZHcjZqVExrem5Zb0dTUHdJRXNMem9HVzFkNjUxd1RkcUNzcTBtdkltVXpMbVh4aTlHS0IvQXpObVptY1hVcmFnWFN3c3FFL2dzMnBwcGRYVER2SWlzRlZlSEI4bkYiLCJtYWMiOiJjZDdiZDE4Yzk5ZjU5NWFiYjQwOWU2NDY4NWU4ZWViMjA4YWNiMzNmNjU3ODMwMDhkZmZmYzJjMTg3YTBlZThjIiwidGFnIjoiIn0%3D"],"priority":["u=1, i"],"accept-language":["en-US,en;q=0.9"],"accept-encoding":["gzip, deflate, br, zstd"],"referer":["https:\\/\\/salem-store.test\\/https:\\/\\/sstore.ams3.digitaloceanspaces.com\\/theme\\/1\\/vMb5LO7EGxMmXPnAvwdhL1hswFrHrx8GcvL1cEA1.webp"],"sec-fetch-dest":["image"],"sec-fetch-mode":["no-cors"],"sec-fetch-site":["same-origin"],"accept":["image\\/avif,image\\/webp,image\\/apng,image\\/svg+xml,image\\/*,*\\/*;q=0.8"],"sec-ch-ua-mobile":["?0"],"sec-ch-ua":["\\"Google Chrome\\";v=\\"149\\", \\"Chromium\\";v=\\"149\\", \\"Not)A;Brand\\";v=\\"24\\""],"user-agent":["Mozilla\\/5.0 (Windows NT 10.0; Win64; x64) AppleWebKit\\/537.36 (KHTML, like Gecko) Chrome\\/149.0.0.0 Safari\\/537.36"],"sec-ch-ua-platform":["\\"Windows\\""],"host":["salem-store.test"]}', '', 'Windows', 'Chrome', '127.0.0.1', NULL, NULL, NULL, NULL, 1, '2026-06-21 16:02:01', '2026-06-21 16:02:01'), (291, 'GET', '[]', 'https://salem-store.test/pitaka', 'https://salem-store.test/', '[]', 'Mozilla/5.0 (Windows NT 10.0; Win64; x64) AppleWebKit/537.36 (KHTML, like Gecko) Chrome/149.0.0.0 Safari/537.36', '{"cookie":["XSRF-TOKEN=eyJpdiI6IjJnUzNQT01vSng4ZDZkeGhxbmlQN0E9PSIsInZhbHVlIjoiZCtsUnY2VlRtOGx1TFZnZWVyZXU5QUlVdnluK1Y5OGwwTkRWekU5QTJoTGg1WS9PWkpqTHhFdWJiVGU2K2FBWXQwQktoRmRNbEgzTFJTUDVSY2lXMDAwSEpiK0dLYmF2ME9VV0JlcG9aNkk2d0I5NmM0V1NTYVBDM2JDdUZydzAiLCJtYWMiOiI4NjQ3YTM1ZDg0MWIwM2MyMGI4YTFkYmJlZTI1YmI4NjQ5NzE4YjljNzRkNTc5NjgzZjZmMTYyODFmMjA5YWIxIiwidGFnIjoiIn0%3D; salem_store_session=eyJpdiI6ImFiKzlYK3kxNWxMMy9McDk1dXM1R2c9PSIsInZhbHVlIjoib3JYRGExZ3dGWCtOZWp1b0NyRlphMkZxZnp1aXo0WDh4V1Y5ZUZTQk5Ob1N5ZTlyUXl6Tnlwdm13SFdmVUx1UDJRTmNTaktYTmIrak1CbWQwRkpRTTVzOE8wSE5Va2lhM2Y4ak92dWU5c3hsUzYyY0ZoSmNnV0tlWGVDdmMvUTIiLCJtYWMiOiI5NWY1M2VkODg1ZGZjYjAxNzc4ZmI5M2QyNDM1MDlkMTk3MGNjM2QxMzBiOTIxMDUzMjcxNzVlOWNhMDJlMmVkIiwidGFnIjoiIn0%3D"],"priority":["u=2, i"],"accept-language":["en-GB,en-US;q=0.9,en;q=0.8"],"accept-encoding":["gzip, deflate, br, zstd"],"user-agent":["Mozilla\\/5.0 (Windows NT 10.0; Win64; x64) AppleWebKit\\/537.36 (KHTML, like Gecko) Chrome\\/149.0.0.0 Safari\\/537.36"],"referer":["https:\\/\\/salem-store.test\\/"],"sec-fetch-dest":["document"],"sec-fetch-mode":["navigate"],"sec-fetch-site":["none"],"sec-ch-ua-platform":["\\"Windows\\""],"sec-ch-ua-mobile":["?0"],"sec-ch-ua":["\\"Google Chrome\\";v=\\"149\\", \\"Chromium\\";v=\\"149\\", \\"Not)A;Brand\\";v=\\"24\\""],"accept":["text\\/html,application\\/xhtml+xml,application\\/xml;q=0.9,image\\/avif,image\\/webp,image\\/apng,*\\/*;q=0.8,application\\/signed-exchange;v=b3;q=0.7"],"sec-speculation-tags":["null"],"sec-purpose":["prefetch;prerender"],"upgrade-insecure-requests":["1"],"host":["salem-store.test"]}', '', 'Windows', 'Chrome', '127.0.0.1', 'Webkul\\Product\\Models\\Product', 2, NULL, NULL, 1, '2026-06-21 16:04:21', '2026-06-21 16:04:21'), (292, 'GET', '[]', 'https://salem-store.test/%D8%AC%D8%B1%D8%A7%D8%A8-%D8%B3%D9%8A%D9%84%D9%8A%D9%83%D9%88%D9%86', 'https://salem-store.test/', '[]', 'Mozilla/5.0 (Windows NT 10.0; Win64; x64) AppleWebKit/537.36 (KHTML, like Gecko) Chrome/149.0.0.0 Safari/537.36', '{"cookie":["XSRF-TOKEN=eyJpdiI6IjJnUzNQT01vSng4ZDZkeGhxbmlQN0E9PSIsInZhbHVlIjoiZCtsUnY2VlRtOGx1TFZnZWVyZXU5QUlVdnluK1Y5OGwwTkRWekU5QTJoTGg1WS9PWkpqTHhFdWJiVGU2K2FBWXQwQktoRmRNbEgzTFJTUDVSY2lXMDAwSEpiK0dLYmF2ME9VV0JlcG9aNkk2d0I5NmM0V1NTYVBDM2JDdUZydzAiLCJtYWMiOiI4NjQ3YTM1ZDg0MWIwM2MyMGI4YTFkYmJlZTI1YmI4NjQ5NzE4YjljNzRkNTc5NjgzZjZmMTYyODFmMjA5YWIxIiwidGFnIjoiIn0%3D; salem_store_session=eyJpdiI6ImFiKzlYK3kxNWxMMy9McDk1dXM1R2c9PSIsInZhbHVlIjoib3JYRGExZ3dGWCtOZWp1b0NyRlphMkZxZnp1aXo0WDh4V1Y5ZUZTQk5Ob1N5ZTlyUXl6Tnlwdm13SFdmVUx1UDJRTmNTaktYTmIrak1CbWQwRkpRTTVzOE8wSE5Va2lhM2Y4ak92dWU5c3hsUzYyY0ZoSmNnV0tlWGVDdmMvUTIiLCJtYWMiOiI5NWY1M2VkODg1ZGZjYjAxNzc4ZmI5M2QyNDM1MDlkMTk3MGNjM2QxMzBiOTIxMDUzMjcxNzVlOWNhMDJlMmVkIiwidGFnIjoiIn0%3D"],"priority":["u=2, i"],"accept-language":["en-GB,en-US;q=0.9,en;q=0.8"],"accept-encoding":["gzip, deflate, br, zstd"],"user-agent":["Mozilla\\/5.0 (Windows NT 10.0; Win64; x64) AppleWebKit\\/537.36 (KHTML, like Gecko) Chrome\\/149.0.0.0 Safari\\/537.36"],"referer":["https:\\/\\/salem-store.test\\/"],"sec-fetch-dest":["document"],"sec-fetch-mode":["navigate"],"sec-fetch-site":["none"],"sec-ch-ua-platform":["\\"Windows\\""],"sec-ch-ua-mobile":["?0"],"sec-ch-ua":["\\"Google Chrome\\";v=\\"149\\", \\"Chromium\\";v=\\"149\\", \\"Not)A;Brand\\";v=\\"24\\""],"accept":["text\\/html,application\\/xhtml+xml,application\\/xml;q=0.9,image\\/avif,image\\/webp,image\\/apng,*\\/*;q=0.8,application\\/signed-exchange;v=b3;q=0.7"],"sec-speculation-tags":["null"],"sec-purpose":["prefetch;prerender"],"upgrade-insecure-requests":["1"],"host":["salem-store.test"]}', '', 'Windows', 'Chrome', '127.0.0.1', 'Webkul\\Product\\Models\\Product', 43, NULL, NULL, 1, '2026-06-21 16:04:23', '2026-06-21 16:04:23'), (293, 'GET', '[]', 'https://salem-store.test/anker-power-stations', 'https://salem-store.test/', '[]', 'Mozilla/5.0 (Windows NT 10.0; Win64; x64) AppleWebKit/537.36 (KHTML, like Gecko) Chrome/149.0.0.0 Safari/537.36', '{"cookie":["XSRF-TOKEN=eyJpdiI6InE5bm9MTzZpYzNvZHlFbVg5UDhieFE9PSIsInZhbHVlIjoiZVd1dXkzV0sySVp5QWFzeDVmZG1wL1JOZDlmZmdSQVlJN0pnNFpNVTUvOHhuKzhQb2RicGtvdFBsZ1kvVjh0c0N4RW5KUkNTVDhoL0RuN3UvWVIxclY4Z3puTVpFeUZRL0RpU1ZxaUNMejJCVDlwWlRYcXhoQWswMi9NbFdub2siLCJtYWMiOiJkZmQ3Y2I4ZTdmOTExZWMzYTU1NzNhMzE0ZjlhZGQ3ZDQzYTEwZTU4ODM2ZDBmZWEzOWY0MTExYWU2ZmExYjlhIiwidGFnIjoiIn0%3D; salem_store_session=eyJpdiI6IkY1NHVETWpTRlJuRm91ekQ3c040SEE9PSIsInZhbHVlIjoiQXF1V3hOeFk4dVIySWRQdTVSOUE0ZlhsOFk4QnN2cDNNWkpQU2UvTUduVDgxMEpXWHNlTTE3Z3ExQXF6cU0xK2NWNDJwdlkrQzljS3g1RndOazdXYnhMY2VscmpCWjl1V2ZtbDJwSUlvMkRRRkh6K05aMnNFeHVmejJtcjdmeFQiLCJtYWMiOiIwNDBlMzkzMmM2MjFiMzk2MzM5MjRhMzM0YzczZmU3NjIxYjM3MDNjMGRkODE4ZjIzMTE0OTNmN2ViY2JjOGJlIiwidGFnIjoiIn0%3D"],"priority":["u=2, i"],"accept-language":["en-GB,en-US;q=0.9,en;q=0.8"],"accept-encoding":["gzip, deflate, br, zstd"],"user-agent":["Mozilla\\/5.0 (Windows NT 10.0; Win64; x64) AppleWebKit\\/537.36 (KHTML, like Gecko) Chrome\\/149.0.0.0 Safari\\/537.36"],"referer":["https:\\/\\/salem-store.test\\/"],"sec-fetch-dest":["document"],"sec-fetch-mode":["navigate"],"sec-fetch-site":["none"],"sec-ch-ua-platform":["\\"Windows\\""],"sec-ch-ua-mobile":["?0"],"sec-ch-ua":["\\"Google Chrome\\";v=\\"149\\", \\"Chromium\\";v=\\"149\\", \\"Not)A;Brand\\";v=\\"24\\""],"accept":["text\\/html,application\\/xhtml+xml,application\\/xml;q=0.9,image\\/avif,image\\/webp,image\\/apng,*\\/*;q=0.8,application\\/signed-exchange;v=b3;q=0.7"],"sec-speculation-tags":["null"],"sec-purpose":["prefetch;prerender"],"upgrade-insecure-requests":["1"],"host":["salem-store.test"]}', '', 'Windows', 'Chrome', '127.0.0.1', 'Webkul\\Category\\Models\\Category', 120, NULL, NULL, 1, '2026-06-21 17:22:56', '2026-06-21 17:22:56'), (294, 'GET', '[]', 'https://salem-store.test/anker-smart-home', 'https://salem-store.test/', '[]', 'Mozilla/5.0 (Windows NT 10.0; Win64; x64) AppleWebKit/537.36 (KHTML, like Gecko) Chrome/149.0.0.0 Safari/537.36', '{"cookie":["XSRF-TOKEN=eyJpdiI6IkRsMUQ1ekhKRUZ4bStrcGNLQUxLaUE9PSIsInZhbHVlIjoiSnEwYzEyekdPcjM2VitSTTFoWUVmYjZ0T0ZoQ0F5WE9TRlZYTDczcEZCMVNtWUVhM0Flc2VBaDE2UndDUVY3VVNMY1lISWJKbEZMZ2p1akxnQlBiUlNSRkhmZE1qdHRRN3VVMHdwemZ5L0E5YVE5Q0RzcWdOT2w5T0taYXg1M20iLCJtYWMiOiJlMTNhZjE0YTQ2ZGMxNTliNjUyYjVmYTdkNGFiNjQ5ZDkxYmM4NTI3NTQ4NjRhMDlmOGQ0ZjQxMTdmZDE4ZDYzIiwidGFnIjoiIn0%3D; salem_store_session=eyJpdiI6IklUTHRObjRoV0pscnhodmppTkNMVHc9PSIsInZhbHVlIjoiSVJSOWtHalNWOStjSjFOeE5ETlRnMkk3SFduNE55NU82cEFjcTQ4MllSRXZ4WU1GRjdneFZ4bURCdmVEdUhFbDA1V3JCSTV6RE9IUXFQZWlJSXdnQWR1ZkpEcnRaeXIxWXBjYTFRTlM0dktXc3FmK1QvM1JoZHpSUkxZUzJBM1oiLCJtYWMiOiIyMmNmMTNmNmY3ZGQ1M2UxNGE2YjVlMTkzM2ExYTYwZmQxOGZiYmE5ZGRlOTY4YzQ5NjMyZWE2MzRhZDBiMDE2IiwidGFnIjoiIn0%3D"],"priority":["u=2, i"],"accept-language":["en-GB,en-US;q=0.9,en;q=0.8"],"accept-encoding":["gzip, deflate, br, zstd"],"user-agent":["Mozilla\\/5.0 (Windows NT 10.0; Win64; x64) AppleWebKit\\/537.36 (KHTML, like Gecko) Chrome\\/149.0.0.0 Safari\\/537.36"],"referer":["https:\\/\\/salem-store.test\\/"],"sec-fetch-dest":["document"],"sec-fetch-mode":["navigate"],"sec-fetch-site":["none"],"sec-ch-ua-platform":["\\"Windows\\""],"sec-ch-ua-mobile":["?0"],"sec-ch-ua":["\\"Google Chrome\\";v=\\"149\\", \\"Chromium\\";v=\\"149\\", \\"Not)A;Brand\\";v=\\"24\\""],"accept":["text\\/html,application\\/xhtml+xml,application\\/xml;q=0.9,image\\/avif,image\\/webp,image\\/apng,*\\/*;q=0.8,application\\/signed-exchange;v=b3;q=0.7"],"sec-speculation-tags":["null"],"sec-purpose":["prefetch;prerender"],"upgrade-insecure-requests":["1"],"host":["salem-store.test"]}', '', 'Windows', 'Chrome', '127.0.0.1', 'Webkul\\Category\\Models\\Category', 122, NULL, NULL, 1, '2026-06-21 17:22:59', '2026-06-21 17:22:59');


-- Structure for table `wishlist`
DROP TABLE IF EXISTS `wishlist`;
CREATE TABLE `wishlist` (
  `id` int unsigned NOT NULL AUTO_INCREMENT,
  `channel_id` int unsigned NOT NULL,
  `product_id` int unsigned NOT NULL,
  `customer_id` int unsigned NOT NULL,
  `item_options` json DEFAULT NULL,
  `moved_to_cart` date DEFAULT NULL,
  `shared` tinyint(1) DEFAULT NULL,
  `time_of_moving` date DEFAULT NULL,
  `additional` json DEFAULT NULL,
  `created_at` timestamp NULL DEFAULT NULL,
  `updated_at` timestamp NULL DEFAULT NULL,
  PRIMARY KEY (`id`),
  KEY `wishlist_channel_id_foreign` (`channel_id`),
  KEY `wishlist_product_id_foreign` (`product_id`),
  KEY `wishlist_customer_id_foreign` (`customer_id`),
  CONSTRAINT `wishlist_channel_id_foreign` FOREIGN KEY (`channel_id`) REFERENCES `channels` (`id`) ON DELETE CASCADE,
  CONSTRAINT `wishlist_customer_id_foreign` FOREIGN KEY (`customer_id`) REFERENCES `customers` (`id`) ON DELETE CASCADE,
  CONSTRAINT `wishlist_product_id_foreign` FOREIGN KEY (`product_id`) REFERENCES `products` (`id`) ON DELETE CASCADE
) ENGINE=InnoDB DEFAULT CHARSET=utf8mb4 COLLATE=utf8mb4_unicode_ci;

-- Data for table `wishlist`


-- Structure for table `wishlist_items`
DROP TABLE IF EXISTS `wishlist_items`;
CREATE TABLE `wishlist_items` (
  `id` int unsigned NOT NULL AUTO_INCREMENT,
  `channel_id` int unsigned NOT NULL,
  `product_id` int unsigned NOT NULL,
  `customer_id` int unsigned NOT NULL,
  `additional` json DEFAULT NULL,
  `moved_to_cart` date DEFAULT NULL,
  `shared` tinyint(1) DEFAULT NULL,
  `created_at` timestamp NULL DEFAULT NULL,
  `updated_at` timestamp NULL DEFAULT NULL,
  PRIMARY KEY (`id`),
  KEY `wishlist_items_channel_id_foreign` (`channel_id`),
  KEY `wishlist_items_product_id_foreign` (`product_id`),
  KEY `wishlist_items_customer_id_foreign` (`customer_id`),
  CONSTRAINT `wishlist_items_channel_id_foreign` FOREIGN KEY (`channel_id`) REFERENCES `channels` (`id`) ON DELETE CASCADE,
  CONSTRAINT `wishlist_items_customer_id_foreign` FOREIGN KEY (`customer_id`) REFERENCES `customers` (`id`) ON DELETE CASCADE,
  CONSTRAINT `wishlist_items_product_id_foreign` FOREIGN KEY (`product_id`) REFERENCES `products` (`id`) ON DELETE CASCADE
) ENGINE=InnoDB AUTO_INCREMENT=18 DEFAULT CHARSET=utf8mb4 COLLATE=utf8mb4_unicode_ci;

-- Data for table `wishlist_items`


